ENVI ASCII Plot File [Wed May 26 14:47:11 2004]
Column 1: Wavelength
Column 2: a-alunit.spc Ammonioalunite NMNH145596~~1
Column 3: a-chlori.spc Ammonium_Chloride GDS77~~2
Column 4: a-illite.spc Ammonio-Illite/Smec GDS87~~3
Column 5: a-jarosi.spc Ammonio-jarosite SCR-NHJ~~4
Column 6: a-smecti.spc Ammonio-Smectite GDS86~~5
Column 7: acmite.spc Acmite NMNH133746~~6
Column 8: actinol1.spc Actinolite HS116.3B~~7
Column 9: actinol3.spc Actinolite HS315.4B~~8
Column 10: actinol2.spc Actinolite HS22.3B~~9
Column 11: actinol4.spc Actinolite NMNH80714~~10
Column 12: actinol5.spc Actinolite NMNHR16485~~11
Column 13: adularia.spc Adularia GDS57 Orthoclase~~12
Column 14: albite1.spc Albite GDS30 74-250um fr~~13
Column 15: albite2.spc Albite HS324.3B~~14
Column 16: albite3.spc Albite HS66.3B~~15
Column 17: allanite.spc Allanite HS293.3B~~16
Column 18: almand1.spc Almandine HS114.3B~~17
Column 19: almand2.spc Almandine WS475~~18
Column 20: almand3.spc Almandine WS476~~19
Column 21: almand4.spc Almandine WS477~~20
Column 22: almand5.spc Almandine WS478~~21
Column 23: almand6.spc Almandine WS479~~22
Column 24: alunite1.spc Alunite GDS84 Na03~~23
Column 25: alunite2.spc Alunite GDS83 Na63~~24
Column 26: alunite3.spc Alunite GDS82 Na82~~25
Column 27: alunite4.spc Alunite AL706 Na~~26
Column 28: alunite5.spc Alunite HS295.3B~~27
Column 29: alunite6.spc Alunite SUSTDA-20~~28
Column 30: amphibol.spc Amphibole NMNH78662~~29
Column 31: analcime.spc Analcime GDS1~~30
Column 32: andalusi.spc Andalusite NMNHR17898~~31
Column 33: andesine.spc Andesine HS142.3B~~32
Column 34: andradi1.spc Andradite GDS12~~33
Column 35: andradi2.spc Andradite HS111.3B~~34
Column 36: andradi3.spc Andradite NMNH113829~~35
Column 37: andradi4.spc Andradite WS487~~36
Column 38: andradi5.spc Andradite WS488~~37
Column 39: anhydrit.spc Anhydrite GDS42 <250um~~38
Column 40: annite1.spc Annite WS660~~39
Column 41: annite2.spc Annite WS661~~40
Column 42: anorthi1.spc Anorthite GDS28 Synth.<74~~41
Column 43: anorthi2.spc Anorthite HS201.3B~~42
Column 44: anorthi3.spc Anorthite HS349.3B~~43
Column 45: anthophi.spc Anthophyllite HS286.3B~~44
Column 46: antigor1.spc Antigorite NMNH96917 >250~~45
Column 47: antigor2.spc Antigorite NMNH96917 165u~~46
Column 48: antigor3.spc Antigorite NMNH96917 120u~~47
Column 49: antigor4.spc Antigorite NMNH96917 70um~~48
Column 50: antigor5.spc Antigorite NMNH96917 32um~~49
Column 51: antigor6.spc Antigorite NMNH96917 <30u~~1
Column 52: antigor7.spc Antigorite NMNH17958~~2
Column 53: arsenopy.spc Arsenopyrite HS262.3B~~3
Column 54: augite1.spc Augite NMNH120049~~4
Column 55: augite2.spc Augite WS588~~5
Column 56: augite3.spc Augite WS592~~6
Column 57: axinite.spc Axinite HS34.3B~~7
Column 58: azurite.spc Azurite WS316~~8
Column 59: barite.spc Barite HS79.3B~~9
Column 60: bassanit.spc Bassanite GDS145 (syn)~~10
Column 61: beryl1.spc Beryl GDS9 <150um gs~~11
Column 62: beryl2.spc Beryl HS180.3B~~12
Column 63: biotite.spc Biotite HS28.3B~~13
Column 64: bloedite.spc Bloedite GDS147~~14
Column 65: bronzite.spc Bronzite HS9.3B~~15
Column 66: brookite.spc Brookite HS443.2B~~16
Column 67: brucite.spc Brucite HS247.3B~~17
Column 68: budding1.spc Buddingtonite GDS85 D-206~~18
Column 69: budding2.spc Buddingtonite NHB2301~~19
Column 70: butlerit.spc Butlerite GDS25~~20
Column 71: bytownit.spc Bytownite HS106.3B~~21
Column 72: c-black.spc Carbon_Black GDS68 sm.ap.~~22
Column 73: calcite1.spc Calcite WS272~~23
Column 74: calcite2.spc Calcite HS48.3B~~24
Column 75: calcite3.spc Calcite CO2004~~25
Column 76: carnall1.spc Carnallite NMNH98011~~26
Column 77: carnall2.spc Carnallite HS430.3B~~27
Column 78: cassiter.spc Cassiterite HS279.3B~~28
Column 79: cchlore1.spc Clinochlore NMNH83369~~29
Column 80: cchlore2.spc Clinochlore_Fe GDS157~~30
Column 81: cchlore3.spc Clinochlore GDS158 Flagst~~31
Column 82: cchlore4.spc Clinochlore GDS159~~32
Column 83: cchlore5.spc Clinochlore_Fe SC-CCa-1.a~~33
Column 84: cchlore6.spc Clinochlore_Fe SC-CCa-1.b~~34
Column 85: celestit.spc Celestite HS251.3B~~35
Column 86: cchlore7.spc Clinochlore_Fe SC-CCa-1.c~~36
Column 87: celsian.spc Celsian HS200.3B~~37
Column 88: chabazit.spc Chabazite HS193.3B~~38
Column 89: chalcedo.spc Chalcedony CU91-6A~~39
Column 90: chalpy1.spc Chalcopyrite HS431.3B~~40
Column 91: chalpy2.spc Chalcopyrite S26-36~~41
Column 92: chert.spc Chert ANP90-6D (White)~~42
Column 93: chlorapa.spc Chlorapatite WS423~~43
Column 94: chlorit1.spc Chlorite HS179.3B~~44
Column 95: chlorit2.spc Chlorite SMR-13.a 104-150~~45
Column 96: chlorit3.spc Chlorite SMR-13.b 60-104u~~46
Column 97: chlorit4.spc Chlorite SMR-13.c 45-60um~~47
Column 98: chlorit5.spc Chlorite SMR-13.d 30-45um~~48
Column 99: chlorit6.spc Chlorite SMR-13.e <30um~~49
Column 100: chromite.spc Chromite HS281.3B~~1
Column 101: chrysoco.spc Chrysocolla HS297.3B~~2
Column 102: chrysoti.spc Chrysotile HS323.1B~~3
Column 103: cinnabar.spc Cinnabar HS133.3B~~4
Column 104: clintoni.spc Clintonite NMNH126553~~5
Column 105: cobaltit.spc Cobaltite HS264.3B~~6
Column 106: colemani.spc Colemanite GDS143~~7
Column 107: cookeit1.spc Cookeite CAr-1.a 104-150u~~8
Column 108: cookeit2.spc Cookeite CAr-1.b 60-104um~~9
Column 109: cookeit3.spc Cookeite CAr-1.c <30um~~10
Column 110: copiapit.spc Copiapite GDS21~~11
Column 111: coquimbi.spc Coquimbite GDS22~~12
Column 112: cordieri.spc Cordierite HS346.3B~~13
Column 113: corrensi.spc Corrensite CorWa-1~~14
Column 114: corundum.spc Corundum HS283.3B~~15
Column 115: covellit.spc Covellite HS477.2B~~16
Column 116: cptilol1.spc Clinoptilolite GDS2~~17
Column 117: cptilol2.spc Clinoptilolite GDS152~~18
Column 118: cronsted.spc Cronstedtite M3542~~19
Column 119: cummingt.spc Cummingtonite HS294.3B~~20
Column 120: cuprite.spc Cuprite HS127.3B~~21
Column 121: czoisite.spc Clinozoisite HS299.2B~~22
Column 122: datolit1.spc Datolite HS442.3B~~23
Column 123: datolit2.spc Datolite SU51399~~24
Column 124: desertv1.spc Desert_Varnish GDS141~~25
Column 125: desertv2.spc Desert_Varnish GDS78A Rhy~~26
Column 126: desertv3.spc Desert_Varnish ANP90-14~~27
Column 127: diaspore.spc Diaspore HS416.3B~~28
Column 128: dickite1.spc Dickite NMNH106242~~29
Column 129: dickite2.spc Dickite NMNH46967~~30
Column 130: diopsid1.spc Diopside HS317.3B  (Cr)~~31
Column 131: diopsid2.spc Diopside HS15.3B~~32
Column 132: diopsid3.spc Diopside NMNHR18685 ~160~~33
Column 133: dipyre.spc Dipyre BM1959-505.HLsp~~34
Column 134: dolomit1.spc Dolomite HS102.3B~~35
Column 135: dolomit2.spc Dolomite COD2005~~36
Column 136: dumortie.spc Dumortierite HS190.3B~~37
  0.395100  0.282257  0.767033  0.617605  0.081151  0.348992  0.041761  0.124972  0.232298  0.144463  0.084217  0.397264  0.714611  0.780666  0.772468  0.784032  0.041029  0.221041  0.340822  0.334655  0.079784  0.263651  0.331494  0.427754  0.750864  0.547504  0.563038  0.432149  0.532327  0.299438  0.795036  0.295168  0.282616  0.246460  0.090766  0.163893  0.198875  0.057612  0.799425  0.078287  0.038747  0.684672  0.693070  0.528621  0.306420  0.160719  0.182647  0.192452  0.234972  0.304857  0.377239  0.317042  0.122239  0.152098  0.107203  0.159176  0.286548  0.057289  0.259664  0.703516  0.529578  0.726788  0.078862  0.490802  0.190766  0.073239  0.609927  0.230375  0.318852  0.172587  0.365954  0.016100  0.839826  0.752516  0.802672  0.373499  0.664901  0.060764  0.291547  0.080639  0.182738  0.447807  0.098054  0.099658  0.695250  0.145119  0.569866  0.497723  0.426246  0.024400  0.016209  0.550975  0.485950  0.139011  0.155727  0.155014  0.186391  0.193433  0.230426  0.050109  0.235803  0.813666  0.086862  0.137380  0.111832  0.680299  0.346554  0.457197  0.366940  0.049224  0.201399  0.222867  0.117347  0.507608  0.022260  0.287208  0.388254  0.026657  0.079961  0.037195  0.220737  0.621435  0.765889  0.041147  0.049133  0.048224  0.219092  0.569468  0.599090  0.336967  0.284470  0.422531  0.374041  0.687678  0.676321  0.470961
  0.397100  0.296553  0.768326  0.620840  0.090054  0.352896  0.042372  0.126301  0.234942  0.145472  0.083823  0.399011  0.715774  0.780782  0.775185  0.788301  0.038986  0.224475  0.343198  0.335714  0.078944  0.265658  0.332628  0.432182  0.754333  0.551740  0.572452  0.432799  0.543349  0.300473  0.797242  0.291221  0.284098  0.253390  0.094306  0.191127  0.207573  0.060859  0.804954  0.078302  0.039788  0.687320  0.697143  0.535158  0.311127  0.162233  0.182400  0.194179  0.236299  0.306707  0.380327  0.317371  0.122731  0.153994  0.110158  0.162667  0.299683  0.059434  0.260983  0.706800  0.534618  0.730832  0.078862  0.492410  0.192768  0.073343  0.615489  0.232362  0.322028  0.187664  0.369585  0.016323  0.841285  0.759138  0.804629  0.374606  0.662706  0.061686  0.289830  0.081514  0.184131  0.455748  0.096197  0.099142  0.696508  0.143047  0.571112  0.500436  0.429607  0.024311  0.017224  0.552496  0.492796  0.140566  0.155451  0.153755  0.190699  0.195696  0.233444  0.050805  0.245052  0.817499  0.086538  0.138338  0.112246  0.681555  0.353703  0.464567  0.369368  0.055210  0.227246  0.223103  0.116908  0.524548  0.021569  0.291358  0.395452  0.026775  0.078683  0.036558  0.223179  0.626038  0.766705  0.040814  0.049455  0.048470  0.222991  0.575423  0.600852  0.341963  0.285862  0.425552  0.377463  0.688233  0.678375  0.470238
  0.399100  0.311245  0.769771  0.623690  0.100397  0.356566  0.041797  0.127552  0.236075  0.145131  0.084519  0.401576  0.718355  0.782683  0.773799  0.793123  0.039381  0.224056  0.345971  0.340561  0.081159  0.267904  0.334532  0.435908  0.753994  0.555307  0.580346  0.438726  0.554193  0.301704  0.795682  0.289510  0.286068  0.258087  0.097563  0.213797  0.217151  0.063806  0.807341  0.079406  0.041004  0.687919  0.701592  0.539595  0.314844  0.161936  0.183249  0.189847  0.237108  0.306930  0.378535  0.318832  0.123755  0.156108  0.110991  0.163785  0.305392  0.061290  0.261435  0.709033  0.535389  0.735351  0.078862  0.493057  0.195031  0.073916  0.624078  0.234826  0.324701  0.201618  0.373102  0.016057  0.843490  0.759211  0.807466  0.376007  0.663707  0.060524  0.287182  0.081853  0.184639  0.463736  0.094166  0.099516  0.699658  0.143656  0.573373  0.502065  0.432341  0.024924  0.017029  0.551312  0.498890  0.143415  0.155962  0.155873  0.189045  0.197159  0.235057  0.051109  0.259151  0.821274  0.086788  0.138523  0.112158  0.683277  0.353803  0.466013  0.374206  0.057827  0.253575  0.225277  0.118855  0.538147  0.022186  0.299440  0.403533  0.027236  0.082381  0.036716  0.224514  0.628696  0.768733  0.041589  0.049531  0.048607  0.229952  0.581647  0.603686  0.344812  0.287836  0.427867  0.381774  0.688741  0.680701  0.470348
  0.401100  0.327707  0.771041  0.626633  0.111543  0.361597  0.041984  0.129201  0.237807  0.145581  0.085062  0.400587  0.717761  0.784713  0.778908  0.794427  0.041934  0.227172  0.346453  0.343737  0.082308  0.271183  0.338460  0.439917  0.757100  0.560461  0.591233  0.443169  0.566382  0.302416  0.797757  0.285576  0.292134  0.265828  0.099751  0.232927  0.223522  0.064934  0.806383  0.078144  0.038062  0.689229  0.704812  0.546191  0.318122  0.161314  0.182502  0.193452  0.240636  0.307494  0.376043  0.319702  0.124386  0.158963  0.112087  0.166948  0.313784  0.064984  0.261886  0.712666  0.538515  0.739016  0.078862  0.494374  0.195129  0.074369  0.639751  0.238302  0.326481  0.215158  0.377414  0.016001  0.850086  0.763126  0.808783  0.377786  0.667425  0.060879  0.283495  0.082278  0.185744  0.472632  0.096237  0.097661  0.701909  0.147159  0.579170  0.504005  0.435705  0.024862  0.016894  0.554100  0.503972  0.144115  0.155973  0.159089  0.189535  0.196123  0.235917  0.051863  0.272762  0.822951  0.086500  0.140209  0.112142  0.685367  0.364687  0.468719  0.375613  0.062573  0.279231  0.227862  0.120866  0.551040  0.021723  0.297345  0.411341  0.027625  0.082511  0.036299  0.227172  0.635990  0.771883  0.041228  0.048942  0.048736  0.233470  0.587609  0.605202  0.348160  0.290281  0.430825  0.384043  0.687605  0.683663  0.470081
  0.403100  0.342074  0.768785  0.628808  0.124357  0.364398  0.042174  0.131260  0.238660  0.146402  0.084913  0.402789  0.720059  0.781051  0.780906  0.795655  0.040251  0.227518  0.349477  0.344354  0.082765  0.273717  0.340629  0.443909  0.759030  0.564539  0.600019  0.446987  0.575739  0.303533  0.796969  0.283293  0.290484  0.271311  0.104134  0.244143  0.230509  0.068296  0.799429  0.079824  0.040204  0.690590  0.704715  0.549978  0.318107  0.161051  0.182073  0.186705  0.238280  0.307760  0.379734  0.320218  0.125006  0.160498  0.111167  0.168349  0.325026  0.067610  0.262987  0.714615  0.541141  0.744310  0.078862  0.494883  0.196143  0.074398  0.651155  0.241217  0.330035  0.222726  0.381924  0.016063  0.853816  0.763833  0.811513  0.378857  0.666526  0.060640  0.282385  0.082513  0.186110  0.480114  0.097450  0.097717  0.704511  0.145017  0.579242  0.504331  0.438162  0.025247  0.018218  0.556319  0.509971  0.144345  0.155350  0.156953  0.190446  0.197305  0.237746  0.051921  0.282789  0.823158  0.086078  0.141221  0.111663  0.687522  0.361340  0.473264  0.381722  0.065736  0.302741  0.229429  0.120863  0.558160  0.021598  0.304108  0.417764  0.027799  0.082958  0.036532  0.227213  0.640318  0.769936  0.042029  0.049626  0.048298  0.234906  0.592522  0.606200  0.348934  0.291073  0.432046  0.386605  0.691221  0.685805  0.469308
  0.405100  0.356335  0.770814  0.631723  0.136984  0.369004  0.042255  0.132608  0.239419  0.146750  0.084859  0.406203  0.720127  0.781797  0.783372  0.794257  0.043007  0.228325  0.353228  0.348718  0.084739  0.276173  0.343431  0.447483  0.759518  0.568066  0.608070  0.453881  0.588742  0.304669  0.801518  0.280810  0.295378  0.275628  0.104730  0.249191  0.236667  0.070004  0.801622  0.080394  0.042704  0.690023  0.706785  0.555237  0.324063  0.161196  0.182694  0.191704  0.240500  0.308386  0.382516  0.321611  0.125125  0.163043  0.112230  0.168709  0.330913  0.070662  0.263919  0.718221  0.544604  0.748514  0.078862  0.496698  0.197719  0.074721  0.661073  0.243216  0.331953  0.227162  0.383320  0.015972  0.855413  0.769315  0.812164  0.379355  0.666866  0.060527  0.281383  0.083201  0.186814  0.488292  0.098394  0.097235  0.705560  0.144960  0.583307  0.502682  0.440287  0.025853  0.018286  0.558130  0.515584  0.144832  0.156646  0.155397  0.192150  0.200446  0.241838  0.051221  0.294293  0.826406  0.086217  0.142424  0.111624  0.689483  0.368278  0.477967  0.385360  0.068382  0.322047  0.230544  0.123798  0.565886  0.021941  0.310527  0.424217  0.028039  0.083379  0.036723  0.229320  0.643088  0.771213  0.042044  0.049056  0.048694  0.240016  0.596947  0.609522  0.350118  0.293372  0.434971  0.389352  0.690438  0.686541  0.468334
  0.407100  0.370333  0.771074  0.633892  0.148233  0.372435  0.042131  0.134686  0.241224  0.147372  0.085186  0.408251  0.721424  0.781741  0.782912  0.800809  0.039971  0.227712  0.353692  0.349024  0.084535  0.278135  0.345211  0.451346  0.760651  0.571595  0.615383  0.453641  0.598366  0.305556  0.800685  0.279408  0.298056  0.277513  0.103516  0.252846  0.240312  0.069696  0.802090  0.080406  0.041481  0.691661  0.709852  0.554218  0.324820  0.161722  0.183629  0.191377  0.241960  0.312224  0.385693  0.322365  0.125782  0.165285  0.114229  0.172540  0.329804  0.073292  0.265829  0.720986  0.547059  0.752170  0.078862  0.497297  0.199361  0.074580  0.673039  0.246166  0.334220  0.226482  0.385829  0.016088  0.856476  0.769315  0.814921  0.380526  0.666964  0.061207  0.281057  0.083271  0.187839  0.495884  0.095644  0.100275  0.707021  0.145871  0.585343  0.504189  0.442881  0.026057  0.019338  0.556039  0.521205  0.144762  0.157893  0.155132  0.193069  0.200817  0.243741  0.050440  0.302245  0.828648  0.085692  0.142606  0.111440  0.690768  0.370584  0.479912  0.387340  0.070452  0.338906  0.230850  0.123252  0.571958  0.021714  0.313648  0.430361  0.028294  0.083926  0.036930  0.229702  0.647620  0.772397  0.041956  0.049284  0.049063  0.239306  0.601203  0.610493  0.351047  0.295811  0.437698  0.392396  0.691419  0.687835  0.467987
  0.409100  0.382000  0.770967  0.634487  0.160361  0.376834  0.042090  0.136659  0.242713  0.148519  0.085811  0.410394  0.722612  0.781153  0.783941  0.799490  0.041063  0.227957  0.353773  0.349497  0.086560  0.279215  0.344521  0.454066  0.761164  0.574460  0.622056  0.452054  0.606149  0.307461  0.799321  0.276841  0.300206  0.273539  0.107030  0.250371  0.241095  0.070311  0.802988  0.079449  0.040262  0.691547  0.712294  0.560422  0.328140  0.160078  0.181482  0.195750  0.238824  0.314271  0.388112  0.323329  0.126139  0.167391  0.115327  0.173716  0.334803  0.076489  0.266868  0.724012  0.551401  0.755225  0.078862  0.498603  0.200100  0.074763  0.691741  0.247378  0.336831  0.223308  0.388137  0.016024  0.869289  0.769315  0.817597  0.381776  0.666529  0.061381  0.280613  0.083584  0.188907  0.503209  0.097206  0.099614  0.709484  0.150804  0.584678  0.506072  0.444622  0.026236  0.018928  0.558050  0.526597  0.145674  0.158295  0.154460  0.194948  0.198247  0.244978  0.050723  0.315617  0.823935  0.085909  0.143292  0.111371  0.692191  0.373156  0.485140  0.387340  0.071222  0.350564  0.232489  0.127047  0.575461  0.022069  0.319086  0.435667  0.028784  0.083674  0.036490  0.232874  0.657220  0.773784  0.042447  0.049829  0.049168  0.241585  0.605668  0.612485  0.352918  0.297810  0.438889  0.395390  0.691294  0.689869  0.466431
  0.411100  0.394110  0.772648  0.636518  0.170595  0.381675  0.041949  0.139353  0.243814  0.150599  0.087009  0.412947  0.724563  0.788797  0.780113  0.798026  0.039735  0.227933  0.358442  0.352990  0.084675  0.281803  0.348473  0.458530  0.763466  0.580115  0.630891  0.458568  0.614649  0.308781  0.805676  0.276184  0.302520  0.279233  0.109613  0.255556  0.246022  0.069908  0.808113  0.081013  0.038225  0.693788  0.712815  0.560320  0.329878  0.165675  0.184193  0.192205  0.243127  0.310697  0.389306  0.326759  0.126941  0.170105  0.117685  0.176884  0.334298  0.080144  0.269403  0.727498  0.554358  0.762593  0.078862  0.500950  0.202000  0.075143  0.695025  0.250552  0.340196  0.217271  0.389284  0.016088  0.866943  0.775407  0.821459  0.384888  0.669562  0.061394  0.281054  0.085249  0.190958  0.512308  0.096147  0.101221  0.712283  0.153301  0.588749  0.510857  0.447072  0.027276  0.019324  0.559949  0.532678  0.146823  0.158909  0.158464  0.196033  0.206449  0.249003  0.052413  0.325957  0.831938  0.085787  0.144967  0.111527  0.696496  0.373929  0.488658  0.397411  0.071517  0.361035  0.236006  0.128763  0.580327  0.021629  0.324674  0.442220  0.028679  0.083858  0.036453  0.234545  0.657385  0.777990  0.042721  0.049588  0.050370  0.245197  0.609384  0.614617  0.354626  0.300251  0.441737  0.398872  0.689368  0.693878  0.465159
  0.412800  0.401306  0.771393  0.638697  0.178671  0.384637  0.042864  0.141299  0.246891  0.150938  0.087728  0.417584  0.726605  0.787781  0.786475  0.805229  0.044624  0.227945  0.360683  0.355135  0.087344  0.283245  0.351149  0.461084  0.765177  0.583176  0.635168  0.463002  0.620742  0.311976  0.808671  0.273761  0.302624  0.282463  0.108717  0.253942  0.250847  0.072810  0.809037  0.080831  0.042858  0.695627  0.714703  0.563772  0.332345  0.165339  0.190858  0.198621  0.248499  0.317294  0.392245  0.330128  0.127383  0.171080  0.117475  0.177089  0.304968  0.083514  0.269885  0.728367  0.558565  0.763232  0.078862  0.500893  0.202965  0.075204  0.696446  0.252736  0.342151  0.211651  0.393580  0.015848  0.871583  0.780385  0.821113  0.384927  0.668523  0.060683  0.281173  0.085559  0.192204  0.519137  0.099846  0.101095  0.712112  0.155345  0.594951  0.507192  0.449136  0.026858  0.020072  0.561619  0.536453  0.145899  0.161413  0.167927  0.200495  0.206919  0.250908  0.051278  0.334420  0.834368  0.085330  0.146035  0.111125  0.696666  0.384669  0.495838  0.402456  0.069657  0.365191  0.234398  0.131746  0.584679  0.022282  0.333622  0.446357  0.028826  0.086439  0.036643  0.241542  0.658031  0.779877  0.042555  0.050508  0.050202  0.249019  0.614241  0.616098  0.357088  0.303165  0.444483  0.399519  0.691330  0.695754  0.462758
  0.415800  0.412105  0.774670  0.642940  0.187751  0.392377  0.042157  0.145137  0.249110  0.153221  0.089737  0.419902  0.726800  0.790924  0.786531  0.802128  0.039755  0.226924  0.361825  0.356756  0.089736  0.285478  0.353949  0.466175  0.764849  0.587673  0.643149  0.468377  0.630844  0.315524  0.803567  0.270365  0.303726  0.289611  0.111952  0.251009  0.257610  0.077102  0.809628  0.079280  0.044278  0.694877  0.715993  0.561233  0.338274  0.165330  0.191346  0.202623  0.249150  0.321604  0.397255  0.332054  0.128690  0.175183  0.121431  0.180226  0.276510  0.088761  0.272345  0.731402  0.558057  0.767046  0.078862  0.502249  0.204309  0.075188  0.716845  0.256256  0.345131  0.204804  0.391225  0.015988  0.877074  0.776130  0.823112  0.386326  0.667165  0.061621  0.279908  0.087410  0.194369  0.530990  0.094208  0.101223  0.716310  0.157872  0.593674  0.510500  0.453001  0.028159  0.021721  0.562585  0.544481  0.148632  0.164265  0.164087  0.201646  0.210703  0.253590  0.052733  0.347521  0.833223  0.085491  0.147520  0.111088  0.698877  0.385184  0.498744  0.404348  0.067733  0.370552  0.237019  0.129510  0.588219  0.022020  0.339629  0.453988  0.029561  0.086061  0.036352  0.250042  0.665442  0.779248  0.042663  0.049720  0.049383  0.249995  0.618953  0.618267  0.357770  0.307564  0.448679  0.403286  0.693030  0.697211  0.460696
  0.418800  0.416421  0.772872  0.644738  0.191600  0.396513  0.042782  0.147951  0.256857  0.155976  0.090510  0.424416  0.730543  0.790812  0.789314  0.808098  0.037445  0.226875  0.361756  0.358548  0.092292  0.288814  0.356747  0.471711  0.767997  0.592402  0.647961  0.471118  0.636607  0.320977  0.811064  0.265902  0.309945  0.293510  0.113049  0.238412  0.261434  0.079614  0.812382  0.082202  0.042454  0.697158  0.714875  0.562974  0.343092  0.169706  0.194089  0.202810  0.252467  0.326864  0.402150  0.333687  0.128395  0.176860  0.121995  0.184615  0.293040  0.095416  0.273409  0.734550  0.562868  0.773643  0.078862  0.504188  0.206452  0.075068  0.723797  0.259519  0.348359  0.196625  0.397210  0.016131  0.879208  0.779205  0.826407  0.388231  0.668163  0.061075  0.279357  0.088467  0.197142  0.543137  0.098780  0.105276  0.718002  0.159917  0.598506  0.510670  0.455231  0.028345  0.021254  0.563780  0.551663  0.150914  0.165790  0.167926  0.206993  0.214913  0.258964  0.050714  0.360984  0.839541  0.085447  0.149686  0.111060  0.701708  0.384714  0.505113  0.409033  0.064496  0.372685  0.238906  0.135854  0.591085  0.022452  0.353116  0.461055  0.029923  0.084978  0.036688  0.258571  0.670276  0.781122  0.042730  0.050679  0.049746  0.251560  0.624732  0.620400  0.359330  0.311697  0.452042  0.406282  0.693094  0.701000  0.457545
  0.421800  0.418117  0.774908  0.647177  0.191067  0.403131  0.042481  0.151935  0.259151  0.158112  0.092012  0.428574  0.729811  0.793486  0.790421  0.811557  0.040211  0.225336  0.362530  0.358381  0.093083  0.290667  0.357755  0.476216  0.767445  0.597714  0.651940  0.470476  0.645151  0.325163  0.808092  0.260715  0.311099  0.294112  0.115302  0.234148  0.265354  0.082202  0.814247  0.082485  0.043491  0.698299  0.715705  0.564420  0.346102  0.170363  0.197113  0.205289  0.255678  0.336994  0.409156  0.338720  0.129219  0.180805  0.124336  0.183562  0.304601  0.100973  0.275950  0.738370  0.566455  0.777813  0.078862  0.505877  0.207541  0.075686  0.729703  0.262841  0.351527  0.179393  0.396113  0.015685  0.886946  0.783564  0.827484  0.390330  0.671918  0.061745  0.278934  0.090396  0.201168  0.554698  0.101311  0.107266  0.718852  0.165031  0.599021  0.513430  0.459212  0.028972  0.023268  0.565155  0.559315  0.152907  0.169652  0.169297  0.211154  0.220930  0.264387  0.053969  0.373669  0.839818  0.085157  0.150380  0.110748  0.704248  0.394571  0.507268  0.414794  0.061487  0.362071  0.238308  0.134219  0.594312  0.022187  0.359922  0.467444  0.030445  0.088276  0.036756  0.264870  0.673975  0.783578  0.043285  0.049907  0.049309  0.256301  0.628245  0.622769  0.361121  0.314983  0.454574  0.409297  0.692345  0.702066  0.451954
  0.424800  0.416051  0.774679  0.649177  0.185142  0.409469  0.042500  0.155413  0.259658  0.161357  0.093568  0.434127  0.734843  0.794716  0.792117  0.810889  0.041013  0.223286  0.362792  0.359507  0.096077  0.291538  0.358568  0.483236  0.770005  0.603233  0.656130  0.475487  0.647085  0.331414  0.813916  0.257332  0.311717  0.297873  0.113958  0.213322  0.265890  0.086378  0.817581  0.082920  0.044290  0.699222  0.717748  0.567091  0.353151  0.172323  0.200126  0.212561  0.254132  0.338961  0.413575  0.342252  0.128934  0.182518  0.125848  0.190318  0.309762  0.107464  0.279141  0.744277  0.571686  0.782901  0.078862  0.507943  0.208131  0.075615  0.740911  0.266602  0.354093  0.160560  0.400883  0.016079  0.888849  0.783892  0.831000  0.393298  0.670796  0.062512  0.281287  0.092798  0.204310  0.566268  0.099485  0.111299  0.722759  0.169747  0.601897  0.515599  0.461470  0.030480  0.023286  0.566228  0.565446  0.152794  0.174011  0.174277  0.215404  0.224731  0.269499  0.051982  0.387432  0.842251  0.084542  0.152263  0.110673  0.707882  0.401562  0.511373  0.420994  0.058953  0.342467  0.240118  0.140436  0.597103  0.022373  0.368540  0.472974  0.030676  0.088788  0.036633  0.270229  0.682294  0.785660  0.043280  0.050898  0.049569  0.257279  0.633083  0.624264  0.361228  0.318373  0.456658  0.411536  0.693677  0.705561  0.448429
  0.427800  0.411290  0.775059  0.652505  0.177481  0.414491  0.042829  0.158650  0.268578  0.163716  0.095667  0.437103  0.733950  0.797118  0.797940  0.817571  0.042768  0.224463  0.364641  0.362285  0.097108  0.294911  0.362678  0.489092  0.770809  0.609256  0.656292  0.483212  0.647779  0.335842  0.815254  0.251881  0.314856  0.298759  0.113161  0.193300  0.264616  0.088156  0.818866  0.084834  0.047166  0.700967  0.723108  0.571789  0.359152  0.173956  0.201531  0.212525  0.261733  0.342682  0.418666  0.345145  0.129374  0.185298  0.128135  0.191427  0.312501  0.114803  0.281678  0.745770  0.576929  0.789194  0.078862  0.509202  0.209617  0.076337  0.755706  0.269318  0.357989  0.158609  0.404924  0.015894  0.892964  0.782449  0.832975  0.394691  0.672644  0.062590  0.282716  0.094411  0.208123  0.578311  0.100012  0.107459  0.724285  0.170144  0.602728  0.513679  0.465004  0.031259  0.024774  0.568291  0.573391  0.155459  0.173602  0.178922  0.219618  0.230789  0.275830  0.056020  0.400524  0.838573  0.085470  0.154252  0.110741  0.710371  0.403390  0.518057  0.425472  0.055448  0.329046  0.240903  0.142752  0.599393  0.022778  0.377615  0.478885  0.031188  0.088616  0.036372  0.277876  0.683065  0.786122  0.043908  0.051563  0.050513  0.261931  0.634923  0.626552  0.363620  0.322188  0.457173  0.414446  0.692002  0.707622  0.444590
  0.430800  0.401334  0.774924  0.653006  0.164817  0.420339  0.042806  0.162240  0.270914  0.166558  0.097538  0.442142  0.735655  0.797494  0.799128  0.821151  0.044104  0.224074  0.369843  0.366540  0.100538  0.298348  0.366225  0.497209  0.772200  0.614535  0.656409  0.481952  0.648149  0.342176  0.812170  0.247736  0.319113  0.297247  0.109971  0.162988  0.259988  0.091335  0.820305  0.085283  0.046645  0.701449  0.726107  0.579138  0.365873  0.176358  0.203729  0.217016  0.266265  0.341910  0.419327  0.347796  0.129694  0.186795  0.129644  0.193831  0.314393  0.120999  0.284367  0.750711  0.583285  0.793534  0.078862  0.511114  0.214150  0.076347  0.762792  0.272942  0.360435  0.174137  0.410585  0.015923  0.901148  0.782673  0.836735  0.397229  0.671905  0.063150  0.287722  0.096537  0.211569  0.589735  0.105496  0.113380  0.726152  0.176447  0.608317  0.518087  0.468034  0.032220  0.025752  0.569444  0.579155  0.159114  0.177599  0.179282  0.223836  0.235174  0.279906  0.055242  0.409925  0.845918  0.085030  0.156116  0.110632  0.713574  0.411758  0.520749  0.430049  0.053718  0.344042  0.242049  0.146731  0.597666  0.022253  0.388059  0.483810  0.031486  0.090761  0.037021  0.282784  0.691694  0.788550  0.043914  0.050892  0.050885  0.262797  0.637725  0.628635  0.366855  0.325345  0.459289  0.417252  0.694970  0.710105  0.440836
  0.433800  0.392827  0.775822  0.655671  0.156209  0.424533  0.043560  0.165507  0.276692  0.170098  0.099303  0.445980  0.739200  0.801395  0.799063  0.817901  0.040933  0.225984  0.370820  0.368152  0.102069  0.300415  0.369800  0.503982  0.773270  0.621108  0.655920  0.484584  0.647487  0.348399  0.813864  0.242960  0.322470  0.296569  0.107599  0.139352  0.252447  0.089276  0.822001  0.085142  0.048327  0.704573  0.728038  0.580625  0.375625  0.176365  0.208134  0.215744  0.266450  0.350961  0.426091  0.350242  0.130048  0.189343  0.128513  0.197276  0.312816  0.127673  0.287859  0.752893  0.589271  0.800741  0.078862  0.512549  0.219510  0.076324  0.770720  0.275472  0.363594  0.201954  0.412969  0.015851  0.899304  0.784662  0.837190  0.399595  0.674289  0.062841  0.294764  0.098041  0.213902  0.600837  0.106014  0.114863  0.728472  0.178843  0.605820  0.519169  0.471256  0.033525  0.026820  0.571650  0.586085  0.159537  0.175834  0.180082  0.225833  0.238841  0.285919  0.054936  0.421775  0.842005  0.085078  0.158360  0.110347  0.715435  0.420285  0.532282  0.440120  0.055137  0.343597  0.243503  0.149043  0.594259  0.022160  0.397331  0.489094  0.032227  0.089155  0.036664  0.289190  0.694980  0.789571  0.044528  0.051151  0.051022  0.266271  0.638631  0.630885  0.363521  0.329784  0.462500  0.419477  0.694208  0.712911  0.436952
  0.436800  0.395645  0.775174  0.656981  0.157356  0.429881  0.042783  0.167423  0.281889  0.171915  0.101438  0.449786  0.740073  0.799873  0.799543  0.822332  0.041888  0.230551  0.374249  0.373856  0.105886  0.306038  0.375428  0.513038  0.775107  0.626499  0.659421  0.482739  0.651463  0.353040  0.815120  0.238466  0.324663  0.296137  0.101564  0.130955  0.248965  0.090720  0.825999  0.086863  0.047067  0.705006  0.728188  0.584224  0.381358  0.181845  0.211563  0.222973  0.268788  0.356880  0.434271  0.355069  0.129921  0.190564  0.130967  0.200065  0.310989  0.134211  0.290987  0.757665  0.598516  0.808106  0.078862  0.514206  0.222899  0.076865  0.780057  0.279293  0.366588  0.230669  0.419749  0.015749  0.908339  0.786729  0.840104  0.402554  0.675053  0.063234  0.304152  0.100048  0.217144  0.612283  0.106135  0.115599  0.730392  0.185737  0.613457  0.522725  0.473738  0.034225  0.027982  0.571351  0.592915  0.161299  0.178396  0.181845  0.228280  0.242431  0.292580  0.056524  0.433045  0.840681  0.084607  0.160159  0.109929  0.718741  0.428808  0.538195  0.445305  0.058857  0.426236  0.246490  0.153974  0.588125  0.022453  0.407206  0.494325  0.032992  0.090345  0.036335  0.296940  0.696800  0.790755  0.044456  0.052013  0.051125  0.268711  0.642230  0.632881  0.366783  0.329842  0.459464  0.421496  0.696009  0.715753  0.432668
  0.439800  0.405339  0.775853  0.659164  0.167584  0.434586  0.042488  0.168024  0.284274  0.172336  0.102003  0.446714  0.742893  0.803768  0.804232  0.827111  0.041996  0.234123  0.378848  0.381215  0.107303  0.311790  0.381688  0.518600  0.775605  0.631856  0.666166  0.492382  0.660633  0.354057  0.824563  0.234793  0.330645  0.293487  0.107550  0.109039  0.237570  0.091446  0.827228  0.086699  0.051479  0.705430  0.731763  0.586175  0.387670  0.180570  0.213159  0.227860  0.273910  0.362733  0.434377  0.357795  0.130973  0.192071  0.129485  0.202034  0.309029  0.139308  0.294612  0.761081  0.606179  0.815358  0.078862  0.516073  0.226360  0.077185  0.783574  0.282749  0.371582  0.255248  0.425079  0.015768  0.907874  0.789848  0.842661  0.404917  0.675799  0.063476  0.314242  0.101943  0.220437  0.622683  0.111672  0.117782  0.731873  0.189248  0.616391  0.526723  0.477536  0.035662  0.029265  0.573746  0.598178  0.162892  0.180747  0.187389  0.234236  0.247077  0.300920  0.057160  0.446810  0.855027  0.085240  0.162165  0.109989  0.721857  0.435715  0.546491  0.453212  0.062770  0.467353  0.246525  0.159466  0.579804  0.022739  0.412857  0.498451  0.033397  0.089722  0.036379  0.302487  0.703754  0.794674  0.044773  0.051406  0.052181  0.270766  0.647671  0.634477  0.368829  0.332906  0.469957  0.424255  0.694620  0.719361  0.428871
  0.442800  0.420184  0.777347  0.659491  0.182961  0.441624  0.043230  0.169047  0.285919  0.172335  0.101192  0.447851  0.743912  0.802324  0.803878  0.829109  0.043614  0.235257  0.383467  0.383152  0.111367  0.315738  0.386542  0.526767  0.777654  0.638316  0.674199  0.494923  0.672128  0.350532  0.820165  0.231326  0.334188  0.311086  0.125655  0.162933  0.263244  0.094888  0.826955  0.088114  0.050537  0.707223  0.730615  0.585157  0.392385  0.179386  0.211328  0.223770  0.275741  0.360890  0.434392  0.359980  0.131055  0.193251  0.133317  0.202825  0.315501  0.143402  0.296954  0.764201  0.609984  0.821360  0.078862  0.517413  0.228859  0.077312  0.793445  0.285990  0.373976  0.276723  0.429750  0.015707  0.910767  0.788576  0.844314  0.408044  0.674273  0.063946  0.327381  0.103849  0.224056  0.632968  0.109591  0.116561  0.734644  0.190504  0.617642  0.527995  0.480156  0.036953  0.030755  0.574937  0.604459  0.165053  0.182563  0.187416  0.237535  0.251211  0.300920  0.056952  0.460345  0.843636  0.084649  0.163645  0.109852  0.724279  0.435715  0.546491  0.456450  0.068453  0.493943  0.247255  0.165902  0.569863  0.022666  0.416833  0.502051  0.033818  0.092449  0.036718  0.303449  0.706453  0.795740  0.045159  0.051679  0.051111  0.272057  0.650440  0.637174  0.369432  0.336791  0.473303  0.426710  0.696558  0.721228  0.424964
  0.445800  0.434348  0.777881  0.662567  0.199029  0.446812  0.043533  0.172403  0.286471  0.173343  0.101136  0.451172  0.745950  0.805321  0.805128  0.829554  0.043300  0.237604  0.385466  0.385624  0.113940  0.318885  0.390509  0.532339  0.781201  0.642375  0.681470  0.489641  0.682098  0.351548  0.822689  0.227774  0.337874  0.323061  0.133373  0.266092  0.294695  0.103145  0.830771  0.089090  0.052874  0.707687  0.730365  0.590254  0.398218  0.179386  0.207173  0.226151  0.270552  0.358382  0.433942  0.359752  0.131387  0.194275  0.133450  0.208910  0.322352  0.146872  0.300548  0.766961  0.618076  0.824223  0.078862  0.518837  0.230063  0.077581  0.804912  0.289228  0.378421  0.293472  0.431640  0.015771  0.919550  0.790912  0.846399  0.410770  0.677319  0.064077  0.339159  0.105115  0.225755  0.641641  0.112458  0.116607  0.735042  0.190225  0.613420  0.529826  0.483268  0.038513  0.031045  0.575936  0.609339  0.166798  0.182016  0.189430  0.240098  0.254840  0.306213  0.058254  0.470498  0.843636  0.084778  0.165063  0.109767  0.726601  0.435715  0.546491  0.462989  0.074603  0.505124  0.248229  0.167159  0.560228  0.022992  0.423438  0.505337  0.034174  0.092192  0.036188  0.306394  0.715051  0.798279  0.045367  0.051953  0.051899  0.273420  0.656074  0.637873  0.370417  0.339615  0.477724  0.427821  0.696323  0.724527  0.420708
  0.448800  0.448762  0.778510  0.663063  0.217199  0.451970  0.043427  0.175907  0.288233  0.174903  0.102123  0.454752  0.748316  0.808466  0.805849  0.832699  0.044129  0.239341  0.386984  0.388247  0.113585  0.321596  0.393934  0.538626  0.780644  0.646670  0.689731  0.502123  0.692839  0.355079  0.824929  0.225002  0.342128  0.328703  0.137181  0.336047  0.307967  0.112163  0.831722  0.090561  0.052634  0.708847  0.733273  0.588914  0.399368  0.178963  0.212314  0.222842  0.268666  0.357750  0.437456  0.362042  0.132126  0.195810  0.135319  0.209787  0.329493  0.148880  0.303173  0.771375  0.622346  0.830875  0.078862  0.519874  0.232712  0.078000  0.813315  0.292625  0.381547  0.307339  0.435946  0.015828  0.923529  0.792198  0.848952  0.413747  0.677252  0.063697  0.347537  0.105989  0.226599  0.651027  0.111730  0.116065  0.738399  0.199487  0.614501  0.528910  0.485746  0.040057  0.033486  0.577791  0.614389  0.169605  0.185333  0.190640  0.243542  0.257873  0.312279  0.057144  0.483919  0.856069  0.084591  0.167376  0.110041  0.728942  0.452566  0.564933  0.469504  0.081478  0.513609  0.252062  0.171550  0.545620  0.022429  0.438606  0.511523  0.034540  0.092501  0.037033  0.307215  0.718087  0.800874  0.046107  0.051753  0.053245  0.273107  0.659365  0.640100  0.370558  0.343584  0.481381  0.430384  0.696293  0.727825  0.417412
  0.451300  0.462068  0.777952  0.665416  0.232750  0.456403  0.043712  0.179011  0.291579  0.177109  0.103229  0.458329  0.749468  0.808567  0.808788  0.830133  0.042343  0.238440  0.386622  0.389152  0.115851  0.325669  0.394923  0.540723  0.781494  0.650471  0.696457  0.503328  0.702191  0.357685  0.831486  0.222085  0.345907  0.332467  0.142539  0.379823  0.315671  0.115455  0.832342  0.091676  0.051885  0.709295  0.734072  0.590827  0.400734  0.182803  0.213151  0.225486  0.274470  0.357353  0.437928  0.363947  0.132329  0.198456  0.135783  0.211960  0.334760  0.149620  0.307236  0.775953  0.628539  0.836052  0.078862  0.522363  0.236728  0.077992  0.811677  0.296895  0.385765  0.316000  0.439985  0.015712  0.920683  0.797499  0.850593  0.417338  0.678963  0.064461  0.355967  0.106563  0.227444  0.658017  0.111723  0.118822  0.739832  0.193540  0.620868  0.532899  0.487694  0.041631  0.033541  0.579580  0.618467  0.169950  0.182359  0.196380  0.246695  0.260449  0.316000  0.058580  0.497178  0.859794  0.085096  0.169412  0.109613  0.731783  0.456187  0.570149  0.478236  0.088040  0.517130  0.252106  0.172932  0.535139  0.022429  0.444583  0.520153  0.034843  0.094239  0.036360  0.302270  0.721954  0.801405  0.046047  0.052907  0.052291  0.279499  0.662559  0.642652  0.370731  0.346800  0.483007  0.432493  0.696215  0.730757  0.414528
  0.453300  0.469923  0.778273  0.667027  0.245958  0.460044  0.043773  0.181264  0.294047  0.178548  0.104316  0.460635  0.750642  0.811707  0.809660  0.831785  0.043479  0.238837  0.387538  0.391410  0.113893  0.323690  0.395993  0.543797  0.781826  0.653981  0.700992  0.501078  0.709521  0.360990  0.826753  0.221465  0.350161  0.333646  0.143257  0.408083  0.323065  0.120926  0.831692  0.091038  0.054202  0.710862  0.734898  0.592909  0.403654  0.180342  0.215264  0.228492  0.274350  0.361478  0.442169  0.366395  0.132870  0.200314  0.137196  0.211873  0.338862  0.149704  0.308087  0.778633  0.624540  0.840380  0.084765  0.522470  0.237099  0.078288  0.824445  0.298634  0.386503  0.323463  0.440955  0.015762  0.927860  0.794476  0.850740  0.419168  0.678676  0.064397  0.361697  0.106567  0.227425  0.663009  0.108205  0.118788  0.740691  0.198773  0.618116  0.536688  0.489923  0.042304  0.035478  0.578962  0.622690  0.171465  0.186956  0.190925  0.245865  0.259622  0.318267  0.060336  0.507393  0.854884  0.084267  0.170481  0.109858  0.732467  0.458807  0.568894  0.475173  0.091934  0.520949  0.251658  0.177731  0.544813  0.023236  0.449577  0.526710  0.034869  0.094379  0.036980  0.297739  0.726519  0.802640  0.047081  0.053496  0.052968  0.281019  0.666510  0.643292  0.373551  0.348883  0.486303  0.433783  0.696362  0.730663  0.411954
  0.455300  0.478438  0.779353  0.667508  0.257692  0.461888  0.043968  0.182599  0.297516  0.179460  0.105361  0.464939  0.752248  0.811724  0.806684  0.831999  0.043546  0.236798  0.386059  0.388907  0.116058  0.325144  0.396105  0.544098  0.785822  0.655598  0.706053  0.502625  0.714129  0.364286  0.827827  0.218054  0.351488  0.334637  0.146459  0.430993  0.328826  0.123019  0.835665  0.093794  0.051757  0.711659  0.738241  0.596015  0.402639  0.182011  0.216331  0.227712  0.276678  0.361904  0.444043  0.368326  0.132601  0.200880  0.138148  0.214427  0.338988  0.146903  0.308773  0.779859  0.632671  0.842018  0.085862  0.524102  0.238523  0.078511  0.830885  0.299595  0.387805  0.328584  0.446103  0.015754  0.916737  0.785126  0.853166  0.420087  0.678708  0.064199  0.367030  0.107797  0.228180  0.666438  0.109489  0.116018  0.741826  0.195598  0.622517  0.539584  0.491479  0.043826  0.035225  0.579857  0.625293  0.171083  0.186069  0.192333  0.245093  0.261856  0.319997  0.058598  0.512630  0.854825  0.084368  0.171011  0.110081  0.734704  0.460333  0.571706  0.477737  0.098699  0.521294  0.255363  0.172486  0.552674  0.022983  0.452336  0.535189  0.035082  0.091386  0.036593  0.294046  0.724613  0.805255  0.046765  0.051192  0.054146  0.280131  0.668843  0.644607  0.374350  0.350995  0.488405  0.435821  0.696319  0.731723  0.409083
  0.457300  0.487043  0.778335  0.667242  0.268887  0.463301  0.043494  0.184467  0.298454  0.181260  0.105904  0.466844  0.752544  0.812437  0.812453  0.839435  0.043954  0.239322  0.385734  0.394384  0.117100  0.326372  0.396130  0.546935  0.784866  0.657137  0.708486  0.499676  0.721014  0.366704  0.826527  0.216794  0.352879  0.339387  0.149669  0.443111  0.335879  0.126306  0.831936  0.094210  0.054524  0.711397  0.740844  0.601355  0.404685  0.184389  0.217488  0.235759  0.277863  0.365158  0.448923  0.370965  0.133273  0.202124  0.139309  0.216344  0.345260  0.147646  0.311069  0.782025  0.634194  0.844207  0.085910  0.523810  0.240698  0.078482  0.825858  0.302527  0.388539  0.332845  0.448825  0.015760  0.922146  0.796516  0.854856  0.421500  0.678328  0.064170  0.372575  0.107785  0.229575  0.671942  0.111039  0.119071  0.744056  0.198511  0.620481  0.541539  0.491289  0.044121  0.035695  0.581126  0.627401  0.173581  0.187213  0.193568  0.246881  0.264534  0.323849  0.057742  0.523157  0.857949  0.084165  0.172712  0.110122  0.736323  0.462040  0.573379  0.481876  0.103944  0.524870  0.255757  0.175329  0.560824  0.023032  0.458985  0.543959  0.035537  0.094522  0.036621  0.299609  0.726970  0.805966  0.046848  0.051441  0.053618  0.283121  0.672061  0.646201  0.375734  0.352927  0.490474  0.435637  0.695895  0.733706  0.406666
  0.459300  0.494168  0.777102  0.670219  0.280073  0.467309  0.044035  0.185956  0.301557  0.184103  0.107933  0.468424  0.752826  0.813008  0.808901  0.838992  0.043180  0.236217  0.389360  0.392053  0.118932  0.325059  0.395062  0.546672  0.784604  0.658841  0.714182  0.504933  0.723765  0.368189  0.829173  0.215578  0.358318  0.342085  0.154632  0.458413  0.341571  0.128038  0.832830  0.091928  0.055098  0.714733  0.739734  0.601585  0.404904  0.186163  0.219954  0.236365  0.279509  0.371090  0.445202  0.372186  0.133415  0.203081  0.141501  0.216792  0.345015  0.144593  0.311941  0.784971  0.634982  0.846392  0.086499  0.525637  0.240909  0.078829  0.836579  0.305408  0.392264  0.337478  0.447960  0.015553  0.925772  0.797588  0.854060  0.424049  0.681407  0.064709  0.377510  0.108302  0.231044  0.675161  0.111345  0.119373  0.744214  0.201073  0.622570  0.540878  0.493762  0.044473  0.037788  0.580488  0.631231  0.172659  0.186780  0.196927  0.250481  0.271215  0.328034  0.058735  0.530156  0.858289  0.085094  0.173738  0.110162  0.738663  0.462019  0.577633  0.480799  0.109623  0.526910  0.257196  0.176825  0.566517  0.023415  0.465407  0.552039  0.035603  0.094415  0.037325  0.297522  0.730727  0.805979  0.046493  0.052923  0.052560  0.284673  0.673631  0.647139  0.376136  0.356183  0.491304  0.436901  0.696728  0.733191  0.405008
  0.461300  0.499064  0.778526  0.669005  0.290201  0.468491  0.043886  0.188436  0.301301  0.185096  0.107497  0.471649  0.752850  0.813463  0.812286  0.840826  0.043848  0.238562  0.387680  0.394418  0.119169  0.325447  0.395687  0.548082  0.784658  0.661477  0.715856  0.504893  0.731932  0.369741  0.827663  0.214855  0.355097  0.341858  0.155412  0.473774  0.346417  0.131774  0.833953  0.093981  0.054202  0.714810  0.744609  0.601489  0.404862  0.184841  0.221230  0.229210  0.282698  0.372488  0.452106  0.375702  0.132662  0.205129  0.143700  0.215060  0.345425  0.142161  0.315849  0.786666  0.635106  0.848356  0.086510  0.525257  0.244041  0.078538  0.843485  0.306790  0.392263  0.339706  0.452766  0.015740  0.925533  0.792501  0.853893  0.424699  0.681669  0.063867  0.383380  0.109105  0.232117  0.680653  0.109870  0.120831  0.744123  0.196854  0.627492  0.539747  0.494218  0.046062  0.037535  0.580636  0.632860  0.177053  0.186770  0.198958  0.253236  0.267528  0.326365  0.056083  0.537963  0.855372  0.084967  0.175019  0.109496  0.738688  0.463114  0.573726  0.481215  0.115649  0.526353  0.259272  0.179203  0.576125  0.022779  0.463856  0.559641  0.036041  0.094524  0.036756  0.307285  0.735130  0.805946  0.046402  0.053150  0.053359  0.286047  0.676026  0.647892  0.376264  0.357648  0.492966  0.439626  0.697953  0.735418  0.401312
  0.463300  0.504556  0.778731  0.668879  0.298319  0.471052  0.044463  0.190219  0.305827  0.185639  0.108561  0.475591  0.753536  0.816114  0.816747  0.837350  0.043780  0.236017  0.389614  0.394607  0.117645  0.326218  0.395954  0.548672  0.785479  0.661908  0.717481  0.508694  0.734501  0.371943  0.833402  0.214265  0.359660  0.343177  0.154651  0.483996  0.352039  0.134524  0.836375  0.091506  0.056816  0.715343  0.746382  0.604052  0.405989  0.185396  0.221876  0.241085  0.287435  0.373788  0.453974  0.377606  0.133342  0.206119  0.140636  0.220289  0.347377  0.138408  0.315481  0.789137  0.639811  0.849937  0.085834  0.527151  0.244906  0.079353  0.843577  0.309830  0.393745  0.342963  0.454199  0.015575  0.926141  0.800446  0.855231  0.426244  0.684911  0.065152  0.386293  0.110266  0.233554  0.683802  0.111114  0.126006  0.744684  0.199935  0.627350  0.541858  0.494939  0.047637  0.038629  0.581436  0.633683  0.177309  0.190595  0.199318  0.256065  0.272102  0.329730  0.058850  0.544272  0.859131  0.084950  0.176445  0.109932  0.740386  0.465916  0.579011  0.484448  0.123601  0.529052  0.258130  0.179077  0.586820  0.023128  0.470716  0.565937  0.036168  0.094854  0.037012  0.315358  0.733982  0.807887  0.047544  0.052748  0.052944  0.284852  0.678001  0.649970  0.380739  0.360264  0.494639  0.439757  0.696655  0.736308  0.400616
  0.465300  0.509589  0.778782  0.669645  0.306615  0.473433  0.044696  0.191397  0.308401  0.187329  0.109024  0.476650  0.755615  0.816701  0.815289  0.843072  0.044591  0.241044  0.389011  0.396711  0.119194  0.326061  0.397822  0.550360  0.787266  0.664092  0.719798  0.506667  0.739098  0.374878  0.832658  0.213105  0.361307  0.346224  0.158898  0.496334  0.354360  0.135943  0.837637  0.096337  0.055061  0.715724  0.746120  0.606992  0.405880  0.187625  0.223866  0.242338  0.282889  0.374107  0.452834  0.380460  0.133448  0.207542  0.144443  0.222859  0.347733  0.136468  0.317617  0.792174  0.642746  0.853537  0.087048  0.527941  0.246766  0.079241  0.846361  0.311419  0.394200  0.346468  0.454421  0.015811  0.929990  0.796769  0.856272  0.427302  0.681869  0.064528  0.391044  0.111018  0.235250  0.686423  0.109162  0.122005  0.748308  0.200116  0.629536  0.542583  0.495471  0.048749  0.040113  0.583760  0.636732  0.176151  0.191759  0.201699  0.257380  0.274709  0.331709  0.059647  0.552142  0.859135  0.084930  0.177305  0.109935  0.741328  0.466776  0.576774  0.484302  0.130811  0.531298  0.260162  0.178884  0.596521  0.023619  0.479663  0.571228  0.036542  0.096415  0.036572  0.314875  0.733148  0.809121  0.047084  0.052906  0.052558  0.287165  0.679437  0.650323  0.381469  0.362808  0.497717  0.441083  0.692263  0.737801  0.398500
  0.467300  0.514569  0.780546  0.670532  0.315171  0.477032  0.043909  0.194474  0.309353  0.190214  0.110187  0.479805  0.755745  0.817873  0.816453  0.843514  0.044467  0.240866  0.392873  0.399798  0.119003  0.328803  0.399957  0.550605  0.789165  0.665462  0.721314  0.509679  0.739634  0.376786  0.830229  0.211960  0.362072  0.348701  0.161010  0.503026  0.358469  0.134762  0.837505  0.092452  0.056246  0.715517  0.747630  0.609837  0.408835  0.189392  0.227042  0.245075  0.284572  0.382039  0.461473  0.382415  0.134157  0.207815  0.146987  0.223882  0.348542  0.132586  0.319115  0.792191  0.642684  0.855104  0.087615  0.528208  0.246434  0.079277  0.846436  0.312877  0.397186  0.348620  0.456387  0.015563  0.924882  0.800144  0.858155  0.429144  0.683720  0.065328  0.395852  0.111846  0.237514  0.690150  0.112773  0.120778  0.746003  0.208569  0.629257  0.544784  0.496542  0.049656  0.040079  0.581905  0.639026  0.176981  0.194758  0.204610  0.261525  0.275775  0.336472  0.060019  0.559664  0.860929  0.084295  0.179130  0.109641  0.742165  0.469254  0.581547  0.486319  0.138820  0.531127  0.261122  0.181596  0.604498  0.022988  0.483641  0.575041  0.036905  0.095646  0.036275  0.316826  0.738606  0.809710  0.048151  0.053178  0.052955  0.289167  0.683419  0.651555  0.385710  0.364739  0.499466  0.442723  0.697593  0.739868  0.396794
  0.469300  0.519569  0.777258  0.671157  0.320856  0.478114  0.044206  0.195577  0.310081  0.191781  0.111519  0.482089  0.755465  0.817926  0.815565  0.841791  0.044816  0.241061  0.392766  0.397535  0.121206  0.327996  0.401190  0.553366  0.788764  0.667879  0.723759  0.510494  0.743654  0.379138  0.827613  0.210876  0.364712  0.350010  0.161443  0.510467  0.362820  0.141551  0.838029  0.094667  0.056880  0.717407  0.751211  0.608775  0.408702  0.188903  0.228981  0.246872  0.287827  0.384296  0.464716  0.386878  0.134373  0.209389  0.146267  0.222772  0.347228  0.128343  0.320104  0.795457  0.646252  0.855824  0.087497  0.529198  0.248675  0.079272  0.848335  0.315380  0.398578  0.351022  0.460875  0.015821  0.931912  0.797708  0.858377  0.430899  0.686221  0.064597  0.400630  0.113452  0.238924  0.693157  0.112781  0.121287  0.748528  0.210214  0.630630  0.544900  0.496695  0.050909  0.041724  0.582380  0.641427  0.175686  0.194779  0.208898  0.261956  0.279057  0.338780  0.059723  0.567548  0.858220  0.084754  0.180357  0.109892  0.744874  0.468700  0.576882  0.487609  0.147415  0.534585  0.259117  0.182225  0.609179  0.023755  0.485062  0.580621  0.037216  0.094045  0.037216  0.313908  0.736003  0.811021  0.047159  0.052365  0.052167  0.288577  0.684712  0.652074  0.385137  0.368041  0.501154  0.443257  0.699156  0.740451  0.396050
  0.471300  0.523118  0.779256  0.673986  0.326975  0.479870  0.045011  0.198091  0.314204  0.193943  0.113092  0.485585  0.757863  0.818512  0.818601  0.845651  0.044459  0.240394  0.395020  0.399236  0.118785  0.328268  0.401941  0.554359  0.788439  0.669729  0.724952  0.510130  0.746222  0.382566  0.833283  0.210265  0.364866  0.349272  0.164790  0.521521  0.367386  0.140664  0.835549  0.098089  0.057881  0.715751  0.749801  0.614766  0.409723  0.191277  0.232954  0.251117  0.291741  0.386327  0.469330  0.390488  0.134407  0.210361  0.148153  0.227273  0.350704  0.123929  0.321293  0.797600  0.639988  0.857290  0.088005  0.530503  0.250417  0.079693  0.852645  0.317508  0.399044  0.353067  0.461453  0.015660  0.935830  0.800731  0.858653  0.432127  0.685133  0.065079  0.404256  0.114121  0.240985  0.695605  0.116258  0.125909  0.748749  0.207772  0.629883  0.547420  0.498812  0.051545  0.042233  0.583436  0.642107  0.178302  0.197770  0.205052  0.264015  0.281914  0.339999  0.059248  0.576318  0.862063  0.084150  0.181408  0.109980  0.744860  0.470244  0.581465  0.486635  0.156335  0.534442  0.263279  0.181534  0.614724  0.023439  0.487405  0.583946  0.037835  0.092544  0.037827  0.311937  0.743032  0.810212  0.048397  0.053132  0.053891  0.290556  0.687148  0.653634  0.387859  0.370916  0.503663  0.443668  0.698521  0.740571  0.393719
  0.473300  0.528530  0.779888  0.673570  0.333589  0.482721  0.044937  0.199514  0.317450  0.195964  0.113740  0.489196  0.756567  0.818470  0.822296  0.849463  0.044938  0.242844  0.395456  0.402247  0.119471  0.331533  0.404245  0.555327  0.790612  0.671556  0.728565  0.514908  0.749606  0.384882  0.837583  0.209212  0.369168  0.354545  0.166754  0.530172  0.370460  0.145200  0.837719  0.099092  0.057643  0.718454  0.750991  0.617425  0.409852  0.194521  0.235449  0.256486  0.297150  0.391154  0.465970  0.394223  0.134726  0.211508  0.149194  0.228328  0.352388  0.121725  0.322543  0.799773  0.648344  0.859415  0.088282  0.531407  0.252623  0.079658  0.850094  0.320411  0.400124  0.355647  0.466729  0.015693  0.926119  0.804753  0.860624  0.433713  0.683726  0.064691  0.408657  0.115788  0.243141  0.698285  0.117681  0.128683  0.748881  0.214061  0.633885  0.546424  0.499282  0.052624  0.042410  0.581800  0.643625  0.179787  0.200858  0.211596  0.267752  0.282451  0.345032  0.062202  0.579279  0.865221  0.084937  0.182617  0.109663  0.746419  0.473924  0.584442  0.490777  0.165015  0.536040  0.260091  0.186865  0.622267  0.023771  0.487534  0.588229  0.037888  0.096283  0.036543  0.315578  0.742450  0.810871  0.047702  0.052399  0.054072  0.294698  0.690286  0.654613  0.389702  0.373073  0.505862  0.445680  0.697630  0.742526  0.391429
  0.475300  0.531799  0.779133  0.676232  0.339935  0.484076  0.045375  0.202015  0.319413  0.197286  0.114754  0.492234  0.760352  0.820332  0.816483  0.846689  0.045610  0.241108  0.393931  0.398541  0.118985  0.329785  0.401561  0.557258  0.791419  0.673695  0.729276  0.513556  0.751537  0.388498  0.833267  0.209302  0.368574  0.353392  0.170381  0.533271  0.375436  0.144739  0.836119  0.100904  0.056341  0.719486  0.752822  0.613315  0.411992  0.196388  0.233403  0.250156  0.293924  0.394267  0.473383  0.397733  0.134350  0.212609  0.148211  0.231038  0.356333  0.116824  0.324219  0.800999  0.651527  0.861767  0.089203  0.530910  0.252541  0.079982  0.853118  0.322081  0.402428  0.357335  0.462925  0.015658  0.932517  0.802568  0.861608  0.434917  0.685874  0.064782  0.411220  0.117564  0.244997  0.700941  0.115956  0.124113  0.749545  0.213141  0.633981  0.548294  0.499990  0.054221  0.044102  0.583869  0.646545  0.179905  0.202001  0.212878  0.269891  0.287609  0.347165  0.060466  0.587483  0.863352  0.084782  0.184863  0.110100  0.746868  0.474378  0.583901  0.491755  0.174809  0.536084  0.263669  0.183819  0.629979  0.023960  0.491628  0.590994  0.038355  0.096844  0.036962  0.319642  0.747139  0.812850  0.048762  0.053410  0.055789  0.293220  0.691106  0.655710  0.390433  0.376708  0.507821  0.446653  0.698744  0.744163  0.389929
  0.477300  0.535081  0.779520  0.678839  0.345551  0.486524  0.044754  0.204014  0.321824  0.199793  0.116779  0.493964  0.759965  0.822168  0.819620  0.843535  0.044754  0.243099  0.394662  0.400800  0.121958  0.330810  0.403111  0.558374  0.792561  0.677088  0.732230  0.515040  0.754685  0.391529  0.838421  0.208901  0.368994  0.357674  0.173232  0.539742  0.380368  0.146988  0.837741  0.101019  0.057780  0.719545  0.753380  0.616667  0.413579  0.199118  0.239047  0.258003  0.300477  0.394463  0.473619  0.400994  0.134675  0.213372  0.152499  0.229720  0.360624  0.112824  0.324819  0.803322  0.651062  0.864016  0.091003  0.532630  0.254463  0.080022  0.852213  0.325203  0.403527  0.359354  0.464093  0.015752  0.931149  0.802968  0.861742  0.436179  0.684879  0.064538  0.415727  0.119233  0.247220  0.703434  0.119436  0.130318  0.749877  0.211755  0.634045  0.550416  0.501041  0.054578  0.043504  0.585275  0.646888  0.180196  0.204033  0.215090  0.276695  0.290999  0.348830  0.060625  0.591961  0.866591  0.084658  0.186239  0.109858  0.748788  0.475841  0.585772  0.494253  0.184116  0.537831  0.265240  0.187267  0.637864  0.023721  0.495471  0.595576  0.038719  0.097107  0.036737  0.324153  0.747513  0.813329  0.047948  0.052554  0.054444  0.295736  0.694204  0.656398  0.393306  0.378388  0.509839  0.448070  0.699346  0.745943  0.389135
  0.479300  0.539622  0.779477  0.680301  0.352921  0.487877  0.045137  0.206371  0.323505  0.202299  0.117057  0.498699  0.760903  0.820879  0.822912  0.846876  0.043595  0.244423  0.394356  0.403702  0.121565  0.331410  0.405779  0.561874  0.794108  0.679227  0.735045  0.516931  0.756707  0.393865  0.837367  0.208675  0.373427  0.359847  0.176372  0.548205  0.385215  0.148645  0.836475  0.097070  0.059986  0.719840  0.754713  0.618659  0.416310  0.200097  0.242874  0.258861  0.303658  0.404058  0.480654  0.404454  0.135065  0.214324  0.151996  0.232470  0.362164  0.109619  0.327125  0.805296  0.653959  0.864830  0.090210  0.533597  0.255308  0.079768  0.852250  0.327239  0.404777  0.362450  0.467845  0.015692  0.933594  0.806184  0.860909  0.437652  0.687876  0.064474  0.418770  0.120527  0.249097  0.705265  0.122184  0.130528  0.750980  0.221354  0.636153  0.550537  0.502286  0.056175  0.045562  0.583644  0.649718  0.183013  0.206070  0.219685  0.276780  0.294084  0.352760  0.058497  0.594602  0.863894  0.084419  0.188396  0.109859  0.749725  0.478832  0.589134  0.497842  0.195038  0.538848  0.266456  0.190695  0.641877  0.023634  0.498134  0.598725  0.039336  0.097852  0.036967  0.327398  0.747739  0.816067  0.048304  0.052855  0.054186  0.296183  0.695962  0.657187  0.397631  0.381463  0.511824  0.448963  0.699345  0.746231  0.388472
  0.481300  0.542947  0.780636  0.682275  0.358291  0.487606  0.045378  0.209486  0.326914  0.204250  0.118772  0.501493  0.762020  0.822166  0.815880  0.845353  0.044753  0.244013  0.395450  0.403575  0.123342  0.331964  0.405169  0.562192  0.794421  0.680116  0.734666  0.518138  0.759482  0.396606  0.840822  0.208543  0.372828  0.360720  0.180408  0.552454  0.390650  0.150505  0.840051  0.100160  0.057147  0.718600  0.755240  0.618729  0.421152  0.203357  0.246118  0.266137  0.305298  0.406801  0.483718  0.406676  0.134429  0.215269  0.151497  0.235417  0.363827  0.104741  0.329120  0.807573  0.660294  0.864892  0.090439  0.533883  0.257076  0.080156  0.859331  0.329686  0.406506  0.365062  0.468576  0.015582  0.928866  0.807017  0.861154  0.439359  0.686606  0.064731  0.422240  0.121387  0.251404  0.709169  0.123981  0.129337  0.750787  0.225045  0.633067  0.550471  0.502859  0.057076  0.045244  0.583757  0.652014  0.184002  0.208976  0.223552  0.282206  0.296430  0.356401  0.061466  0.596885  0.865495  0.084125  0.190701  0.109946  0.750600  0.479789  0.590753  0.496350  0.204707  0.539602  0.264485  0.187071  0.644321  0.024101  0.502948  0.601945  0.039707  0.097425  0.036823  0.334497  0.751655  0.814711  0.048455  0.052538  0.054472  0.297950  0.697593  0.658356  0.397761  0.383220  0.513934  0.449570  0.699103  0.748598  0.387395
  0.483300  0.548678  0.779601  0.684048  0.363889  0.489322  0.045402  0.209313  0.330107  0.206263  0.119136  0.504455  0.761259  0.822806  0.823867  0.854286  0.043841  0.240820  0.395838  0.407045  0.123187  0.334359  0.405444  0.564964  0.796301  0.683504  0.737433  0.518749  0.761646  0.398123  0.839750  0.208316  0.374865  0.363738  0.180531  0.560822  0.397462  0.154246  0.839424  0.103251  0.059363  0.722484  0.756399  0.624782  0.422549  0.202492  0.246417  0.266798  0.304309  0.406829  0.488792  0.410301  0.134890  0.216410  0.154771  0.239724  0.364058  0.101499  0.331646  0.809256  0.654915  0.866959  0.090836  0.535044  0.260205  0.080648  0.853737  0.330951  0.408235  0.367363  0.470125  0.015621  0.936860  0.810408  0.862556  0.440826  0.684224  0.065353  0.425214  0.123674  0.253955  0.711837  0.122725  0.135903  0.751888  0.228759  0.638791  0.553462  0.503589  0.058074  0.046630  0.584471  0.653447  0.184211  0.210135  0.223312  0.281556  0.300620  0.359566  0.059906  0.600598  0.870145  0.084402  0.192943  0.109964  0.752301  0.485204  0.594123  0.502237  0.214580  0.540360  0.265092  0.189104  0.649104  0.024253  0.504781  0.606625  0.040073  0.098945  0.037006  0.338692  0.750267  0.816867  0.048475  0.052982  0.055139  0.300178  0.700523  0.659506  0.400241  0.385636  0.514942  0.450724  0.700007  0.747847  0.386699
  0.485300  0.550625  0.780281  0.687279  0.370067  0.491046  0.045902  0.211322  0.331017  0.207904  0.120395  0.507004  0.764404  0.824824  0.821933  0.851482  0.044673  0.242488  0.395162  0.406342  0.124756  0.332791  0.402829  0.567578  0.796190  0.684453  0.738927  0.524473  0.765461  0.401749  0.838298  0.208433  0.374558  0.364975  0.185087  0.564784  0.404543  0.154624  0.838729  0.105054  0.058824  0.722226  0.758785  0.622683  0.428394  0.205389  0.249657  0.266751  0.307338  0.407271  0.485552  0.411960  0.134857  0.217710  0.157287  0.240843  0.361142  0.097794  0.332142  0.811942  0.656402  0.867766  0.091430  0.534937  0.263069  0.080537  0.858153  0.333709  0.408189  0.370412  0.470230  0.015613  0.937470  0.809808  0.864015  0.442415  0.687422  0.064865  0.428320  0.124824  0.255742  0.714149  0.123514  0.136838  0.752333  0.230460  0.634342  0.553924  0.504164  0.058720  0.046874  0.584261  0.655635  0.185635  0.211788  0.223973  0.286124  0.302604  0.361687  0.062493  0.603181  0.869330  0.084476  0.196048  0.110463  0.753730  0.483550  0.593813  0.500294  0.224489  0.541243  0.264884  0.194061  0.649264  0.024160  0.506327  0.610173  0.040558  0.099103  0.037251  0.347736  0.751964  0.817318  0.049047  0.052672  0.054457  0.298452  0.702373  0.660316  0.405145  0.389438  0.518502  0.452135  0.698151  0.750519  0.385609
  0.487300  0.554688  0.781223  0.690782  0.377106  0.493090  0.045062  0.212764  0.333192  0.210049  0.120896  0.509242  0.761379  0.824756  0.823063  0.844642  0.043185  0.242172  0.389984  0.405328  0.125773  0.334041  0.400773  0.569951  0.797962  0.688472  0.740307  0.525236  0.767480  0.403353  0.838240  0.207975  0.378955  0.367207  0.187267  0.570121  0.410865  0.156462  0.839256  0.103460  0.060327  0.722247  0.762138  0.622947  0.430541  0.204784  0.249562  0.270592  0.314844  0.414651  0.490273  0.413722  0.135220  0.219043  0.155703  0.241781  0.357777  0.095746  0.334136  0.813781  0.657903  0.870129  0.092622  0.536244  0.265832  0.080757  0.861747  0.336682  0.410549  0.372621  0.471341  0.015586  0.939977  0.809761  0.863919  0.442974  0.686359  0.064660  0.430518  0.126104  0.257484  0.717079  0.122765  0.135296  0.752746  0.232737  0.638451  0.555154  0.505792  0.060161  0.048073  0.584002  0.658022  0.185544  0.211006  0.225640  0.287329  0.305117  0.366105  0.059247  0.604263  0.869873  0.084635  0.196584  0.110542  0.753718  0.485552  0.594987  0.502871  0.232703  0.543745  0.265669  0.195533  0.649869  0.024239  0.507185  0.613397  0.040807  0.097351  0.037351  0.353314  0.760732  0.818672  0.049219  0.052959  0.054594  0.300235  0.703252  0.661184  0.407726  0.391363  0.520730  0.452516  0.698534  0.750623  0.385690
  0.489300  0.558104  0.781294  0.695172  0.380565  0.494048  0.045769  0.213898  0.335875  0.210660  0.121482  0.510489  0.764806  0.825600  0.823627  0.851646  0.043479  0.239386  0.392124  0.403972  0.127218  0.332882  0.397728  0.572865  0.799401  0.690680  0.743284  0.530553  0.768895  0.404499  0.840283  0.207937  0.378915  0.369708  0.194191  0.573211  0.416105  0.158520  0.839484  0.106389  0.060795  0.721411  0.763473  0.626448  0.433430  0.206545  0.251656  0.271802  0.313059  0.412827  0.494464  0.415790  0.135300  0.220603  0.157077  0.241819  0.356499  0.092107  0.334838  0.814949  0.662819  0.868554  0.092849  0.536430  0.269477  0.080587  0.856934  0.337842  0.411898  0.376114  0.475623  0.015677  0.934225  0.811902  0.865244  0.444977  0.687108  0.064762  0.431618  0.127579  0.260004  0.719316  0.125609  0.135069  0.752349  0.234663  0.642540  0.558345  0.506778  0.061244  0.047958  0.586017  0.659942  0.187364  0.213027  0.228881  0.287656  0.308153  0.365790  0.060966  0.605581  0.868050  0.084915  0.198709  0.110108  0.755855  0.489913  0.597649  0.506051  0.241572  0.542970  0.269674  0.195816  0.648970  0.024142  0.513297  0.617911  0.041397  0.096973  0.037618  0.364145  0.753763  0.817324  0.049080  0.053381  0.054329  0.304863  0.706018  0.662007  0.408776  0.392900  0.521427  0.453691  0.700950  0.753219  0.384526
  0.491300  0.562012  0.780375  0.697864  0.387590  0.495579  0.045735  0.214113  0.336718  0.211695  0.121504  0.512666  0.764516  0.827481  0.824222  0.850619  0.045104  0.237833  0.387077  0.403635  0.127670  0.334204  0.394836  0.576371  0.801552  0.692566  0.743033  0.529384  0.772932  0.405048  0.840456  0.208507  0.380918  0.371879  0.193996  0.574973  0.420761  0.159985  0.840655  0.105068  0.063446  0.722861  0.761862  0.624647  0.437882  0.206914  0.251015  0.269339  0.313001  0.416458  0.495454  0.417480  0.135182  0.221174  0.157766  0.247792  0.357081  0.089535  0.337068  0.817157  0.658530  0.870150  0.093462  0.537592  0.270865  0.081032  0.861755  0.340120  0.413960  0.379038  0.474026  0.015704  0.934528  0.813891  0.865019  0.446153  0.691542  0.066413  0.432488  0.128273  0.260315  0.721564  0.126165  0.139141  0.753927  0.230937  0.643445  0.558649  0.508377  0.061626  0.049033  0.583499  0.661114  0.189683  0.213314  0.224887  0.289329  0.309406  0.371218  0.060768  0.607347  0.870529  0.084928  0.200720  0.109917  0.757026  0.492385  0.599612  0.510767  0.248987  0.544786  0.269671  0.198933  0.648653  0.024200  0.518775  0.621181  0.041593  0.097461  0.036911  0.368323  0.761380  0.820014  0.049398  0.053001  0.055412  0.305487  0.708093  0.662922  0.411954  0.393296  0.521620  0.454720  0.699260  0.753267  0.384212
  0.493300  0.567256  0.782518  0.702674  0.394873  0.497620  0.045010  0.215171  0.337525  0.210813  0.121511  0.514341  0.766294  0.828222  0.827206  0.856049  0.044320  0.234664  0.386234  0.407625  0.129774  0.333916  0.391281  0.578370  0.802191  0.695126  0.745364  0.535664  0.775609  0.405774  0.841532  0.209316  0.383830  0.375097  0.196889  0.581242  0.427058  0.164466  0.839994  0.106183  0.060736  0.723183  0.764881  0.626669  0.442544  0.205782  0.252232  0.272477  0.309900  0.416472  0.486760  0.417020  0.134943  0.221825  0.160293  0.249115  0.358513  0.086332  0.337383  0.819591  0.661341  0.872398  0.094039  0.538545  0.274119  0.080681  0.862507  0.341834  0.416124  0.383388  0.478450  0.015431  0.935645  0.813750  0.867095  0.448348  0.690669  0.065412  0.431200  0.127591  0.260482  0.724656  0.126116  0.137947  0.752855  0.229445  0.644856  0.561287  0.509225  0.063287  0.050220  0.584951  0.662117  0.188879  0.212092  0.223573  0.289567  0.308322  0.371950  0.062211  0.608722  0.870979  0.084788  0.201678  0.110440  0.758652  0.497881  0.601921  0.509184  0.256804  0.545179  0.269062  0.201584  0.648168  0.024780  0.517522  0.626741  0.042104  0.098408  0.037919  0.374062  0.766260  0.821337  0.049765  0.054137  0.055803  0.306195  0.710365  0.663611  0.415237  0.397016  0.524760  0.455301  0.701173  0.756262  0.382456
  0.495300  0.569040  0.782084  0.706048  0.398860  0.499308  0.046765  0.216713  0.337359  0.212867  0.121360  0.516457  0.766456  0.828857  0.821076  0.851480  0.043673  0.235720  0.384691  0.405334  0.130094  0.333884  0.387252  0.583222  0.804180  0.697708  0.747152  0.538283  0.778930  0.406011  0.844159  0.210876  0.384211  0.378610  0.201971  0.580880  0.435349  0.164259  0.840635  0.109906  0.062828  0.725721  0.764418  0.626407  0.445515  0.205260  0.250358  0.272600  0.313407  0.413498  0.496688  0.418317  0.135064  0.223057  0.161786  0.252438  0.353647  0.083875  0.340542  0.822125  0.663681  0.873122  0.093786  0.539306  0.277537  0.081726  0.865879  0.344573  0.417263  0.385914  0.474384  0.015701  0.943730  0.818326  0.866730  0.449404  0.692815  0.066101  0.432341  0.127948  0.260152  0.725137  0.125573  0.139321  0.752437  0.236872  0.643609  0.564108  0.511526  0.063813  0.050533  0.585097  0.665663  0.189727  0.209376  0.224350  0.291428  0.309467  0.371290  0.064062  0.604765  0.872444  0.085907  0.203513  0.110348  0.758830  0.498603  0.605798  0.512046  0.263027  0.546958  0.271589  0.206306  0.646720  0.024347  0.519631  0.629962  0.042405  0.100096  0.037209  0.382176  0.764413  0.821231  0.049580  0.053006  0.056357  0.307400  0.710990  0.664312  0.417576  0.399979  0.527404  0.455922  0.701664  0.756018  0.382863
  0.497300  0.572451  0.783190  0.709536  0.405692  0.501425  0.047264  0.218833  0.342811  0.213604  0.122290  0.518560  0.767888  0.829356  0.829040  0.861217  0.045626  0.234012  0.383715  0.406962  0.132978  0.334645  0.386369  0.585948  0.806029  0.701804  0.749521  0.539496  0.780921  0.408201  0.849396  0.211104  0.387415  0.382830  0.201827  0.591898  0.439451  0.166602  0.842183  0.109127  0.062092  0.725630  0.768126  0.631958  0.453013  0.208005  0.254520  0.274970  0.309901  0.418116  0.500176  0.419522  0.135082  0.225043  0.163425  0.255810  0.357812  0.082698  0.342978  0.822133  0.663772  0.874707  0.095577  0.539110  0.280897  0.081061  0.864564  0.346513  0.419025  0.390540  0.480406  0.015704  0.941588  0.817098  0.867964  0.451382  0.692207  0.065849  0.433350  0.128000  0.261259  0.727239  0.126207  0.140425  0.752628  0.236967  0.648610  0.563812  0.512752  0.064735  0.050489  0.585014  0.667014  0.190731  0.214850  0.225295  0.293401  0.313323  0.377041  0.064406  0.604182  0.872215  0.085344  0.204596  0.109991  0.760025  0.504371  0.610322  0.518659  0.268541  0.547590  0.271627  0.204241  0.645845  0.024530  0.524575  0.634706  0.042907  0.100471  0.037090  0.387541  0.764434  0.821861  0.050604  0.054044  0.056337  0.308582  0.711976  0.665584  0.426268  0.404337  0.529792  0.457293  0.701782  0.758074  0.382586
  0.499300  0.575569  0.781627  0.714887  0.412190  0.504273  0.045699  0.220398  0.341139  0.215879  0.123156  0.521030  0.768698  0.829296  0.827071  0.855891  0.044264  0.231398  0.379800  0.405018  0.132028  0.332728  0.380361  0.591416  0.807306  0.704151  0.752254  0.542755  0.782350  0.410823  0.844801  0.212258  0.391168  0.383563  0.206664  0.588986  0.445768  0.167893  0.842206  0.109770  0.061612  0.724249  0.769160  0.629013  0.455417  0.207460  0.256459  0.274834  0.317708  0.417894  0.498568  0.422998  0.135583  0.226403  0.163714  0.256839  0.354263  0.079344  0.343694  0.825129  0.661754  0.875416  0.095636  0.540342  0.284794  0.081703  0.863341  0.349542  0.420416  0.392818  0.482352  0.015386  0.934602  0.822577  0.868734  0.453022  0.693845  0.065759  0.434432  0.129805  0.263098  0.729293  0.126961  0.139298  0.753963  0.239397  0.642303  0.563460  0.513765  0.065838  0.050734  0.584903  0.669075  0.192138  0.215335  0.229159  0.294784  0.316396  0.380620  0.063506  0.602328  0.871401  0.085918  0.205698  0.110387  0.762013  0.503624  0.611792  0.518637  0.274392  0.547051  0.273485  0.207046  0.643971  0.024691  0.524818  0.639705  0.043297  0.102468  0.037396  0.390323  0.765389  0.822595  0.050019  0.053372  0.055557  0.309672  0.714919  0.665202  0.424632  0.407760  0.531492  0.457804  0.700922  0.758103  0.383489
  0.501300  0.578511  0.781195  0.718639  0.416721  0.505378  0.046393  0.221917  0.345361  0.217559  0.123594  0.523509  0.769754  0.830559  0.824710  0.856807  0.045737  0.231103  0.378961  0.401911  0.134542  0.333945  0.379282  0.595786  0.808867  0.708607  0.752785  0.545047  0.785014  0.412290  0.847023  0.212932  0.392121  0.386825  0.208930  0.594895  0.451024  0.169287  0.842850  0.110411  0.060164  0.725520  0.769488  0.633010  0.456213  0.211076  0.258498  0.280413  0.320822  0.418296  0.505339  0.425095  0.135356  0.226244  0.165607  0.257050  0.354728  0.078167  0.345953  0.827780  0.667941  0.875464  0.096510  0.540887  0.287982  0.081618  0.857291  0.351553  0.422968  0.398695  0.488011  0.015640  0.937123  0.819850  0.869768  0.454990  0.692835  0.065746  0.438031  0.130844  0.265940  0.731398  0.130082  0.142617  0.753727  0.241581  0.646170  0.565426  0.514910  0.067240  0.052187  0.585106  0.670340  0.191239  0.217563  0.231851  0.299609  0.319946  0.384373  0.063706  0.597506  0.874109  0.085817  0.207552  0.110587  0.764364  0.509169  0.614208  0.524331  0.278651  0.547493  0.272618  0.210012  0.640656  0.024549  0.530496  0.644172  0.043856  0.099953  0.037410  0.390245  0.769786  0.822510  0.050195  0.054452  0.055946  0.311878  0.716362  0.667624  0.433847  0.411379  0.534442  0.457901  0.703117  0.761701  0.383905
  0.503300  0.580324  0.782638  0.723011  0.422657  0.506355  0.046029  0.222164  0.344883  0.218764  0.125024  0.527057  0.769940  0.829907  0.823988  0.857601  0.044647  0.230397  0.375575  0.404386  0.136522  0.333478  0.374774  0.598353  0.810381  0.709701  0.754973  0.544808  0.788383  0.415054  0.847216  0.213771  0.395262  0.387819  0.211754  0.594139  0.457654  0.172136  0.839288  0.111773  0.064366  0.725860  0.769667  0.632154  0.464025  0.212525  0.260655  0.275942  0.318656  0.423303  0.500870  0.427968  0.135475  0.228141  0.165107  0.261311  0.353646  0.074203  0.347154  0.828538  0.663518  0.877613  0.096261  0.541892  0.291864  0.081838  0.864132  0.353089  0.424877  0.402665  0.488098  0.015436  0.939236  0.819264  0.869816  0.455810  0.697650  0.065739  0.440412  0.133109  0.267455  0.731607  0.128668  0.143430  0.753801  0.242748  0.643918  0.565578  0.516141  0.067774  0.052049  0.585266  0.670852  0.193897  0.217679  0.234362  0.299788  0.319268  0.388974  0.064647  0.596650  0.870627  0.086282  0.208024  0.110259  0.764417  0.510709  0.617222  0.524661  0.283135  0.547722  0.273268  0.211501  0.638795  0.025259  0.531443  0.649297  0.044484  0.102098  0.037938  0.396611  0.769776  0.824515  0.050699  0.053878  0.055807  0.310430  0.717996  0.667168  0.435918  0.412920  0.535401  0.459890  0.701274  0.761108  0.383787
  0.505300  0.584603  0.783641  0.727542  0.428143  0.508718  0.046028  0.223434  0.343988  0.219885  0.125171  0.527094  0.770564  0.831918  0.824154  0.856215  0.044194  0.230468  0.374812  0.405430  0.136034  0.335857  0.373129  0.603066  0.811416  0.712709  0.756726  0.545219  0.789109  0.417067  0.842746  0.214248  0.397896  0.391083  0.216281  0.597799  0.463946  0.173305  0.843982  0.110504  0.065074  0.724530  0.770338  0.633228  0.464644  0.211797  0.260412  0.279841  0.319395  0.419413  0.502442  0.430277  0.136001  0.228810  0.168200  0.264440  0.354773  0.073689  0.349547  0.829367  0.663097  0.879191  0.097753  0.542398  0.287245  0.082578  0.866223  0.354758  0.427353  0.408218  0.488390  0.015710  0.938913  0.814431  0.870663  0.457371  0.694248  0.066123  0.440937  0.133272  0.268816  0.732633  0.131818  0.142883  0.753604  0.243946  0.644770  0.571839  0.519181  0.068417  0.052746  0.586300  0.673654  0.194369  0.216241  0.233753  0.302493  0.322793  0.388745  0.063125  0.592017  0.869232  0.086382  0.209241  0.110571  0.765666  0.512946  0.618229  0.526564  0.285763  0.548778  0.273741  0.216772  0.636306  0.024959  0.531454  0.653803  0.044788  0.103095  0.037624  0.397016  0.769044  0.823850  0.050461  0.054132  0.056904  0.313815  0.720030  0.669142  0.439095  0.415296  0.535709  0.460097  0.700943  0.763787  0.383598
  0.507300  0.586468  0.782928  0.731140  0.434442  0.510918  0.046470  0.223911  0.344810  0.220527  0.126132  0.527799  0.772111  0.831949  0.826580  0.857038  0.045389  0.235213  0.376434  0.403766  0.140219  0.336276  0.372827  0.607156  0.813368  0.715358  0.757975  0.552551  0.792450  0.417955  0.846889  0.215906  0.399919  0.392304  0.219038  0.599022  0.470401  0.172521  0.842681  0.111231  0.065435  0.727077  0.772042  0.635492  0.471478  0.214740  0.261974  0.285504  0.324778  0.429917  0.507154  0.432476  0.135430  0.230189  0.167372  0.267013  0.354872  0.071711  0.350899  0.832348  0.667662  0.879878  0.096742  0.543142  0.287612  0.082074  0.864091  0.357531  0.428726  0.413527  0.489050  0.015620  0.940507  0.822397  0.869871  0.459164  0.696078  0.066238  0.443592  0.134936  0.270837  0.734963  0.134267  0.142752  0.752510  0.250428  0.644549  0.567507  0.519961  0.069584  0.053220  0.586551  0.673608  0.194776  0.219201  0.242555  0.307546  0.326964  0.393530  0.062290  0.588628  0.873742  0.086949  0.210652  0.110892  0.768949  0.518656  0.623139  0.529697  0.289075  0.549628  0.272431  0.216887  0.633834  0.024738  0.540043  0.658695  0.045631  0.100945  0.037570  0.396413  0.771769  0.825827  0.050918  0.054988  0.057553  0.314635  0.721146  0.668778  0.441198  0.417973  0.537639  0.460687  0.702475  0.764478  0.385089
  0.509300  0.589768  0.783496  0.737183  0.440423  0.512026  0.045776  0.223894  0.345825  0.221467  0.127044  0.528321  0.770519  0.832534  0.827877  0.860725  0.044679  0.241448  0.379543  0.412151  0.142638  0.340206  0.378341  0.610048  0.813997  0.718870  0.759228  0.555291  0.795019  0.418975  0.847581  0.217191  0.402376  0.395006  0.220542  0.598102  0.475293  0.173883  0.843830  0.111771  0.065213  0.726896  0.771892  0.636959  0.475808  0.214125  0.263962  0.287831  0.320094  0.430610  0.509125  0.433085  0.135319  0.230922  0.167964  0.269426  0.351022  0.069968  0.353213  0.833075  0.666681  0.881450  0.099150  0.543585  0.303437  0.082675  0.865352  0.359919  0.431633  0.418294  0.493630  0.015704  0.939550  0.820914  0.871736  0.460080  0.694864  0.067196  0.442833  0.135758  0.271845  0.734788  0.130451  0.142254  0.752806  0.253120  0.647854  0.571532  0.521673  0.070457  0.053864  0.586134  0.675499  0.195236  0.220507  0.237557  0.307591  0.328138  0.394675  0.064703  0.583714  0.876084  0.086663  0.211368  0.110780  0.768431  0.520183  0.621303  0.531200  0.291567  0.548770  0.275242  0.220264  0.630489  0.025009  0.541214  0.662825  0.045936  0.101633  0.037564  0.399338  0.773640  0.827042  0.051194  0.054232  0.057294  0.314649  0.723099  0.670177  0.444518  0.419296  0.540589  0.461580  0.702158  0.766075  0.384057
  0.511300  0.592358  0.782986  0.738326  0.446955  0.514523  0.046260  0.224825  0.351569  0.222330  0.127030  0.531668  0.773352  0.832462  0.829375  0.864738  0.045111  0.242723  0.383886  0.418284  0.146393  0.345067  0.386457  0.614332  0.816145  0.721432  0.760903  0.556872  0.797784  0.420276  0.847478  0.218666  0.405103  0.398272  0.226709  0.604179  0.481626  0.177255  0.844296  0.111234  0.065742  0.728951  0.774032  0.640667  0.481601  0.215316  0.264084  0.284412  0.323148  0.429672  0.512727  0.434895  0.135772  0.233384  0.168854  0.271140  0.350291  0.068348  0.354805  0.835986  0.672469  0.881374  0.098585  0.544220  0.310474  0.083091  0.862630  0.362848  0.432759  0.423276  0.497368  0.015599  0.932363  0.819473  0.870750  0.461684  0.698717  0.066530  0.444007  0.136429  0.273352  0.736435  0.128247  0.149098  0.751195  0.251783  0.651115  0.573447  0.522597  0.071208  0.054994  0.586466  0.676351  0.194445  0.221074  0.237126  0.308927  0.330564  0.399660  0.063977  0.576273  0.875047  0.087195  0.211722  0.110788  0.770065  0.524450  0.627277  0.532368  0.292662  0.548436  0.275301  0.219962  0.628979  0.024742  0.544745  0.667407  0.046433  0.100166  0.036827  0.399489  0.770685  0.827028  0.049928  0.054556  0.056750  0.315491  0.724382  0.670905  0.450351  0.421450  0.542847  0.462314  0.702883  0.767656  0.385187
  0.513300  0.594732  0.783544  0.742389  0.452884  0.517249  0.046791  0.225438  0.354251  0.223692  0.127013  0.534117  0.773062  0.833692  0.832816  0.866695  0.045136  0.247612  0.391264  0.426594  0.148224  0.349641  0.390699  0.619501  0.817446  0.725740  0.763103  0.561409  0.800434  0.420820  0.846662  0.220222  0.410381  0.403605  0.226348  0.605345  0.486369  0.176860  0.844918  0.114435  0.065165  0.728735  0.776079  0.641724  0.487504  0.213962  0.264347  0.281929  0.325054  0.429323  0.509887  0.435604  0.135684  0.233867  0.168777  0.276358  0.349883  0.066747  0.356893  0.836639  0.670664  0.878392  0.098321  0.544640  0.316997  0.082792  0.862526  0.364711  0.436045  0.430030  0.501854  0.015470  0.936984  0.826806  0.873600  0.463141  0.697049  0.067303  0.444509  0.137281  0.274206  0.737859  0.133311  0.150368  0.751377  0.253325  0.653582  0.571222  0.524133  0.072144  0.054533  0.587546  0.677891  0.196027  0.223671  0.240554  0.310796  0.329165  0.402818  0.064953  0.570435  0.877366  0.087037  0.212776  0.111058  0.771213  0.529857  0.632526  0.539393  0.295075  0.548134  0.278564  0.228120  0.625282  0.025389  0.554149  0.672230  0.046928  0.102386  0.037046  0.399139  0.774953  0.828305  0.051515  0.054116  0.056490  0.318989  0.727622  0.671842  0.455149  0.423912  0.543631  0.462400  0.706467  0.768848  0.386295
  0.515300  0.596202  0.782830  0.743929  0.458740  0.519687  0.046483  0.227139  0.358344  0.223989  0.127549  0.535673  0.772793  0.832917  0.828324  0.866251  0.044865  0.250435  0.392415  0.425176  0.150736  0.352632  0.393786  0.623550  0.818177  0.727143  0.764964  0.562522  0.803234  0.422024  0.848761  0.222106  0.411297  0.401533  0.230590  0.606335  0.491904  0.179786  0.844997  0.116008  0.067508  0.729998  0.775222  0.645633  0.493221  0.214373  0.263797  0.286064  0.325271  0.430668  0.510130  0.435842  0.135391  0.235503  0.171842  0.278233  0.351422  0.065603  0.359407  0.838584  0.669666  0.881314  0.099284  0.545924  0.322156  0.082746  0.864516  0.367539  0.438719  0.435129  0.503046  0.015380  0.944756  0.825010  0.873169  0.464343  0.695770  0.066602  0.445580  0.137932  0.275803  0.739183  0.133601  0.142770  0.751117  0.257161  0.654267  0.577326  0.525402  0.073375  0.056081  0.586910  0.678882  0.198381  0.223280  0.240046  0.311474  0.334091  0.403423  0.066656  0.564018  0.877577  0.087750  0.213798  0.111390  0.772139  0.531806  0.634126  0.540605  0.297387  0.547070  0.278549  0.228640  0.623182  0.024837  0.552219  0.676102  0.047361  0.101046  0.037437  0.395807  0.774872  0.828318  0.051346  0.055380  0.056468  0.320274  0.729255  0.672017  0.461247  0.426616  0.545500  0.463769  0.704037  0.770638  0.387471
  0.517300  0.599330  0.782318  0.748448  0.465915  0.523987  0.046598  0.227476  0.356692  0.224987  0.127810  0.537442  0.775069  0.833606  0.825167  0.865402  0.045203  0.253207  0.390146  0.429255  0.151713  0.354820  0.393687  0.627297  0.821120  0.731978  0.768285  0.567913  0.807983  0.421833  0.851783  0.223454  0.413000  0.405033  0.236111  0.604921  0.497227  0.181166  0.843062  0.115889  0.066769  0.727958  0.773274  0.640086  0.498614  0.213601  0.263855  0.284918  0.326432  0.430349  0.514688  0.437098  0.135707  0.236779  0.170249  0.284011  0.349428  0.064498  0.360433  0.840339  0.674364  0.881321  0.100595  0.546135  0.326583  0.083276  0.858795  0.369356  0.437905  0.441763  0.502241  0.015523  0.937039  0.826699  0.873163  0.466266  0.696693  0.067275  0.445960  0.138792  0.275986  0.739972  0.127514  0.149975  0.750599  0.253979  0.652318  0.578105  0.526840  0.073944  0.055724  0.586967  0.678858  0.196799  0.221729  0.241656  0.311749  0.335347  0.405790  0.065823  0.554313  0.878352  0.088396  0.214659  0.110920  0.773460  0.536726  0.636434  0.546432  0.297334  0.547764  0.279757  0.228033  0.619950  0.025344  0.559349  0.681714  0.047792  0.103206  0.037623  0.394700  0.777888  0.828204  0.051826  0.054437  0.056460  0.320620  0.730070  0.673000  0.464179  0.427795  0.546808  0.464699  0.703887  0.772902  0.387578
  0.519300  0.602875  0.784860  0.751583  0.471569  0.528061  0.046466  0.227329  0.359057  0.226244  0.128003  0.537716  0.774247  0.834213  0.832306  0.866125  0.045331  0.253175  0.392333  0.430178  0.155437  0.357789  0.393782  0.632183  0.822598  0.734319  0.768201  0.572700  0.808565  0.421721  0.853408  0.225457  0.416328  0.406746  0.238469  0.601690  0.501853  0.182009  0.845309  0.116414  0.065558  0.729146  0.779886  0.645736  0.499172  0.213614  0.264262  0.286656  0.325845  0.431165  0.515229  0.438073  0.135733  0.238609  0.172880  0.282745  0.349898  0.063220  0.362651  0.841998  0.674609  0.882877  0.100072  0.546608  0.332745  0.084053  0.866169  0.372593  0.441116  0.447948  0.504903  0.015590  0.933394  0.825066  0.872358  0.466556  0.698556  0.067112  0.446037  0.139178  0.277193  0.741992  0.133750  0.145821  0.750551  0.256565  0.653788  0.575221  0.528418  0.074564  0.056426  0.586534  0.680622  0.197889  0.224461  0.243706  0.315523  0.337042  0.409296  0.066404  0.547617  0.881750  0.088088  0.214806  0.111144  0.774440  0.539208  0.641630  0.547605  0.299188  0.547259  0.278341  0.231840  0.617046  0.025061  0.563165  0.683975  0.048618  0.103516  0.038621  0.394419  0.781276  0.829497  0.052214  0.056069  0.058906  0.322762  0.733985  0.673483  0.466091  0.429801  0.546712  0.465559  0.704704  0.774315  0.389772
  0.521300  0.605091  0.783665  0.752579  0.478515  0.531066  0.046986  0.227992  0.359349  0.226187  0.128313  0.538994  0.776148  0.832923  0.833218  0.867015  0.044200  0.254738  0.388876  0.429834  0.157531  0.358217  0.394669  0.636983  0.824068  0.736011  0.770252  0.570319  0.814045  0.423301  0.853864  0.228030  0.420017  0.408832  0.241277  0.604690  0.508454  0.182315  0.844125  0.117056  0.066763  0.729022  0.777777  0.646051  0.506956  0.213139  0.261560  0.278398  0.327517  0.426714  0.510207  0.437455  0.135708  0.239161  0.171531  0.287643  0.352826  0.062227  0.363981  0.843299  0.675187  0.883556  0.101553  0.547836  0.337531  0.083491  0.861499  0.374090  0.442939  0.455486  0.507324  0.015625  0.941807  0.826818  0.875126  0.469053  0.700043  0.068183  0.447334  0.139546  0.276634  0.742432  0.132612  0.150235  0.748501  0.257372  0.654258  0.580559  0.529441  0.075655  0.056566  0.586722  0.681923  0.200027  0.221253  0.240359  0.314343  0.337375  0.409265  0.065219  0.538365  0.882044  0.088648  0.216027  0.111316  0.776358  0.541968  0.640987  0.547713  0.300166  0.546710  0.279220  0.232910  0.613792  0.025079  0.569097  0.688654  0.048838  0.106823  0.037489  0.393048  0.786534  0.829403  0.052412  0.054707  0.058243  0.320558  0.733820  0.674189  0.471033  0.431201  0.548555  0.465474  0.704538  0.777098  0.390214
  0.523300  0.608503  0.784933  0.755959  0.486641  0.533557  0.046621  0.227173  0.362052  0.225046  0.127665  0.539001  0.775380  0.834079  0.829390  0.868868  0.044595  0.257280  0.392233  0.435417  0.160523  0.360893  0.393442  0.642102  0.825339  0.739345  0.772781  0.573776  0.816112  0.423641  0.852191  0.231170  0.423090  0.409152  0.244201  0.604689  0.513787  0.182598  0.844887  0.115926  0.068064  0.729481  0.779901  0.647792  0.513672  0.212021  0.261641  0.286189  0.324365  0.426488  0.508781  0.438065  0.136052  0.240247  0.171475  0.289506  0.353642  0.061487  0.367248  0.845439  0.672667  0.885023  0.102473  0.548817  0.342327  0.083766  0.871418  0.376802  0.444595  0.462282  0.509781  0.015394  0.937853  0.833845  0.874307  0.470590  0.698346  0.067386  0.445304  0.139244  0.277111  0.743954  0.136281  0.148074  0.748354  0.255788  0.653915  0.579700  0.531474  0.076242  0.056499  0.585994  0.681787  0.200707  0.222504  0.242510  0.314494  0.338518  0.412861  0.066949  0.525333  0.884951  0.089090  0.216802  0.111304  0.777781  0.545297  0.646372  0.549468  0.301360  0.546812  0.280367  0.234420  0.612049  0.025006  0.574388  0.692313  0.049092  0.104974  0.037681  0.390755  0.788331  0.829377  0.052629  0.055156  0.058361  0.324638  0.735458  0.674505  0.474090  0.432675  0.550231  0.466979  0.703798  0.776545  0.392477
  0.525300  0.610233  0.785099  0.757617  0.491015  0.537627  0.046970  0.227783  0.361970  0.224917  0.127536  0.538386  0.777027  0.833430  0.833294  0.865545  0.046161  0.260754  0.392751  0.439836  0.164013  0.364531  0.395895  0.646706  0.827454  0.742054  0.775695  0.581655  0.820196  0.422196  0.851936  0.233780  0.425324  0.412907  0.243256  0.607136  0.518180  0.187072  0.847594  0.119041  0.064415  0.729968  0.781856  0.647047  0.516120  0.211915  0.258940  0.279442  0.323238  0.427321  0.507934  0.437925  0.136604  0.241208  0.173188  0.293541  0.354292  0.059974  0.369278  0.847362  0.676227  0.884247  0.102599  0.549587  0.346060  0.084210  0.871248  0.379672  0.447686  0.469761  0.509014  0.015493  0.943565  0.834924  0.878415  0.472324  0.702763  0.067461  0.447500  0.139638  0.277783  0.744897  0.130342  0.151630  0.749950  0.254578  0.655593  0.584454  0.534014  0.077276  0.057619  0.586046  0.682357  0.202035  0.224478  0.243410  0.314950  0.343566  0.415804  0.066951  0.520140  0.881163  0.088808  0.217127  0.111338  0.778723  0.551370  0.648658  0.552617  0.302427  0.545181  0.281719  0.236580  0.608033  0.024966  0.577118  0.696555  0.049648  0.103435  0.038022  0.388358  0.784726  0.832072  0.053004  0.054204  0.058747  0.325024  0.736418  0.675172  0.477892  0.434077  0.551615  0.467394  0.702772  0.780293  0.393422
  0.527300  0.612101  0.785486  0.758469  0.497661  0.539912  0.047205  0.226537  0.361087  0.224612  0.126959  0.539380  0.779338  0.834696  0.831307  0.866687  0.046277  0.261973  0.396130  0.441401  0.167124  0.365494  0.396854  0.649770  0.826681  0.744712  0.776515  0.582180  0.822833  0.421080  0.853213  0.235436  0.426927  0.414705  0.249444  0.602702  0.523145  0.187146  0.845195  0.119891  0.064996  0.731354  0.781068  0.648134  0.518400  0.211123  0.259784  0.285771  0.323269  0.424339  0.513811  0.437643  0.135773  0.242082  0.172295  0.293731  0.353835  0.059421  0.371112  0.847215  0.677757  0.884154  0.102553  0.550052  0.350432  0.083985  0.870406  0.379950  0.449542  0.476032  0.512322  0.015619  0.935708  0.833417  0.877045  0.474021  0.701327  0.067654  0.444988  0.139565  0.277831  0.744749  0.132987  0.149208  0.747500  0.253156  0.654004  0.583176  0.533763  0.078188  0.058729  0.586017  0.683504  0.202319  0.222285  0.239639  0.317513  0.340448  0.414572  0.066966  0.509180  0.881642  0.089651  0.217233  0.111419  0.780528  0.552343  0.650374  0.555557  0.303581  0.545354  0.281201  0.236548  0.606256  0.025507  0.586540  0.700074  0.050042  0.106179  0.037656  0.387192  0.781132  0.831923  0.053030  0.055552  0.058613  0.326254  0.738454  0.675421  0.479033  0.435327  0.552882  0.467937  0.704584  0.780843  0.395430
  0.529300  0.614421  0.784742  0.761808  0.504295  0.542776  0.047533  0.226327  0.361162  0.224051  0.127347  0.539672  0.778436  0.835258  0.834315  0.869739  0.044867  0.268299  0.396502  0.442392  0.168981  0.370255  0.399400  0.655791  0.830558  0.749128  0.778634  0.585440  0.826924  0.421415  0.851525  0.238944  0.428625  0.416468  0.253216  0.598420  0.526395  0.186532  0.844965  0.120307  0.068231  0.732527  0.785097  0.647773  0.527800  0.208645  0.257743  0.278512  0.318833  0.424502  0.503842  0.437462  0.135879  0.243255  0.175429  0.298782  0.355603  0.058745  0.372865  0.850017  0.676163  0.884916  0.102889  0.550098  0.354354  0.084163  0.875640  0.382902  0.452151  0.482090  0.514368  0.015613  0.941012  0.829713  0.877413  0.475763  0.705290  0.067402  0.445297  0.139765  0.277766  0.744954  0.129654  0.143992  0.746575  0.255484  0.655582  0.587423  0.535570  0.078926  0.059186  0.587347  0.685800  0.203938  0.220116  0.245229  0.315792  0.340037  0.414596  0.067277  0.499765  0.880289  0.089847  0.217306  0.112026  0.781247  0.552575  0.647399  0.557041  0.303627  0.546394  0.278329  0.240156  0.605616  0.025063  0.589350  0.704288  0.050593  0.106566  0.038006  0.388257  0.785151  0.831122  0.053412  0.055963  0.058107  0.328551  0.741908  0.676087  0.481601  0.438078  0.553585  0.468734  0.705832  0.782595  0.397035
  0.531300  0.616029  0.785190  0.762709  0.511008  0.543745  0.046281  0.226873  0.365204  0.223737  0.126892  0.539151  0.779374  0.834563  0.834337  0.869843  0.044753  0.272158  0.399786  0.450544  0.176014  0.373802  0.404063  0.659444  0.832287  0.752183  0.780073  0.587056  0.829005  0.421474  0.858226  0.240666  0.435292  0.421493  0.256554  0.604029  0.530195  0.189007  0.848159  0.120532  0.065864  0.731178  0.785761  0.650106  0.531593  0.209370  0.258357  0.279015  0.317716  0.425190  0.510176  0.437321  0.135834  0.244120  0.175146  0.298164  0.352982  0.058137  0.374387  0.851988  0.678666  0.888709  0.104424  0.551769  0.359196  0.084194  0.875733  0.384437  0.453028  0.490015  0.517522  0.015581  0.938470  0.836870  0.877423  0.478310  0.701331  0.068508  0.445611  0.139713  0.278662  0.746719  0.133711  0.141643  0.745790  0.254434  0.658903  0.587625  0.537136  0.080101  0.058767  0.586645  0.687313  0.205565  0.220876  0.239616  0.317716  0.340553  0.418043  0.067329  0.483599  0.882109  0.090332  0.218151  0.111697  0.781797  0.558442  0.654173  0.560122  0.305822  0.544999  0.282088  0.241664  0.601864  0.025340  0.599346  0.707934  0.051024  0.102800  0.037717  0.383592  0.790050  0.832503  0.053594  0.054906  0.057822  0.331033  0.741571  0.677715  0.486777  0.438301  0.554175  0.469583  0.705354  0.783611  0.398120
  0.533300  0.617911  0.785011  0.764438  0.517609  0.546158  0.046586  0.225514  0.364438  0.224795  0.126821  0.538594  0.779582  0.833864  0.830600  0.869357  0.045773  0.275797  0.405167  0.453209  0.176019  0.379814  0.407912  0.663925  0.833834  0.756823  0.783057  0.591233  0.831097  0.421688  0.857693  0.243830  0.440936  0.425110  0.256302  0.599191  0.535346  0.191602  0.846176  0.118977  0.067178  0.731484  0.786150  0.650867  0.532998  0.208147  0.257046  0.279709  0.321025  0.427452  0.509996  0.437607  0.135717  0.245532  0.173451  0.300794  0.353330  0.056948  0.376187  0.852612  0.680401  0.886445  0.103812  0.551235  0.360929  0.084510  0.876582  0.386802  0.455166  0.498554  0.518933  0.015644  0.938458  0.837558  0.877493  0.479827  0.703496  0.068109  0.444918  0.139455  0.278429  0.747511  0.132402  0.145912  0.745433  0.254170  0.655065  0.587708  0.538764  0.079931  0.058634  0.587547  0.691342  0.203400  0.221309  0.239003  0.315969  0.343164  0.418387  0.065052  0.472628  0.882099  0.090620  0.217988  0.111868  0.782540  0.560002  0.657303  0.562267  0.306354  0.546072  0.283579  0.245529  0.599561  0.025245  0.605092  0.711073  0.051726  0.107343  0.037335  0.381601  0.782908  0.832497  0.053309  0.055445  0.059187  0.332983  0.744179  0.677980  0.489220  0.440022  0.555741  0.469717  0.706392  0.786327  0.399630
  0.535300  0.620074  0.786022  0.767458  0.524482  0.548854  0.046421  0.226686  0.364578  0.224004  0.127170  0.536987  0.779589  0.835127  0.832170  0.871742  0.046344  0.277165  0.406166  0.458255  0.181575  0.382907  0.412626  0.669333  0.833089  0.757186  0.784319  0.598802  0.832967  0.423104  0.852476  0.247238  0.441619  0.425709  0.261174  0.594253  0.539986  0.192396  0.844275  0.122767  0.069909  0.733336  0.785089  0.653692  0.542241  0.207772  0.256716  0.279841  0.318092  0.421891  0.507261  0.438096  0.136187  0.245912  0.172868  0.301979  0.354964  0.056793  0.380007  0.854169  0.676174  0.887840  0.104321  0.551523  0.364883  0.084762  0.872756  0.389093  0.457723  0.506684  0.522297  0.015796  0.940618  0.837871  0.878207  0.482391  0.704700  0.068194  0.445076  0.140351  0.278264  0.747167  0.130227  0.144485  0.744966  0.252891  0.660637  0.589348  0.540032  0.081185  0.059580  0.588047  0.692193  0.203117  0.220639  0.239417  0.319831  0.344868  0.423456  0.065380  0.461891  0.883250  0.090647  0.218705  0.112304  0.783655  0.563907  0.657483  0.563446  0.308166  0.544219  0.283152  0.245849  0.596232  0.025046  0.605757  0.715348  0.052152  0.107012  0.037776  0.383117  0.787113  0.832266  0.053824  0.055400  0.059874  0.330817  0.745871  0.677986  0.493224  0.441081  0.557119  0.470952  0.706373  0.787972  0.402135
  0.537300  0.624958  0.784720  0.768051  0.530266  0.549921  0.047084  0.226008  0.367004  0.224191  0.127101  0.538910  0.779548  0.834328  0.835775  0.876966  0.044515  0.284288  0.411747  0.462630  0.186649  0.389536  0.416674  0.673056  0.835172  0.759113  0.784427  0.600722  0.836472  0.422708  0.859295  0.251066  0.443892  0.427739  0.263006  0.593715  0.541957  0.194483  0.845356  0.123728  0.065749  0.733148  0.789381  0.651868  0.548420  0.207714  0.257091  0.279075  0.314144  0.428601  0.505283  0.438180  0.135487  0.246602  0.175986  0.301786  0.356987  0.055554  0.383188  0.855440  0.681243  0.886265  0.106605  0.553028  0.365891  0.084643  0.877988  0.391920  0.459223  0.514377  0.522398  0.015800  0.942483  0.841237  0.879853  0.485261  0.707289  0.068794  0.446307  0.139643  0.278770  0.747641  0.134172  0.147694  0.744655  0.252380  0.656876  0.589643  0.541751  0.081310  0.059321  0.587074  0.694220  0.202865  0.221498  0.243045  0.320338  0.345986  0.424326  0.067937  0.452493  0.882850  0.090928  0.219058  0.111750  0.785189  0.567621  0.663446  0.568000  0.309547  0.545758  0.284603  0.246628  0.594936  0.025401  0.616599  0.718366  0.052488  0.107490  0.037219  0.384864  0.792253  0.833670  0.055118  0.056103  0.061761  0.335503  0.746546  0.678949  0.494776  0.441845  0.557774  0.471309  0.704516  0.789351  0.404411
  0.539300  0.624476  0.784672  0.769769  0.535310  0.552227  0.046472  0.224899  0.367010  0.224315  0.126323  0.536618  0.778307  0.834913  0.835740  0.873706  0.043599  0.291417  0.411494  0.467231  0.189759  0.393642  0.420138  0.678346  0.838085  0.762436  0.786946  0.598866  0.839295  0.422862  0.856179  0.254776  0.447117  0.429023  0.264917  0.593649  0.546989  0.197917  0.845232  0.122006  0.070175  0.733179  0.787159  0.654232  0.552239  0.206786  0.255580  0.272913  0.316246  0.420939  0.503013  0.438288  0.136194  0.247597  0.173665  0.306166  0.356808  0.054809  0.385737  0.856221  0.680072  0.886946  0.104260  0.552271  0.367884  0.085348  0.873131  0.394904  0.460911  0.521587  0.524018  0.015540  0.943461  0.834252  0.879399  0.488049  0.706150  0.068614  0.445927  0.139986  0.278320  0.748430  0.134680  0.150280  0.743458  0.258006  0.661825  0.595538  0.543467  0.082544  0.060973  0.586877  0.695487  0.205607  0.220826  0.245180  0.319800  0.344933  0.425966  0.068777  0.437878  0.881399  0.091859  0.218463  0.112566  0.785724  0.569527  0.658232  0.566504  0.310750  0.545204  0.283451  0.244871  0.592213  0.025043  0.618192  0.720500  0.052774  0.105680  0.037726  0.384562  0.789763  0.833693  0.056145  0.054859  0.059327  0.337421  0.748392  0.679366  0.497765  0.443357  0.557012  0.472218  0.706881  0.790449  0.406514
  0.541300  0.628264  0.785634  0.772145  0.542628  0.555011  0.046416  0.225507  0.366800  0.222817  0.126803  0.536378  0.779700  0.834988  0.835417  0.874167  0.046519  0.296850  0.417637  0.471565  0.193368  0.398019  0.424822  0.682832  0.839359  0.766613  0.788298  0.607288  0.840583  0.423157  0.860122  0.257683  0.451382  0.434913  0.269038  0.587736  0.549809  0.196758  0.843992  0.125090  0.070633  0.734585  0.789415  0.656518  0.559453  0.207583  0.255700  0.280367  0.315804  0.428194  0.509403  0.438196  0.136303  0.247940  0.176855  0.306226  0.356766  0.054588  0.390154  0.857129  0.684675  0.888500  0.106050  0.551873  0.368578  0.084597  0.876827  0.397837  0.463740  0.529621  0.523555  0.015708  0.943812  0.837279  0.879597  0.490830  0.710501  0.069444  0.444927  0.140483  0.278783  0.748833  0.135146  0.149129  0.741466  0.254137  0.662411  0.595774  0.544682  0.083122  0.060784  0.587809  0.699252  0.206637  0.223217  0.240674  0.319886  0.345769  0.430539  0.068032  0.426458  0.883312  0.091892  0.220341  0.112461  0.786110  0.572844  0.664438  0.571764  0.312300  0.544722  0.285898  0.250252  0.590238  0.025788  0.622487  0.723465  0.053472  0.107048  0.038658  0.384384  0.793180  0.833575  0.056122  0.056857  0.059737  0.334888  0.749846  0.680532  0.498367  0.443668  0.557283  0.472165  0.705695  0.792020  0.408479
  0.543300  0.631450  0.786286  0.773977  0.549680  0.557527  0.045841  0.224119  0.364460  0.222767  0.126515  0.536936  0.779661  0.834892  0.833424  0.877008  0.046741  0.298523  0.419860  0.473695  0.198309  0.400651  0.427205  0.686483  0.840582  0.767557  0.788186  0.613983  0.842536  0.422267  0.859819  0.261545  0.452306  0.436003  0.271051  0.586932  0.553002  0.197824  0.847063  0.125037  0.068267  0.733800  0.790585  0.656828  0.559853  0.206457  0.255225  0.277827  0.324421  0.424564  0.510276  0.438098  0.135868  0.248941  0.173840  0.308834  0.356099  0.053597  0.391958  0.858235  0.681614  0.890125  0.107358  0.554101  0.367840  0.085637  0.880734  0.399084  0.465005  0.536663  0.522767  0.015635  0.938993  0.840869  0.881595  0.494411  0.713092  0.069204  0.445123  0.140897  0.278625  0.747801  0.133176  0.146041  0.740585  0.252704  0.662558  0.595589  0.546005  0.084170  0.061504  0.586679  0.699551  0.204538  0.222713  0.241490  0.323465  0.349630  0.432387  0.068961  0.414075  0.885812  0.092778  0.219522  0.112618  0.786381  0.574726  0.665880  0.573544  0.313571  0.542980  0.285220  0.250341  0.589627  0.025761  0.628066  0.725723  0.053196  0.107012  0.037960  0.382117  0.791033  0.834821  0.056294  0.055546  0.060794  0.337535  0.750440  0.680526  0.500087  0.445579  0.558636  0.473413  0.710280  0.794474  0.410848
  0.545300  0.633929  0.786917  0.775006  0.555085  0.559107  0.046386  0.222992  0.363507  0.222637  0.126498  0.536034  0.782139  0.832646  0.832455  0.870329  0.046299  0.304566  0.421717  0.476756  0.198821  0.404714  0.430098  0.690733  0.841876  0.769905  0.791469  0.612015  0.846739  0.423069  0.859525  0.265719  0.454676  0.441379  0.271633  0.581435  0.554941  0.200835  0.847537  0.123948  0.067887  0.734344  0.791227  0.656298  0.564410  0.207038  0.254183  0.282955  0.319440  0.419190  0.503600  0.438780  0.135940  0.249315  0.175980  0.308181  0.357814  0.053774  0.396325  0.860451  0.683685  0.890800  0.107462  0.553918  0.368540  0.085207  0.878153  0.402004  0.466424  0.544872  0.522770  0.015600  0.939838  0.839333  0.883683  0.497985  0.714497  0.070209  0.445768  0.139995  0.279752  0.747832  0.134501  0.148541  0.741181  0.254356  0.660407  0.597893  0.547732  0.084319  0.061124  0.587855  0.702596  0.205847  0.225151  0.243090  0.322820  0.348559  0.432536  0.065369  0.403756  0.883097  0.093710  0.220101  0.112618  0.787539  0.574522  0.667653  0.574696  0.315418  0.545491  0.285152  0.253679  0.586789  0.024872  0.630908  0.726995  0.053390  0.104220  0.037795  0.384343  0.789052  0.836219  0.056461  0.055890  0.060114  0.337748  0.753079  0.681956  0.498997  0.445723  0.559368  0.473775  0.705793  0.796175  0.412571
  0.547300  0.636112  0.785468  0.775884  0.560433  0.561363  0.046258  0.222316  0.366687  0.222623  0.126379  0.535013  0.782271  0.834868  0.833210  0.876627  0.046221  0.304018  0.424367  0.480568  0.204387  0.407241  0.431925  0.696738  0.842860  0.772391  0.794575  0.619772  0.848823  0.423053  0.861566  0.269830  0.453151  0.443824  0.271742  0.574236  0.556674  0.203262  0.845288  0.127288  0.070341  0.734393  0.792511  0.654477  0.571672  0.205664  0.254562  0.278359  0.319787  0.418971  0.511034  0.438956  0.135672  0.250171  0.176331  0.311339  0.356990  0.053737  0.398196  0.861354  0.687689  0.890953  0.108912  0.554437  0.369060  0.085944  0.877021  0.404311  0.467292  0.552039  0.526397  0.015535  0.939360  0.842458  0.882064  0.501633  0.717577  0.069655  0.445303  0.140754  0.278697  0.747667  0.133577  0.145997  0.738059  0.259773  0.661874  0.599776  0.549036  0.084983  0.061453  0.587774  0.703794  0.207348  0.226682  0.246224  0.324737  0.352009  0.437036  0.069860  0.388250  0.885016  0.094204  0.220400  0.113068  0.789417  0.580800  0.671795  0.579804  0.316732  0.545034  0.286699  0.251236  0.583629  0.025524  0.633060  0.729099  0.053697  0.104301  0.037601  0.385967  0.789234  0.833392  0.057378  0.056605  0.061129  0.339543  0.754109  0.681456  0.498819  0.446167  0.559801  0.473964  0.706797  0.795387  0.414952
  0.549300  0.638022  0.784686  0.776520  0.566127  0.563956  0.047420  0.222401  0.371497  0.221936  0.126891  0.533079  0.782818  0.835414  0.837256  0.883311  0.046433  0.307990  0.428905  0.483201  0.210589  0.411937  0.435126  0.697900  0.843987  0.773050  0.793100  0.625000  0.850337  0.422106  0.861238  0.273856  0.460335  0.447084  0.275244  0.573937  0.557956  0.203479  0.845243  0.125604  0.071052  0.733114  0.791228  0.658208  0.578617  0.204867  0.252357  0.279136  0.316573  0.421433  0.503848  0.438123  0.135423  0.251143  0.177163  0.312398  0.363135  0.053310  0.403129  0.863277  0.686270  0.889485  0.107113  0.554461  0.370303  0.086413  0.878243  0.406003  0.470120  0.558661  0.529013  0.015656  0.938900  0.842086  0.881769  0.504728  0.716107  0.069933  0.444427  0.140791  0.278777  0.747913  0.133198  0.145071  0.739035  0.257384  0.663622  0.600421  0.549654  0.085705  0.061800  0.590851  0.702871  0.207548  0.222026  0.242218  0.325586  0.352971  0.438332  0.068172  0.377024  0.883944  0.094685  0.220959  0.112996  0.789874  0.579095  0.672577  0.578191  0.317750  0.544655  0.285634  0.252281  0.582668  0.025773  0.637393  0.730583  0.053378  0.106004  0.037983  0.388123  0.788625  0.834218  0.058856  0.056689  0.060474  0.342047  0.754485  0.682407  0.500330  0.446035  0.559416  0.474183  0.706140  0.798345  0.416013
  0.551300  0.641446  0.786698  0.777879  0.571067  0.565274  0.045982  0.220929  0.370928  0.221914  0.126134  0.533710  0.783091  0.834156  0.832625  0.880229  0.046389  0.311397  0.426702  0.483907  0.211033  0.414680  0.436142  0.702613  0.845746  0.775645  0.794968  0.625539  0.852303  0.422842  0.863196  0.278843  0.460670  0.448003  0.278585  0.563785  0.561749  0.207079  0.845910  0.128246  0.072143  0.735222  0.793194  0.655362  0.583363  0.203743  0.253703  0.273045  0.320749  0.424746  0.504109  0.438416  0.135707  0.251872  0.176518  0.312344  0.362074  0.052801  0.406441  0.863122  0.686168  0.889474  0.107639  0.554680  0.371601  0.086019  0.879187  0.407031  0.471325  0.566436  0.530462  0.015586  0.938084  0.845155  0.882697  0.509802  0.719670  0.069743  0.445960  0.140658  0.279117  0.748551  0.135742  0.147625  0.736646  0.251968  0.666657  0.601820  0.551584  0.085915  0.062451  0.590020  0.704024  0.207596  0.222478  0.243728  0.326821  0.353449  0.441573  0.069609  0.369292  0.882972  0.095515  0.220955  0.113193  0.789685  0.582452  0.675760  0.580917  0.319470  0.545158  0.288838  0.254025  0.580717  0.025324  0.643581  0.734030  0.054282  0.106082  0.037858  0.390747  0.790415  0.834066  0.059310  0.055558  0.061614  0.343275  0.756675  0.683197  0.498995  0.446742  0.560327  0.474130  0.709112  0.799565  0.419783
  0.553300  0.642361  0.786199  0.779427  0.577724  0.566249  0.046181  0.220985  0.370663  0.220808  0.125278  0.531361  0.783820  0.834137  0.834992  0.872828  0.047036  0.312415  0.428774  0.487219  0.217051  0.417503  0.435053  0.705414  0.846597  0.777875  0.795576  0.630667  0.854624  0.422758  0.856363  0.284091  0.459365  0.448094  0.282053  0.561362  0.563500  0.209000  0.847134  0.127018  0.070012  0.735210  0.794137  0.658127  0.588661  0.203656  0.251815  0.273248  0.321321  0.421717  0.505453  0.438010  0.135401  0.252707  0.179326  0.314146  0.361393  0.052154  0.410802  0.865033  0.688197  0.888866  0.107338  0.554931  0.374397  0.086609  0.881173  0.410362  0.473187  0.572806  0.531254  0.015463  0.939179  0.843000  0.882230  0.515136  0.723958  0.070416  0.444662  0.140436  0.279138  0.748309  0.135453  0.149163  0.735637  0.256328  0.666499  0.603292  0.552924  0.086477  0.062148  0.591518  0.707267  0.207800  0.223007  0.247130  0.328002  0.354989  0.441675  0.069016  0.355283  0.885953  0.096216  0.221598  0.113047  0.791245  0.585128  0.677524  0.581851  0.321238  0.545282  0.288031  0.252324  0.579612  0.025514  0.646980  0.736236  0.054387  0.103578  0.038432  0.389972  0.790411  0.832914  0.059447  0.056573  0.061906  0.342957  0.757931  0.683333  0.499455  0.447502  0.561549  0.474437  0.705243  0.800622  0.421780
  0.555300  0.644762  0.787810  0.781918  0.582490  0.568894  0.045815  0.220519  0.373208  0.220744  0.125141  0.532776  0.784973  0.833579  0.832974  0.878168  0.047835  0.313475  0.428484  0.490384  0.220590  0.419930  0.437281  0.710988  0.848928  0.779768  0.798378  0.632115  0.856620  0.421479  0.862486  0.288218  0.466012  0.455924  0.282368  0.560516  0.565667  0.210260  0.845863  0.127933  0.071021  0.735373  0.795046  0.657845  0.595331  0.202516  0.250095  0.275961  0.317398  0.421295  0.509273  0.438148  0.135113  0.254134  0.178178  0.315838  0.364405  0.052723  0.416579  0.865755  0.688259  0.888842  0.107270  0.555458  0.376689  0.086462  0.875298  0.412499  0.475094  0.580072  0.533965  0.015400  0.941776  0.843541  0.883159  0.520419  0.725670  0.070770  0.444334  0.140633  0.279397  0.749177  0.135731  0.142652  0.734102  0.248538  0.666400  0.602419  0.554462  0.086792  0.062702  0.592476  0.707881  0.210309  0.219990  0.246375  0.324925  0.354856  0.443873  0.068743  0.340330  0.885843  0.096532  0.221726  0.113045  0.791812  0.586278  0.674764  0.581954  0.323593  0.547832  0.288432  0.254833  0.578226  0.025350  0.648119  0.737395  0.054522  0.104859  0.038613  0.391992  0.790495  0.832792  0.060609  0.056207  0.062710  0.343664  0.759515  0.685347  0.499423  0.447944  0.562237  0.475176  0.704177  0.803002  0.424872
  0.557300  0.647298  0.788098  0.780917  0.589467  0.571395  0.045389  0.219412  0.371611  0.220157  0.125003  0.532331  0.784487  0.834274  0.830084  0.876794  0.045708  0.315026  0.427652  0.491516  0.222771  0.420081  0.433611  0.714513  0.849324  0.782275  0.797726  0.633907  0.858813  0.422098  0.862512  0.292625  0.463168  0.456242  0.284517  0.553045  0.567933  0.209644  0.846432  0.129207  0.067549  0.734529  0.795286  0.656934  0.598131  0.202694  0.250183  0.270634  0.314224  0.424973  0.509812  0.437875  0.135500  0.254659  0.177850  0.316209  0.363546  0.052987  0.423111  0.867519  0.691708  0.888071  0.107717  0.555512  0.378508  0.086816  0.880113  0.415288  0.476599  0.587510  0.532428  0.015456  0.944199  0.846826  0.884425  0.525768  0.729332  0.071853  0.443532  0.140180  0.278006  0.749364  0.132414  0.151739  0.733448  0.254776  0.666840  0.606961  0.556151  0.087241  0.063118  0.593840  0.710983  0.210331  0.222799  0.241084  0.328349  0.354433  0.448371  0.070544  0.330084  0.886516  0.098450  0.221617  0.113020  0.792148  0.588421  0.678536  0.584163  0.325595  0.547152  0.289089  0.258565  0.577634  0.025831  0.654705  0.740387  0.055078  0.106344  0.038074  0.395992  0.792444  0.832902  0.061319  0.054974  0.062801  0.344620  0.761359  0.685640  0.495945  0.448656  0.562115  0.476041  0.709220  0.804060  0.427607
  0.559300  0.649812  0.786194  0.783284  0.593015  0.571040  0.045186  0.220291  0.374121  0.219612  0.124988  0.531338  0.784885  0.834346  0.830967  0.875348  0.045360  0.313255  0.427903  0.491086  0.225605  0.422578  0.433391  0.717793  0.851417  0.784492  0.799348  0.643074  0.861608  0.421187  0.864350  0.297210  0.469380  0.459535  0.284862  0.552252  0.568469  0.217052  0.844071  0.130280  0.068794  0.735390  0.796078  0.657799  0.605304  0.199831  0.248946  0.274714  0.316392  0.416437  0.504031  0.436945  0.135151  0.256463  0.178074  0.317829  0.367867  0.052202  0.427824  0.867458  0.689854  0.888067  0.110076  0.555918  0.381057  0.086893  0.885426  0.416387  0.476427  0.592520  0.531917  0.015389  0.941834  0.844635  0.882158  0.531853  0.728099  0.071141  0.443728  0.140445  0.279352  0.749690  0.129704  0.148814  0.731720  0.256296  0.665465  0.605856  0.556191  0.088168  0.062456  0.593757  0.711772  0.210647  0.222400  0.243844  0.327547  0.357465  0.448345  0.071665  0.321930  0.885448  0.099609  0.221729  0.113742  0.792282  0.590592  0.677749  0.586049  0.327495  0.547458  0.288885  0.255543  0.577012  0.025368  0.655699  0.743805  0.055444  0.108513  0.038041  0.401114  0.797054  0.833595  0.062282  0.055773  0.063203  0.348420  0.760558  0.686179  0.498752  0.448898  0.563233  0.476141  0.705743  0.804227  0.430568
  0.561300  0.657484  0.793766  0.784442  0.600072  0.580481  0.044779  0.219817  0.377160  0.218879  0.124654  0.529803  0.786501  0.832278  0.835433  0.881536  0.044741  0.314509  0.428994  0.493539  0.230911  0.424707  0.433362  0.721116  0.851087  0.781151  0.804340  0.647267  0.860987  0.420220  0.864061  0.302339  0.471134  0.463127  0.288813  0.550804  0.570680  0.216756  0.844719  0.128329  0.070600  0.736009  0.800170  0.654416  0.609702  0.200091  0.249075  0.273827  0.315715  0.419741  0.509055  0.438191  0.135517  0.257129  0.177672  0.316716  0.370434  0.053097  0.433016  0.867848  0.692962  0.886594  0.111123  0.553603  0.381649  0.087118  0.878784  0.421259  0.479325  0.600926  0.534789  0.015459  0.941066  0.848050  0.886770  0.535899  0.731589  0.071224  0.442458  0.139624  0.278001  0.747752  0.132153  0.146866  0.728895  0.254354  0.670431  0.606706  0.556145  0.088352  0.062983  0.592980  0.715966  0.211093  0.223718  0.244661  0.328869  0.356131  0.449859  0.072057  0.310410  0.889678  0.100016  0.223393  0.113251  0.793055  0.591018  0.682836  0.586044  0.329524  0.548717  0.290468  0.256895  0.576304  0.025173  0.658258  0.744754  0.055751  0.109254  0.037538  0.402476  0.791417  0.832991  0.063550  0.054748  0.064014  0.349000  0.763876  0.692908  0.499039  0.449038  0.564222  0.476819  0.706007  0.807833  0.432284
  0.563300  0.659193  0.793046  0.786234  0.604343  0.581633  0.045709  0.218615  0.378134  0.218086  0.124498  0.528630  0.783652  0.831556  0.831459  0.878234  0.047023  0.314453  0.426616  0.493230  0.233711  0.425487  0.430165  0.724266  0.851057  0.782331  0.805263  0.646960  0.863109  0.420754  0.864915  0.307259  0.472100  0.465084  0.290247  0.547182  0.572788  0.215485  0.845310  0.131879  0.070838  0.735531  0.798074  0.657587  0.616553  0.198706  0.247217  0.271645  0.315236  0.416057  0.504102  0.437293  0.135235  0.257828  0.178472  0.319832  0.371454  0.052847  0.439997  0.869167  0.690464  0.886598  0.108762  0.553708  0.382839  0.087088  0.879257  0.422987  0.480558  0.606659  0.533230  0.015437  0.942366  0.844198  0.887325  0.542540  0.732848  0.071397  0.442212  0.139929  0.278072  0.748281  0.132672  0.145792  0.729421  0.252396  0.668070  0.609671  0.557348  0.089251  0.063437  0.594396  0.715729  0.209481  0.222789  0.248426  0.326889  0.355979  0.451447  0.069972  0.298948  0.886494  0.101841  0.223096  0.113526  0.792950  0.591372  0.678380  0.587328  0.332120  0.549146  0.291275  0.257722  0.576094  0.025578  0.659821  0.746128  0.056309  0.109334  0.038747  0.406214  0.793378  0.833020  0.064137  0.055834  0.065336  0.349196  0.765402  0.693124  0.494036  0.448980  0.563199  0.477674  0.705710  0.808578  0.436227
  0.565300  0.662020  0.793769  0.787380  0.608060  0.582442  0.045474  0.218486  0.379088  0.217571  0.123683  0.526838  0.785923  0.831543  0.829525  0.876276  0.045897  0.313204  0.426176  0.493885  0.234174  0.424725  0.428030  0.728805  0.853047  0.784891  0.805310  0.652432  0.865875  0.419880  0.866795  0.312369  0.470831  0.464625  0.290643  0.544827  0.573828  0.218698  0.846517  0.132168  0.072319  0.736755  0.802286  0.657916  0.615718  0.198359  0.245938  0.271025  0.310385  0.419210  0.503987  0.436546  0.135062  0.258072  0.175869  0.319435  0.371284  0.052804  0.445428  0.870444  0.697502  0.886601  0.111420  0.553741  0.385030  0.087345  0.878977  0.425798  0.482593  0.613366  0.532817  0.015423  0.942856  0.851310  0.887497  0.550040  0.740081  0.072156  0.441379  0.139130  0.277468  0.748827  0.131663  0.142649  0.728185  0.250004  0.666380  0.607278  0.559140  0.089293  0.063314  0.593165  0.717582  0.212234  0.222062  0.243948  0.328292  0.358223  0.454764  0.072928  0.289223  0.886691  0.103504  0.222619  0.114212  0.794621  0.594126  0.681065  0.589545  0.335037  0.550197  0.290249  0.254239  0.576344  0.026194  0.663591  0.750418  0.056282  0.107241  0.038245  0.408415  0.789887  0.833679  0.064775  0.055452  0.063829  0.351213  0.767618  0.694757  0.494852  0.449163  0.564120  0.478432  0.705909  0.809175  0.439920
  0.567300  0.663744  0.791475  0.790696  0.613842  0.584521  0.044837  0.217206  0.373913  0.216767  0.123933  0.526026  0.786586  0.832153  0.831489  0.878255  0.045688  0.312753  0.422777  0.494296  0.239990  0.425196  0.424712  0.731937  0.854889  0.786854  0.807863  0.655270  0.868001  0.419637  0.863561  0.317724  0.473897  0.470429  0.292448  0.543722  0.575826  0.221122  0.846504  0.130007  0.069659  0.734242  0.798831  0.659506  0.623806  0.196806  0.244992  0.269517  0.310537  0.415459  0.500952  0.435387  0.135561  0.260116  0.177096  0.319705  0.373835  0.051856  0.451761  0.871929  0.697412  0.885828  0.110708  0.555426  0.385802  0.087773  0.882194  0.429484  0.482554  0.618227  0.531950  0.015351  0.944356  0.848189  0.887947  0.557879  0.742314  0.072083  0.441565  0.138387  0.276681  0.748882  0.130139  0.139897  0.726946  0.248878  0.670633  0.612271  0.559855  0.089679  0.063521  0.595305  0.719231  0.212966  0.220985  0.243092  0.329362  0.357082  0.452938  0.070175  0.279174  0.887740  0.104894  0.222608  0.113996  0.795090  0.594731  0.679191  0.591163  0.336514  0.551002  0.292448  0.259038  0.575030  0.025398  0.663042  0.751687  0.056581  0.107648  0.038467  0.411671  0.793123  0.835112  0.065571  0.055587  0.064139  0.352387  0.768974  0.695948  0.491232  0.448582  0.563817  0.478776  0.705814  0.810508  0.441991
  0.569300  0.666786  0.793014  0.791648  0.616838  0.584039  0.044760  0.217002  0.377270  0.215640  0.123459  0.525099  0.786222  0.834134  0.836248  0.882348  0.046355  0.314842  0.425069  0.494138  0.242773  0.426444  0.425716  0.735937  0.856384  0.790064  0.807890  0.664707  0.869414  0.418714  0.864274  0.321232  0.474889  0.468500  0.295914  0.542341  0.577895  0.221987  0.847058  0.132109  0.069866  0.736754  0.798563  0.659693  0.625969  0.196637  0.246271  0.269364  0.313396  0.411973  0.503399  0.435398  0.135153  0.261248  0.178009  0.316734  0.375815  0.052140  0.458917  0.872980  0.694952  0.885650  0.111675  0.556359  0.386892  0.087760  0.880965  0.430676  0.484601  0.624477  0.536113  0.015402  0.942249  0.849797  0.888320  0.565989  0.741632  0.072416  0.439878  0.138104  0.275997  0.748347  0.130115  0.144764  0.726840  0.250579  0.668024  0.612561  0.561795  0.089973  0.063253  0.594048  0.719380  0.212000  0.219300  0.246443  0.327183  0.358721  0.454369  0.069363  0.268389  0.884093  0.107225  0.222918  0.114862  0.794281  0.592066  0.682802  0.591668  0.339015  0.553008  0.291339  0.260374  0.576740  0.025962  0.661088  0.752645  0.056520  0.107266  0.038718  0.413424  0.792783  0.833730  0.066937  0.056674  0.064364  0.352442  0.770487  0.696525  0.492521  0.448693  0.563914  0.479512  0.706290  0.812708  0.445754
  0.571300  0.666392  0.792127  0.793368  0.619721  0.583707  0.045264  0.215471  0.376537  0.215523  0.122923  0.523793  0.787074  0.833419  0.833392  0.879499  0.046246  0.313260  0.425141  0.496244  0.244676  0.428377  0.424737  0.739631  0.857409  0.790698  0.808663  0.667909  0.870010  0.417855  0.866528  0.326252  0.478286  0.475051  0.295227  0.540005  0.579495  0.224777  0.845790  0.130565  0.070270  0.736739  0.801499  0.659479  0.629670  0.196200  0.241384  0.266179  0.310931  0.413566  0.501601  0.434728  0.135005  0.261539  0.177656  0.317828  0.378145  0.051319  0.466059  0.873925  0.700479  0.884882  0.111361  0.556737  0.388235  0.088224  0.884559  0.434053  0.484997  0.628981  0.534990  0.015371  0.940749  0.852100  0.890330  0.574746  0.748738  0.072439  0.441020  0.137632  0.275885  0.748653  0.132096  0.145055  0.725839  0.250887  0.672260  0.612424  0.561572  0.090789  0.063900  0.595867  0.720141  0.213329  0.219872  0.244494  0.332788  0.359657  0.457972  0.071402  0.256562  0.887262  0.109355  0.223085  0.114412  0.795289  0.594903  0.683633  0.595259  0.341101  0.553530  0.291999  0.259579  0.575677  0.025737  0.668773  0.755846  0.056887  0.107334  0.039168  0.418074  0.791421  0.835696  0.067897  0.056358  0.065042  0.356385  0.771337  0.698477  0.487993  0.449843  0.564848  0.480342  0.705833  0.812699  0.447475
  0.573300  0.668784  0.792197  0.794311  0.623647  0.585466  0.044914  0.214158  0.377413  0.213802  0.122211  0.522591  0.784922  0.833429  0.831559  0.876805  0.046429  0.316089  0.421437  0.497951  0.247078  0.428951  0.422972  0.741777  0.858438  0.792216  0.809776  0.670598  0.872018  0.417353  0.870255  0.329919  0.479045  0.477671  0.298146  0.538107  0.581402  0.225991  0.845573  0.134923  0.069819  0.737233  0.801356  0.660271  0.631469  0.195072  0.242478  0.261509  0.314019  0.413934  0.502257  0.433217  0.135560  0.261537  0.178396  0.318697  0.380069  0.051283  0.472513  0.874438  0.699838  0.886437  0.112372  0.557096  0.386726  0.088422  0.885605  0.434943  0.487425  0.634198  0.536329  0.015562  0.936796  0.849494  0.888871  0.581399  0.749854  0.073140  0.439755  0.136996  0.274939  0.748966  0.131403  0.142044  0.725556  0.245852  0.672148  0.613448  0.562651  0.090923  0.065183  0.595921  0.716271  0.213175  0.223187  0.244554  0.330887  0.358742  0.460993  0.072368  0.246768  0.889287  0.112504  0.222767  0.114395  0.795309  0.600517  0.687208  0.595097  0.343012  0.555876  0.292929  0.262695  0.576245  0.026044  0.670771  0.758113  0.057062  0.109234  0.037947  0.423113  0.794826  0.833473  0.069078  0.057730  0.064739  0.354941  0.771904  0.700052  0.487124  0.448023  0.564251  0.480615  0.705862  0.814691  0.451682
  0.575300  0.670985  0.792763  0.795248  0.626654  0.585860  0.045176  0.214470  0.374317  0.213542  0.122057  0.520606  0.785471  0.832720  0.832022  0.877252  0.045330  0.317221  0.423500  0.501118  0.249284  0.429154  0.423581  0.745018  0.859186  0.794101  0.810156  0.679842  0.872031  0.416846  0.871015  0.334615  0.478826  0.477695  0.297031  0.536574  0.582889  0.228527  0.846265  0.131415  0.069681  0.737756  0.803777  0.658291  0.635362  0.195242  0.241131  0.260612  0.311349  0.414814  0.499751  0.434045  0.135032  0.263082  0.178655  0.318089  0.383682  0.050825  0.477318  0.876526  0.704171  0.884811  0.112557  0.558573  0.388295  0.087893  0.890535  0.436829  0.487997  0.640150  0.534798  0.015710  0.941715  0.857335  0.890059  0.590606  0.753873  0.073830  0.439740  0.136647  0.275333  0.750001  0.128401  0.141302  0.726213  0.247884  0.670972  0.614226  0.563837  0.091113  0.064000  0.597153  0.713506  0.214618  0.221130  0.243122  0.327713  0.358536  0.459318  0.070074  0.237804  0.889197  0.115111  0.222754  0.114296  0.796049  0.599831  0.688933  0.596386  0.345342  0.557313  0.292457  0.261360  0.576482  0.026038  0.669452  0.760547  0.057362  0.108544  0.038400  0.425739  0.794913  0.834892  0.069568  0.057041  0.065211  0.356140  0.772638  0.700483  0.482541  0.447284  0.565074  0.480657  0.709764  0.818519  0.453024
  0.577300  0.671500  0.793946  0.797438  0.629203  0.585370  0.044460  0.213364  0.377368  0.211791  0.121745  0.519211  0.786276  0.832517  0.830684  0.880114  0.045179  0.326759  0.425283  0.505747  0.251632  0.432171  0.426741  0.747387  0.860370  0.794922  0.811324  0.679771  0.873257  0.416829  0.869394  0.339512  0.480952  0.484436  0.299918  0.536701  0.584207  0.230888  0.844772  0.132781  0.070348  0.738789  0.802954  0.660194  0.640449  0.194035  0.239537  0.265749  0.311165  0.404333  0.491964  0.431979  0.135226  0.263061  0.179573  0.317891  0.383957  0.051366  0.484704  0.877497  0.702608  0.886188  0.114708  0.559028  0.389024  0.088985  0.889403  0.438890  0.489442  0.644697  0.539375  0.015536  0.944884  0.858148  0.890059  0.597992  0.759009  0.072973  0.438717  0.135935  0.273749  0.748359  0.128982  0.140054  0.725186  0.248188  0.672511  0.617013  0.566631  0.091904  0.064263  0.597047  0.713308  0.213064  0.221198  0.240662  0.329937  0.362031  0.458919  0.070906  0.230720  0.891020  0.117569  0.221703  0.114547  0.798015  0.603802  0.685740  0.598345  0.349080  0.558653  0.294693  0.262809  0.577903  0.025727  0.670601  0.761600  0.057948  0.108791  0.038328  0.433011  0.795683  0.835361  0.070360  0.057303  0.064481  0.358918  0.775093  0.701676  0.482815  0.446131  0.565325  0.481479  0.707162  0.816699  0.456901
  0.579300  0.673241  0.794304  0.798566  0.632630  0.588119  0.044616  0.213024  0.375841  0.212859  0.121744  0.517784  0.787199  0.832410  0.831419  0.879132  0.046082  0.330252  0.427396  0.508670  0.252961  0.435483  0.430146  0.751143  0.861366  0.797361  0.811456  0.687731  0.875904  0.415977  0.873721  0.342218  0.482630  0.483843  0.299508  0.536974  0.587463  0.231693  0.845846  0.132592  0.067868  0.738444  0.804990  0.658844  0.641482  0.194122  0.241355  0.258743  0.309263  0.406410  0.498367  0.431016  0.136233  0.264655  0.176850  0.319108  0.384536  0.050153  0.489939  0.878888  0.709185  0.886198  0.112719  0.560105  0.388297  0.088239  0.896283  0.440731  0.491444  0.648771  0.535114  0.015568  0.946838  0.854776  0.892333  0.606405  0.762906  0.074495  0.438514  0.135410  0.272857  0.749211  0.127771  0.140574  0.725011  0.247410  0.675099  0.618799  0.565982  0.092362  0.064198  0.596701  0.714977  0.213995  0.216614  0.242912  0.327429  0.362292  0.464110  0.071848  0.222689  0.889292  0.121281  0.221905  0.114934  0.797396  0.600089  0.686606  0.600482  0.350960  0.561163  0.293897  0.261516  0.577471  0.026048  0.668613  0.764420  0.058112  0.109040  0.038438  0.435286  0.795687  0.837253  0.071275  0.057396  0.064649  0.357687  0.776375  0.702946  0.476241  0.447294  0.564676  0.482041  0.707470  0.819635  0.460174
  0.581300  0.675369  0.793217  0.799548  0.636256  0.586610  0.045001  0.212394  0.375513  0.209786  0.120905  0.516836  0.788632  0.831612  0.830684  0.879871  0.045757  0.337197  0.429770  0.512823  0.256487  0.438237  0.433882  0.754143  0.861531  0.798636  0.812523  0.692020  0.874422  0.415136  0.873448  0.345800  0.481860  0.487585  0.302801  0.534675  0.588378  0.232055  0.845137  0.134299  0.068568  0.741703  0.806316  0.660868  0.646369  0.190932  0.237585  0.262985  0.305145  0.408732  0.494349  0.428702  0.135348  0.264663  0.179054  0.318378  0.385905  0.051003  0.494734  0.880968  0.707916  0.886114  0.114300  0.560798  0.391690  0.088937  0.887044  0.441376  0.491300  0.653961  0.535643  0.015724  0.942645  0.851850  0.891506  0.612935  0.767707  0.074474  0.438287  0.134659  0.272108  0.749025  0.125704  0.138404  0.725883  0.250803  0.673205  0.620354  0.566966  0.092879  0.063939  0.598095  0.714818  0.214715  0.218146  0.245965  0.326571  0.362943  0.464198  0.070591  0.213054  0.888135  0.124072  0.221665  0.115272  0.797931  0.604225  0.687268  0.596800  0.353448  0.563049  0.295527  0.263119  0.578380  0.026062  0.671890  0.766194  0.058399  0.109075  0.037417  0.440623  0.790470  0.837151  0.072313  0.057118  0.065497  0.359295  0.778025  0.704350  0.474522  0.446842  0.566288  0.483710  0.706946  0.819527  0.462960
  0.583300  0.675035  0.795131  0.801778  0.639768  0.587730  0.044725  0.211402  0.375210  0.209135  0.119573  0.515002  0.788460  0.832781  0.831980  0.881388  0.044709  0.345531  0.435263  0.522333  0.260231  0.444739  0.441985  0.757667  0.862742  0.801460  0.812815  0.695046  0.877150  0.413688  0.874315  0.350120  0.483374  0.489044  0.301806  0.537561  0.590780  0.233988  0.845584  0.133786  0.069162  0.740175  0.806858  0.662375  0.646308  0.190760  0.238968  0.265146  0.303159  0.396638  0.498584  0.428313  0.135502  0.265594  0.177985  0.318094  0.388852  0.050290  0.502010  0.881949  0.706450  0.888357  0.113436  0.560920  0.391736  0.088951  0.890927  0.445110  0.492413  0.658174  0.539585  0.015588  0.943836  0.856777  0.892258  0.619254  0.767214  0.074251  0.437167  0.133913  0.271176  0.749774  0.119138  0.136849  0.722980  0.247607  0.676468  0.618080  0.567542  0.092987  0.065978  0.595847  0.715019  0.214989  0.216332  0.242251  0.326054  0.361735  0.463508  0.075591  0.204552  0.889002  0.129564  0.222624  0.115614  0.798502  0.600518  0.690813  0.603200  0.355550  0.564932  0.294216  0.257805  0.578426  0.026216  0.671115  0.768436  0.058768  0.107930  0.038905  0.444999  0.791081  0.839148  0.073634  0.057420  0.065247  0.361557  0.778302  0.705688  0.474627  0.445506  0.566035  0.483555  0.706958  0.821960  0.467485
  0.585300  0.677420  0.794963  0.803177  0.640254  0.588395  0.044301  0.210314  0.373794  0.208261  0.120158  0.512899  0.786857  0.832200  0.828539  0.878452  0.047261  0.350518  0.437047  0.524957  0.263962  0.447512  0.445177  0.760543  0.863400  0.800638  0.812284  0.699541  0.875747  0.413507  0.876046  0.353035  0.480760  0.491628  0.305137  0.537516  0.592484  0.234900  0.846221  0.135216  0.067355  0.741538  0.808597  0.657467  0.648451  0.191797  0.235945  0.258580  0.307048  0.408217  0.499191  0.427181  0.135525  0.266379  0.177282  0.317291  0.387536  0.050324  0.507397  0.882014  0.710167  0.889143  0.115424  0.561262  0.391460  0.089080  0.892340  0.447089  0.493040  0.661668  0.535423  0.015538  0.943478  0.859545  0.893060  0.626072  0.773890  0.074751  0.436473  0.133558  0.270031  0.749367  0.124409  0.135899  0.722554  0.239228  0.670912  0.619013  0.568692  0.093348  0.064295  0.597376  0.716819  0.213113  0.215297  0.241042  0.326141  0.360786  0.464892  0.073238  0.195750  0.891597  0.133029  0.221719  0.115363  0.798717  0.602935  0.689605  0.602946  0.357571  0.567108  0.296692  0.260799  0.579382  0.025613  0.671549  0.769689  0.058017  0.108619  0.038999  0.449487  0.794584  0.837041  0.074309  0.057794  0.065497  0.360245  0.780329  0.707056  0.469731  0.444941  0.566073  0.484524  0.706265  0.822538  0.470071
  0.587300  0.677708  0.793499  0.803465  0.642166  0.589408  0.044209  0.209309  0.371372  0.207339  0.120289  0.512178  0.788264  0.833490  0.826759  0.879141  0.046614  0.362913  0.441067  0.530116  0.264338  0.452430  0.452188  0.762950  0.864882  0.803266  0.814574  0.703763  0.878493  0.412576  0.871079  0.356649  0.482328  0.488775  0.309303  0.538820  0.594123  0.237019  0.846215  0.134556  0.067930  0.742244  0.806981  0.657606  0.653183  0.189912  0.233380  0.256063  0.304533  0.405785  0.498930  0.425530  0.135620  0.266349  0.177808  0.317210  0.392714  0.050076  0.511426  0.883421  0.710317  0.888452  0.114017  0.561407  0.392320  0.088782  0.890918  0.449785  0.495007  0.664793  0.538175  0.015674  0.945430  0.856676  0.893893  0.631953  0.776390  0.074443  0.435493  0.132659  0.269251  0.749046  0.129109  0.137303  0.721359  0.238727  0.672031  0.624717  0.569376  0.092887  0.065227  0.594700  0.716348  0.214101  0.214665  0.236830  0.322989  0.359643  0.465812  0.075253  0.184608  0.888328  0.138512  0.221495  0.115588  0.799627  0.604388  0.687721  0.604627  0.358642  0.568789  0.297442  0.265061  0.581182  0.026402  0.674698  0.771050  0.057908  0.109728  0.038753  0.452184  0.792798  0.841172  0.074630  0.057835  0.066310  0.363864  0.781731  0.708513  0.465404  0.443667  0.565271  0.484291  0.708221  0.822560  0.471985
  0.589300  0.677432  0.794512  0.805384  0.644363  0.589118  0.044111  0.208981  0.373989  0.206572  0.119340  0.509563  0.787459  0.832095  0.832733  0.879612  0.047451  0.368221  0.447431  0.536502  0.268804  0.459070  0.458019  0.766468  0.864999  0.803262  0.814544  0.707319  0.878410  0.411881  0.872639  0.358276  0.486147  0.495200  0.307534  0.538119  0.597249  0.238089  0.844336  0.135942  0.068725  0.742785  0.805795  0.661946  0.653238  0.187953  0.231327  0.263255  0.302928  0.399744  0.497852  0.425411  0.134727  0.267142  0.175928  0.314933  0.396429  0.050378  0.518749  0.884656  0.709041  0.887598  0.113856  0.560940  0.393729  0.088748  0.893735  0.451278  0.494858  0.670600  0.537714  0.015527  0.946407  0.854394  0.892721  0.637244  0.775619  0.074501  0.435075  0.131886  0.268654  0.749254  0.119192  0.131326  0.721822  0.241310  0.677464  0.620336  0.569499  0.093447  0.065701  0.596389  0.722586  0.215914  0.214717  0.241998  0.323582  0.356715  0.464289  0.073043  0.183169  0.888990  0.143067  0.221844  0.116019  0.799053  0.604457  0.691399  0.603490  0.362262  0.572468  0.298089  0.266081  0.583434  0.025961  0.667302  0.772841  0.057394  0.108550  0.037416  0.456536  0.793572  0.838946  0.075430  0.060429  0.066158  0.367493  0.781557  0.709529  0.466425  0.443339  0.565567  0.485244  0.708279  0.822729  0.474351
  0.591300  0.678512  0.794424  0.805458  0.645652  0.589455  0.044462  0.207522  0.374144  0.205757  0.118919  0.508397  0.787599  0.832833  0.832258  0.884011  0.046598  0.375123  0.451307  0.538478  0.273325  0.463436  0.465377  0.767771  0.865758  0.804842  0.815058  0.716948  0.877095  0.410810  0.875675  0.362756  0.486159  0.497804  0.309913  0.539449  0.599715  0.238230  0.843767  0.135993  0.069515  0.740881  0.805800  0.661715  0.657278  0.187916  0.234118  0.256312  0.300959  0.405712  0.499152  0.425115  0.135519  0.268419  0.177520  0.318045  0.398341  0.050338  0.521713  0.884502  0.712630  0.890710  0.115029  0.561205  0.393900  0.089186  0.894778  0.453865  0.496498  0.671846  0.540581  0.015538  0.943214  0.858576  0.892545  0.643051  0.780095  0.074558  0.432629  0.131508  0.267586  0.749586  0.123924  0.136446  0.719595  0.242235  0.676513  0.626252  0.571024  0.093779  0.065090  0.598266  0.728471  0.216677  0.213651  0.236709  0.326521  0.358474  0.466077  0.071849  0.174756  0.894674  0.148989  0.221562  0.116208  0.799419  0.605784  0.692595  0.605249  0.365223  0.573776  0.297834  0.262400  0.585542  0.026769  0.671092  0.774268  0.057309  0.106546  0.038392  0.461885  0.794594  0.837662  0.076011  0.056495  0.069641  0.366804  0.783092  0.711031  0.462143  0.442413  0.564328  0.485948  0.711507  0.823979  0.478370
  0.593300  0.679334  0.794697  0.806828  0.648683  0.589722  0.044273  0.206628  0.372653  0.204643  0.118107  0.506382  0.787574  0.832716  0.832732  0.882847  0.046103  0.379310  0.457354  0.543277  0.274919  0.468024  0.470691  0.771104  0.865695  0.805218  0.817125  0.718135  0.877876  0.409752  0.874745  0.365445  0.488716  0.498820  0.309553  0.541014  0.599892  0.243233  0.842531  0.134728  0.070563  0.742971  0.807526  0.660805  0.650709  0.184678  0.232290  0.253900  0.301253  0.403536  0.494024  0.422387  0.135052  0.268033  0.175387  0.312463  0.402389  0.051138  0.526660  0.886417  0.712108  0.888553  0.115025  0.561235  0.395020  0.088891  0.887695  0.456016  0.498051  0.674631  0.536649  0.015709  0.947101  0.859420  0.894820  0.647232  0.781005  0.074008  0.432421  0.130713  0.266310  0.749041  0.120019  0.133106  0.718890  0.232117  0.678426  0.626330  0.571583  0.094218  0.066106  0.595591  0.733269  0.217461  0.215328  0.238489  0.323380  0.356614  0.464235  0.072670  0.171218  0.892825  0.156084  0.223098  0.116142  0.798954  0.608161  0.692047  0.605031  0.364996  0.575121  0.296262  0.262999  0.585890  0.025884  0.672589  0.775844  0.056976  0.109247  0.038503  0.464560  0.793664  0.839171  0.076557  0.057685  0.065695  0.368683  0.784227  0.712356  0.459294  0.441926  0.564638  0.485617  0.709264  0.825710  0.479746
  0.595300  0.678913  0.794808  0.806546  0.649836  0.589468  0.043686  0.205693  0.371552  0.204347  0.118196  0.505024  0.788147  0.832229  0.826480  0.879633  0.047430  0.387025  0.456501  0.546620  0.275377  0.472125  0.472286  0.771439  0.866126  0.805793  0.814996  0.715486  0.877253  0.408829  0.872753  0.368716  0.488071  0.501359  0.311449  0.541627  0.601191  0.243002  0.845157  0.135686  0.068168  0.742213  0.811698  0.660738  0.660373  0.186675  0.230011  0.252970  0.299144  0.404390  0.494417  0.421463  0.135587  0.268029  0.176708  0.315078  0.399321  0.050449  0.529457  0.886234  0.713164  0.887782  0.114619  0.561975  0.395957  0.089825  0.894191  0.456400  0.498710  0.676543  0.538163  0.015700  0.949283  0.858050  0.894719  0.651452  0.786241  0.074715  0.430831  0.130155  0.266281  0.750306  0.122014  0.131214  0.719369  0.237578  0.677731  0.630159  0.572355  0.093915  0.065016  0.596235  0.735600  0.219939  0.211180  0.238954  0.322962  0.356582  0.467417  0.074311  0.162745  0.892530  0.163766  0.221653  0.116088  0.799696  0.605314  0.690980  0.605097  0.368199  0.577142  0.296776  0.264697  0.587058  0.026615  0.670085  0.777941  0.057032  0.109100  0.038854  0.471909  0.792567  0.836465  0.077250  0.056996  0.067149  0.369764  0.786315  0.712421  0.455937  0.441384  0.564311  0.485785  0.707229  0.825907  0.483908
  0.597300  0.679300  0.794544  0.807007  0.652285  0.589040  0.043791  0.204462  0.370880  0.201791  0.117341  0.502223  0.789950  0.830841  0.831535  0.884748  0.046545  0.392235  0.459608  0.549909  0.278603  0.474685  0.475975  0.772759  0.867719  0.806552  0.815799  0.725214  0.879368  0.406649  0.872212  0.370928  0.486779  0.504758  0.313247  0.540879  0.603813  0.244014  0.845806  0.134123  0.068863  0.743093  0.808984  0.660931  0.662341  0.184563  0.228902  0.249314  0.292195  0.398971  0.495540  0.420375  0.135107  0.269030  0.175471  0.314272  0.406395  0.051785  0.532000  0.886877  0.712693  0.887096  0.114837  0.561660  0.396206  0.089633  0.899904  0.457936  0.499428  0.681332  0.541201  0.015407  0.943038  0.859348  0.893018  0.654442  0.785124  0.075674  0.429438  0.128632  0.264623  0.749138  0.121098  0.136449  0.718908  0.231818  0.677378  0.627226  0.571404  0.094405  0.065219  0.599178  0.739451  0.219581  0.210120  0.238336  0.320926  0.353430  0.464065  0.075651  0.159374  0.892796  0.170785  0.221853  0.116687  0.799292  0.607431  0.689794  0.603702  0.369703  0.578834  0.297386  0.266081  0.589091  0.026220  0.668439  0.777283  0.056814  0.109661  0.038805  0.474774  0.793759  0.837174  0.077984  0.056619  0.066587  0.369629  0.787284  0.714049  0.453803  0.441198  0.563187  0.486411  0.707829  0.825729  0.487176
  0.599300  0.679375  0.795434  0.808631  0.653746  0.589906  0.043483  0.203951  0.371577  0.201697  0.116776  0.501215  0.789425  0.831537  0.832032  0.881309  0.046644  0.396366  0.465931  0.555356  0.278357  0.478776  0.479664  0.775876  0.865998  0.807838  0.816577  0.727417  0.879382  0.406484  0.873449  0.373564  0.490085  0.505433  0.314749  0.544532  0.605233  0.245964  0.842811  0.133920  0.068802  0.742394  0.812078  0.661180  0.658262  0.183184  0.228744  0.252339  0.296784  0.398629  0.494125  0.419665  0.134822  0.268394  0.174846  0.313964  0.408577  0.051244  0.537259  0.887874  0.712573  0.888645  0.115230  0.561169  0.397587  0.089484  0.894642  0.460219  0.500751  0.681319  0.541220  0.015180  0.944532  0.859721  0.895186  0.657903  0.788062  0.074754  0.428999  0.127929  0.264115  0.749868  0.121408  0.131103  0.717766  0.235866  0.681779  0.629591  0.572078  0.094695  0.065823  0.596880  0.739288  0.218600  0.207637  0.235351  0.322009  0.354185  0.463838  0.077833  0.152223  0.892325  0.179442  0.222199  0.116356  0.799631  0.605125  0.690952  0.610319  0.370914  0.581160  0.295190  0.265856  0.589935  0.026520  0.668729  0.779316  0.056568  0.108547  0.039554  0.477904  0.792493  0.837894  0.078469  0.057377  0.067514  0.372144  0.787758  0.714835  0.452683  0.439759  0.562961  0.485948  0.707432  0.827502  0.489839
  0.601100  0.679726  0.796013  0.809142  0.655168  0.591215  0.043127  0.203013  0.371375  0.200314  0.115934  0.501329  0.788428  0.829422  0.831871  0.881881  0.047442  0.399099  0.465746  0.558669  0.281434  0.480588  0.480911  0.777085  0.867687  0.808935  0.815699  0.734197  0.878674  0.405409  0.873451  0.376375  0.486880  0.507126  0.313305  0.544231  0.605921  0.248121  0.844190  0.134567  0.068221  0.743272  0.810581  0.660303  0.662610  0.183270  0.227544  0.249852  0.297900  0.396142  0.492925  0.418729  0.135089  0.269409  0.174793  0.311027  0.411461  0.051238  0.539558  0.888189  0.718581  0.887182  0.115831  0.561566  0.398139  0.089356  0.895489  0.461802  0.502684  0.681968  0.540117  0.015502  0.947070  0.858865  0.894292  0.660637  0.792625  0.075141  0.427773  0.127077  0.263241  0.750631  0.124583  0.123725  0.718099  0.235266  0.681033  0.627412  0.574078  0.095100  0.064903  0.597843  0.741267  0.219654  0.208667  0.236295  0.319522  0.354614  0.464268  0.074307  0.145959  0.889753  0.189146  0.221479  0.116997  0.800220  0.608210  0.694642  0.609812  0.372415  0.583330  0.298456  0.264250  0.591806  0.026765  0.666757  0.780890  0.056355  0.105733  0.039380  0.482693  0.797907  0.837888  0.079105  0.057338  0.067736  0.375405  0.787734  0.715782  0.449614  0.438854  0.561081  0.486230  0.708688  0.826492  0.491982
  0.602700  0.680052  0.795815  0.809983  0.656645  0.590379  0.043499  0.202870  0.370432  0.199398  0.116366  0.498854  0.790967  0.830926  0.830826  0.881592  0.046827  0.399394  0.465229  0.561202  0.282471  0.481346  0.482715  0.778507  0.867187  0.808505  0.815251  0.737448  0.879376  0.405159  0.875751  0.378718  0.488195  0.510113  0.312662  0.543312  0.607796  0.248627  0.841720  0.136444  0.068455  0.744003  0.810031  0.662734  0.662895  0.182091  0.225536  0.247987  0.297515  0.400086  0.492117  0.417176  0.134656  0.270584  0.174222  0.312741  0.412287  0.051164  0.541252  0.888569  0.718596  0.885708  0.115681  0.561843  0.398766  0.089749  0.899910  0.463839  0.502379  0.681330  0.540976  0.015287  0.948120  0.861184  0.896094  0.662527  0.795197  0.074229  0.425085  0.126934  0.262460  0.750001  0.121508  0.132391  0.717838  0.230849  0.681106  0.632752  0.574161  0.095153  0.066261  0.599473  0.743308  0.219162  0.207113  0.237447  0.320223  0.350472  0.462126  0.076629  0.143999  0.891175  0.198420  0.222507  0.116406  0.800826  0.608024  0.691860  0.609870  0.374925  0.586771  0.299755  0.265152  0.593001  0.026664  0.672923  0.781126  0.056696  0.105592  0.040589  0.483056  0.802984  0.837885  0.079706  0.057957  0.067861  0.374334  0.789733  0.715712  0.446534  0.437365  0.561771  0.487345  0.707321  0.829255  0.494774
  0.604300  0.681302  0.793665  0.811347  0.657503  0.590458  0.043274  0.201734  0.368098  0.199814  0.115712  0.497097  0.788657  0.829630  0.828918  0.882068  0.045762  0.402994  0.465244  0.563249  0.281957  0.481269  0.485537  0.779323  0.868280  0.809703  0.816331  0.736256  0.878755  0.404844  0.873972  0.379384  0.487470  0.512757  0.317048  0.543922  0.609273  0.250631  0.841195  0.135876  0.068343  0.743986  0.810031  0.658355  0.665237  0.180518  0.223235  0.248608  0.296365  0.387521  0.488075  0.417307  0.134328  0.269901  0.171261  0.311936  0.414349  0.052151  0.543994  0.890087  0.718827  0.886565  0.114650  0.562151  0.400225  0.089382  0.890581  0.465923  0.502615  0.684065  0.541989  0.015362  0.938607  0.859449  0.894734  0.665724  0.795601  0.075740  0.425629  0.125846  0.261661  0.751465  0.119007  0.131822  0.717003  0.231778  0.678407  0.629459  0.574272  0.094756  0.065796  0.598671  0.745888  0.219935  0.207259  0.230753  0.316954  0.353006  0.463385  0.074227  0.137684  0.889350  0.207606  0.222320  0.116450  0.800218  0.607305  0.692258  0.605759  0.375571  0.587433  0.298726  0.264984  0.594854  0.026781  0.665432  0.782130  0.056738  0.107489  0.039827  0.489177  0.797057  0.837996  0.079510  0.057284  0.068368  0.377385  0.790489  0.717222  0.442856  0.437316  0.561604  0.486801  0.708479  0.827501  0.496694
  0.605900  0.679510  0.793837  0.811133  0.659657  0.589814  0.042639  0.200822  0.367316  0.198585  0.115509  0.495637  0.787794  0.829785  0.831441  0.882947  0.043571  0.411544  0.466877  0.564416  0.282663  0.483938  0.484743  0.780896  0.867962  0.810618  0.816275  0.743284  0.878139  0.403480  0.872744  0.382894  0.491422  0.510174  0.319086  0.542043  0.610377  0.249828  0.845557  0.136223  0.068270  0.742338  0.811230  0.658092  0.667600  0.179587  0.224420  0.245427  0.293505  0.382744  0.485389  0.415393  0.135044  0.270153  0.174359  0.311901  0.415290  0.051716  0.545913  0.891019  0.715958  0.883566  0.115284  0.561694  0.400179  0.089733  0.901526  0.466423  0.503743  0.685954  0.540997  0.015337  0.948083  0.860789  0.895737  0.668436  0.793816  0.074964  0.425274  0.125438  0.260996  0.751244  0.118785  0.128521  0.717942  0.228860  0.679901  0.635070  0.574555  0.094963  0.065564  0.598058  0.747136  0.220627  0.206999  0.229629  0.314598  0.349183  0.461905  0.076058  0.136854  0.888969  0.217760  0.221989  0.116618  0.800957  0.609773  0.693157  0.608198  0.375425  0.590031  0.301874  0.265294  0.595495  0.026233  0.666087  0.784416  0.056688  0.108272  0.040866  0.492948  0.796983  0.836006  0.080001  0.057261  0.069265  0.376902  0.790220  0.717627  0.439514  0.435801  0.560945  0.486819  0.707569  0.828391  0.499466
  0.607500  0.680871  0.794196  0.812782  0.660389  0.590728  0.042320  0.199779  0.368036  0.197979  0.114983  0.494125  0.790094  0.829756  0.828020  0.880268  0.044566  0.411210  0.466142  0.563243  0.283596  0.482862  0.485354  0.782365  0.869153  0.811553  0.817547  0.742854  0.877478  0.403439  0.877669  0.384530  0.488649  0.513085  0.316851  0.544112  0.611803  0.251444  0.846160  0.137946  0.066502  0.741751  0.811248  0.658495  0.661709  0.180324  0.223181  0.244909  0.293412  0.391957  0.492213  0.414608  0.134325  0.270123  0.172879  0.310492  0.418235  0.051099  0.547188  0.891162  0.719244  0.882881  0.114627  0.561713  0.401258  0.089445  0.893575  0.468090  0.504552  0.686763  0.541621  0.015335  0.944949  0.863127  0.896711  0.668761  0.802073  0.075393  0.423366  0.124831  0.260715  0.751212  0.117707  0.128827  0.716494  0.228399  0.678992  0.632193  0.573593  0.094966  0.064503  0.598991  0.749093  0.220372  0.204618  0.238664  0.317963  0.349528  0.461161  0.077421  0.131038  0.892211  0.228395  0.222691  0.117405  0.800078  0.608944  0.693239  0.609077  0.378213  0.591428  0.299659  0.265209  0.596886  0.026899  0.668431  0.784998  0.056497  0.107958  0.039396  0.493480  0.800006  0.837465  0.080199  0.058029  0.069694  0.375392  0.792043  0.718918  0.437687  0.435222  0.560154  0.487301  0.710450  0.829054  0.501252
  0.609100  0.680560  0.795650  0.814012  0.662189  0.590305  0.043158  0.199490  0.369830  0.197063  0.114878  0.494124  0.787056  0.828352  0.830011  0.881588  0.044985  0.412124  0.472522  0.567697  0.283301  0.487914  0.488075  0.783436  0.867792  0.810133  0.817403  0.743903  0.878229  0.402622  0.879003  0.386462  0.490010  0.515476  0.319299  0.546502  0.613003  0.249051  0.843376  0.134909  0.068307  0.742442  0.813900  0.657552  0.666448  0.178366  0.221546  0.244120  0.295851  0.392558  0.489693  0.413494  0.134746  0.271547  0.173927  0.310882  0.420059  0.051980  0.548597  0.892053  0.716883  0.882964  0.116032  0.561230  0.401464  0.089259  0.896209  0.470399  0.505857  0.686768  0.540780  0.015367  0.948481  0.863700  0.896721  0.671709  0.798977  0.075986  0.423113  0.124508  0.259082  0.750482  0.118169  0.128430  0.715103  0.226506  0.684711  0.633644  0.575883  0.095166  0.065045  0.598803  0.748344  0.220103  0.205386  0.229840  0.313978  0.348010  0.462417  0.074887  0.126885  0.890974  0.240372  0.221790  0.117025  0.801396  0.608427  0.693711  0.608309  0.380215  0.594115  0.299790  0.265743  0.596948  0.026984  0.666178  0.785073  0.056837  0.108556  0.039546  0.494643  0.796977  0.836128  0.079748  0.056716  0.068741  0.378556  0.792046  0.718741  0.432147  0.434428  0.560642  0.487802  0.705032  0.830150  0.504380
  0.610700  0.682479  0.795665  0.814288  0.664389  0.589898  0.042580  0.198957  0.367813  0.196301  0.114492  0.491724  0.791858  0.829188  0.828841  0.882955  0.047591  0.415983  0.471932  0.572729  0.284230  0.491235  0.490347  0.784017  0.868923  0.812182  0.817845  0.749106  0.877607  0.401875  0.877470  0.389201  0.490105  0.518292  0.321039  0.543088  0.614765  0.254589  0.844572  0.136433  0.067864  0.743821  0.811476  0.664157  0.667460  0.177636  0.221595  0.244989  0.295204  0.391605  0.487065  0.412285  0.134131  0.271471  0.174679  0.311576  0.424926  0.052030  0.550126  0.893312  0.721942  0.879976  0.114825  0.561112  0.402268  0.089825  0.896920  0.471301  0.506629  0.689522  0.538888  0.015350  0.942312  0.864617  0.896821  0.672628  0.798965  0.075128  0.421182  0.123568  0.258699  0.751958  0.118339  0.128022  0.715040  0.222967  0.684187  0.633551  0.576482  0.095457  0.065363  0.599096  0.750105  0.221284  0.204200  0.226994  0.314484  0.347903  0.462043  0.078630  0.125314  0.894608  0.253486  0.222023  0.117068  0.800814  0.612305  0.695207  0.611143  0.381392  0.593915  0.299274  0.258568  0.597743  0.026534  0.673527  0.788215  0.056838  0.108517  0.039546  0.499572  0.797645  0.836235  0.081063  0.059246  0.068810  0.381635  0.793452  0.719208  0.436799  0.433810  0.559754  0.486604  0.707835  0.830050  0.506651
  0.612300  0.681874  0.794020  0.814282  0.664718  0.590274  0.043210  0.197650  0.369218  0.194822  0.113740  0.491125  0.789366  0.828488  0.832265  0.881474  0.048945  0.419003  0.472313  0.572909  0.285882  0.489495  0.490302  0.786311  0.868773  0.812558  0.817019  0.757312  0.876979  0.400834  0.874250  0.390170  0.492157  0.518940  0.322080  0.544593  0.615610  0.254179  0.845756  0.135634  0.069209  0.745250  0.813488  0.665600  0.669383  0.177331  0.222497  0.244995  0.294354  0.387767  0.481008  0.411961  0.135054  0.270798  0.172718  0.309167  0.424394  0.051980  0.553239  0.892286  0.717022  0.880064  0.114884  0.561520  0.402645  0.090031  0.897870  0.472628  0.506941  0.689588  0.542415  0.015370  0.945835  0.866551  0.896093  0.673596  0.798801  0.076195  0.419505  0.122884  0.257615  0.751533  0.119418  0.125577  0.716660  0.225235  0.685444  0.634818  0.575879  0.095453  0.065018  0.600187  0.750443  0.221613  0.205988  0.229940  0.313943  0.346364  0.460991  0.076267  0.120832  0.892214  0.268220  0.220855  0.117776  0.801272  0.613473  0.695807  0.610345  0.381593  0.597712  0.299640  0.265911  0.598817  0.027114  0.667321  0.787572  0.056779  0.105399  0.040298  0.500967  0.802024  0.835632  0.080599  0.057272  0.069591  0.380428  0.792685  0.719189  0.432461  0.432363  0.559367  0.487175  0.708120  0.830157  0.509003
  0.613900  0.681346  0.796735  0.814631  0.667348  0.590186  0.043027  0.197601  0.367358  0.194738  0.113680  0.489381  0.792269  0.829178  0.829405  0.881724  0.046366  0.420316  0.473792  0.571912  0.284476  0.490535  0.489730  0.786776  0.868617  0.813476  0.817533  0.759748  0.877681  0.400585  0.878806  0.392511  0.491662  0.518143  0.323716  0.544867  0.617972  0.254694  0.845750  0.137287  0.068766  0.744949  0.811343  0.661741  0.666500  0.174476  0.220558  0.241715  0.290195  0.387326  0.487797  0.410254  0.134392  0.271579  0.172479  0.310254  0.427027  0.051828  0.554384  0.892592  0.718891  0.878522  0.115718  0.563017  0.404249  0.089941  0.891225  0.473747  0.507865  0.691431  0.542854  0.015404  0.943353  0.864245  0.897895  0.675229  0.800966  0.075602  0.419303  0.122360  0.256865  0.751495  0.119315  0.126082  0.716455  0.223470  0.685083  0.634221  0.577582  0.095663  0.066138  0.596886  0.750827  0.221212  0.203770  0.225612  0.313235  0.346212  0.461330  0.077139  0.117290  0.896793  0.281600  0.222403  0.117400  0.799573  0.612042  0.695936  0.612826  0.384324  0.598805  0.301909  0.265182  0.600348  0.026972  0.666642  0.788237  0.057050  0.107607  0.040923  0.506209  0.798992  0.836335  0.080923  0.058132  0.069725  0.381469  0.794872  0.719517  0.429200  0.431709  0.559284  0.486734  0.707003  0.831064  0.511147
  0.615500  0.682045  0.794933  0.816346  0.668737  0.589810  0.042983  0.195653  0.365082  0.194578  0.113722  0.488494  0.791576  0.829181  0.830480  0.884587  0.049095  0.423256  0.473540  0.576180  0.286509  0.494536  0.493809  0.788489  0.870063  0.814938  0.817794  0.752095  0.878468  0.400778  0.879383  0.394549  0.493325  0.519248  0.324104  0.548643  0.619426  0.258083  0.845365  0.135558  0.068057  0.744684  0.813043  0.663881  0.669956  0.175278  0.219504  0.239863  0.291873  0.390419  0.483062  0.408823  0.134027  0.271764  0.170969  0.309231  0.429770  0.052096  0.555697  0.893752  0.718990  0.877066  0.115226  0.562124  0.404053  0.090180  0.898793  0.476532  0.508241  0.691796  0.543151  0.015228  0.939150  0.864841  0.897000  0.676715  0.803879  0.076066  0.418958  0.121389  0.256086  0.752036  0.118990  0.125064  0.716891  0.222840  0.683989  0.637378  0.576204  0.095456  0.065556  0.597710  0.752117  0.223063  0.205132  0.225492  0.312746  0.344397  0.460649  0.077719  0.115570  0.892214  0.295263  0.220749  0.117119  0.800634  0.611338  0.697176  0.611359  0.384705  0.602231  0.299316  0.265854  0.599398  0.027347  0.666552  0.791088  0.056994  0.107937  0.040680  0.508165  0.799244  0.837153  0.080934  0.057249  0.070192  0.384789  0.794305  0.720324  0.426540  0.431858  0.559646  0.488338  0.708036  0.831968  0.513892
  0.617100  0.682120  0.795910  0.816678  0.669687  0.589338  0.041929  0.195839  0.364575  0.192888  0.113081  0.486757  0.790335  0.829177  0.829085  0.882988  0.045904  0.425475  0.473810  0.574616  0.283944  0.493923  0.492475  0.788755  0.869624  0.813908  0.817756  0.757662  0.878471  0.399222  0.876092  0.396698  0.491590  0.522966  0.324433  0.545010  0.620406  0.259005  0.844046  0.136336  0.066934  0.745553  0.813161  0.657240  0.668022  0.173601  0.216937  0.240351  0.290839  0.386111  0.478147  0.407692  0.134302  0.272694  0.169571  0.307541  0.430688  0.051388  0.557022  0.894311  0.714155  0.876301  0.116216  0.562447  0.405461  0.090424  0.895346  0.476791  0.509256  0.694077  0.535758  0.015288  0.945835  0.864172  0.897078  0.677146  0.804329  0.075583  0.417154  0.120814  0.254996  0.752004  0.114599  0.122857  0.717718  0.214808  0.683789  0.633137  0.577311  0.095722  0.065610  0.599201  0.753349  0.223942  0.203230  0.226984  0.310165  0.342093  0.455755  0.078665  0.110486  0.889714  0.308677  0.220595  0.118027  0.802541  0.609138  0.693381  0.607975  0.386043  0.602724  0.302355  0.265322  0.601798  0.026929  0.663242  0.791171  0.057216  0.107422  0.040910  0.505931  0.797649  0.836457  0.081267  0.058306  0.069136  0.384187  0.795856  0.720762  0.424011  0.430912  0.557631  0.488642  0.708899  0.832546  0.517163
  0.618700  0.682686  0.794480  0.817603  0.672242  0.589021  0.041936  0.194675  0.363219  0.192262  0.113164  0.485869  0.791847  0.828623  0.827944  0.879412  0.048303  0.429533  0.474417  0.582743  0.286073  0.494844  0.495970  0.791224  0.869728  0.816135  0.820107  0.765116  0.880655  0.397372  0.874662  0.398544  0.492673  0.522267  0.325614  0.546956  0.622372  0.258328  0.843429  0.135464  0.062610  0.745555  0.815039  0.655845  0.666691  0.173057  0.217046  0.240234  0.287462  0.384902  0.480552  0.407660  0.134663  0.271823  0.169658  0.305963  0.434368  0.051931  0.558076  0.895336  0.718058  0.874756  0.115428  0.562575  0.406737  0.090527  0.904719  0.479110  0.509872  0.694079  0.542935  0.015173  0.940941  0.863579  0.897165  0.679106  0.803257  0.075840  0.416386  0.120378  0.254988  0.752246  0.116025  0.127278  0.717342  0.220029  0.683107  0.636899  0.576918  0.095520  0.064877  0.596433  0.751915  0.222325  0.199996  0.223439  0.309542  0.341254  0.457961  0.077294  0.107951  0.892564  0.321874  0.221185  0.117467  0.801203  0.610858  0.696831  0.610104  0.387146  0.606501  0.299517  0.262318  0.601854  0.027298  0.666908  0.791588  0.056951  0.107087  0.040030  0.508455  0.801442  0.836573  0.081558  0.058038  0.069517  0.383784  0.796506  0.721212  0.421742  0.429423  0.557359  0.489769  0.708755  0.832064  0.518769
  0.620300  0.684046  0.795386  0.819496  0.674304  0.590464  0.041803  0.194422  0.366368  0.191610  0.112825  0.484723  0.791702  0.828716  0.828925  0.879659  0.048663  0.433528  0.475882  0.579443  0.288006  0.497383  0.496578  0.791512  0.869396  0.815404  0.818563  0.760865  0.880571  0.398246  0.877395  0.400831  0.491585  0.525488  0.324870  0.548117  0.623474  0.261431  0.845212  0.133070  0.065220  0.742946  0.814366  0.658362  0.665054  0.173258  0.217939  0.238272  0.287567  0.388378  0.479791  0.405572  0.134340  0.272759  0.170833  0.305478  0.436986  0.051493  0.559563  0.895501  0.718832  0.874847  0.114309  0.563587  0.407264  0.089665  0.903532  0.479612  0.511047  0.694242  0.541997  0.015265  0.944678  0.867143  0.897167  0.679227  0.802178  0.075489  0.416379  0.119887  0.253929  0.751889  0.112430  0.126697  0.718435  0.219050  0.685098  0.635691  0.576922  0.095746  0.065072  0.596407  0.753010  0.223356  0.198461  0.225372  0.305849  0.342329  0.457407  0.076857  0.106141  0.894482  0.333228  0.219803  0.117658  0.802244  0.612938  0.695423  0.611752  0.388574  0.606781  0.299825  0.265182  0.604460  0.027535  0.670050  0.792028  0.057242  0.105905  0.040680  0.511881  0.802850  0.837156  0.081377  0.059983  0.069498  0.387138  0.796408  0.721478  0.420880  0.427877  0.557666  0.488697  0.707382  0.833143  0.520091
  0.621900  0.683913  0.795990  0.819832  0.675754  0.589874  0.042120  0.195243  0.365176  0.191600  0.111896  0.483650  0.789062  0.829297  0.824832  0.881091  0.048355  0.440049  0.476911  0.582276  0.286274  0.498611  0.497566  0.793837  0.870464  0.816845  0.818718  0.769066  0.880675  0.397037  0.879958  0.402368  0.491458  0.528428  0.327137  0.548521  0.624306  0.261520  0.846371  0.135704  0.065370  0.745558  0.817750  0.662244  0.669093  0.171634  0.215632  0.232975  0.285175  0.379065  0.479364  0.405265  0.134206  0.273069  0.168133  0.305230  0.437369  0.051177  0.559640  0.895555  0.719344  0.872541  0.114907  0.563366  0.408032  0.089815  0.899253  0.481981  0.512618  0.696142  0.543297  0.015090  0.946317  0.864580  0.898162  0.680731  0.804628  0.075208  0.415019  0.118988  0.252532  0.752584  0.109610  0.118410  0.717715  0.218195  0.684909  0.636665  0.578524  0.096054  0.064719  0.595821  0.753373  0.222548  0.198119  0.222638  0.308840  0.341133  0.459799  0.078228  0.105631  0.893627  0.344991  0.219809  0.117524  0.801007  0.614985  0.697730  0.612680  0.390998  0.610144  0.299341  0.266582  0.604307  0.027100  0.668683  0.793052  0.057225  0.107202  0.040926  0.511503  0.800587  0.837999  0.082243  0.059212  0.069898  0.386897  0.798735  0.720653  0.414303  0.427264  0.557983  0.489176  0.708717  0.833487  0.522420
  0.623500  0.684741  0.795271  0.820662  0.676998  0.590085  0.042678  0.192465  0.365239  0.190444  0.111487  0.482805  0.791667  0.828018  0.829236  0.882285  0.045358  0.443114  0.479592  0.588022  0.290061  0.501535  0.500249  0.794397  0.870656  0.817872  0.820525  0.771875  0.879259  0.396059  0.880336  0.405434  0.492372  0.526291  0.329177  0.548556  0.626999  0.264099  0.844100  0.135585  0.066385  0.746152  0.813707  0.660281  0.667373  0.172905  0.214870  0.234187  0.286323  0.377092  0.475894  0.403510  0.134519  0.272963  0.169947  0.306216  0.439965  0.050994  0.562340  0.895779  0.719482  0.872543  0.114956  0.565133  0.409199  0.090341  0.902578  0.482660  0.511847  0.696031  0.540679  0.015401  0.946197  0.870935  0.899047  0.682447  0.807700  0.075590  0.414234  0.118668  0.251667  0.752940  0.119230  0.122734  0.718567  0.212050  0.688253  0.638830  0.578923  0.096536  0.064685  0.595343  0.753088  0.223652  0.198289  0.220426  0.305468  0.339827  0.457091  0.079913  0.103109  0.895721  0.354462  0.219191  0.117621  0.800613  0.613799  0.700337  0.616235  0.392215  0.611717  0.300240  0.266244  0.605084  0.027187  0.668115  0.794697  0.057273  0.105311  0.040942  0.514906  0.798732  0.836577  0.082199  0.060393  0.070782  0.390855  0.800391  0.721868  0.415852  0.426083  0.556927  0.489781  0.708851  0.833289  0.524823
  0.625100  0.685570  0.795548  0.823122  0.678077  0.590384  0.042159  0.192144  0.365315  0.189590  0.111470  0.481435  0.787940  0.828745  0.828168  0.880497  0.047033  0.443888  0.479657  0.589789  0.290226  0.504372  0.504050  0.796225  0.871844  0.820460  0.819284  0.769385  0.879249  0.395225  0.886700  0.406587  0.489479  0.529732  0.326806  0.551871  0.628827  0.264223  0.845765  0.133499  0.066999  0.745773  0.817201  0.665223  0.665427  0.171013  0.212398  0.236596  0.278494  0.377510  0.481144  0.402976  0.134589  0.274026  0.167377  0.305162  0.442302  0.050998  0.562651  0.897299  0.719450  0.871006  0.116288  0.564556  0.411125  0.090270  0.897924  0.485059  0.512747  0.697772  0.545269  0.015419  0.948275  0.868744  0.900926  0.683236  0.804626  0.076237  0.412999  0.118076  0.251217  0.753181  0.114322  0.120820  0.718516  0.214108  0.685189  0.638921  0.578626  0.096312  0.065247  0.593294  0.755434  0.224153  0.199743  0.217870  0.303462  0.338006  0.456860  0.078212  0.097582  0.895250  0.361847  0.218908  0.117764  0.802268  0.616965  0.700296  0.612278  0.392962  0.613769  0.302809  0.263419  0.605471  0.027329  0.666179  0.794713  0.057107  0.105581  0.041534  0.517447  0.804859  0.837964  0.082246  0.059748  0.071200  0.391020  0.799580  0.722652  0.412112  0.425561  0.555550  0.491061  0.707041  0.833082  0.526729
  0.626700  0.685808  0.795560  0.821722  0.680154  0.591052  0.041551  0.192097  0.361521  0.188960  0.111526  0.480909  0.791940  0.827336  0.827560  0.881435  0.047596  0.453663  0.485575  0.594612  0.291224  0.503909  0.506160  0.796476  0.871852  0.819970  0.819418  0.770187  0.880563  0.395759  0.878269  0.409187  0.492812  0.531249  0.330899  0.549099  0.630203  0.264527  0.846375  0.137029  0.064716  0.746969  0.814234  0.659583  0.665644  0.170122  0.211482  0.234631  0.279480  0.377094  0.475729  0.401366  0.133811  0.274464  0.168606  0.304835  0.443842  0.050717  0.565729  0.898591  0.718104  0.870238  0.114209  0.565701  0.411437  0.089849  0.902310  0.485201  0.513793  0.697561  0.542265  0.015398  0.940920  0.869759  0.899130  0.684942  0.806889  0.075529  0.412140  0.117352  0.250215  0.753644  0.106294  0.122549  0.720575  0.213865  0.683224  0.641154  0.579160  0.096319  0.065377  0.594624  0.755725  0.226090  0.194547  0.219737  0.302118  0.338797  0.453687  0.078601  0.095531  0.890183  0.369462  0.219133  0.118059  0.802381  0.614824  0.698615  0.610319  0.395279  0.613704  0.304283  0.268175  0.606858  0.027021  0.662276  0.796920  0.057070  0.104823  0.040926  0.521541  0.803853  0.839246  0.081781  0.059943  0.069204  0.390772  0.800853  0.723111  0.411276  0.425431  0.555924  0.491443  0.706880  0.834146  0.529536
  0.628300  0.686957  0.796286  0.822712  0.681426  0.590684  0.042235  0.190820  0.360896  0.188987  0.111641  0.480267  0.790320  0.828699  0.826864  0.880704  0.047058  0.458642  0.486867  0.594467  0.289105  0.505752  0.508484  0.798551  0.873838  0.819964  0.819053  0.779088  0.880653  0.394637  0.881005  0.410890  0.490484  0.530984  0.331402  0.555654  0.632276  0.263873  0.845133  0.137280  0.064239  0.748275  0.815020  0.661004  0.670840  0.169549  0.213386  0.231381  0.284429  0.377135  0.479308  0.400068  0.134394  0.274896  0.167617  0.306960  0.447010  0.050573  0.565812  0.896496  0.718791  0.869471  0.113345  0.565305  0.412215  0.090577  0.900251  0.487627  0.514763  0.698853  0.540466  0.015324  0.941362  0.867360  0.900022  0.684546  0.807863  0.076257  0.412043  0.116587  0.249880  0.753218  0.111981  0.122641  0.721357  0.212277  0.684308  0.641918  0.580087  0.096333  0.065332  0.595129  0.755102  0.223731  0.198034  0.219697  0.303533  0.337392  0.454916  0.079044  0.097277  0.891240  0.375776  0.218780  0.117927  0.801069  0.617165  0.697555  0.612723  0.396628  0.617514  0.304131  0.268481  0.608555  0.028223  0.666852  0.796915  0.057259  0.104665  0.040932  0.521987  0.801500  0.840069  0.081867  0.059094  0.069832  0.390839  0.802367  0.723383  0.410125  0.424145  0.555737  0.491498  0.708327  0.835752  0.531468
  0.629900  0.687428  0.795937  0.825078  0.682864  0.591427  0.042081  0.190500  0.356734  0.187389  0.110868  0.480020  0.791355  0.829979  0.827466  0.883649  0.044501  0.463428  0.486115  0.595511  0.291240  0.509230  0.511397  0.799110  0.872763  0.821723  0.819605  0.778903  0.880567  0.394044  0.880054  0.413202  0.491573  0.533228  0.330821  0.555701  0.633097  0.266038  0.843832  0.134539  0.065184  0.747401  0.813416  0.661406  0.668649  0.169609  0.210667  0.230982  0.278357  0.378739  0.476646  0.398234  0.134558  0.274494  0.166848  0.305571  0.444941  0.050594  0.566120  0.898914  0.717957  0.865811  0.115747  0.566855  0.411899  0.090414  0.899760  0.489209  0.515355  0.699316  0.541656  0.015206  0.941648  0.868957  0.900120  0.686860  0.807546  0.075461  0.411254  0.116119  0.248738  0.753809  0.111565  0.118905  0.720557  0.208362  0.684922  0.640027  0.579587  0.096317  0.064972  0.592255  0.756362  0.222682  0.195558  0.218349  0.302087  0.336316  0.454623  0.079019  0.093526  0.893712  0.380962  0.218586  0.118246  0.803260  0.615223  0.700885  0.614850  0.397135  0.620868  0.303140  0.266158  0.608034  0.027503  0.666826  0.797740  0.057103  0.107093  0.041969  0.520908  0.806098  0.839952  0.082479  0.060259  0.069631  0.391326  0.802333  0.723313  0.408181  0.422177  0.554648  0.491696  0.707920  0.834666  0.532789
  0.631700  0.687754  0.795892  0.825216  0.686131  0.590321  0.041475  0.189444  0.359426  0.186996  0.110784  0.478351  0.791376  0.826603  0.831802  0.882516  0.045896  0.469942  0.489922  0.602621  0.291894  0.512622  0.517050  0.800715  0.873403  0.821508  0.819380  0.781452  0.881254  0.393386  0.883373  0.415066  0.492095  0.536692  0.333489  0.558990  0.636753  0.265731  0.844569  0.136032  0.065055  0.748099  0.816773  0.665571  0.669519  0.167790  0.208541  0.233829  0.280988  0.374793  0.472869  0.398131  0.133564  0.276023  0.164846  0.304047  0.452329  0.049971  0.568535  0.897591  0.717957  0.865054  0.114223  0.567128  0.412869  0.090063  0.898572  0.490253  0.514414  0.700703  0.544500  0.015392  0.947234  0.870240  0.900215  0.688337  0.806757  0.076183  0.409718  0.115315  0.248284  0.754023  0.111404  0.119862  0.721578  0.211873  0.686823  0.642354  0.579694  0.096547  0.065687  0.593188  0.756332  0.224043  0.194701  0.215119  0.298501  0.331991  0.451768  0.077855  0.091594  0.892771  0.386541  0.217005  0.118110  0.803057  0.617116  0.700803  0.614619  0.400323  0.623221  0.302477  0.268984  0.608220  0.028003  0.667485  0.799049  0.056903  0.106904  0.042377  0.523173  0.807456  0.839234  0.082544  0.060953  0.069213  0.396221  0.803599  0.724089  0.405237  0.422756  0.554875  0.492008  0.708893  0.835007  0.535514
  0.633700  0.689390  0.792960  0.825841  0.687011  0.589832  0.041601  0.188984  0.361198  0.186261  0.110339  0.477672  0.791328  0.826608  0.828256  0.880556  0.047358  0.475464  0.491765  0.605699  0.294472  0.516064  0.519926  0.801095  0.872082  0.822708  0.819282  0.778696  0.881958  0.392323  0.879969  0.417667  0.491684  0.536180  0.336213  0.563698  0.638935  0.269771  0.844997  0.135735  0.063603  0.747078  0.817209  0.659045  0.669271  0.166462  0.207567  0.229439  0.281267  0.371221  0.470962  0.396759  0.134388  0.275493  0.165956  0.304422  0.455476  0.049533  0.570307  0.898210  0.718783  0.861985  0.114038  0.567399  0.413568  0.090284  0.902879  0.491677  0.516212  0.699750  0.545996  0.015279  0.949913  0.871458  0.900182  0.689232  0.811409  0.075965  0.408972  0.113915  0.246945  0.755340  0.110549  0.118038  0.723507  0.206376  0.688815  0.642346  0.579673  0.096637  0.065605  0.591510  0.756927  0.226633  0.193014  0.214801  0.296585  0.331818  0.449856  0.081416  0.088088  0.891883  0.392230  0.217001  0.118279  0.803897  0.614653  0.697082  0.615107  0.400897  0.623133  0.302303  0.269436  0.608686  0.028131  0.666700  0.800599  0.056917  0.105750  0.042386  0.525309  0.808728  0.839940  0.082678  0.060677  0.070488  0.398027  0.803722  0.724855  0.404142  0.420420  0.552072  0.492515  0.709281  0.835933  0.538698
  0.635700  0.689721  0.794737  0.825259  0.688251  0.591217  0.041822  0.187545  0.361612  0.185966  0.109810  0.475858  0.791588  0.828706  0.831183  0.882771  0.047215  0.481474  0.496107  0.609680  0.297898  0.519402  0.524158  0.800534  0.873808  0.821581  0.818436  0.784706  0.882734  0.391320  0.882613  0.419989  0.494898  0.541085  0.336954  0.564944  0.641487  0.270089  0.846812  0.134893  0.064747  0.746948  0.817534  0.662154  0.666579  0.166877  0.207508  0.227738  0.280319  0.372336  0.472889  0.396346  0.134134  0.275639  0.162839  0.304298  0.456127  0.049890  0.571649  0.901353  0.720857  0.859571  0.113357  0.568813  0.415935  0.090387  0.899249  0.493992  0.517152  0.702340  0.545599  0.015209  0.946312  0.872370  0.901977  0.690192  0.810531  0.076210  0.407765  0.113884  0.245898  0.754073  0.112589  0.115491  0.724629  0.210325  0.691172  0.640360  0.580594  0.097131  0.065649  0.591376  0.759074  0.224384  0.192997  0.214934  0.295428  0.331620  0.452147  0.080021  0.086536  0.891149  0.396423  0.217033  0.118454  0.804373  0.617778  0.702505  0.614848  0.402713  0.626712  0.304141  0.269102  0.610520  0.028117  0.671605  0.801803  0.056850  0.101608  0.042365  0.525592  0.807475  0.840045  0.083282  0.060149  0.071076  0.398735  0.804549  0.725506  0.405426  0.420102  0.553899  0.492743  0.708740  0.836306  0.540389
  0.637700  0.692218  0.794846  0.827545  0.690011  0.591313  0.041194  0.187698  0.357168  0.184758  0.109595  0.475530  0.790668  0.827897  0.830142  0.881550  0.047132  0.483268  0.496310  0.610854  0.293328  0.519605  0.526030  0.803881  0.875324  0.825719  0.820432  0.792563  0.882648  0.390378  0.881951  0.423095  0.492936  0.539605  0.337903  0.566354  0.644852  0.272685  0.847983  0.133733  0.065936  0.750358  0.816652  0.662824  0.668541  0.165483  0.206044  0.225643  0.278560  0.370590  0.471226  0.394599  0.134228  0.275717  0.165174  0.304267  0.458156  0.050101  0.573370  0.900185  0.717576  0.856608  0.113844  0.568824  0.415708  0.090268  0.903375  0.497153  0.518379  0.702315  0.544987  0.015147  0.945236  0.870021  0.904753  0.691027  0.810434  0.076379  0.406684  0.113613  0.244967  0.754364  0.110009  0.117934  0.725596  0.203403  0.687163  0.643138  0.582043  0.096930  0.065761  0.590922  0.758257  0.226174  0.189854  0.210986  0.292194  0.329517  0.450775  0.080809  0.082534  0.892176  0.399589  0.215629  0.118907  0.804176  0.615442  0.701470  0.613794  0.404791  0.628946  0.302307  0.267664  0.611058  0.028789  0.671049  0.802146  0.056320  0.105586  0.043702  0.530076  0.806842  0.841327  0.082408  0.058976  0.071800  0.399840  0.805856  0.725551  0.400562  0.418680  0.553313  0.493713  0.708503  0.836564  0.543257
  0.639700  0.692764  0.796191  0.828365  0.693518  0.591596  0.042128  0.185862  0.360146  0.184743  0.109048  0.474084  0.792055  0.830576  0.830986  0.884118  0.049650  0.491862  0.499315  0.619022  0.298138  0.522982  0.529584  0.804250  0.875239  0.826276  0.821691  0.793670  0.882653  0.390506  0.883654  0.424731  0.496255  0.543913  0.337960  0.570801  0.645748  0.272860  0.846828  0.133671  0.063513  0.748981  0.819833  0.663621  0.670997  0.165738  0.204084  0.221467  0.277282  0.369908  0.469521  0.393444  0.134308  0.276453  0.163370  0.303403  0.460271  0.049274  0.575425  0.900988  0.718768  0.853428  0.113844  0.569871  0.416259  0.090059  0.901354  0.498079  0.518742  0.704369  0.548743  0.015260  0.944115  0.875133  0.903844  0.692095  0.810564  0.076884  0.405662  0.112526  0.243820  0.755097  0.108731  0.113588  0.726872  0.206300  0.689301  0.644903  0.582511  0.097082  0.064920  0.591479  0.760994  0.224727  0.189257  0.208686  0.292279  0.327046  0.448559  0.077251  0.083519  0.895584  0.402893  0.215589  0.119200  0.803954  0.620631  0.701470  0.617916  0.406704  0.628941  0.304813  0.267639  0.610838  0.028626  0.674542  0.803098  0.056560  0.104207  0.043218  0.531748  0.811554  0.841334  0.083461  0.060409  0.071761  0.402711  0.807039  0.726143  0.403033  0.417415  0.552208  0.492916  0.708606  0.836625  0.546152
  0.641700  0.694164  0.795014  0.829525  0.694858  0.592805  0.040358  0.185770  0.359281  0.183685  0.109296  0.473877  0.791203  0.829881  0.831504  0.883793  0.047772  0.496794  0.500471  0.620897  0.296622  0.526454  0.532488  0.805679  0.875590  0.826168  0.821319  0.791545  0.883353  0.388939  0.881290  0.427326  0.494598  0.543509  0.340968  0.575285  0.648811  0.275947  0.848582  0.134407  0.064842  0.747992  0.817422  0.662488  0.671419  0.164434  0.204415  0.227553  0.276381  0.365871  0.466250  0.392271  0.134061  0.276177  0.162489  0.305964  0.463787  0.049489  0.576539  0.901750  0.715495  0.850368  0.114074  0.570311  0.416850  0.090998  0.899376  0.500206  0.520362  0.705387  0.546727  0.015412  0.942084  0.871082  0.905648  0.693997  0.812917  0.076453  0.404546  0.111398  0.242893  0.754972  0.104802  0.114925  0.728552  0.202033  0.693137  0.649079  0.582691  0.097472  0.065247  0.590385  0.760023  0.226203  0.189784  0.210285  0.289397  0.326401  0.447961  0.079188  0.080997  0.894050  0.406097  0.214820  0.118943  0.804988  0.618464  0.701289  0.615850  0.408661  0.630896  0.303447  0.265291  0.612025  0.029162  0.671431  0.804808  0.056355  0.105067  0.043414  0.532899  0.806508  0.840634  0.083398  0.060340  0.072540  0.403695  0.807825  0.725215  0.402810  0.415583  0.551458  0.494332  0.708879  0.838086  0.548713
  0.643700  0.694976  0.795909  0.830497  0.696020  0.592205  0.041127  0.184616  0.356023  0.183782  0.108704  0.473927  0.792855  0.830684  0.827831  0.881616  0.046459  0.501765  0.499824  0.622325  0.298091  0.525272  0.534022  0.805863  0.875073  0.826346  0.821478  0.789592  0.884675  0.388846  0.882236  0.430554  0.494045  0.545100  0.341474  0.578334  0.651809  0.274490  0.849158  0.133449  0.063646  0.748641  0.818630  0.658851  0.670207  0.164038  0.202710  0.221919  0.274870  0.366238  0.464661  0.390382  0.134351  0.276998  0.161588  0.307613  0.467152  0.049088  0.577376  0.903021  0.715733  0.849570  0.113637  0.570123  0.418040  0.090031  0.900560  0.501592  0.521035  0.703968  0.547107  0.015274  0.939860  0.871186  0.902138  0.694170  0.814859  0.076999  0.403845  0.111115  0.242167  0.755950  0.106752  0.116782  0.729761  0.203050  0.686305  0.645674  0.583377  0.097292  0.065056  0.589935  0.760466  0.225939  0.188176  0.208405  0.289234  0.324336  0.445113  0.081482  0.078190  0.891585  0.408129  0.214977  0.118528  0.804147  0.618359  0.702134  0.616498  0.409671  0.634620  0.305418  0.263562  0.610565  0.028497  0.670091  0.806432  0.056416  0.105467  0.042610  0.534450  0.809584  0.840524  0.084145  0.059584  0.073861  0.403815  0.808018  0.726778  0.402048  0.413665  0.551252  0.494454  0.707772  0.838101  0.551353
  0.645700  0.696807  0.796359  0.831739  0.698621  0.593750  0.040976  0.184277  0.357706  0.182592  0.108959  0.473119  0.790204  0.830564  0.829317  0.882337  0.046229  0.505009  0.501233  0.624867  0.299434  0.529430  0.534893  0.807554  0.874065  0.827696  0.823511  0.798090  0.883265  0.387918  0.881008  0.431957  0.493842  0.546220  0.344972  0.581165  0.654193  0.275976  0.848555  0.133214  0.063453  0.750495  0.820607  0.661740  0.674164  0.162609  0.199990  0.219020  0.272204  0.362513  0.462593  0.390437  0.133943  0.276947  0.159625  0.306535  0.470304  0.048943  0.578479  0.903976  0.713047  0.846397  0.112823  0.570562  0.417652  0.090553  0.902154  0.502252  0.522115  0.706471  0.547184  0.015107  0.945672  0.869114  0.903923  0.696095  0.815788  0.076233  0.402542  0.110496  0.240557  0.755145  0.105857  0.113333  0.731523  0.203303  0.686644  0.646024  0.584091  0.097688  0.065701  0.590359  0.759915  0.226910  0.188266  0.209080  0.288345  0.323093  0.443732  0.081572  0.077406  0.892053  0.411809  0.214494  0.119050  0.805594  0.620554  0.701663  0.616149  0.412200  0.635414  0.303548  0.271065  0.612997  0.029056  0.672013  0.807443  0.056333  0.103816  0.044643  0.535035  0.811604  0.841213  0.084315  0.059205  0.073112  0.405957  0.810975  0.726541  0.404350  0.412756  0.551219  0.494930  0.709691  0.839530  0.554668
  0.647700  0.697481  0.794911  0.831769  0.699922  0.595414  0.040602  0.183665  0.355627  0.183577  0.109193  0.473618  0.793481  0.831122  0.830663  0.886182  0.046843  0.505357  0.504873  0.625002  0.300499  0.532954  0.536977  0.810024  0.875801  0.829925  0.822915  0.802358  0.885997  0.387799  0.883651  0.435389  0.495298  0.546311  0.346478  0.588151  0.658327  0.278372  0.852254  0.132574  0.062895  0.750474  0.820621  0.664590  0.672791  0.161392  0.201016  0.214820  0.272679  0.362919  0.464833  0.388040  0.134399  0.277809  0.160205  0.304953  0.471562  0.048911  0.580622  0.903948  0.716124  0.842549  0.114696  0.570510  0.418714  0.089872  0.899533  0.504598  0.522836  0.707135  0.548000  0.015439  0.944677  0.876834  0.903924  0.696392  0.816827  0.077180  0.402083  0.109714  0.239509  0.755495  0.107027  0.110435  0.732141  0.198118  0.688648  0.649085  0.584063  0.097744  0.066533  0.588017  0.761297  0.227555  0.184655  0.208429  0.286824  0.324233  0.444893  0.081315  0.075271  0.892172  0.414102  0.214057  0.119198  0.805228  0.619353  0.701467  0.618755  0.412702  0.636829  0.303540  0.270362  0.612988  0.029061  0.674711  0.807705  0.056288  0.103687  0.044111  0.539189  0.810583  0.841112  0.084300  0.060002  0.072816  0.406790  0.809860  0.727594  0.403330  0.412532  0.550631  0.495258  0.708574  0.840335  0.557083
  0.649700  0.700010  0.796345  0.832552  0.702324  0.595524  0.040579  0.183361  0.355691  0.181713  0.107983  0.472854  0.791298  0.831144  0.831307  0.885939  0.047269  0.513220  0.506321  0.627799  0.299681  0.533557  0.537575  0.810262  0.876140  0.831175  0.824405  0.799952  0.885998  0.386894  0.880727  0.437705  0.494591  0.548983  0.347935  0.593252  0.659872  0.280800  0.850415  0.132632  0.064269  0.752424  0.822148  0.663471  0.673088  0.161127  0.200242  0.224339  0.275333  0.359843  0.463018  0.387724  0.134459  0.278029  0.158309  0.304906  0.473783  0.048849  0.582640  0.904564  0.709164  0.838683  0.112679  0.571613  0.420710  0.090896  0.901696  0.506678  0.523458  0.708376  0.547698  0.015346  0.948580  0.871394  0.904899  0.698520  0.814060  0.076566  0.400548  0.109000  0.238884  0.755773  0.105297  0.112509  0.734384  0.197188  0.688458  0.650631  0.585015  0.097696  0.065338  0.588761  0.762263  0.226857  0.184206  0.205673  0.285006  0.323103  0.441891  0.080809  0.074292  0.888364  0.416097  0.213522  0.119413  0.805687  0.621114  0.701612  0.616030  0.413735  0.636798  0.305691  0.270090  0.614011  0.029821  0.674036  0.809717  0.055866  0.104915  0.044223  0.540938  0.812698  0.842516  0.084313  0.059820  0.073492  0.409428  0.812304  0.728143  0.402840  0.410314  0.549803  0.494756  0.710182  0.838875  0.558272
  0.651700  0.702227  0.795899  0.834264  0.704448  0.596226  0.040822  0.183125  0.354888  0.181669  0.108239  0.473073  0.791071  0.831844  0.830980  0.884112  0.046516  0.513614  0.504539  0.628917  0.301913  0.535372  0.538914  0.812514  0.877040  0.830531  0.823598  0.807619  0.874698  0.386249  0.888943  0.440364  0.495926  0.549380  0.350635  0.599050  0.663271  0.282753  0.851684  0.132285  0.063607  0.748972  0.822145  0.663131  0.672121  0.160775  0.199310  0.218365  0.271957  0.364169  0.462676  0.386949  0.133879  0.278822  0.159265  0.305381  0.478779  0.048840  0.583687  0.905503  0.716258  0.834856  0.113478  0.572035  0.421007  0.090068  0.898724  0.508475  0.525653  0.707675  0.550829  0.015313  0.944791  0.874481  0.904892  0.698462  0.812976  0.076731  0.400158  0.108525  0.238216  0.756705  0.109395  0.114584  0.735167  0.196843  0.692112  0.648671  0.586062  0.097646  0.066147  0.588671  0.761998  0.227108  0.182807  0.200501  0.285312  0.321636  0.443110  0.080521  0.072623  0.894047  0.419239  0.212435  0.119323  0.804877  0.626105  0.707156  0.616267  0.414675  0.639054  0.305538  0.268696  0.614285  0.029571  0.684273  0.810735  0.055871  0.104442  0.043496  0.543260  0.813040  0.843118  0.084882  0.060389  0.073511  0.410995  0.811840  0.729307  0.401656  0.408434  0.549027  0.495470  0.709860  0.840111  0.562168
  0.653700  0.703466  0.795723  0.834054  0.706760  0.596231  0.040446  0.182348  0.355070  0.181698  0.108277  0.472389  0.791721  0.831842  0.830974  0.886523  0.047375  0.513611  0.506695  0.630916  0.303015  0.536080  0.541152  0.813317  0.875888  0.831339  0.823125  0.806172  0.883809  0.385729  0.888091  0.441967  0.496632  0.550571  0.351650  0.606442  0.665768  0.284740  0.852880  0.133242  0.063533  0.751709  0.818859  0.665131  0.674159  0.160605  0.201011  0.219471  0.270340  0.359064  0.460974  0.385662  0.133907  0.278610  0.158050  0.305566  0.481014  0.048599  0.586647  0.904848  0.713195  0.830997  0.111947  0.573036  0.422645  0.090344  0.904282  0.510648  0.525756  0.709033  0.548639  0.015330  0.943598  0.875331  0.905786  0.699476  0.820247  0.077160  0.398485  0.107705  0.237226  0.757228  0.102505  0.112287  0.737756  0.185529  0.692825  0.650921  0.585759  0.097486  0.065266  0.587799  0.764315  0.228236  0.180085  0.200246  0.283441  0.318828  0.441068  0.082212  0.070695  0.891494  0.420184  0.212535  0.119362  0.805514  0.624151  0.708261  0.617947  0.416566  0.639719  0.306508  0.267855  0.614250  0.029706  0.678148  0.812815  0.055742  0.103958  0.044502  0.544543  0.812682  0.842401  0.083462  0.059852  0.073930  0.412744  0.812113  0.729328  0.399219  0.406466  0.547278  0.495631  0.708110  0.841096  0.562090
  0.655700  0.705110  0.794654  0.835522  0.709435  0.597619  0.040492  0.181593  0.353873  0.180324  0.107409  0.471864  0.792163  0.833126  0.830772  0.881428  0.045430  0.513770  0.505446  0.631041  0.302901  0.537609  0.539217  0.813707  0.876268  0.832648  0.825203  0.809843  0.890835  0.385685  0.884595  0.445146  0.496280  0.552966  0.353459  0.611503  0.669997  0.284970  0.851513  0.132570  0.061881  0.751555  0.820925  0.664732  0.673454  0.160061  0.198118  0.219659  0.272871  0.359883  0.460091  0.382720  0.133976  0.279012  0.156424  0.305122  0.481887  0.048714  0.588529  0.906780  0.715594  0.824861  0.112809  0.573086  0.422237  0.090636  0.898506  0.511898  0.527514  0.709540  0.550795  0.015392  0.940297  0.873527  0.905781  0.701563  0.815632  0.077504  0.398246  0.107309  0.236702  0.756642  0.103359  0.110936  0.739301  0.193521  0.692955  0.652895  0.585702  0.098031  0.065829  0.586624  0.763646  0.228066  0.182368  0.210123  0.283258  0.319952  0.442978  0.082271  0.070038  0.891406  0.422621  0.212439  0.119769  0.805677  0.626471  0.705973  0.615449  0.418539  0.640664  0.307162  0.269050  0.614976  0.030446  0.690052  0.813177  0.055744  0.102830  0.045027  0.546335  0.811163  0.845218  0.083072  0.060800  0.073777  0.412495  0.813036  0.728418  0.402203  0.404857  0.547475  0.497157  0.708893  0.841266  0.565950
  0.657700  0.706945  0.795539  0.836496  0.710243  0.597932  0.040405  0.181200  0.352881  0.180186  0.107566  0.471248  0.791577  0.833703  0.829660  0.884305  0.045959  0.518094  0.509986  0.633259  0.302816  0.538192  0.539478  0.815941  0.876435  0.832263  0.825454  0.813426  0.885838  0.385023  0.887528  0.446824  0.495521  0.552496  0.355691  0.613731  0.672443  0.286904  0.853423  0.131750  0.062337  0.752751  0.822147  0.664117  0.674374  0.158597  0.197948  0.214642  0.271795  0.357993  0.461225  0.381929  0.133972  0.279580  0.156789  0.305534  0.486440  0.048875  0.588640  0.907167  0.715985  0.824235  0.112346  0.572876  0.422334  0.090630  0.904852  0.514100  0.527938  0.710016  0.550166  0.015396  0.947541  0.879011  0.906667  0.702634  0.820975  0.077570  0.397362  0.106291  0.235152  0.757252  0.103999  0.110387  0.740469  0.196926  0.692324  0.651924  0.587668  0.097863  0.065809  0.587320  0.764814  0.227433  0.183212  0.208084  0.280398  0.316938  0.442146  0.081828  0.067087  0.893491  0.423486  0.211983  0.119620  0.805735  0.627589  0.707467  0.621432  0.420107  0.641847  0.306162  0.270953  0.615296  0.030734  0.682170  0.814706  0.055534  0.103257  0.044928  0.546901  0.812776  0.852828  0.084374  0.060967  0.073768  0.416124  0.815445  0.731404  0.400856  0.404499  0.546313  0.497624  0.709330  0.842595  0.570260
  0.659700  0.708714  0.795779  0.837033  0.712375  0.598453  0.040110  0.180982  0.352796  0.178709  0.107496  0.471707  0.794000  0.833719  0.833239  0.887228  0.046038  0.517943  0.506323  0.634285  0.305274  0.539200  0.539925  0.815936  0.876342  0.834453  0.826074  0.812659  0.894192  0.384320  0.886676  0.448072  0.496734  0.557492  0.357325  0.624616  0.676012  0.288030  0.854489  0.131801  0.061921  0.752746  0.823244  0.664987  0.674015  0.157915  0.199055  0.214983  0.266003  0.358589  0.457648  0.382015  0.134035  0.280109  0.156650  0.306765  0.491013  0.049343  0.590622  0.906521  0.716155  0.820222  0.111920  0.573916  0.423306  0.090416  0.907143  0.514539  0.528552  0.709321  0.549676  0.015315  0.945745  0.873048  0.904968  0.702665  0.818973  0.077409  0.396360  0.105971  0.234903  0.757743  0.102636  0.109110  0.742389  0.194796  0.693109  0.653242  0.587021  0.098053  0.065767  0.585777  0.765422  0.227357  0.183723  0.204336  0.281334  0.316682  0.439846  0.082887  0.068157  0.893490  0.424767  0.211363  0.119807  0.805754  0.628524  0.707467  0.619329  0.420370  0.640805  0.305510  0.270381  0.616919  0.030002  0.684385  0.816192  0.055570  0.102327  0.045452  0.548515  0.816429  0.849210  0.085057  0.061915  0.073728  0.418974  0.816101  0.731292  0.401165  0.403658  0.545821  0.496992  0.709233  0.842559  0.572245
  0.661700  0.709876  0.796708  0.836946  0.716545  0.599612  0.039877  0.180535  0.353206  0.179068  0.107011  0.472377  0.793711  0.833110  0.829730  0.886096  0.047891  0.518360  0.505141  0.632770  0.303189  0.539766  0.539927  0.816121  0.877246  0.834183  0.827595  0.820750  0.892725  0.383877  0.887528  0.450967  0.498217  0.558367  0.358925  0.628261  0.678364  0.288212  0.855163  0.129895  0.061765  0.752045  0.822247  0.666188  0.674500  0.157404  0.197181  0.218305  0.268899  0.363273  0.457903  0.380650  0.134130  0.280875  0.153826  0.309180  0.494029  0.048722  0.592948  0.907074  0.712322  0.813941  0.112006  0.573958  0.425511  0.090687  0.904661  0.515903  0.529836  0.710685  0.550637  0.015381  0.947341  0.877307  0.907563  0.704167  0.818633  0.077546  0.395368  0.105976  0.233436  0.757404  0.097611  0.107491  0.744254  0.195733  0.692277  0.652295  0.588148  0.098408  0.066236  0.585268  0.766573  0.225540  0.179550  0.202717  0.278864  0.315575  0.441209  0.081405  0.066474  0.894342  0.426896  0.211308  0.119984  0.805682  0.629035  0.706019  0.617731  0.421307  0.640926  0.306277  0.270561  0.617802  0.031165  0.689154  0.817305  0.055410  0.103845  0.045275  0.550373  0.809090  0.848419  0.085587  0.061739  0.074546  0.418660  0.816892  0.731713  0.401186  0.401041  0.544903  0.497937  0.709214  0.844386  0.574602
  0.663700  0.711990  0.796510  0.838018  0.718257  0.600738  0.039934  0.179848  0.351814  0.178859  0.107004  0.471496  0.793349  0.834405  0.831126  0.885014  0.049113  0.517812  0.506993  0.633912  0.305114  0.540211  0.539728  0.818634  0.876878  0.836367  0.826693  0.819387  0.898345  0.383612  0.887528  0.453205  0.496698  0.559514  0.361777  0.635038  0.683505  0.290154  0.855673  0.131372  0.063043  0.753981  0.825221  0.663671  0.675808  0.156723  0.196670  0.215579  0.270773  0.355267  0.458414  0.379889  0.134266  0.280543  0.154593  0.308118  0.496055  0.049219  0.594073  0.908500  0.710618  0.810257  0.112517  0.574439  0.425478  0.090790  0.906218  0.518397  0.530386  0.710530  0.551391  0.015557  0.947181  0.876455  0.907566  0.704857  0.819022  0.077639  0.394552  0.104473  0.232850  0.757289  0.099740  0.107832  0.746385  0.190197  0.693189  0.654392  0.589148  0.098513  0.065689  0.584892  0.766933  0.225197  0.181509  0.200503  0.279205  0.313446  0.436694  0.081243  0.066385  0.893490  0.429399  0.210677  0.120397  0.806651  0.631075  0.706445  0.620085  0.423407  0.641629  0.305607  0.269859  0.616983  0.032029  0.686514  0.818425  0.055411  0.102895  0.045891  0.550917  0.815596  0.849815  0.084986  0.062058  0.074157  0.423668  0.818412  0.732353  0.402354  0.399220  0.544657  0.498424  0.708885  0.845103  0.577652
  0.665700  0.714842  0.797019  0.838925  0.720250  0.601548  0.039900  0.179475  0.348967  0.179715  0.106793  0.471937  0.794073  0.835703  0.835214  0.886798  0.045335  0.516821  0.509184  0.637259  0.306312  0.541586  0.539490  0.820353  0.876972  0.837105  0.826430  0.822233  0.895468  0.381214  0.886964  0.455166  0.499593  0.560768  0.362553  0.643868  0.685421  0.294061  0.856799  0.130681  0.061343  0.754461  0.823893  0.666033  0.676665  0.155389  0.196582  0.209631  0.263872  0.354700  0.455337  0.378951  0.134023  0.280933  0.154245  0.307099  0.500479  0.048442  0.596044  0.908688  0.710509  0.803983  0.112406  0.575344  0.427186  0.091193  0.908582  0.520308  0.530771  0.711662  0.554804  0.015291  0.948777  0.882700  0.908445  0.707247  0.822707  0.078545  0.393396  0.104331  0.231999  0.757537  0.103195  0.107033  0.749156  0.187201  0.695775  0.659463  0.589665  0.098546  0.065682  0.583905  0.767933  0.227137  0.177563  0.194109  0.276323  0.315384  0.439730  0.080096  0.064583  0.896346  0.431955  0.210343  0.120585  0.806559  0.630440  0.714433  0.621220  0.423737  0.642839  0.308277  0.270397  0.617892  0.031655  0.693282  0.820185  0.055038  0.102482  0.046926  0.553738  0.818058  0.849019  0.085647  0.062276  0.075099  0.421974  0.818251  0.732757  0.405209  0.398188  0.543366  0.497790  0.710551  0.844906  0.580287
  0.667700  0.716488  0.796425  0.838607  0.723077  0.601955  0.039814  0.179566  0.351633  0.177800  0.106449  0.472022  0.793853  0.835006  0.834858  0.893020  0.047562  0.514957  0.507289  0.636620  0.303720  0.543237  0.539521  0.820411  0.875991  0.837068  0.827814  0.820186  0.895458  0.382678  0.883931  0.456508  0.500180  0.560847  0.361657  0.650191  0.688917  0.297015  0.854334  0.131159  0.060875  0.753831  0.826782  0.665459  0.673120  0.156133  0.192000  0.211633  0.264584  0.357227  0.452504  0.378452  0.134265  0.282405  0.154696  0.309878  0.505189  0.049309  0.599241  0.909023  0.709864  0.802241  0.111936  0.574702  0.428509  0.091074  0.906936  0.521973  0.532207  0.711733  0.554062  0.015495  0.942011  0.872881  0.908530  0.706951  0.824950  0.077995  0.393332  0.103980  0.230709  0.756848  0.103607  0.109046  0.749248  0.182141  0.694298  0.656409  0.589597  0.098288  0.065505  0.582927  0.768951  0.226560  0.176701  0.201094  0.274274  0.310566  0.433126  0.081341  0.064301  0.891580  0.433900  0.211698  0.120323  0.806628  0.629641  0.707994  0.619179  0.424569  0.643755  0.309407  0.270411  0.619187  0.031728  0.689466  0.820986  0.055360  0.103622  0.046475  0.555910  0.809979  0.848300  0.085659  0.062804  0.074443  0.426669  0.819025  0.732731  0.408655  0.395709  0.542375  0.498646  0.710484  0.844340  0.582557
  0.670200  0.718564  0.797490  0.838628  0.726579  0.602712  0.040863  0.178572  0.349886  0.177452  0.106269  0.472107  0.793640  0.835559  0.832665  0.891404  0.048126  0.512579  0.505898  0.636975  0.305782  0.540578  0.536313  0.820614  0.876007  0.837913  0.827478  0.823196  0.893363  0.379918  0.885066  0.458391  0.497449  0.560694  0.367025  0.655401  0.691753  0.296126  0.856651  0.130236  0.063607  0.753141  0.823117  0.663367  0.677572  0.154376  0.193523  0.213862  0.267817  0.353090  0.453937  0.376514  0.134211  0.282029  0.148655  0.309807  0.500909  0.048736  0.600809  0.908421  0.708223  0.793940  0.111314  0.575673  0.429914  0.091064  0.909036  0.524018  0.533356  0.711733  0.552889  0.015327  0.953400  0.877406  0.908528  0.709570  0.824198  0.077616  0.391248  0.103661  0.230188  0.757430  0.101017  0.108506  0.750075  0.186800  0.695312  0.653117  0.589494  0.098359  0.065743  0.581774  0.771058  0.227429  0.175907  0.194800  0.274626  0.308582  0.434703  0.082110  0.062899  0.891023  0.434839  0.210057  0.120260  0.806295  0.631555  0.707797  0.620227  0.425466  0.642996  0.306907  0.269112  0.618660  0.032404  0.694947  0.821924  0.055213  0.101392  0.046549  0.555219  0.816710  0.849028  0.086191  0.062972  0.075190  0.422939  0.819035  0.733471  0.408455  0.393746  0.540235  0.498975  0.711537  0.844249  0.585322
  0.673200  0.723253  0.795896  0.840421  0.729474  0.604459  0.039962  0.178794  0.349725  0.177046  0.106149  0.472594  0.792452  0.836075  0.834777  0.890404  0.046749  0.515161  0.505213  0.638151  0.307861  0.541249  0.536008  0.822857  0.875550  0.839640  0.828807  0.827934  0.896802  0.380064  0.886860  0.462045  0.500295  0.564305  0.369952  0.668302  0.696599  0.300041  0.858959  0.130062  0.060792  0.754946  0.824652  0.666770  0.680046  0.153819  0.191572  0.214530  0.266398  0.354744  0.453208  0.375526  0.134362  0.282359  0.153437  0.313442  0.513194  0.049163  0.604218  0.909565  0.704811  0.786865  0.110368  0.575831  0.431659  0.090820  0.906218  0.525974  0.533648  0.710728  0.552051  0.015258  0.949689  0.880057  0.908533  0.710812  0.827174  0.077937  0.390471  0.102107  0.228557  0.758407  0.100845  0.103311  0.754215  0.183834  0.696034  0.659819  0.590628  0.098476  0.065429  0.580575  0.771245  0.229465  0.174906  0.193528  0.271075  0.307042  0.433141  0.084177  0.061613  0.891111  0.438666  0.210171  0.120688  0.806234  0.630081  0.710508  0.620452  0.425732  0.643158  0.309586  0.269525  0.619080  0.032754  0.693587  0.824000  0.055420  0.102830  0.047371  0.561203  0.817435  0.847500  0.086024  0.063492  0.074616  0.428706  0.821017  0.734855  0.414195  0.391442  0.538625  0.498524  0.710892  0.845948  0.590298
  0.676200  0.725926  0.796328  0.842409  0.734194  0.606684  0.039362  0.178076  0.349389  0.178039  0.105706  0.473807  0.793971  0.837398  0.839624  0.893107  0.047238  0.513395  0.508349  0.642625  0.313052  0.544572  0.537278  0.824576  0.877807  0.840013  0.829081  0.826234  0.898776  0.378840  0.886860  0.464509  0.503081  0.570341  0.373524  0.677309  0.699980  0.302112  0.859549  0.129181  0.061257  0.754685  0.825216  0.667017  0.679404  0.153649  0.190297  0.211639  0.265378  0.352023  0.453974  0.373967  0.133595  0.282659  0.150844  0.312066  0.519045  0.048836  0.606228  0.910424  0.703706  0.779769  0.109518  0.576457  0.434614  0.091173  0.910136  0.530047  0.536138  0.711802  0.559158  0.015425  0.949453  0.877507  0.909423  0.712304  0.827741  0.078353  0.389377  0.101705  0.227327  0.757966  0.101526  0.102546  0.757357  0.184174  0.698540  0.659782  0.591261  0.098707  0.065555  0.581163  0.770549  0.228865  0.173886  0.191742  0.270564  0.307978  0.431356  0.081615  0.060729  0.892812  0.440625  0.209717  0.120919  0.806643  0.632797  0.707277  0.621376  0.427394  0.642568  0.310496  0.270866  0.619791  0.032669  0.697159  0.825924  0.055309  0.102965  0.047945  0.560412  0.819624  0.847286  0.086712  0.063726  0.075816  0.431932  0.821519  0.736304  0.422369  0.389058  0.538543  0.500518  0.714809  0.845858  0.591946
  0.679200  0.729504  0.795183  0.842535  0.736803  0.608720  0.039022  0.178163  0.349133  0.176783  0.105601  0.475990  0.793210  0.836070  0.833324  0.889035  0.047430  0.513451  0.503096  0.637609  0.312549  0.541852  0.533777  0.826127  0.878598  0.842596  0.831879  0.832377  0.900828  0.379385  0.885345  0.466589  0.500351  0.567769  0.375120  0.684843  0.704284  0.303587  0.860658  0.129470  0.060785  0.755904  0.827655  0.665707  0.682164  0.153132  0.189972  0.213060  0.260426  0.346329  0.449633  0.372513  0.133520  0.283793  0.149725  0.313727  0.521667  0.049426  0.608575  0.911090  0.700637  0.771268  0.110435  0.577075  0.436866  0.091283  0.909420  0.531317  0.537023  0.711608  0.552590  0.015384  0.952965  0.876008  0.910231  0.713368  0.827005  0.077661  0.388608  0.100958  0.226856  0.757779  0.100164  0.101522  0.760649  0.178342  0.699376  0.659240  0.592333  0.098610  0.065235  0.579198  0.771210  0.228782  0.173164  0.190396  0.268829  0.306094  0.430789  0.082443  0.058404  0.887043  0.442492  0.209501  0.121050  0.807401  0.630530  0.713539  0.620147  0.427626  0.642118  0.310116  0.272240  0.620521  0.033018  0.700297  0.828107  0.055060  0.102070  0.047476  0.561733  0.816301  0.849303  0.087427  0.063432  0.075703  0.433014  0.823985  0.735968  0.424859  0.385639  0.537398  0.499691  0.709115  0.847317  0.596747
  0.682200  0.732415  0.796175  0.843966  0.742136  0.610548  0.039027  0.177830  0.349214  0.177284  0.105507  0.476194  0.794214  0.837871  0.838046  0.889760  0.047434  0.513730  0.504163  0.638783  0.311687  0.543110  0.531879  0.828007  0.880302  0.842400  0.831867  0.835043  0.902176  0.379908  0.888000  0.470130  0.499880  0.570746  0.376274  0.692275  0.707059  0.303365  0.861863  0.127800  0.059756  0.757703  0.829993  0.665044  0.685254  0.152995  0.189690  0.204589  0.262824  0.350517  0.450045  0.370538  0.133657  0.284923  0.148572  0.318601  0.525738  0.049041  0.610058  0.911444  0.703929  0.762802  0.110596  0.577583  0.440976  0.091463  0.908200  0.534165  0.538236  0.710582  0.556767  0.015393  0.947541  0.880337  0.910306  0.715731  0.824670  0.079562  0.387834  0.100142  0.225402  0.757689  0.098932  0.100890  0.761639  0.184411  0.696881  0.660312  0.593984  0.098343  0.065736  0.579210  0.772569  0.227410  0.171725  0.189775  0.267422  0.304627  0.428675  0.082558  0.057561  0.889702  0.443982  0.210328  0.121467  0.806932  0.631401  0.711592  0.620997  0.426682  0.641496  0.309631  0.272962  0.618920  0.033387  0.709378  0.829839  0.054828  0.101048  0.047675  0.565895  0.817129  0.849202  0.087472  0.064592  0.076646  0.434429  0.824546  0.737080  0.427722  0.382492  0.535752  0.501412  0.714449  0.847182  0.600673
  0.685200  0.736893  0.795328  0.845178  0.742720  0.611353  0.039084  0.178539  0.347124  0.176848  0.104838  0.477539  0.793561  0.837232  0.835645  0.893008  0.046836  0.510460  0.502134  0.636492  0.313888  0.543823  0.532431  0.830467  0.882541  0.845355  0.832884  0.837902  0.902746  0.378857  0.887240  0.471818  0.501164  0.571454  0.378193  0.699267  0.711431  0.305162  0.861141  0.128285  0.060474  0.757485  0.830099  0.664850  0.684326  0.151333  0.189187  0.211134  0.261834  0.345539  0.449320  0.371137  0.133876  0.284424  0.147158  0.316935  0.531461  0.050011  0.613979  0.912323  0.698308  0.755868  0.111011  0.578013  0.444051  0.091318  0.902721  0.536346  0.539084  0.708934  0.557396  0.015435  0.945429  0.882987  0.911125  0.717461  0.828209  0.079200  0.386640  0.099883  0.224595  0.758057  0.094849  0.102590  0.764120  0.186210  0.699267  0.663173  0.595119  0.098790  0.065740  0.577577  0.773271  0.227839  0.173875  0.188932  0.268384  0.302410  0.428478  0.082440  0.057433  0.890643  0.447913  0.209523  0.121109  0.807828  0.636211  0.712004  0.624918  0.425744  0.641449  0.310015  0.271905  0.622861  0.034334  0.709282  0.831299  0.055076  0.101627  0.049583  0.565427  0.820153  0.849692  0.088136  0.063795  0.077200  0.436773  0.825181  0.737568  0.425219  0.381575  0.534498  0.501427  0.710541  0.848301  0.604172
  0.688200  0.738734  0.794627  0.845778  0.747248  0.611983  0.038565  0.177817  0.346048  0.176495  0.104737  0.478142  0.795193  0.839828  0.839208  0.890939  0.046663  0.513207  0.500123  0.638667  0.314940  0.545065  0.529869  0.830360  0.883825  0.845884  0.832143  0.836303  0.904032  0.378493  0.887620  0.473761  0.500689  0.573679  0.382097  0.706403  0.713952  0.308312  0.862305  0.126167  0.060081  0.757132  0.826755  0.664532  0.683722  0.152504  0.188928  0.209778  0.263222  0.345432  0.449937  0.369805  0.134343  0.285032  0.146459  0.316817  0.535365  0.049076  0.616825  0.913100  0.695969  0.746746  0.109953  0.578970  0.444961  0.090923  0.908103  0.537975  0.540861  0.709203  0.557755  0.015386  0.953466  0.877408  0.912015  0.719817  0.831384  0.078589  0.386333  0.099147  0.224055  0.757394  0.095315  0.103740  0.765815  0.182035  0.700017  0.663194  0.596606  0.098994  0.065080  0.578722  0.775479  0.228728  0.171992  0.188162  0.267052  0.301263  0.426704  0.080629  0.057985  0.895280  0.449750  0.209409  0.121216  0.808504  0.637503  0.712735  0.621824  0.426908  0.640366  0.309266  0.273607  0.621846  0.034166  0.712309  0.833741  0.054917  0.100763  0.049039  0.566611  0.821157  0.848777  0.088889  0.064073  0.077364  0.441278  0.826290  0.738760  0.419696  0.377770  0.532144  0.502191  0.705647  0.847854  0.608215
  0.691200  0.742519  0.795787  0.847720  0.749026  0.615287  0.038687  0.177574  0.348252  0.176606  0.104918  0.477080  0.793838  0.840895  0.841805  0.893754  0.047710  0.512078  0.501540  0.642938  0.315174  0.547807  0.531735  0.833733  0.888599  0.846471  0.834062  0.840400  0.906746  0.378602  0.889525  0.476972  0.502676  0.576379  0.384356  0.716235  0.718499  0.312414  0.864739  0.127420  0.060543  0.758860  0.831565  0.667533  0.682348  0.152831  0.188992  0.210996  0.256111  0.345917  0.449794  0.368534  0.133666  0.285834  0.143984  0.317473  0.543262  0.049826  0.619214  0.914782  0.693113  0.735910  0.108056  0.580544  0.444633  0.091809  0.906157  0.541357  0.542301  0.707380  0.561362  0.015481  0.948187  0.882702  0.912018  0.721854  0.834709  0.079231  0.385855  0.098859  0.223437  0.758167  0.101233  0.103195  0.769323  0.180975  0.703491  0.662722  0.599037  0.099022  0.065134  0.579488  0.777644  0.229237  0.171594  0.187969  0.266090  0.299777  0.428132  0.082675  0.055270  0.897200  0.452274  0.209995  0.121593  0.808729  0.635806  0.715884  0.624253  0.425421  0.638229  0.311271  0.275294  0.623150  0.034577  0.718528  0.836564  0.054716  0.100730  0.050054  0.567264  0.821005  0.850706  0.089632  0.063813  0.078309  0.441231  0.827425  0.739874  0.421263  0.375768  0.530886  0.501507  0.711417  0.849017  0.612303
  0.694200  0.747105  0.795364  0.848488  0.750556  0.614066  0.038656  0.177809  0.346059  0.175437  0.104934  0.476817  0.794372  0.841506  0.838817  0.895542  0.047796  0.514891  0.500902  0.641092  0.317277  0.546687  0.530318  0.835300  0.892295  0.848337  0.834012  0.839500  0.907328  0.378318  0.887712  0.479336  0.501956  0.576913  0.387265  0.721641  0.720908  0.313469  0.865277  0.127597  0.059141  0.759235  0.834012  0.664998  0.685821  0.148887  0.186215  0.200075  0.257130  0.341395  0.445812  0.368714  0.134316  0.286567  0.146212  0.319430  0.545228  0.049257  0.622226  0.915291  0.690273  0.727278  0.108498  0.580878  0.444953  0.092039  0.909135  0.541658  0.542919  0.705595  0.560382  0.015611  0.946946  0.878359  0.912844  0.722634  0.835026  0.079153  0.385244  0.098383  0.222964  0.758071  0.098039  0.102631  0.770117  0.179158  0.700977  0.667284  0.601131  0.099520  0.066224  0.576498  0.778833  0.229745  0.171335  0.187746  0.263508  0.299730  0.428040  0.082242  0.057253  0.889413  0.454145  0.209922  0.121575  0.809211  0.634327  0.712550  0.624064  0.423599  0.637743  0.310990  0.276690  0.622072  0.034893  0.716547  0.838204  0.054832  0.102277  0.049103  0.573261  0.820995  0.849074  0.090560  0.064636  0.078442  0.443692  0.828714  0.740116  0.426674  0.374151  0.529347  0.502086  0.713005  0.848901  0.616084
  0.697200  0.746899  0.795176  0.849534  0.752205  0.617826  0.038423  0.176893  0.345886  0.175501  0.104903  0.478347  0.792934  0.841989  0.841056  0.892037  0.046600  0.514002  0.500615  0.641825  0.317893  0.547550  0.531042  0.837239  0.895550  0.847920  0.837370  0.842378  0.908744  0.378196  0.894001  0.480841  0.502639  0.576602  0.388710  0.722505  0.724354  0.311419  0.865684  0.125456  0.059394  0.757688  0.830768  0.666426  0.685098  0.150254  0.188458  0.203244  0.253329  0.341874  0.453240  0.367615  0.135178  0.286806  0.144580  0.320477  0.549978  0.049814  0.623600  0.914735  0.690330  0.718056  0.109656  0.580127  0.445362  0.091785  0.909328  0.545959  0.545140  0.704710  0.560255  0.015592  0.947987  0.882891  0.913655  0.723688  0.835654  0.080774  0.384424  0.097997  0.221577  0.757335  0.099314  0.102477  0.774097  0.179228  0.701708  0.668020  0.603828  0.099408  0.064851  0.575073  0.779152  0.230915  0.174869  0.187518  0.263585  0.300422  0.427856  0.083272  0.054570  0.894001  0.455806  0.209460  0.121559  0.809118  0.639903  0.716227  0.623992  0.421624  0.635350  0.311111  0.274899  0.624915  0.035671  0.720244  0.839205  0.054488  0.100665  0.050956  0.569959  0.821337  0.849776  0.091126  0.063696  0.079355  0.443889  0.829823  0.741517  0.431103  0.371051  0.528626  0.502537  0.713260  0.851432  0.620471
  0.700200  0.747522  0.791309  0.848239  0.753448  0.615502  0.038505  0.175992  0.347692  0.175780  0.104915  0.480240  0.795740  0.843910  0.844824  0.891975  0.047411  0.519204  0.503386  0.645895  0.320716  0.549968  0.532164  0.836190  0.896886  0.852244  0.834504  0.844197  0.908563  0.377401  0.889615  0.483977  0.499971  0.581591  0.391298  0.729223  0.726232  0.316082  0.865506  0.127444  0.060239  0.761755  0.832000  0.665406  0.684093  0.149803  0.184996  0.202379  0.263817  0.347325  0.447705  0.366130  0.133406  0.287651  0.143767  0.323166  0.556390  0.048742  0.627259  0.915399  0.683146  0.708654  0.108560  0.585664  0.448066  0.091864  0.904819  0.545747  0.545541  0.703869  0.563950  0.015714  0.945947  0.875981  0.913044  0.729477  0.836426  0.079394  0.385904  0.097475  0.221610  0.758834  0.096716  0.098164  0.777280  0.176134  0.704834  0.668637  0.602575  0.099585  0.064923  0.578332  0.780607  0.231061  0.166419  0.185422  0.263732  0.296794  0.426231  0.084309  0.052679  0.889615  0.459440  0.208911  0.121516  0.810172  0.637388  0.714419  0.621363  0.422246  0.636706  0.314018  0.274467  0.626253  0.036025  0.717742  0.842926  0.054764  0.100790  0.050981  0.572668  0.820968  0.851605  0.091853  0.066150  0.078741  0.450138  0.829977  0.739868  0.438187  0.366491  0.527628  0.502008  0.712435  0.850059  0.624008
  0.702000  0.748117  0.792391  0.848853  0.754155  0.615463  0.038203  0.176690  0.344733  0.175879  0.104983  0.480430  0.796412  0.840601  0.842964  0.893309  0.046882  0.519882  0.503620  0.646292  0.320753  0.550068  0.531960  0.837521  0.898674  0.852409  0.833153  0.851327  0.905833  0.377877  0.892029  0.485308  0.501103  0.578001  0.391755  0.730824  0.727132  0.317586  0.869367  0.125152  0.058023  0.760816  0.831263  0.663994  0.688375  0.150471  0.187146  0.211139  0.261439  0.348843  0.451842  0.366910  0.133061  0.287245  0.141741  0.322715  0.560056  0.049374  0.629049  0.914677  0.684660  0.701358  0.108226  0.585490  0.449593  0.092025  0.913189  0.546687  0.545849  0.702171  0.561111  0.015473  0.952012  0.884317  0.913941  0.729328  0.838498  0.079048  0.384513  0.097055  0.221016  0.758910  0.096658  0.099229  0.778196  0.179263  0.704189  0.668153  0.604225  0.099119  0.064975  0.576141  0.780143  0.229740  0.168380  0.186032  0.264181  0.300000  0.428448  0.083760  0.053956  0.891172  0.460122  0.210217  0.121750  0.809503  0.641644  0.714419  0.627552  0.420395  0.634659  0.312288  0.276489  0.627500  0.035794  0.723735  0.843645  0.054991  0.101454  0.051360  0.574861  0.822714  0.848241  0.092967  0.063375  0.078115  0.452138  0.830604  0.739202  0.438577  0.366586  0.527143  0.503005  0.714681  0.850606  0.625921
  0.704000  0.749430  0.793185  0.849091  0.752399  0.617722  0.038154  0.176277  0.343480  0.176763  0.104989  0.482305  0.798212  0.841296  0.843755  0.894108  0.046610  0.520903  0.502252  0.647218  0.320495  0.551711  0.532625  0.838560  0.898594  0.853101  0.835788  0.852343  0.909275  0.377683  0.892326  0.485763  0.503226  0.578998  0.391540  0.733061  0.729695  0.316597  0.871766  0.125329  0.058768  0.763484  0.831930  0.664841  0.686979  0.149379  0.185587  0.203948  0.257745  0.346463  0.449767  0.366454  0.133636  0.288719  0.142741  0.324259  0.561700  0.048739  0.630631  0.915495  0.683145  0.693478  0.109138  0.586569  0.450070  0.091408  0.908511  0.548382  0.546619  0.702711  0.563162  0.015542  0.948195  0.883746  0.913046  0.731369  0.839520  0.080016  0.384551  0.097490  0.221169  0.758838  0.097984  0.096011  0.780601  0.177264  0.702037  0.664920  0.606250  0.099099  0.064757  0.577898  0.780849  0.230979  0.169370  0.185844  0.263837  0.300645  0.426858  0.083731  0.052383  0.893184  0.460919  0.208411  0.121664  0.809970  0.641447  0.714419  0.626755  0.419037  0.633067  0.310708  0.276859  0.628306  0.036837  0.728104  0.844749  0.055126  0.101064  0.051973  0.570616  0.821375  0.849470  0.093761  0.064138  0.078084  0.452467  0.831309  0.740899  0.443128  0.363716  0.525703  0.502044  0.711020  0.850507  0.628187
  0.706000  0.752241  0.792276  0.850042  0.753826  0.617665  0.037772  0.176596  0.342933  0.176270  0.104771  0.483328  0.797443  0.843074  0.845428  0.894140  0.048318  0.523447  0.504280  0.648468  0.324045  0.551693  0.532939  0.839321  0.899409  0.855063  0.835031  0.849317  0.912002  0.376988  0.890226  0.488150  0.502251  0.580028  0.395754  0.736232  0.730016  0.318768  0.870472  0.126855  0.059140  0.760506  0.834207  0.664543  0.686936  0.149658  0.186279  0.202231  0.263380  0.346914  0.446314  0.365397  0.134307  0.288956  0.140920  0.325823  0.565739  0.049072  0.632892  0.916319  0.679591  0.688268  0.109091  0.587197  0.451253  0.092016  0.907593  0.550503  0.547723  0.700385  0.563547  0.015185  0.943086  0.881650  0.913863  0.732862  0.839225  0.080898  0.384359  0.096646  0.220613  0.757806  0.095798  0.101373  0.782376  0.177445  0.701646  0.667339  0.606465  0.099142  0.065776  0.576170  0.783113  0.232897  0.168697  0.186279  0.266124  0.299744  0.426074  0.082289  0.054111  0.891942  0.462499  0.210021  0.122172  0.810618  0.641342  0.712696  0.626993  0.417326  0.631525  0.312943  0.278869  0.628394  0.035897  0.727104  0.845276  0.054938  0.102043  0.051127  0.571806  0.822158  0.849255  0.094118  0.064844  0.079296  0.452077  0.831904  0.740369  0.445582  0.362839  0.523516  0.503581  0.713422  0.850376  0.631700
  0.708000  0.754254  0.793181  0.851713  0.753074  0.618930  0.038218  0.176481  0.344464  0.177065  0.105098  0.483733  0.797427  0.841660  0.844956  0.894502  0.047200  0.528652  0.505119  0.650265  0.324398  0.552878  0.531923  0.840893  0.901126  0.854648  0.836323  0.853964  0.912666  0.377922  0.890047  0.489153  0.502439  0.581631  0.395627  0.735305  0.733623  0.317982  0.872992  0.125935  0.059108  0.762971  0.835820  0.666347  0.690815  0.150002  0.185226  0.204814  0.257908  0.349060  0.446828  0.365544  0.133450  0.289315  0.140901  0.327294  0.567986  0.048904  0.634838  0.916368  0.680422  0.682370  0.107562  0.586904  0.452155  0.092440  0.906896  0.552351  0.549311  0.699263  0.563600  0.015584  0.938954  0.886611  0.913860  0.734039  0.839540  0.080297  0.384277  0.096601  0.220766  0.758696  0.095792  0.099400  0.783297  0.177838  0.702410  0.669436  0.609044  0.099196  0.064947  0.574736  0.782817  0.230772  0.170965  0.185741  0.265640  0.299317  0.429130  0.081990  0.053390  0.892624  0.463709  0.210019  0.121671  0.810789  0.641936  0.719942  0.626889  0.416847  0.631704  0.313278  0.276709  0.629565  0.037098  0.731712  0.846514  0.055073  0.101152  0.052252  0.571647  0.826246  0.848454  0.094890  0.064004  0.079173  0.454274  0.832115  0.741678  0.450456  0.360969  0.523401  0.502783  0.714782  0.850995  0.633206
  0.710000  0.755230  0.792711  0.851983  0.753333  0.619725  0.037977  0.177230  0.345348  0.176755  0.105141  0.485445  0.797187  0.843571  0.844111  0.897061  0.047472  0.531862  0.506452  0.655201  0.326992  0.556144  0.535289  0.840892  0.901126  0.856751  0.836590  0.850642  0.911895  0.379090  0.890316  0.490628  0.505067  0.581560  0.395384  0.736907  0.733303  0.320393  0.873455  0.125599  0.059422  0.762647  0.833638  0.667909  0.690611  0.148929  0.184833  0.202228  0.257669  0.341388  0.445758  0.366041  0.133995  0.288819  0.140340  0.328334  0.571947  0.048620  0.638307  0.915449  0.672493  0.675360  0.108569  0.586681  0.455139  0.092003  0.911414  0.553431  0.550191  0.697447  0.565186  0.015583  0.951225  0.880033  0.913794  0.733582  0.841068  0.080577  0.383491  0.096747  0.220563  0.758951  0.094173  0.097772  0.783532  0.176349  0.706929  0.670401  0.609398  0.098901  0.065527  0.574828  0.783552  0.232990  0.168380  0.185175  0.263753  0.299486  0.425364  0.080423  0.053143  0.888602  0.465393  0.209840  0.122642  0.809438  0.640532  0.719942  0.625945  0.415897  0.629724  0.314781  0.275542  0.630539  0.037065  0.728877  0.847665  0.055005  0.101109  0.052268  0.574898  0.824000  0.849066  0.095575  0.064640  0.079317  0.457982  0.832474  0.742095  0.453420  0.360036  0.523231  0.503627  0.713126  0.851857  0.634765
  0.712000  0.758227  0.792003  0.851854  0.752449  0.620641  0.037297  0.177201  0.343864  0.177105  0.105447  0.486433  0.795881  0.842758  0.845254  0.894972  0.046947  0.535217  0.507661  0.654533  0.330144  0.557379  0.536677  0.843009  0.902846  0.857895  0.836545  0.854463  0.912550  0.377487  0.886796  0.491987  0.503586  0.584276  0.396473  0.738564  0.737435  0.321178  0.875372  0.125957  0.058194  0.763351  0.832170  0.665699  0.691711  0.147857  0.185421  0.202745  0.257720  0.343483  0.450859  0.365239  0.133618  0.289593  0.139507  0.330864  0.576533  0.049791  0.638992  0.916225  0.670672  0.667113  0.107976  0.588191  0.455040  0.092033  0.908220  0.554745  0.550096  0.695348  0.565041  0.015596  0.948039  0.884223  0.914604  0.735553  0.846550  0.080089  0.384262  0.096373  0.220408  0.759897  0.099229  0.096398  0.786136  0.174786  0.705718  0.670634  0.610165  0.099410  0.065370  0.573795  0.784330  0.233482  0.167068  0.184906  0.264238  0.300344  0.429419  0.083565  0.053122  0.888511  0.466537  0.211562  0.122693  0.810635  0.640999  0.719942  0.626570  0.413592  0.628887  0.313432  0.280684  0.631457  0.037026  0.730020  0.849249  0.055010  0.101710  0.053157  0.573409  0.826632  0.847532  0.095805  0.064502  0.078916  0.457373  0.832917  0.742188  0.458758  0.357782  0.520924  0.504040  0.715455  0.851533  0.638243
  0.714000  0.759444  0.791209  0.853076  0.752595  0.621727  0.038226  0.178040  0.345463  0.177428  0.105920  0.487207  0.796763  0.844083  0.844470  0.895808  0.047486  0.538228  0.508903  0.656722  0.329222  0.559752  0.538728  0.844133  0.902761  0.857754  0.837659  0.854575  0.915284  0.378205  0.888895  0.493377  0.504259  0.583383  0.400004  0.737884  0.737180  0.322785  0.875842  0.124668  0.059302  0.763901  0.835917  0.665686  0.692559  0.148092  0.186273  0.202833  0.256716  0.345176  0.449252  0.365915  0.133567  0.289843  0.139347  0.330654  0.577923  0.049134  0.640236  0.917047  0.667529  0.660602  0.107851  0.589094  0.455852  0.092212  0.913303  0.555779  0.551323  0.693749  0.565293  0.015287  0.948886  0.879457  0.915509  0.737329  0.843761  0.081272  0.384732  0.096870  0.220464  0.759053  0.094038  0.099958  0.787241  0.176664  0.706837  0.671453  0.609650  0.098900  0.065532  0.574216  0.785502  0.233771  0.166882  0.185758  0.265124  0.298586  0.426773  0.082772  0.053104  0.888037  0.466968  0.211133  0.122845  0.811105  0.639306  0.718924  0.626755  0.412228  0.627666  0.314705  0.281870  0.634095  0.037263  0.734025  0.849762  0.055020  0.100070  0.053170  0.573141  0.817906  0.849448  0.096604  0.066562  0.079349  0.460010  0.834324  0.742997  0.462048  0.356895  0.519772  0.504206  0.714504  0.851912  0.640905
  0.716000  0.760974  0.793246  0.853449  0.751649  0.621755  0.037542  0.178162  0.343341  0.177418  0.105409  0.488095  0.797974  0.845885  0.846662  0.896455  0.045745  0.541184  0.511335  0.658102  0.332325  0.561128  0.541619  0.844054  0.904575  0.859049  0.837402  0.858369  0.913142  0.378713  0.890728  0.495462  0.506029  0.583249  0.401010  0.740464  0.738599  0.322284  0.876445  0.124697  0.059548  0.764111  0.831367  0.665856  0.693152  0.150262  0.186321  0.203534  0.262485  0.343468  0.446655  0.364248  0.133518  0.289669  0.139973  0.331674  0.582841  0.049029  0.640061  0.917029  0.667917  0.653043  0.109813  0.589011  0.456211  0.092454  0.911273  0.558524  0.552155  0.692965  0.566025  0.015597  0.949455  0.880400  0.916327  0.736967  0.845601  0.080930  0.384195  0.096746  0.220358  0.759386  0.098626  0.100519  0.787821  0.175220  0.707568  0.667507  0.612558  0.099007  0.065446  0.571433  0.785584  0.234637  0.166786  0.186235  0.263690  0.300954  0.431336  0.083777  0.052093  0.889867  0.468960  0.212143  0.122723  0.810474  0.639696  0.720242  0.626530  0.409576  0.626248  0.313866  0.280000  0.632365  0.037497  0.735991  0.852209  0.054634  0.099132  0.053470  0.571736  0.824388  0.848741  0.096969  0.065909  0.079584  0.462276  0.834854  0.743543  0.466113  0.354223  0.518826  0.503514  0.714675  0.854099  0.642833
  0.718000  0.760428  0.793422  0.852176  0.749703  0.622621  0.037982  0.178270  0.343060  0.178627  0.105684  0.490601  0.796773  0.845883  0.847956  0.897726  0.047446  0.544652  0.510668  0.661281  0.332559  0.562232  0.542569  0.844858  0.903666  0.859407  0.838109  0.861726  0.916610  0.378393  0.891024  0.496381  0.503733  0.585648  0.402172  0.741483  0.738852  0.324726  0.876444  0.124990  0.059318  0.763552  0.833879  0.666340  0.695943  0.148303  0.185443  0.202075  0.261103  0.341157  0.448442  0.366171  0.133894  0.290388  0.138087  0.334067  0.584506  0.049158  0.643700  0.917125  0.667320  0.647752  0.107630  0.588879  0.457019  0.092447  0.910937  0.558408  0.552515  0.691255  0.565659  0.015635  0.947477  0.888439  0.915419  0.737949  0.844698  0.081336  0.384977  0.095986  0.220411  0.758854  0.094014  0.100391  0.789475  0.173379  0.706808  0.670781  0.613576  0.099239  0.065730  0.571146  0.784059  0.231355  0.168037  0.186564  0.264894  0.301001  0.429139  0.083794  0.052671  0.890163  0.470576  0.212067  0.123148  0.810546  0.642507  0.720747  0.628281  0.408253  0.625001  0.316446  0.278890  0.636143  0.038099  0.744359  0.852584  0.054760  0.099669  0.054136  0.572910  0.827491  0.849251  0.097073  0.066598  0.079627  0.464815  0.835259  0.743892  0.465304  0.353553  0.516873  0.503982  0.715142  0.851839  0.645360
  0.720000  0.762540  0.791754  0.852767  0.748453  0.624156  0.037431  0.178256  0.344039  0.179099  0.106364  0.490837  0.798990  0.844343  0.847849  0.899288  0.048296  0.547853  0.513335  0.664793  0.334197  0.564283  0.544769  0.845895  0.905391  0.861378  0.838332  0.864461  0.910869  0.378331  0.894687  0.497706  0.505660  0.584206  0.401094  0.740400  0.740276  0.323256  0.876937  0.124076  0.058323  0.764100  0.835593  0.666099  0.695405  0.151389  0.186710  0.200441  0.261756  0.347339  0.451057  0.365154  0.133704  0.290030  0.136531  0.334933  0.588941  0.049486  0.645204  0.918801  0.665488  0.639131  0.108382  0.589267  0.456402  0.092331  0.907732  0.560264  0.553420  0.689927  0.567794  0.015531  0.947679  0.882597  0.915357  0.739839  0.844551  0.081439  0.384557  0.096777  0.220907  0.758163  0.096982  0.103200  0.790284  0.175310  0.707250  0.670892  0.613151  0.099041  0.064992  0.571320  0.785748  0.232598  0.172460  0.187228  0.267111  0.300273  0.430849  0.083538  0.052394  0.897278  0.469871  0.212803  0.122740  0.811118  0.645541  0.723436  0.628878  0.405539  0.622293  0.314466  0.279799  0.635082  0.038011  0.737685  0.852243  0.054739  0.098532  0.054056  0.575221  0.827498  0.847803  0.097572  0.066910  0.079606  0.465325  0.834895  0.744875  0.469571  0.351465  0.515849  0.504547  0.713724  0.853336  0.647587
  0.722000  0.763233  0.793520  0.856167  0.747618  0.624188  0.037375  0.178522  0.344739  0.177921  0.106142  0.492654  0.799404  0.846386  0.852256  0.902236  0.047036  0.556050  0.516332  0.666678  0.336816  0.567786  0.547466  0.846755  0.906214  0.859958  0.838735  0.865325  0.915105  0.379509  0.892960  0.498958  0.505025  0.586384  0.404159  0.740418  0.740727  0.325510  0.878757  0.125810  0.059891  0.764324  0.834433  0.666515  0.695861  0.150180  0.187487  0.204586  0.265297  0.350275  0.448034  0.364951  0.133403  0.290250  0.137733  0.335565  0.591956  0.049578  0.647189  0.917940  0.660393  0.633853  0.107432  0.590473  0.456587  0.092145  0.912553  0.561675  0.555268  0.687178  0.568523  0.015568  0.953490  0.883460  0.916183  0.739924  0.846780  0.081757  0.385141  0.096712  0.220703  0.758363  0.093700  0.098882  0.792535  0.177987  0.706088  0.674321  0.615367  0.099247  0.065458  0.570232  0.787032  0.232238  0.173324  0.187055  0.266333  0.302864  0.435167  0.084479  0.052273  0.891233  0.471561  0.213259  0.123162  0.811288  0.643385  0.721881  0.629219  0.404097  0.621938  0.314105  0.280845  0.637285  0.038033  0.747357  0.854557  0.054888  0.101091  0.054441  0.574729  0.826841  0.847685  0.098760  0.066410  0.080118  0.467991  0.834838  0.745094  0.476594  0.349134  0.516400  0.504004  0.713112  0.854018  0.649504
  0.724000  0.764009  0.793160  0.852620  0.746378  0.624058  0.037548  0.179399  0.344059  0.179045  0.106629  0.493511  0.797556  0.846878  0.848660  0.891936  0.046535  0.555298  0.515030  0.666250  0.336049  0.568104  0.547364  0.847371  0.904393  0.861042  0.838091  0.864616  0.913508  0.379550  0.891741  0.500425  0.503925  0.584761  0.403866  0.736633  0.742539  0.326169  0.877368  0.125224  0.057199  0.764833  0.836632  0.665188  0.695648  0.149923  0.186928  0.208160  0.264576  0.344217  0.451070  0.365999  0.133574  0.291274  0.137019  0.337134  0.593008  0.049759  0.648233  0.917894  0.657236  0.626144  0.110146  0.590766  0.456851  0.092326  0.904877  0.563253  0.556753  0.686282  0.566552  0.015543  0.950931  0.887408  0.917008  0.741134  0.847124  0.081410  0.385709  0.096125  0.221321  0.758893  0.097320  0.097147  0.793013  0.176008  0.706177  0.671188  0.615300  0.099063  0.065461  0.570519  0.787103  0.234227  0.172282  0.189787  0.267869  0.303660  0.435904  0.084932  0.051622  0.884808  0.472539  0.214134  0.122951  0.810844  0.649523  0.725005  0.632697  0.402326  0.621410  0.314495  0.284427  0.638789  0.038090  0.746237  0.854437  0.054681  0.099022  0.054933  0.572317  0.829656  0.848827  0.098646  0.067413  0.080129  0.466774  0.836882  0.745924  0.477143  0.348309  0.514371  0.504686  0.720118  0.854339  0.653524
  0.726000  0.767483  0.793966  0.855307  0.744241  0.624733  0.037327  0.178836  0.341757  0.179879  0.106217  0.494177  0.797956  0.848209  0.851745  0.900120  0.046527  0.562686  0.517382  0.670051  0.341181  0.571578  0.550097  0.848785  0.905222  0.861283  0.839041  0.862219  0.914881  0.380124  0.895598  0.501310  0.503853  0.587157  0.405490  0.739170  0.743644  0.327161  0.879336  0.125969  0.058022  0.764679  0.835841  0.664557  0.697958  0.152243  0.186316  0.206430  0.262264  0.351303  0.453521  0.367687  0.133693  0.291845  0.136931  0.339006  0.600767  0.049403  0.649989  0.918672  0.653622  0.619915  0.108634  0.590605  0.456580  0.092311  0.909069  0.563244  0.556381  0.685157  0.570759  0.015335  0.950894  0.883460  0.916110  0.741368  0.847364  0.082039  0.385279  0.096617  0.221978  0.758377  0.098837  0.097536  0.796161  0.176692  0.709735  0.673096  0.616275  0.099290  0.065170  0.569603  0.789097  0.235427  0.170189  0.188310  0.268159  0.303966  0.434794  0.084109  0.052400  0.889529  0.473922  0.214786  0.122834  0.811324  0.647902  0.724281  0.632374  0.399951  0.618548  0.316685  0.286634  0.640147  0.038697  0.746042  0.856195  0.054664  0.099677  0.055441  0.575315  0.823027  0.848707  0.099156  0.067690  0.079552  0.471138  0.837589  0.746110  0.480485  0.345962  0.514259  0.504621  0.715646  0.854156  0.655009
  0.728000  0.767943  0.791823  0.853839  0.741970  0.624815  0.037342  0.179541  0.344339  0.179762  0.106612  0.496435  0.800184  0.847899  0.855550  0.901563  0.048228  0.567273  0.520473  0.675111  0.342664  0.574375  0.554737  0.849306  0.906966  0.862823  0.840543  0.866145  0.914097  0.380091  0.890486  0.503987  0.505765  0.589165  0.405970  0.739037  0.744203  0.328778  0.882245  0.125615  0.060191  0.766312  0.836414  0.667059  0.695696  0.151071  0.187626  0.208069  0.263681  0.351690  0.454425  0.367259  0.133659  0.291708  0.135463  0.340686  0.602722  0.049542  0.651331  0.917863  0.650453  0.612839  0.110098  0.590961  0.454882  0.092907  0.902319  0.564448  0.557375  0.683581  0.569445  0.015302  0.951784  0.885289  0.916928  0.741603  0.847544  0.081819  0.385793  0.097097  0.221667  0.757409  0.099617  0.101349  0.797835  0.178790  0.706828  0.669885  0.616657  0.098913  0.065519  0.569317  0.787280  0.234818  0.170648  0.188232  0.270697  0.304307  0.435541  0.083840  0.051841  0.890486  0.474832  0.215070  0.123085  0.810396  0.648115  0.722090  0.629684  0.398688  0.619871  0.314398  0.283147  0.641551  0.038380  0.742620  0.856332  0.054793  0.098691  0.055599  0.572118  0.825050  0.848589  0.099860  0.067385  0.079338  0.472241  0.837002  0.745912  0.486703  0.344320  0.512885  0.505984  0.712629  0.855897  0.656751
  0.730000  0.767837  0.790742  0.857157  0.740526  0.627340  0.036752  0.179413  0.344950  0.179846  0.106770  0.496046  0.798882  0.850743  0.855191  0.899544  0.046915  0.569697  0.523033  0.677859  0.343319  0.576996  0.556298  0.852439  0.907793  0.862965  0.840141  0.861988  0.916927  0.381469  0.898900  0.505635  0.507181  0.587099  0.405373  0.739215  0.744042  0.331245  0.882331  0.125865  0.061831  0.766114  0.836195  0.668660  0.696789  0.148688  0.188465  0.202100  0.260377  0.347227  0.453358  0.367171  0.134044  0.292340  0.135073  0.339565  0.601637  0.049518  0.652421  0.918709  0.648945  0.606339  0.109518  0.591913  0.453466  0.092451  0.897062  0.566230  0.558406  0.681471  0.573547  0.015182  0.950988  0.884135  0.917754  0.742935  0.846991  0.081723  0.386054  0.097272  0.222350  0.758150  0.091280  0.098749  0.797726  0.183862  0.711864  0.671387  0.616288  0.099055  0.065152  0.569087  0.788616  0.234540  0.171529  0.191070  0.270712  0.307276  0.439462  0.084347  0.050363  0.890215  0.476311  0.215815  0.123094  0.812861  0.647906  0.723896  0.633907  0.396614  0.617989  0.315273  0.285382  0.640998  0.038719  0.746217  0.857368  0.054653  0.098398  0.056488  0.572951  0.825759  0.847056  0.099926  0.068145  0.079985  0.475640  0.837890  0.745371  0.487468  0.342447  0.511335  0.504872  0.715017  0.855500  0.658579
  0.732000  0.768731  0.793255  0.854345  0.736887  0.626539  0.037313  0.180750  0.345745  0.180382  0.107221  0.497325  0.798833  0.848481  0.859557  0.904921  0.047543  0.579569  0.523449  0.684698  0.346363  0.580525  0.560565  0.849717  0.907793  0.863149  0.840231  0.863579  0.918310  0.380985  0.891173  0.505685  0.505220  0.590670  0.410174  0.739383  0.745852  0.332506  0.882204  0.125402  0.060361  0.766722  0.838029  0.668449  0.701329  0.148905  0.188387  0.205829  0.262059  0.345015  0.452875  0.367234  0.133410  0.292671  0.136414  0.342911  0.608733  0.049928  0.652726  0.918621  0.645602  0.600697  0.107947  0.592770  0.451106  0.092713  0.894494  0.566866  0.558049  0.679209  0.576978  0.015648  0.952700  0.885099  0.917770  0.742499  0.848567  0.081600  0.386528  0.097352  0.222590  0.757736  0.095799  0.093369  0.800032  0.177887  0.713071  0.673562  0.618971  0.098721  0.065329  0.566436  0.785705  0.237588  0.169818  0.188647  0.274381  0.306314  0.441161  0.085747  0.052019  0.892041  0.477003  0.217105  0.123180  0.812243  0.646994  0.723178  0.632240  0.392951  0.617468  0.316740  0.287008  0.643415  0.038651  0.743049  0.858220  0.054945  0.100269  0.056704  0.576298  0.827214  0.848386  0.100421  0.068362  0.079894  0.474867  0.837696  0.746921  0.490786  0.341384  0.510060  0.505607  0.713639  0.854453  0.661808
  0.734000  0.768876  0.792115  0.855929  0.735676  0.628236  0.036438  0.180077  0.343745  0.180997  0.107629  0.498942  0.799285  0.849099  0.855421  0.905589  0.046175  0.583235  0.523406  0.682382  0.345185  0.580812  0.559922  0.851932  0.906798  0.865214  0.840445  0.865319  0.916027  0.381615  0.895817  0.507434  0.505724  0.590845  0.407466  0.734524  0.745870  0.331122  0.882131  0.127351  0.059144  0.768478  0.837344  0.666509  0.702487  0.149274  0.190806  0.207489  0.264488  0.355372  0.453122  0.367842  0.133861  0.292674  0.134286  0.343455  0.609843  0.050285  0.654573  0.919553  0.643233  0.591856  0.108610  0.592272  0.448255  0.092942  0.879753  0.568160  0.558473  0.677844  0.573327  0.015629  0.948216  0.884521  0.917765  0.743706  0.849029  0.082271  0.389347  0.097479  0.223299  0.758238  0.093231  0.099052  0.801134  0.178816  0.709440  0.673869  0.619116  0.099276  0.064469  0.566894  0.785627  0.237994  0.172647  0.190980  0.274827  0.306889  0.438003  0.085501  0.052954  0.889735  0.477461  0.216840  0.123557  0.812058  0.647148  0.724473  0.632469  0.391827  0.616144  0.316751  0.288744  0.644160  0.038976  0.745587  0.859004  0.054883  0.100567  0.057072  0.572792  0.822415  0.851049  0.101554  0.067590  0.080472  0.480228  0.837633  0.747032  0.489275  0.340439  0.508702  0.505342  0.720149  0.854266  0.661310
  0.736000  0.770674  0.792149  0.856661  0.732887  0.628071  0.037179  0.180911  0.345850  0.181392  0.108285  0.500211  0.798527  0.851052  0.854959  0.906945  0.047118  0.590618  0.528274  0.687780  0.347727  0.583973  0.564169  0.851484  0.906801  0.864113  0.841170  0.866275  0.919589  0.382694  0.893210  0.508551  0.509543  0.588594  0.411239  0.732834  0.747030  0.331306  0.884096  0.126165  0.061113  0.767617  0.836433  0.668718  0.702460  0.150751  0.190372  0.202362  0.267268  0.350420  0.456076  0.368400  0.133712  0.293232  0.134308  0.343783  0.613514  0.049935  0.655597  0.919563  0.641235  0.587399  0.108350  0.592904  0.443801  0.092878  0.892502  0.569448  0.560095  0.676496  0.575144  0.015554  0.944750  0.885390  0.917624  0.742688  0.848658  0.082043  0.388161  0.097441  0.223566  0.758194  0.093752  0.101572  0.803138  0.175167  0.716166  0.677713  0.620060  0.098820  0.065098  0.567829  0.774490  0.238407  0.178990  0.190633  0.272134  0.310799  0.437916  0.085612  0.050614  0.894079  0.477390  0.218232  0.123835  0.811874  0.648189  0.722475  0.632640  0.389578  0.615678  0.317838  0.285566  0.644087  0.038962  0.744892  0.859608  0.054948  0.099582  0.058435  0.570501  0.820982  0.848790  0.102170  0.067761  0.080829  0.480002  0.839049  0.747786  0.497496  0.339355  0.507737  0.504664  0.712167  0.855805  0.665215
  0.738000  0.771034  0.791353  0.857544  0.730510  0.628757  0.037046  0.182036  0.345951  0.181898  0.108186  0.501045  0.799559  0.848779  0.854155  0.901867  0.045309  0.592743  0.528317  0.686424  0.349233  0.584913  0.564677  0.851999  0.908545  0.865098  0.840059  0.863758  0.918806  0.381273  0.890903  0.510602  0.506353  0.588861  0.411769  0.731339  0.747486  0.332534  0.886431  0.126526  0.060568  0.766854  0.836422  0.665200  0.704762  0.150514  0.188186  0.200192  0.260050  0.352098  0.453455  0.369132  0.133322  0.293900  0.134197  0.345293  0.614774  0.049062  0.655958  0.919515  0.640075  0.581056  0.109188  0.593890  0.443251  0.092752  0.903050  0.570814  0.561108  0.673582  0.573643  0.015756  0.951213  0.885683  0.917629  0.744468  0.847415  0.083088  0.388688  0.098068  0.224103  0.757180  0.102141  0.099009  0.804074  0.177398  0.713981  0.676957  0.619798  0.098542  0.065237  0.565711  0.770198  0.238866  0.173656  0.192275  0.275275  0.309293  0.443537  0.084499  0.051109  0.886553  0.478623  0.219403  0.123954  0.811975  0.647651  0.722988  0.632268  0.386312  0.614311  0.318766  0.292158  0.646546  0.039250  0.749263  0.859514  0.055025  0.099760  0.058208  0.574046  0.820658  0.848673  0.102396  0.068228  0.081118  0.480523  0.838779  0.747253  0.495741  0.336986  0.505422  0.505490  0.711868  0.856082  0.668558
  0.740000  0.770759  0.791517  0.855904  0.726961  0.627587  0.037177  0.181605  0.346370  0.183352  0.108900  0.501475  0.799287  0.852280  0.855319  0.902371  0.048780  0.597890  0.529583  0.689149  0.349380  0.587201  0.568215  0.852449  0.907633  0.865462  0.841495  0.867983  0.918695  0.383218  0.894513  0.511215  0.507460  0.589926  0.414995  0.730506  0.746582  0.333283  0.885755  0.125053  0.059626  0.767416  0.836221  0.667026  0.704458  0.152722  0.187891  0.202727  0.266609  0.358765  0.455547  0.369532  0.133608  0.293662  0.133774  0.344350  0.619726  0.050135  0.656885  0.919384  0.635235  0.574784  0.108738  0.592855  0.440330  0.092935  0.902270  0.571711  0.561250  0.672166  0.577131  0.015634  0.951250  0.885786  0.918521  0.744137  0.848965  0.082601  0.390327  0.098481  0.224943  0.757699  0.101494  0.104549  0.805319  0.181782  0.714161  0.677576  0.621151  0.099133  0.064752  0.565768  0.776643  0.239062  0.177244  0.194524  0.278128  0.313210  0.442544  0.082890  0.052223  0.894513  0.479968  0.219275  0.124381  0.811545  0.650164  0.725646  0.635848  0.384994  0.612643  0.317148  0.286148  0.646367  0.039101  0.749035  0.860099  0.054768  0.100651  0.059053  0.573488  0.823300  0.849182  0.103022  0.069352  0.080985  0.482448  0.838549  0.748034  0.497637  0.335497  0.504963  0.505664  0.711688  0.856430  0.667967
  0.742000  0.771446  0.792264  0.856311  0.723911  0.630452  0.036555  0.182449  0.347354  0.183525  0.108809  0.502618  0.797326  0.851337  0.857578  0.899617  0.048251  0.604542  0.531483  0.690244  0.351208  0.588690  0.569154  0.852307  0.908456  0.867534  0.842522  0.865821  0.918704  0.383540  0.890812  0.513558  0.505270  0.589844  0.414220  0.723876  0.746995  0.333650  0.884448  0.127656  0.061053  0.766376  0.836218  0.663866  0.708237  0.153084  0.191921  0.208640  0.262628  0.347530  0.459861  0.370855  0.133679  0.293236  0.131903  0.349551  0.618447  0.049387  0.657880  0.921149  0.632451  0.568725  0.108761  0.593761  0.437702  0.093018  0.903441  0.574289  0.562594  0.670845  0.578881  0.015292  0.950764  0.882975  0.917557  0.745465  0.845202  0.082742  0.390832  0.098571  0.225071  0.757732  0.095960  0.100924  0.805975  0.178075  0.713489  0.675542  0.622132  0.098597  0.065745  0.566568  0.777198  0.239445  0.177814  0.191921  0.276996  0.313134  0.442707  0.084944  0.052112  0.889071  0.480826  0.221391  0.123994  0.811469  0.645610  0.722838  0.631618  0.381762  0.611876  0.318859  0.288155  0.649083  0.039722  0.750181  0.860329  0.055004  0.098326  0.059121  0.574812  0.823852  0.849199  0.103078  0.068343  0.081497  0.484086  0.837736  0.748276  0.497274  0.333731  0.503256  0.505877  0.712349  0.854605  0.671514
  0.744000  0.771644  0.791976  0.857297  0.722963  0.629916  0.037284  0.182213  0.347135  0.182887  0.110157  0.505125  0.801520  0.851961  0.861862  0.899852  0.048000  0.609285  0.532674  0.694790  0.354948  0.590897  0.572067  0.853745  0.909301  0.867055  0.841511  0.866269  0.920038  0.385637  0.891413  0.513302  0.507320  0.592714  0.415685  0.723283  0.748293  0.336284  0.888207  0.126287  0.061189  0.766095  0.839231  0.666876  0.705644  0.152090  0.190331  0.209277  0.270393  0.348096  0.462121  0.371776  0.133433  0.294188  0.131337  0.348105  0.621867  0.050878  0.659640  0.921073  0.628966  0.564210  0.110619  0.595219  0.433692  0.092891  0.905085  0.574237  0.563399  0.668808  0.578426  0.015274  0.951588  0.887048  0.918393  0.745317  0.850191  0.082238  0.392079  0.098340  0.226409  0.757719  0.091411  0.105381  0.807260  0.180465  0.712877  0.678789  0.622984  0.098624  0.064823  0.563819  0.770771  0.240122  0.174441  0.192601  0.277115  0.312475  0.445619  0.086364  0.052205  0.891413  0.481368  0.220104  0.123889  0.811575  0.651059  0.730418  0.632679  0.379298  0.611619  0.316600  0.290299  0.651223  0.039380  0.753816  0.861242  0.054841  0.099431  0.060561  0.575856  0.831627  0.851152  0.103683  0.069102  0.081953  0.487829  0.835684  0.748465  0.501043  0.331777  0.502580  0.505828  0.714996  0.857547  0.673350
  0.746000  0.771707  0.792396  0.857344  0.718678  0.632436  0.037106  0.183421  0.347469  0.184059  0.109345  0.505744  0.799052  0.851743  0.859087  0.908748  0.048316  0.614217  0.533474  0.696860  0.354114  0.594226  0.573617  0.854791  0.910128  0.868487  0.842362  0.868943  0.919263  0.385945  0.896258  0.516754  0.509223  0.590750  0.414374  0.717304  0.749029  0.336235  0.888761  0.126085  0.059969  0.765917  0.837847  0.666897  0.707879  0.152547  0.190422  0.206916  0.263554  0.352394  0.457380  0.372067  0.133698  0.295537  0.132907  0.349685  0.624354  0.049008  0.661751  0.921129  0.625897  0.557427  0.108825  0.595103  0.429500  0.093672  0.899754  0.576464  0.562358  0.667057  0.579742  0.015594  0.948926  0.888404  0.919222  0.745300  0.848902  0.082648  0.392550  0.098782  0.226145  0.756944  0.101320  0.099313  0.809744  0.183702  0.714076  0.678183  0.622919  0.098746  0.065639  0.564068  0.769826  0.240935  0.178117  0.195309  0.278128  0.316178  0.446995  0.085474  0.053339  0.893640  0.481584  0.221561  0.124080  0.810743  0.649641  0.721894  0.631798  0.376679  0.609395  0.319267  0.293649  0.651760  0.039885  0.752263  0.861576  0.054742  0.098155  0.060534  0.576656  0.829706  0.848880  0.103992  0.068102  0.080963  0.488447  0.836999  0.749377  0.500863  0.331755  0.503051  0.505897  0.713625  0.856967  0.674231
  0.748000  0.771634  0.791233  0.858995  0.715866  0.630407  0.037029  0.182948  0.346706  0.185919  0.109573  0.506805  0.802212  0.851042  0.862777  0.902516  0.045579  0.619326  0.534927  0.697859  0.355686  0.596275  0.576571  0.856352  0.909223  0.868776  0.842013  0.872186  0.918522  0.387281  0.890449  0.517328  0.508683  0.591390  0.415783  0.717811  0.748302  0.337224  0.891213  0.126234  0.061499  0.768629  0.836680  0.667475  0.704611  0.155282  0.194169  0.205616  0.267921  0.361160  0.461391  0.373468  0.133114  0.294886  0.132492  0.350797  0.627735  0.050908  0.662435  0.921051  0.624975  0.551809  0.110629  0.596016  0.424727  0.092792  0.904186  0.576862  0.565452  0.666142  0.579469  0.015491  0.954274  0.886080  0.919211  0.746819  0.850867  0.083026  0.392644  0.099322  0.226778  0.756388  0.099968  0.103900  0.809184  0.181061  0.713009  0.675006  0.624301  0.098674  0.064404  0.563285  0.765637  0.243610  0.180799  0.197402  0.277883  0.320702  0.449506  0.087884  0.052880  0.895692  0.481733  0.222818  0.124088  0.811214  0.649886  0.725729  0.637549  0.375728  0.610227  0.318545  0.293796  0.653381  0.039590  0.751770  0.862955  0.055886  0.099357  0.061393  0.572954  0.830953  0.850302  0.104368  0.067815  0.081763  0.492456  0.839207  0.749767  0.503798  0.329767  0.501750  0.506013  0.719492  0.856857  0.677202
  0.750500  0.770897  0.792602  0.858593  0.710087  0.631332  0.036784  0.184642  0.345806  0.185758  0.110600  0.509718  0.803263  0.850930  0.860394  0.906865  0.046946  0.623620  0.533929  0.701559  0.357502  0.597413  0.578658  0.854944  0.910055  0.869846  0.843233  0.869958  0.920602  0.387304  0.892893  0.518182  0.507457  0.593015  0.414634  0.712431  0.747979  0.336673  0.891077  0.127720  0.061867  0.769853  0.840376  0.665959  0.703555  0.154943  0.191184  0.205015  0.268568  0.362147  0.463166  0.372784  0.133351  0.294392  0.130609  0.351392  0.631769  0.049634  0.661425  0.919578  0.619685  0.544032  0.111262  0.595337  0.418451  0.093265  0.900226  0.578473  0.564790  0.663276  0.579737  0.015786  0.947652  0.883264  0.919143  0.746700  0.847944  0.083114  0.394170  0.099788  0.227375  0.756698  0.095592  0.110298  0.812492  0.182080  0.715169  0.675626  0.626544  0.098395  0.064730  0.562465  0.769376  0.243208  0.178141  0.198187  0.279510  0.318203  0.451874  0.084542  0.052071  0.894644  0.480966  0.222411  0.123867  0.811196  0.648497  0.724819  0.635042  0.372527  0.610023  0.317524  0.294384  0.655205  0.039997  0.757559  0.862729  0.056195  0.098908  0.061648  0.572256  0.820292  0.849384  0.104789  0.068871  0.081629  0.492603  0.840189  0.749183  0.504884  0.326668  0.498306  0.506672  0.715186  0.859257  0.679958
  0.753500  0.771313  0.790709  0.859276  0.705416  0.632054  0.037054  0.184727  0.347287  0.187375  0.110628  0.510866  0.803402  0.849370  0.862302  0.904678  0.047650  0.632785  0.537169  0.704180  0.358607  0.601813  0.582536  0.854800  0.911795  0.869240  0.842454  0.874983  0.919716  0.389011  0.898769  0.519468  0.507921  0.593919  0.416426  0.705676  0.749768  0.339164  0.893011  0.127278  0.061027  0.770989  0.838531  0.665876  0.704208  0.154564  0.192042  0.216968  0.268314  0.363194  0.466851  0.375429  0.133601  0.295444  0.131299  0.353369  0.632723  0.050122  0.662929  0.920590  0.620098  0.535449  0.111907  0.596937  0.411199  0.093127  0.899900  0.579872  0.566029  0.659698  0.581788  0.015473  0.950952  0.886481  0.919978  0.747511  0.852434  0.083398  0.396309  0.100158  0.228693  0.757308  0.099005  0.105237  0.814562  0.185459  0.716893  0.678068  0.626742  0.098722  0.064342  0.561071  0.774379  0.240685  0.177823  0.199151  0.285780  0.319923  0.456845  0.085534  0.052863  0.901402  0.482660  0.224137  0.124169  0.812785  0.648637  0.727441  0.634297  0.369283  0.608949  0.316853  0.301034  0.657099  0.040058  0.757546  0.863990  0.055945  0.099127  0.062805  0.571416  0.828254  0.851987  0.105495  0.068765  0.082967  0.494793  0.842000  0.749889  0.506093  0.326019  0.498158  0.506501  0.719278  0.857782  0.683376
  0.756500  0.770598  0.791212  0.860077  0.700951  0.633111  0.036500  0.185962  0.347735  0.187938  0.111372  0.512451  0.802858  0.852054  0.859568  0.905208  0.047251  0.639497  0.540417  0.706880  0.357523  0.602903  0.583651  0.857426  0.910812  0.870885  0.842607  0.871763  0.919658  0.390386  0.894996  0.521884  0.507307  0.593359  0.417529  0.697254  0.747951  0.338686  0.896090  0.127598  0.059533  0.770121  0.836819  0.663397  0.705926  0.154974  0.193872  0.210856  0.263043  0.363279  0.468883  0.376464  0.133088  0.296203  0.131150  0.355620  0.634270  0.049782  0.663211  0.920038  0.614705  0.527139  0.111324  0.596936  0.402116  0.093326  0.902767  0.581901  0.567979  0.656465  0.579833  0.015752  0.953162  0.891476  0.919909  0.746861  0.849957  0.083813  0.396784  0.100905  0.229821  0.756561  0.101820  0.099444  0.816426  0.188855  0.715012  0.681065  0.627962  0.098558  0.064779  0.560879  0.780240  0.244717  0.179703  0.200384  0.286187  0.323325  0.458938  0.085868  0.053009  0.894116  0.482544  0.224666  0.124615  0.813516  0.649393  0.728493  0.637720  0.365208  0.606682  0.319459  0.300372  0.658949  0.040364  0.758766  0.864899  0.056163  0.099671  0.064400  0.573552  0.831606  0.851146  0.105954  0.068533  0.082487  0.499340  0.843778  0.750720  0.506726  0.322905  0.495244  0.506336  0.712749  0.860185  0.686264
  0.759500  0.771183  0.792313  0.861190  0.696825  0.633792  0.036500  0.187087  0.348887  0.188719  0.112561  0.514800  0.804918  0.850501  0.862220  0.905454  0.047315  0.646986  0.542790  0.710403  0.359961  0.604231  0.587520  0.858625  0.912482  0.871825  0.843419  0.874614  0.918874  0.392442  0.902198  0.523351  0.509034  0.594920  0.417956  0.689452  0.746264  0.341005  0.895492  0.128764  0.062239  0.771200  0.840062  0.664093  0.703276  0.156369  0.194056  0.216369  0.271362  0.368522  0.471744  0.377450  0.132931  0.297155  0.130619  0.355537  0.635742  0.050077  0.665147  0.921579  0.607820  0.520746  0.111216  0.598062  0.393960  0.093212  0.897891  0.584121  0.567709  0.653640  0.582614  0.015216  0.951938  0.884629  0.920751  0.746861  0.852574  0.083617  0.398757  0.102293  0.231157  0.756408  0.096896  0.106999  0.818258  0.184744  0.716223  0.681099  0.630327  0.098364  0.064398  0.559275  0.785913  0.245699  0.185096  0.201435  0.286736  0.326882  0.457688  0.085700  0.053499  0.895171  0.482907  0.225512  0.124377  0.815668  0.648684  0.725448  0.636506  0.360920  0.607432  0.319650  0.302580  0.662066  0.040172  0.757425  0.864119  0.056037  0.097877  0.065000  0.571664  0.831551  0.850313  0.107480  0.068515  0.083391  0.499639  0.843801  0.751609  0.509782  0.321781  0.494313  0.507626  0.714530  0.857449  0.689066
  0.762500  0.770719  0.791641  0.860815  0.690666  0.633591  0.036717  0.187420  0.349554  0.189899  0.112805  0.517137  0.803560  0.852479  0.865435  0.907874  0.047648  0.653218  0.544232  0.709243  0.360247  0.607807  0.587669  0.857060  0.911194  0.873118  0.843139  0.877666  0.919592  0.393385  0.898745  0.525166  0.507451  0.595491  0.419737  0.684446  0.744956  0.340692  0.897240  0.131315  0.061761  0.770302  0.840427  0.665224  0.701867  0.157611  0.198447  0.215822  0.271917  0.367083  0.469570  0.381388  0.133620  0.296177  0.129863  0.357535  0.644504  0.049423  0.665185  0.923541  0.603720  0.514623  0.112277  0.599020  0.385819  0.093814  0.902607  0.584736  0.570613  0.650136  0.583342  0.015446  0.955702  0.889925  0.918864  0.745993  0.849173  0.083974  0.399691  0.101854  0.232870  0.756655  0.098694  0.101605  0.821205  0.194302  0.718563  0.681294  0.631118  0.098779  0.064302  0.558523  0.791134  0.247410  0.185835  0.205062  0.290703  0.328364  0.463396  0.086297  0.053179  0.895217  0.483530  0.226894  0.124824  0.815829  0.651274  0.727992  0.638873  0.357106  0.605827  0.320020  0.301769  0.664077  0.040858  0.761596  0.865573  0.056177  0.097996  0.066232  0.571572  0.829668  0.851021  0.108054  0.069464  0.083491  0.502708  0.843295  0.751472  0.509199  0.319384  0.492329  0.506293  0.714865  0.858936  0.693520
  0.765500  0.769478  0.790964  0.862914  0.685890  0.635131  0.036461  0.188583  0.351222  0.190860  0.114017  0.518346  0.804377  0.855147  0.867045  0.910477  0.046861  0.657551  0.547989  0.716788  0.362819  0.609712  0.593007  0.858056  0.911773  0.873387  0.843667  0.868992  0.919370  0.395605  0.896928  0.526918  0.508399  0.594928  0.417485  0.678702  0.743797  0.344862  0.897776  0.129712  0.062697  0.770563  0.840445  0.665421  0.699607  0.159883  0.199151  0.217599  0.267233  0.371070  0.475257  0.382510  0.133224  0.297750  0.128420  0.357589  0.648717  0.049778  0.666241  0.921574  0.597981  0.507152  0.112094  0.600325  0.374828  0.093579  0.894186  0.587635  0.570359  0.650079  0.588497  0.015462  0.954205  0.886386  0.921505  0.746879  0.844054  0.084023  0.402451  0.103175  0.233184  0.755158  0.102343  0.099883  0.823933  0.190982  0.720881  0.682333  0.631993  0.098383  0.064835  0.558164  0.793894  0.248453  0.188434  0.205301  0.293764  0.329342  0.462783  0.086526  0.052235  0.894292  0.482920  0.228414  0.125086  0.815673  0.645614  0.724746  0.634771  0.355013  0.606829  0.318924  0.306789  0.666874  0.040623  0.753999  0.865009  0.056443  0.099038  0.067448  0.572713  0.833211  0.850594  0.108795  0.070414  0.084718  0.506728  0.844289  0.751796  0.511573  0.318233  0.490225  0.506538  0.715166  0.857891  0.693999
  0.768500  0.769716  0.791204  0.861129  0.682364  0.634334  0.036830  0.190531  0.352010  0.192348  0.114999  0.520098  0.805002  0.854327  0.869072  0.909183  0.048087  0.662537  0.549944  0.719243  0.364433  0.612365  0.595653  0.857183  0.913066  0.872691  0.843887  0.865878  0.920788  0.396213  0.902673  0.528932  0.507660  0.595486  0.416345  0.669188  0.742907  0.345297  0.898333  0.130711  0.064089  0.770548  0.841770  0.663840  0.697130  0.159622  0.200653  0.222271  0.277596  0.370776  0.475867  0.384736  0.132996  0.298266  0.128528  0.359202  0.646376  0.049878  0.666605  0.922236  0.599223  0.500133  0.115768  0.600749  0.365780  0.093620  0.895778  0.587771  0.571183  0.645027  0.586878  0.016138  0.949036  0.889438  0.919646  0.746240  0.844481  0.084056  0.404496  0.103760  0.234811  0.755683  0.103238  0.111003  0.825211  0.191035  0.716820  0.683067  0.633600  0.098107  0.063793  0.557378  0.795811  0.246937  0.186447  0.206830  0.295156  0.333804  0.467396  0.087469  0.051971  0.902673  0.484271  0.227930  0.125001  0.816592  0.650330  0.728933  0.637589  0.350948  0.606157  0.319032  0.304530  0.669143  0.040646  0.759375  0.865448  0.056892  0.098300  0.068067  0.570478  0.829686  0.850504  0.109183  0.069511  0.084707  0.509165  0.847658  0.752167  0.512089  0.316126  0.488899  0.507828  0.713927  0.859438  0.697479
  0.771500  0.767256  0.793121  0.861463  0.676236  0.634463  0.036442  0.190860  0.351980  0.193594  0.116148  0.523177  0.804502  0.854854  0.867957  0.904685  0.047888  0.667702  0.549178  0.719962  0.363286  0.612617  0.595338  0.857422  0.912347  0.875638  0.844846  0.868944  0.919208  0.398762  0.900826  0.530592  0.506607  0.594587  0.415669  0.659695  0.741245  0.342502  0.898322  0.129946  0.063180  0.772181  0.839985  0.661615  0.692889  0.160206  0.202333  0.224235  0.274929  0.376492  0.481147  0.387640  0.133306  0.299241  0.128731  0.359626  0.646923  0.049829  0.667425  0.923172  0.592602  0.495439  0.116136  0.601347  0.356261  0.093524  0.893247  0.590419  0.573731  0.642835  0.587909  0.015438  0.951693  0.888462  0.921383  0.746679  0.849365  0.083878  0.405343  0.104573  0.235564  0.755269  0.099621  0.104743  0.827267  0.192883  0.719962  0.682765  0.633406  0.098560  0.063905  0.556025  0.797737  0.247377  0.188467  0.209751  0.297538  0.337280  0.470284  0.087427  0.054215  0.884929  0.484476  0.229228  0.125230  0.818743  0.649232  0.723752  0.638678  0.346693  0.608122  0.319618  0.304786  0.671079  0.040671  0.763759  0.866528  0.056683  0.098685  0.069894  0.573594  0.832360  0.849549  0.110002  0.070568  0.085288  0.513369  0.844753  0.752353  0.510364  0.314491  0.486625  0.507496  0.714881  0.858388  0.699220
  0.774500  0.765705  0.792375  0.862813  0.672203  0.635327  0.036675  0.191369  0.350676  0.194134  0.116506  0.524824  0.806034  0.855479  0.869199  0.911916  0.048831  0.673578  0.553093  0.723375  0.361955  0.615745  0.597318  0.858033  0.911261  0.876357  0.842354  0.868525  0.919096  0.401769  0.898262  0.531634  0.508617  0.599579  0.416415  0.648997  0.739870  0.347968  0.899531  0.129364  0.062735  0.771183  0.839772  0.660472  0.690992  0.162005  0.202418  0.226154  0.276979  0.372099  0.483897  0.389212  0.133715  0.300407  0.128716  0.361499  0.652515  0.050622  0.667556  0.923783  0.588370  0.489069  0.113033  0.602400  0.345485  0.093949  0.892107  0.591616  0.572064  0.641243  0.591455  0.015588  0.956828  0.886791  0.920422  0.746680  0.847415  0.085262  0.407769  0.105454  0.237211  0.754687  0.093444  0.100591  0.829323  0.195623  0.720024  0.683217  0.635157  0.098068  0.064188  0.554138  0.797659  0.249725  0.191300  0.210447  0.303627  0.339186  0.472426  0.088137  0.052847  0.885026  0.484219  0.229008  0.125327  0.819475  0.647511  0.724521  0.636282  0.344587  0.609010  0.319219  0.309963  0.672724  0.041376  0.759022  0.866601  0.056883  0.096561  0.070883  0.574763  0.824324  0.850802  0.111196  0.069761  0.084072  0.515401  0.847478  0.752609  0.515318  0.312851  0.485776  0.508074  0.712289  0.859653  0.702425
  0.777500  0.766358  0.792559  0.862714  0.667095  0.635700  0.036911  0.192603  0.353930  0.195059  0.117712  0.527412  0.807376  0.857267  0.872152  0.911647  0.048477  0.679837  0.551650  0.727195  0.365433  0.618120  0.601145  0.857378  0.911474  0.875696  0.844614  0.870172  0.917582  0.403067  0.901617  0.534228  0.510138  0.597952  0.415014  0.644254  0.738243  0.349803  0.901915  0.133446  0.064947  0.772463  0.840584  0.663330  0.687884  0.163446  0.204574  0.228114  0.282744  0.376281  0.485186  0.392243  0.132810  0.300438  0.128163  0.362830  0.652910  0.050435  0.668277  0.923292  0.588316  0.483274  0.113968  0.602372  0.335239  0.093733  0.899333  0.594162  0.574112  0.636438  0.591565  0.015732  0.956308  0.892734  0.923973  0.746195  0.847198  0.084282  0.407790  0.105721  0.237943  0.754127  0.111658  0.116544  0.833089  0.204396  0.722909  0.686584  0.636060  0.098480  0.063934  0.553574  0.800791  0.251146  0.186541  0.213190  0.300776  0.343947  0.476303  0.087033  0.054162  0.893623  0.483035  0.229931  0.125234  0.819004  0.651585  0.727867  0.638792  0.339492  0.607646  0.319993  0.313890  0.675352  0.041132  0.763843  0.866877  0.058986  0.097275  0.072957  0.571892  0.826142  0.849982  0.111902  0.070290  0.085200  0.517028  0.847692  0.752702  0.513499  0.310420  0.484393  0.507877  0.715983  0.860858  0.705841
  0.781000  0.766373  0.792188  0.863918  0.660524  0.636989  0.036963  0.193926  0.352840  0.196745  0.118662  0.529431  0.805197  0.854971  0.873930  0.909195  0.046401  0.682272  0.554865  0.724222  0.363593  0.617754  0.601297  0.857464  0.913701  0.877387  0.843870  0.872693  0.918879  0.404401  0.903798  0.534179  0.508684  0.597855  0.414437  0.632112  0.733625  0.347724  0.901158  0.133679  0.064570  0.772151  0.842238  0.662340  0.683084  0.165385  0.207687  0.230882  0.285358  0.381692  0.492601  0.394553  0.132753  0.301712  0.128477  0.364041  0.652012  0.049780  0.667840  0.923567  0.584225  0.477128  0.114641  0.603622  0.322967  0.093375  0.889992  0.596378  0.575394  0.632971  0.590466  0.015560  0.953187  0.889579  0.923003  0.745052  0.843643  0.084899  0.409606  0.106714  0.238398  0.754466  0.104688  0.110642  0.834107  0.193201  0.720275  0.687311  0.637996  0.098095  0.063860  0.552267  0.800134  0.251949  0.197556  0.217285  0.307842  0.343745  0.483359  0.087184  0.054645  0.894022  0.484534  0.229700  0.124877  0.819783  0.650722  0.728281  0.639867  0.335534  0.608763  0.317871  0.314657  0.680182  0.041066  0.765251  0.865840  0.059054  0.096369  0.074998  0.572049  0.830835  0.850387  0.112272  0.070808  0.085782  0.518928  0.847511  0.752200  0.511119  0.308717  0.481434  0.508201  0.716555  0.860745  0.706997
  0.785000  0.764642  0.791109  0.862974  0.654063  0.637056  0.036576  0.194918  0.355988  0.199356  0.119705  0.531190  0.807144  0.856217  0.871369  0.913510  0.048306  0.686338  0.553458  0.729944  0.364161  0.620462  0.604702  0.856699  0.912431  0.877647  0.844296  0.869605  0.919496  0.407829  0.906542  0.537265  0.511486  0.598718  0.413350  0.619619  0.730051  0.350002  0.901777  0.133850  0.065061  0.771055  0.842121  0.663530  0.674537  0.166747  0.209100  0.235292  0.292739  0.386412  0.492960  0.396514  0.133008  0.302515  0.126281  0.366550  0.653669  0.049461  0.667323  0.925591  0.580595  0.471668  0.115782  0.603659  0.308609  0.093766  0.887751  0.597692  0.576037  0.629905  0.592902  0.015343  0.949217  0.887896  0.922865  0.744860  0.849447  0.084520  0.411173  0.107651  0.240139  0.754202  0.108412  0.109389  0.838941  0.202085  0.721095  0.685769  0.639479  0.097732  0.063704  0.550410  0.799393  0.251055  0.193650  0.215848  0.307656  0.346280  0.485857  0.088108  0.054835  0.893224  0.482906  0.229904  0.125190  0.820607  0.647925  0.726565  0.636929  0.331102  0.609131  0.317226  0.314357  0.680951  0.041309  0.764745  0.866343  0.059452  0.096736  0.076777  0.572715  0.833221  0.852368  0.113958  0.071374  0.085660  0.521431  0.847128  0.753289  0.511233  0.306814  0.479924  0.508543  0.715090  0.860029  0.709679
  0.789000  0.762787  0.791277  0.866706  0.647110  0.638788  0.036454  0.197275  0.355258  0.200882  0.120810  0.533817  0.807844  0.855278  0.874271  0.913899  0.049106  0.692722  0.556485  0.729164  0.363233  0.620734  0.605810  0.858016  0.913852  0.877311  0.844494  0.873115  0.917167  0.409605  0.902177  0.539303  0.511798  0.599992  0.412788  0.605472  0.725312  0.351345  0.904861  0.134818  0.064840  0.772188  0.841692  0.661458  0.672277  0.168044  0.212618  0.232409  0.290801  0.393321  0.493345  0.398907  0.132838  0.303688  0.127130  0.368136  0.654629  0.049278  0.666320  0.925432  0.580621  0.465481  0.117497  0.605656  0.296093  0.094138  0.885808  0.600564  0.576972  0.625183  0.592488  0.015514  0.960727  0.888359  0.922806  0.744869  0.847240  0.084877  0.412140  0.108783  0.241207  0.752771  0.110989  0.108939  0.841985  0.201742  0.723430  0.688960  0.641210  0.097729  0.063298  0.549073  0.797562  0.251845  0.191222  0.219839  0.309433  0.351243  0.486035  0.087304  0.054878  0.887290  0.483601  0.229806  0.125610  0.822519  0.650540  0.726377  0.638971  0.326970  0.611556  0.318741  0.312280  0.685158  0.041494  0.763017  0.866876  0.059747  0.096626  0.079155  0.575612  0.836714  0.853633  0.114955  0.072371  0.086307  0.527733  0.848532  0.752805  0.510786  0.306010  0.477526  0.508064  0.716737  0.860558  0.712738
  0.793000  0.760958  0.791750  0.864190  0.642500  0.638495  0.036876  0.197388  0.357315  0.202907  0.122215  0.533428  0.806739  0.857281  0.880048  0.916479  0.047449  0.695846  0.558442  0.736190  0.364598  0.623848  0.609106  0.857991  0.913690  0.877854  0.844739  0.873577  0.917854  0.412070  0.902500  0.540474  0.511676  0.599194  0.410278  0.595127  0.722685  0.351466  0.904741  0.135826  0.065571  0.775885  0.838892  0.659008  0.663725  0.168895  0.213886  0.234061  0.287532  0.391619  0.500794  0.401675  0.133088  0.304695  0.129042  0.368922  0.652654  0.049478  0.666814  0.924619  0.575511  0.460683  0.117566  0.607285  0.283417  0.093998  0.884144  0.604200  0.578368  0.621823  0.597669  0.015325  0.948557  0.891788  0.922686  0.744690  0.846450  0.084112  0.412334  0.109359  0.241534  0.751803  0.108461  0.118459  0.844110  0.204513  0.724922  0.686528  0.642376  0.097516  0.063412  0.549027  0.793778  0.250903  0.194604  0.219867  0.312528  0.354126  0.490349  0.088667  0.055337  0.893573  0.482512  0.230192  0.126220  0.822434  0.651505  0.729141  0.639568  0.322788  0.613826  0.318168  0.317656  0.687443  0.041754  0.767884  0.865920  0.059493  0.097658  0.081546  0.574394  0.838613  0.854276  0.115800  0.073256  0.086196  0.530908  0.848015  0.753584  0.510659  0.304541  0.475905  0.508538  0.716164  0.858869  0.716799
  0.797000  0.759688  0.790518  0.865314  0.635550  0.638350  0.036537  0.198503  0.355836  0.202477  0.123417  0.536162  0.809063  0.856235  0.873760  0.915251  0.048108  0.698737  0.560458  0.733790  0.363332  0.622949  0.608300  0.859195  0.915565  0.879467  0.845463  0.871475  0.916878  0.413278  0.905266  0.542175  0.512108  0.601865  0.406177  0.582559  0.717907  0.354272  0.904504  0.137198  0.065966  0.774283  0.841253  0.658682  0.657142  0.171552  0.216547  0.234563  0.287086  0.397241  0.502199  0.402873  0.132752  0.306649  0.128355  0.369904  0.648606  0.050292  0.667402  0.926404  0.571841  0.457332  0.121808  0.608097  0.271369  0.094281  0.882937  0.603586  0.580096  0.617499  0.595853  0.015508  0.956007  0.890298  0.922606  0.744516  0.846587  0.085135  0.414027  0.109786  0.242390  0.752198  0.112665  0.113203  0.847685  0.206777  0.725068  0.688748  0.643785  0.097178  0.063451  0.546439  0.782809  0.256089  0.198710  0.223179  0.316843  0.355026  0.489650  0.089216  0.056455  0.896303  0.483121  0.230612  0.125572  0.823618  0.651912  0.729053  0.644641  0.318698  0.614807  0.316681  0.320466  0.690868  0.041751  0.771269  0.865872  0.059211  0.097650  0.084380  0.574852  0.838141  0.855328  0.117345  0.073844  0.086178  0.533446  0.849761  0.753856  0.508382  0.303492  0.474755  0.508618  0.712542  0.859724  0.719570
  0.801500  0.757736  0.789758  0.865918  0.629316  0.639109  0.036977  0.199488  0.354165  0.202412  0.124698  0.537821  0.806381  0.854449  0.875545  0.912774  0.048534  0.703371  0.556054  0.732637  0.359165  0.621459  0.609021  0.860345  0.916538  0.881025  0.844845  0.873822  0.918193  0.415358  0.909185  0.543524  0.507572  0.598445  0.407976  0.567985  0.711554  0.352481  0.901621  0.139861  0.067503  0.774558  0.841400  0.655388  0.648811  0.172503  0.217289  0.242509  0.287086  0.394997  0.501443  0.405458  0.132673  0.306758  0.129343  0.373630  0.643119  0.049324  0.665998  0.926179  0.569475  0.451822  0.120626  0.607705  0.257540  0.094217  0.876527  0.607060  0.580285  0.614022  0.592522  0.015100  0.955019  0.893478  0.924314  0.743900  0.844825  0.084754  0.414820  0.111210  0.242817  0.751228  0.106535  0.113267  0.850488  0.209480  0.722315  0.690142  0.644612  0.097189  0.062786  0.543862  0.772010  0.256376  0.197454  0.223482  0.315657  0.354968  0.494891  0.088588  0.056978  0.896889  0.481823  0.229771  0.125632  0.823837  0.649927  0.727527  0.640197  0.315406  0.616939  0.315865  0.320082  0.693673  0.041983  0.770698  0.865007  0.061642  0.095079  0.086798  0.575271  0.842685  0.857250  0.118684  0.073988  0.086698  0.535748  0.849649  0.754147  0.504103  0.302393  0.471859  0.509592  0.715374  0.859213  0.722076
  0.806500  0.756686  0.787584  0.867450  0.621741  0.638946  0.037093  0.199484  0.353570  0.204244  0.125993  0.538525  0.809403  0.855712  0.882605  0.914918  0.047818  0.702694  0.559643  0.736600  0.361682  0.624524  0.612279  0.859913  0.915837  0.880885  0.845878  0.877075  0.916536  0.418006  0.905025  0.545046  0.512703  0.601820  0.402784  0.553860  0.707853  0.357175  0.904063  0.137535  0.068218  0.775333  0.842164  0.658963  0.634354  0.173006  0.215516  0.240232  0.287086  0.396791  0.505628  0.406846  0.132871  0.308665  0.129095  0.373120  0.639490  0.050726  0.665634  0.926377  0.567011  0.448946  0.119622  0.607959  0.243587  0.094524  0.878522  0.609045  0.581399  0.608809  0.595782  0.014987  0.952250  0.894420  0.924177  0.743253  0.842105  0.084804  0.414955  0.111390  0.242500  0.750763  0.114319  0.114409  0.854420  0.214438  0.725630  0.688108  0.645467  0.097120  0.063049  0.543351  0.767497  0.255123  0.196643  0.223875  0.317523  0.358235  0.498798  0.089271  0.056805  0.894870  0.482289  0.229738  0.126341  0.824035  0.646681  0.729502  0.642840  0.310208  0.621315  0.314122  0.320407  0.697611  0.041954  0.769586  0.864853  0.061926  0.096154  0.090500  0.570602  0.841302  0.856203  0.120126  0.074308  0.087247  0.542976  0.849572  0.754872  0.502584  0.302359  0.471831  0.509264  0.714687  0.859774  0.726381
  0.811500  0.752992  0.787853  0.867042  0.615340  0.640553  0.036459  0.200380  0.354376  0.204842  0.126593  0.539019  0.808105  0.856032  0.881571  0.913085  0.047846  0.707440  0.561572  0.736605  0.361243  0.626049  0.612932  0.860518  0.916726  0.881513  0.845822  0.881956  0.916353  0.417801  0.902655  0.547755  0.512427  0.603904  0.396980  0.542664  0.701863  0.356900  0.903813  0.140007  0.068935  0.775571  0.842670  0.658841  0.624695  0.173151  0.216799  0.244878  0.287086  0.389950  0.507484  0.407015  0.132281  0.310409  0.131189  0.374480  0.631159  0.049410  0.666278  0.925971  0.562292  0.444950  0.121314  0.609407  0.230710  0.094259  0.876844  0.610424  0.582265  0.604712  0.595301  0.014972  0.961878  0.889335  0.923059  0.742778  0.844445  0.083992  0.414411  0.111305  0.242352  0.748100  0.116454  0.118164  0.856816  0.207530  0.724851  0.690710  0.648592  0.096931  0.062456  0.541548  0.785728  0.253659  0.196550  0.223819  0.316694  0.357012  0.497135  0.090228  0.056660  0.889425  0.482080  0.228096  0.126198  0.825217  0.648638  0.728153  0.640158  0.306094  0.622817  0.312668  0.325772  0.702441  0.042540  0.771261  0.862953  0.062378  0.094431  0.094182  0.575245  0.844275  0.858118  0.121695  0.075623  0.088628  0.545901  0.851668  0.754201  0.500162  0.302243  0.470356  0.510238  0.716548  0.859212  0.729620
  0.816500  0.750657  0.787794  0.867283  0.607978  0.639500  0.036705  0.199621  0.352454  0.203811  0.127017  0.539592  0.809941  0.855636  0.881556  0.920035  0.048484  0.706922  0.562522  0.736960  0.357215  0.625969  0.614597  0.859626  0.916681  0.881477  0.845391  0.879110  0.916131  0.419417  0.914065  0.548407  0.511045  0.601685  0.396339  0.531396  0.697168  0.357984  0.904861  0.139280  0.068647  0.777870  0.844758  0.658206  0.614390  0.174142  0.217045  0.243510  0.287086  0.399858  0.508787  0.408208  0.132767  0.311901  0.131198  0.376794  0.624430  0.049446  0.664804  0.926152  0.563793  0.444023  0.120129  0.609972  0.218321  0.094703  0.873342  0.613290  0.583289  0.598570  0.593903  0.014705  0.955063  0.892026  0.923856  0.742079  0.844793  0.084862  0.413130  0.110813  0.241520  0.748046  0.108026  0.115523  0.860724  0.212619  0.727297  0.691994  0.651000  0.096758  0.063138  0.539780  0.794678  0.256140  0.205393  0.221381  0.317122  0.356232  0.500387  0.088313  0.059968  0.885703  0.481532  0.227846  0.126588  0.824614  0.649823  0.727910  0.644358  0.303192  0.628417  0.313786  0.322323  0.705137  0.042466  0.772348  0.862356  0.058853  0.093014  0.098135  0.576536  0.845952  0.856232  0.123668  0.074796  0.089017  0.549182  0.849225  0.754752  0.498561  0.302568  0.469407  0.510223  0.714917  0.859527  0.733707
  0.822000  0.750236  0.781204  0.868669  0.601561  0.639031  0.036495  0.198832  0.349798  0.203823  0.128490  0.539310  0.808746  0.856609  0.878139  0.918327  0.047725  0.709306  0.561337  0.735257  0.355608  0.624697  0.615633  0.860420  0.919101  0.883840  0.846618  0.878696  0.914375  0.419377  0.904540  0.551437  0.514565  0.602722  0.394313  0.514907  0.688818  0.358686  0.904575  0.140662  0.067460  0.775770  0.843291  0.656164  0.597961  0.171420  0.212445  0.246693  0.287086  0.403383  0.510103  0.408547  0.131769  0.312979  0.132384  0.379163  0.608194  0.050934  0.664612  0.928916  0.559351  0.443671  0.122172  0.610694  0.205896  0.094516  0.869453  0.617163  0.585680  0.593888  0.592034  0.014656  0.955709  0.892026  0.925515  0.739768  0.843506  0.084668  0.411534  0.111152  0.240411  0.745057  0.107894  0.114310  0.863107  0.207023  0.727305  0.692749  0.651346  0.096801  0.061972  0.537326  0.799186  0.256643  0.200698  0.222656  0.320068  0.355400  0.494741  0.090330  0.059923  0.890985  0.480494  0.227011  0.126502  0.823735  0.645608  0.726524  0.641617  0.298909  0.633036  0.312025  0.328811  0.708638  0.042254  0.769718  0.861080  0.059874  0.091158  0.101234  0.578424  0.843657  0.855783  0.125509  0.075309  0.089262  0.551504  0.849791  0.753521  0.491563  0.302617  0.467889  0.512161  0.714314  0.859066  0.734316
  0.828000  0.747369  0.779132  0.867477  0.595286  0.639368  0.036389  0.198097  0.345700  0.203264  0.128972  0.538763  0.811114  0.851486  0.882467  0.915927  0.047745  0.711910  0.561080  0.734729  0.357318  0.624568  0.615646  0.858554  0.916696  0.881874  0.844761  0.876866  0.912452  0.420128  0.911243  0.550780  0.513464  0.603634  0.392939  0.503340  0.683806  0.358948  0.903367  0.140836  0.069391  0.775933  0.843232  0.655797  0.584571  0.170244  0.212445  0.236814  0.287086  0.405239  0.504912  0.405983  0.132699  0.313297  0.133775  0.379566  0.593082  0.050525  0.662491  0.927023  0.562024  0.442997  0.122226  0.608836  0.193616  0.094533  0.866400  0.618188  0.586164  0.587535  0.590679  0.013027  0.959257  0.892508  0.926244  0.738348  0.844755  0.084800  0.410098  0.111101  0.239892  0.745267  0.100946  0.114405  0.866453  0.210259  0.726063  0.695629  0.652865  0.096261  0.061525  0.535862  0.803143  0.257210  0.194253  0.220535  0.316207  0.352493  0.499183  0.091080  0.060055  0.896328  0.480821  0.227004  0.126492  0.824952  0.645475  0.727630  0.643033  0.294925  0.636415  0.310704  0.326671  0.710683  0.042665  0.778285  0.860972  0.062600  0.089750  0.105953  0.579587  0.849164  0.855821  0.127508  0.075672  0.089947  0.553702  0.847931  0.754535  0.487125  0.304139  0.465966  0.514064  0.713376  0.856817  0.738603
  0.835000  0.745830  0.777060  0.869538  0.588216  0.639377  0.036489  0.195497  0.337520  0.202094  0.128419  0.536005  0.809944  0.851486  0.880715  0.915438  0.046625  0.711898  0.559177  0.729581  0.349708  0.621939  0.615689  0.858506  0.917154  0.881199  0.845721  0.876822  0.910258  0.419382  0.907350  0.552710  0.510477  0.603188  0.386191  0.481657  0.676767  0.360906  0.903804  0.139123  0.066790  0.773628  0.840023  0.650499  0.564606  0.172750  0.212445  0.237372  0.287086  0.398514  0.506917  0.405232  0.131390  0.315001  0.132882  0.379617  0.542422  0.051549  0.663292  0.926482  0.562024  0.446896  0.123028  0.609718  0.181172  0.094379  0.865680  0.619766  0.588141  0.581589  0.591469  0.012935  0.961261  0.888613  0.924108  0.737316  0.845634  0.084740  0.405976  0.110776  0.238516  0.744092  0.103650  0.112790  0.867652  0.206843  0.721682  0.692009  0.655876  0.095478  0.061231  0.534744  0.807607  0.255292  0.197063  0.217629  0.312047  0.352264  0.495400  0.088444  0.060168  0.895377  0.480408  0.228063  0.126224  0.823365  0.646367  0.726648  0.643938  0.290532  0.641779  0.307469  0.329120  0.715148  0.043026  0.777559  0.858330  0.063050  0.084117  0.110571  0.576090  0.846219  0.853160  0.130254  0.076878  0.092635  0.564993  0.851022  0.754628  0.474886  0.305497  0.465481  0.513676  0.712133  0.856263  0.740457
  0.843000  0.741881  0.772144  0.868464  0.580070  0.639260  0.036729  0.194544  0.337520  0.200590  0.128646  0.534017  0.811006  0.851486  0.880715  0.915438  0.046625  0.710815  0.559177  0.729581  0.349708  0.621939  0.615689  0.856647  0.916296  0.882600  0.845835  0.871198  0.907514  0.417278  0.900667  0.555037  0.510477  0.603188  0.384965  0.481657  0.674008  0.360906  0.904011  0.139123  0.066790  0.774934  0.839992  0.650499  0.546259  0.172342  0.212445  0.233834  0.287086  0.391214  0.498140  0.403482  0.130734  0.313516  0.136415  0.380363  0.542422  0.051539  0.660464  0.925376  0.562024  0.453455  0.123028  0.610186  0.169892  0.094660  0.873310  0.621551  0.588341  0.575066  0.591469  0.013046  0.962408  0.888168  0.923199  0.736676  0.840940  0.083566  0.402757  0.109286  0.236256  0.742996  0.101088  0.109117  0.871062  0.206843  0.721682  0.692076  0.658228  0.094401  0.060976  0.532880  0.808236  0.255712  0.193326  0.217503  0.312047  0.348607  0.495400  0.089399  0.061072  0.885340  0.479464  0.225353  0.126544  0.823846  0.644360  0.726227  0.643938  0.285688  0.648539  0.307246  0.330570  0.721479  0.043180  0.777559  0.857278  0.063377  0.084117  0.115063  0.576090  0.856827  0.853939  0.133896  0.077573  0.093888  0.564993  0.850125  0.755668  0.474886  0.307843  0.464253  0.514605  0.714330  0.855947  0.740457
  0.851000  0.739657  0.769176  0.862618  0.572958  0.639087  0.038091  0.192169  0.334022  0.199906  0.130250  0.529994  0.807938  0.856652  0.894132  0.920763  0.044490  0.714916  0.558841  0.735941  0.348719  0.619472  0.614235  0.857451  0.919362  0.885871  0.843767  0.892405  0.912445  0.415398  0.912432  0.565211  0.518983  0.603050  0.381436  0.480190  0.667968  0.362922  0.915868  0.140204  0.071609  0.782809  0.841526  0.654537  0.515347  0.163137  0.214437  0.253392  0.298840  0.397691  0.495445  0.400624  0.132538  0.314070  0.140550  0.377365  0.502028  0.053422  0.665699  0.925329  0.571893  0.467510  0.126650  0.615135  0.160227  0.096880  0.865201  0.621098  0.592845  0.568721  0.589201  0.015463  0.956435  0.891857  0.929263  0.736129  0.831622  0.086476  0.406343  0.108730  0.232978  0.743200  0.091188  0.111471  0.878729  0.200355  0.732390  0.692482  0.664233  0.094401  0.062962  0.532880  0.807460  0.252115  0.191942  0.215169  0.303138  0.333498  0.482826  0.092131  0.067237  0.893320  0.487337  0.218889  0.126544  0.824589  0.646208  0.719118  0.644234  0.286320  0.658763  0.298802  0.328589  0.736669  0.045783  0.778466  0.857835  0.064137  0.086067  0.125311  0.582217  0.846216  0.860406  0.137304  0.078026  0.093888  0.574820  0.851326  0.749645  0.467762  0.312259  0.465565  0.518109  0.708856  0.856100  0.755089
  0.859000  0.737188  0.766927  0.864541  0.567448  0.639806  0.038272  0.187912  0.327855  0.198344  0.129795  0.529088  0.809330  0.857177  0.886733  0.913328  0.050477  0.717399  0.562361  0.731772  0.345789  0.620605  0.609967  0.854774  0.923046  0.882447  0.842613  0.881702  0.912341  0.412174  0.909776  0.568766  0.524242  0.603318  0.385791  0.473977  0.671020  0.361568  0.906229  0.141306  0.072843  0.781677  0.836505  0.646313  0.502332  0.163160  0.207915  0.236719  0.286852  0.389123  0.484649  0.398149  0.131780  0.314130  0.143221  0.370298  0.465023  0.054077  0.664938  0.924341  0.578808  0.483988  0.126062  0.616985  0.150928  0.096752  0.860129  0.616921  0.590334  0.561487  0.588247  0.015425  0.960408  0.891546  0.926068  0.735308  0.831819  0.085314  0.400845  0.110253  0.230201  0.743271  0.101451  0.109290  0.880819  0.212928  0.740194  0.699556  0.665702  0.094401  0.061994  0.532880  0.805396  0.256455  0.186130  0.210011  0.302530  0.336347  0.483099  0.093349  0.067995  0.882340  0.484668  0.218285  0.126544  0.824363  0.647444  0.716354  0.640152  0.285086  0.669253  0.303280  0.333032  0.736910  0.045242  0.770680  0.856875  0.063869  0.082817  0.128841  0.579969  0.853816  0.865678  0.144021  0.078389  0.093205  0.580269  0.856777  0.749048  0.463162  0.314148  0.462352  0.517842  0.707884  0.853544  0.758312
  0.871000  0.733046  0.765349  0.863954  0.557130  0.637595  0.034455  0.184957  0.319182  0.189699  0.127586  0.523970  0.810422  0.855081  0.891046  0.919570  0.048286  0.713223  0.562752  0.734788  0.344009  0.620246  0.615076  0.851783  0.917908  0.882162  0.843062  0.886351  0.909815  0.410586  0.910961  0.573595  0.521392  0.605984  0.388462  0.480746  0.666863  0.364510  0.908436  0.138552  0.069349  0.782002  0.837197  0.646363  0.473893  0.159240  0.208462  0.234075  0.273088  0.385112  0.499598  0.391994  0.132672  0.306182  0.145285  0.366689  0.414873  0.055566  0.673998  0.924152  0.587649  0.502410  0.124147  0.617946  0.138616  0.095664  0.855532  0.626383  0.588760  0.557147  0.586374  0.016764  0.961181  0.885713  0.922425  0.736750  0.830178  0.084442  0.401980  0.104570  0.227907  0.743323  0.101360  0.115032  0.883201  0.209738  0.737551  0.697833  0.669500  0.094401  0.062086  0.526139  0.803255  0.259135  0.186586  0.202355  0.305811  0.334888  0.475443  0.095356  0.069744  0.890908  0.489971  0.217707  0.126544  0.823688  0.653916  0.724193  0.642704  0.285148  0.678912  0.303643  0.330164  0.740367  0.045858  0.774418  0.852011  0.062032  0.080762  0.131797  0.587568  0.844203  0.861487  0.148642  0.078978  0.094524  0.587087  0.851642  0.750071  0.450171  0.315883  0.459797  0.519175  0.712484  0.847979  0.762687
  0.883000  0.732489  0.769434  0.864488  0.551682  0.637820  0.038402  0.180494  0.305009  0.190471  0.123927  0.514255  0.811278  0.857246  0.887631  0.915224  0.049621  0.710464  0.559534  0.731059  0.341099  0.617124  0.609736  0.846780  0.913594  0.877315  0.842090  0.874011  0.909463  0.405434  0.909917  0.575657  0.527044  0.604218  0.386710  0.487523  0.674558  0.370028  0.906597  0.142436  0.064148  0.779334  0.836243  0.641780  0.448170  0.156622  0.206254  0.229615  0.274975  0.380692  0.483137  0.392131  0.128891  0.298453  0.145483  0.353368  0.358367  0.056694  0.673242  0.924329  0.599854  0.530427  0.119262  0.618163  0.134723  0.095339  0.856092  0.620973  0.588299  0.549029  0.580451  0.016568  0.956618  0.881101  0.921983  0.734390  0.824439  0.083889  0.399192  0.103931  0.228142  0.745284  0.096627  0.103627  0.888037  0.209526  0.732928  0.694185  0.667909  0.094401  0.061293  0.520718  0.800853  0.259785  0.186710  0.203890  0.291882  0.334515  0.472502  0.095253  0.074769  0.892645  0.488393  0.218714  0.126544  0.825388  0.644941  0.720479  0.648304  0.286678  0.688715  0.293736  0.331123  0.749125  0.045153  0.774020  0.852517  0.064923  0.076449  0.138353  0.582930  0.846183  0.865629  0.152179  0.079322  0.094796  0.592290  0.854708  0.750964  0.438389  0.314703  0.457873  0.522906  0.707269  0.848724  0.767504
  0.894000  0.730304  0.771320  0.863109  0.549762  0.636373  0.040277  0.178289  0.295218  0.189074  0.124920  0.508018  0.807083  0.859445  0.890293  0.908986  0.048893  0.705552  0.561634  0.731749  0.342469  0.614333  0.608369  0.850949  0.914431  0.881685  0.842714  0.875229  0.904728  0.405193  0.906695  0.584890  0.526026  0.605787  0.394675  0.502347  0.680572  0.373715  0.909822  0.139784  0.067925  0.787468  0.837329  0.642730  0.431448  0.154420  0.199982  0.236450  0.276010  0.377865  0.487087  0.390014  0.129477  0.287971  0.142653  0.342254  0.314161  0.056777  0.674363  0.925211  0.615316  0.561752  0.119043  0.618815  0.130529  0.096068  0.856230  0.626702  0.593795  0.543393  0.579349  0.015990  0.961369  0.880049  0.923521  0.740252  0.824533  0.085170  0.399247  0.103778  0.226147  0.746044  0.096399  0.103038  0.887243  0.210441  0.731482  0.693207  0.670229  0.094401  0.063756  0.521965  0.804149  0.263926  0.184704  0.210350  0.286377  0.331030  0.474082  0.095621  0.077817  0.892508  0.492031  0.218414  0.126544  0.824835  0.651056  0.722264  0.640689  0.293712  0.695566  0.294266  0.329548  0.754935  0.047966  0.770827  0.851642  0.063272  0.071358  0.142523  0.584626  0.840928  0.871055  0.159286  0.082277  0.098804  0.596618  0.852071  0.751594  0.429619  0.313149  0.453333  0.528018  0.703719  0.845393  0.770300
  0.904000  0.730159  0.770809  0.861984  0.548394  0.636572  0.037250  0.177295  0.283704  0.183641  0.126255  0.496897  0.810092  0.861457  0.893861  0.911663  0.047599  0.700113  0.561754  0.726517  0.340824  0.609821  0.605192  0.848218  0.912267  0.880338  0.842292  0.879059  0.907009  0.404274  0.911326  0.584365  0.524903  0.604480  0.397685  0.519384  0.692794  0.372958  0.910990  0.139444  0.067422  0.788550  0.832004  0.639373  0.420345  0.154410  0.206639  0.227695  0.273361  0.379643  0.476263  0.389046  0.128925  0.280124  0.144761  0.328396  0.274866  0.058125  0.677160  0.922790  0.626845  0.589703  0.121777  0.617304  0.127527  0.098067  0.851563  0.628638  0.592000  0.542164  0.580447  0.016345  0.953484  0.879241  0.923402  0.738893  0.823263  0.082161  0.401441  0.102020  0.226967  0.749466  0.100630  0.104641  0.891265  0.214569  0.735151  0.691310  0.670909  0.098289  0.060196  0.518668  0.803961  0.262681  0.182484  0.208553  0.292138  0.334341  0.479454  0.094646  0.080675  0.893461  0.496279  0.221045  0.126544  0.822871  0.644072  0.721915  0.644436  0.299549  0.703215  0.291181  0.331333  0.757286  0.047200  0.770407  0.849463  0.064247  0.071193  0.147376  0.588293  0.842379  0.864689  0.161778  0.083241  0.098981  0.598338  0.847453  0.751437  0.417197  0.309299  0.442594  0.527816  0.701288  0.841913  0.773119
  0.914000  0.730046  0.765056  0.861162  0.548306  0.633001  0.037841  0.173855  0.269994  0.182657  0.124945  0.485443  0.809673  0.855928  0.890424  0.911854  0.045942  0.694445  0.561303  0.724703  0.337812  0.612198  0.606395  0.850634  0.912460  0.880494  0.840872  0.877610  0.902262  0.401606  0.905958  0.587349  0.528266  0.610145  0.405940  0.537999  0.695846  0.374778  0.908410  0.138480  0.067157  0.783861  0.833782  0.639789  0.412429  0.154552  0.200254  0.227693  0.276666  0.378792  0.484461  0.387727  0.127313  0.266997  0.144356  0.323247  0.240397  0.060753  0.678003  0.921373  0.635651  0.610839  0.121115  0.618704  0.124709  0.094737  0.850135  0.627355  0.593055  0.537851  0.575947  0.016506  0.956402  0.877791  0.922604  0.739414  0.818041  0.078966  0.401625  0.101989  0.225915  0.748388  0.096674  0.109395  0.886792  0.212520  0.732918  0.690587  0.672232  0.096682  0.061282  0.515908  0.805311  0.268089  0.183717  0.202344  0.296292  0.336452  0.479919  0.096301  0.081533  0.886695  0.492490  0.222406  0.127154  0.820624  0.647281  0.716243  0.643011  0.301617  0.706347  0.293344  0.331138  0.757045  0.045402  0.773576  0.846321  0.062426  0.072045  0.148738  0.591496  0.841940  0.863058  0.166866  0.084708  0.100006  0.605680  0.839782  0.751166  0.410940  0.306762  0.435244  0.529970  0.702296  0.838305  0.771910
  0.924000  0.730589  0.756219  0.858567  0.546885  0.635489  0.036186  0.173526  0.257934  0.177110  0.125076  0.474110  0.807979  0.854210  0.894544  0.912464  0.046172  0.689891  0.564008  0.721884  0.342516  0.608271  0.604060  0.849487  0.909223  0.877587  0.839643  0.878011  0.903523  0.400973  0.903372  0.592514  0.529871  0.611944  0.411417  0.561679  0.703647  0.378087  0.903885  0.138122  0.067147  0.786110  0.829796  0.642856  0.409134  0.155622  0.196437  0.223252  0.274520  0.382056  0.483774  0.390682  0.126544  0.257988  0.145848  0.309227  0.212596  0.060329  0.682718  0.917617  0.645214  0.636782  0.125534  0.617547  0.125334  0.096107  0.838250  0.623829  0.591413  0.537103  0.576911  0.015914  0.953557  0.877556  0.919603  0.738776  0.820200  0.077861  0.402751  0.103107  0.229278  0.752279  0.097082  0.103991  0.887985  0.207072  0.738281  0.690067  0.673584  0.098560  0.061934  0.511431  0.806708  0.269195  0.179893  0.214344  0.303972  0.338878  0.480684  0.094578  0.086237  0.892646  0.497351  0.223669  0.125827  0.816332  0.651304  0.721661  0.647032  0.309809  0.712039  0.290001  0.330824  0.762185  0.047504  0.771384  0.846298  0.063714  0.065527  0.153236  0.592004  0.841845  0.863398  0.170615  0.084933  0.099737  0.611676  0.839003  0.752220  0.402459  0.302232  0.427537  0.533306  0.700185  0.838512  0.774640
  0.933000  0.730813  0.743755  0.859253  0.550717  0.635821  0.037562  0.173004  0.250125  0.178186  0.126204  0.460449  0.809586  0.857778  0.893550  0.912301  0.049915  0.685751  0.560321  0.718899  0.340222  0.607377  0.601662  0.852850  0.913152  0.879800  0.841574  0.876458  0.905075  0.403711  0.897089  0.598798  0.530409  0.613359  0.419944  0.582554  0.715263  0.385403  0.909503  0.138934  0.067710  0.788884  0.831968  0.633271  0.408433  0.155185  0.202963  0.228027  0.268837  0.383575  0.479582  0.392635  0.126739  0.248602  0.138319  0.302725  0.188519  0.064092  0.685498  0.922505  0.652140  0.662083  0.121615  0.619932  0.129426  0.094845  0.852631  0.627603  0.592676  0.539042  0.573536  0.017375  0.955969  0.875010  0.919946  0.741327  0.818977  0.080094  0.406779  0.105047  0.230622  0.754629  0.099807  0.107227  0.889025  0.216807  0.735418  0.692166  0.674874  0.098575  0.060686  0.509106  0.808498  0.272497  0.175002  0.210925  0.300598  0.342041  0.481934  0.096405  0.089112  0.887769  0.499372  0.223638  0.126181  0.817234  0.646168  0.714124  0.648611  0.321741  0.716476  0.286205  0.329458  0.766341  0.048535  0.765159  0.845355  0.065366  0.069420  0.158314  0.595333  0.841829  0.866515  0.172103  0.087065  0.101949  0.609787  0.837908  0.751613  0.395849  0.297691  0.419365  0.533301  0.697236  0.834330  0.780646
  0.941000  0.731435  0.735329  0.857267  0.550072  0.635531  0.035071  0.171427  0.240518  0.175824  0.127200  0.452797  0.805704  0.855383  0.886555  0.903867  0.046597  0.674076  0.560113  0.714945  0.337191  0.602770  0.597773  0.851052  0.911865  0.878590  0.841873  0.878313  0.905821  0.403402  0.891289  0.599370  0.528611  0.613925  0.427596  0.604734  0.726295  0.389039  0.909245  0.138207  0.066765  0.786353  0.826145  0.630435  0.401974  0.154521  0.203972  0.232281  0.273566  0.378727  0.494142  0.392831  0.124751  0.242032  0.140576  0.289307  0.170579  0.065918  0.688798  0.915629  0.660731  0.674945  0.121585  0.619215  0.130728  0.095332  0.837479  0.628742  0.595426  0.540187  0.572428  0.016684  0.956219  0.871418  0.919542  0.744048  0.811051  0.078031  0.409416  0.105566  0.233152  0.755263  0.100080  0.111967  0.891392  0.214588  0.735917  0.680306  0.676611  0.097634  0.059395  0.506279  0.808454  0.273864  0.180835  0.208690  0.305504  0.348150  0.487791  0.096440  0.092491  0.885754  0.501777  0.225677  0.125548  0.814776  0.649027  0.715535  0.644762  0.329529  0.720045  0.290009  0.334272  0.764564  0.050238  0.771065  0.844242  0.063606  0.066597  0.156642  0.596333  0.843956  0.867242  0.176683  0.088083  0.102227  0.615978  0.818107  0.748587  0.387879  0.291860  0.412665  0.534467  0.690401  0.832181  0.781626
  0.949000  0.729455  0.726731  0.845767  0.552559  0.633979  0.036835  0.168875  0.223540  0.173715  0.127048  0.437871  0.805984  0.853607  0.893496  0.909648  0.047755  0.662143  0.559769  0.715191  0.340903  0.601406  0.596022  0.847774  0.908367  0.876733  0.840033  0.877587  0.906389  0.402415  0.888929  0.602313  0.530066  0.616392  0.426976  0.626263  0.734136  0.392412  0.903983  0.140604  0.068555  0.787768  0.823277  0.628506  0.403837  0.155338  0.207783  0.225204  0.273928  0.378273  0.491057  0.394275  0.125184  0.230684  0.137789  0.279171  0.151023  0.067186  0.694395  0.911251  0.664179  0.691137  0.121585  0.617374  0.133674  0.095032  0.786021  0.626046  0.594278  0.541834  0.574126  0.016191  0.957552  0.870238  0.916003  0.743619  0.804790  0.078999  0.409457  0.105828  0.234363  0.746848  0.107067  0.114598  0.887894  0.225022  0.736548  0.679387  0.676037  0.098098  0.059100  0.499890  0.805869  0.275388  0.180653  0.217401  0.304778  0.348785  0.492236  0.094767  0.095559  0.888475  0.502973  0.222152  0.126142  0.809044  0.643763  0.712178  0.638319  0.338846  0.720182  0.286033  0.337213  0.766488  0.048782  0.766981  0.840672  0.063976  0.062963  0.157331  0.594312  0.842538  0.866136  0.178535  0.089023  0.101073  0.618187  0.816899  0.748756  0.383169  0.288151  0.406122  0.534052  0.687701  0.828650  0.779284
  0.957000  0.735638  0.724406  0.836250  0.557021  0.635312  0.035733  0.166106  0.215979  0.170193  0.125751  0.426880  0.807897  0.852576  0.888270  0.904846  0.047626  0.650089  0.559256  0.707277  0.340540  0.599218  0.593305  0.848480  0.909153  0.876571  0.838734  0.873471  0.901534  0.402812  0.882791  0.604143  0.531749  0.613375  0.430676  0.649215  0.742320  0.398602  0.907392  0.141531  0.070125  0.788005  0.820715  0.625919  0.410866  0.155457  0.202419  0.232280  0.271823  0.384117  0.494240  0.397361  0.126383  0.225986  0.139330  0.271928  0.135355  0.067992  0.696752  0.910934  0.665441  0.694522  0.120529  0.617611  0.141463  0.096764  0.741239  0.627478  0.592906  0.543755  0.570546  0.016533  0.958700  0.867227  0.916781  0.744001  0.794853  0.075527  0.413287  0.106790  0.236910  0.752431  0.105236  0.111932  0.891948  0.222055  0.734067  0.676679  0.678001  0.099085  0.059907  0.500084  0.808658  0.276595  0.186675  0.219431  0.313447  0.352175  0.494149  0.096979  0.100061  0.889939  0.507595  0.222754  0.123988  0.795536  0.643543  0.711318  0.647796  0.352553  0.719935  0.286544  0.335905  0.767611  0.048351  0.764072  0.838205  0.065530  0.063354  0.160952  0.595940  0.845023  0.867551  0.181106  0.088091  0.103386  0.621439  0.827650  0.752797  0.377098  0.285417  0.398553  0.535665  0.686863  0.826662  0.784713
  0.964000  0.734209  0.723115  0.836750  0.560818  0.634055  0.039797  0.167518  0.212490  0.171444  0.129706  0.417257  0.808483  0.853519  0.888546  0.910912  0.045661  0.640555  0.560241  0.713390  0.339096  0.602099  0.592219  0.852026  0.908548  0.879046  0.842001  0.872309  0.906290  0.406258  0.864425  0.616039  0.536708  0.621142  0.439541  0.672970  0.752434  0.404308  0.904482  0.142061  0.071162  0.788766  0.820229  0.626890  0.417489  0.157753  0.207770  0.233051  0.275819  0.384823  0.494734  0.398102  0.123835  0.223350  0.142500  0.265323  0.128550  0.072735  0.701025  0.909737  0.673781  0.717921  0.123231  0.619034  0.146124  0.095683  0.836569  0.631859  0.596619  0.551315  0.574883  0.016732  0.961398  0.863972  0.918994  0.744790  0.789883  0.076463  0.419469  0.110099  0.238814  0.756010  0.108914  0.119787  0.889689  0.224171  0.737553  0.675609  0.679192  0.100669  0.061341  0.498807  0.811192  0.277447  0.192004  0.218734  0.315506  0.352838  0.495821  0.098484  0.105689  0.891609  0.510540  0.221635  0.124314  0.777787  0.644604  0.720808  0.637355  0.363508  0.726964  0.289747  0.339142  0.769637  0.050384  0.764663  0.836993  0.064076  0.066004  0.161478  0.594606  0.840256  0.865992  0.183913  0.090779  0.104702  0.624375  0.811922  0.746435  0.376373  0.283258  0.392860  0.538140  0.686415  0.827174  0.782740
  0.970000  0.736630  0.723874  0.841774  0.563791  0.636261  0.036426  0.166854  0.202032  0.170455  0.131131  0.408857  0.810558  0.852559  0.888590  0.906307  0.045760  0.626945  0.557242  0.700859  0.340877  0.595182  0.583728  0.846931  0.908241  0.876249  0.841105  0.863825  0.903101  0.408826  0.843037  0.615490  0.532724  0.620505  0.445578  0.681173  0.759129  0.405303  0.905093  0.142595  0.071128  0.792642  0.815867  0.619521  0.428481  0.157496  0.213596  0.235110  0.278410  0.389611  0.492914  0.400990  0.124829  0.218289  0.138629  0.259981  0.118606  0.075148  0.703325  0.904717  0.679005  0.729219  0.124999  0.616121  0.154303  0.096469  0.843496  0.628812  0.596479  0.551867  0.565653  0.016724  0.957865  0.864733  0.918985  0.740704  0.780698  0.078414  0.417789  0.110168  0.240415  0.757805  0.108568  0.110384  0.890723  0.234838  0.737277  0.673477  0.679628  0.098741  0.060706  0.497267  0.808209  0.278047  0.192627  0.226305  0.322437  0.366100  0.501447  0.096680  0.109106  0.893237  0.514601  0.223451  0.127225  0.759709  0.652317  0.714317  0.646326  0.371266  0.727666  0.287212  0.336913  0.770891  0.050047  0.766876  0.838383  0.065097  0.061614  0.164532  0.597511  0.835596  0.867533  0.186714  0.091466  0.106233  0.623995  0.798258  0.745876  0.372464  0.280528  0.389698  0.539758  0.682875  0.825817  0.791483
  0.976000  0.737647  0.724545  0.850529  0.567431  0.638434  0.037127  0.162494  0.197296  0.163712  0.130615  0.399954  0.810274  0.854125  0.894813  0.909174  0.046719  0.614979  0.556864  0.699673  0.342246  0.592409  0.579663  0.847184  0.905585  0.879778  0.840876  0.854539  0.902229  0.404901  0.851181  0.619562  0.532987  0.625172  0.447700  0.703712  0.765489  0.407861  0.905663  0.142195  0.073207  0.790139  0.818715  0.621581  0.434934  0.157969  0.208054  0.231555  0.281096  0.394514  0.508205  0.403541  0.124502  0.217762  0.139290  0.256649  0.110754  0.075768  0.706020  0.903528  0.681054  0.739143  0.124942  0.615282  0.160013  0.096147  0.855704  0.631839  0.598175  0.554656  0.566827  0.015860  0.959660  0.863521  0.919058  0.739218  0.776636  0.075939  0.420602  0.111253  0.242228  0.757874  0.105887  0.117411  0.892199  0.228833  0.737552  0.679425  0.679487  0.099946  0.060337  0.494591  0.807453  0.279012  0.191359  0.223116  0.319477  0.359037  0.504938  0.097470  0.110412  0.892284  0.514407  0.223624  0.123863  0.763008  0.647754  0.718890  0.644125  0.380252  0.730842  0.288432  0.338350  0.770378  0.050020  0.766163  0.836809  0.064954  0.063609  0.164998  0.598691  0.833980  0.865047  0.188043  0.091793  0.107304  0.626967  0.831568  0.752668  0.366931  0.280975  0.383895  0.540584  0.681664  0.825001  0.793445
  0.982000  0.739430  0.727045  0.855012  0.571794  0.639514  0.034998  0.161730  0.193715  0.164310  0.131382  0.391925  0.807501  0.853088  0.893851  0.909120  0.048077  0.604647  0.555868  0.691852  0.342283  0.594580  0.576167  0.843168  0.902105  0.880708  0.840971  0.850887  0.904491  0.408145  0.857939  0.622045  0.537546  0.625117  0.451688  0.717360  0.769329  0.412789  0.904723  0.142777  0.066193  0.792380  0.815678  0.618830  0.445703  0.156852  0.211185  0.232068  0.279712  0.390548  0.499485  0.402449  0.123042  0.211644  0.138992  0.252348  0.106512  0.079514  0.707272  0.905157  0.680656  0.747755  0.121142  0.615217  0.168986  0.095783  0.849596  0.632445  0.595957  0.557962  0.566646  0.016493  0.962977  0.860199  0.918285  0.738822  0.771767  0.076359  0.421391  0.111401  0.243849  0.757692  0.107943  0.115266  0.892007  0.231164  0.742150  0.679630  0.681518  0.099598  0.060458  0.494327  0.807610  0.281215  0.197895  0.226644  0.320755  0.369212  0.509881  0.098156  0.113822  0.890213  0.516436  0.223397  0.123841  0.779416  0.643771  0.719349  0.642234  0.385812  0.729414  0.287991  0.343741  0.772199  0.049548  0.765998  0.840934  0.064708  0.061483  0.166767  0.596638  0.829725  0.857757  0.188110  0.092146  0.108240  0.633291  0.847896  0.756202  0.361414  0.278678  0.379841  0.540601  0.684789  0.822427  0.794509
  0.988000  0.738890  0.727441  0.856280  0.577275  0.639538  0.035592  0.158974  0.185084  0.164701  0.132853  0.383999  0.809894  0.853027  0.891728  0.906979  0.048064  0.591175  0.550111  0.688982  0.340188  0.589314  0.570565  0.837955  0.901613  0.878803  0.840055  0.835412  0.903710  0.410309  0.869272  0.622275  0.533155  0.626813  0.458195  0.735542  0.776609  0.411598  0.904011  0.144584  0.071523  0.792967  0.815811  0.616048  0.460489  0.158313  0.212507  0.235110  0.283948  0.386252  0.502627  0.402887  0.123863  0.208809  0.138672  0.249680  0.097880  0.079068  0.710107  0.908300  0.690171  0.753334  0.122729  0.613869  0.179376  0.096665  0.849437  0.629899  0.596932  0.562286  0.563478  0.016110  0.958362  0.864642  0.917375  0.736581  0.769526  0.076027  0.422807  0.112490  0.244619  0.758282  0.110565  0.115921  0.890312  0.231207  0.738054  0.685858  0.682518  0.099183  0.061387  0.491791  0.810014  0.283741  0.196167  0.230390  0.322618  0.369005  0.510797  0.098610  0.118729  0.891149  0.517386  0.222839  0.123703  0.788966  0.647143  0.720671  0.641242  0.397502  0.732114  0.290536  0.340582  0.768515  0.049749  0.770961  0.842744  0.065501  0.061654  0.166579  0.598764  0.816535  0.849854  0.189124  0.093196  0.108492  0.632913  0.854248  0.756762  0.359386  0.276330  0.374682  0.539894  0.679825  0.822789  0.799087
  0.994000  0.739542  0.728376  0.857645  0.583230  0.640836  0.037103  0.156718  0.180140  0.160474  0.133347  0.375876  0.810451  0.853809  0.889976  0.905669  0.046574  0.578257  0.548673  0.680047  0.340447  0.584991  0.565083  0.833375  0.898064  0.878380  0.841497  0.826083  0.899719  0.411048  0.881421  0.626197  0.533787  0.626600  0.457734  0.744344  0.779365  0.418375  0.906662  0.142663  0.069997  0.792097  0.810910  0.608396  0.475910  0.158315  0.207676  0.234031  0.276418  0.390173  0.503203  0.404041  0.122990  0.207600  0.138869  0.248187  0.093483  0.082499  0.713307  0.910007  0.689052  0.757930  0.124714  0.613231  0.189253  0.096272  0.852333  0.632236  0.596995  0.565580  0.560600  0.016609  0.959413  0.856514  0.917865  0.735997  0.770177  0.077232  0.423333  0.113193  0.245459  0.759279  0.105332  0.117287  0.893238  0.230046  0.736632  0.688280  0.683317  0.101210  0.060114  0.490458  0.809076  0.279332  0.198528  0.223706  0.324238  0.366081  0.510358  0.100225  0.121576  0.889119  0.519715  0.222127  0.123471  0.794311  0.650922  0.719755  0.645488  0.405379  0.730828  0.290361  0.343430  0.770973  0.050121  0.770383  0.844349  0.066081  0.064571  0.169469  0.598550  0.801128  0.841092  0.191090  0.093376  0.109527  0.633236  0.854568  0.757139  0.355423  0.274825  0.372065  0.543622  0.679008  0.820333  0.797045
  1.000000  0.744150  0.730519  0.859855  0.584934  0.640962  0.036594  0.155732  0.179644  0.159891  0.133252  0.369305  0.806558  0.853558  0.894338  0.906908  0.048989  0.563415  0.543635  0.675351  0.340810  0.582603  0.560515  0.833580  0.899697  0.878008  0.839599  0.817279  0.900454  0.408171  0.885415  0.628616  0.535016  0.629201  0.461811  0.757325  0.784163  0.419821  0.905854  0.144296  0.073859  0.791883  0.810789  0.610616  0.495767  0.157809  0.213097  0.236986  0.277071  0.389275  0.505189  0.405548  0.122480  0.207899  0.137505  0.242020  0.091834  0.085681  0.714333  0.912997  0.689059  0.765782  0.124510  0.613720  0.199748  0.095850  0.855096  0.631694  0.596056  0.571653  0.559977  0.015922  0.956902  0.853836  0.916587  0.732390  0.771331  0.075217  0.423768  0.113527  0.246891  0.761683  0.106141  0.117724  0.892408  0.234633  0.735597  0.689098  0.685404  0.100542  0.060398  0.489264  0.809090  0.281709  0.200157  0.227394  0.323582  0.369730  0.510075  0.101961  0.122952  0.890664  0.522963  0.221639  0.122960  0.799927  0.649516  0.718014  0.647435  0.416878  0.733269  0.289647  0.343370  0.772740  0.049802  0.770859  0.848680  0.065766  0.064494  0.168064  0.600370  0.791423  0.833070  0.194322  0.093594  0.110208  0.638449  0.857707  0.757334  0.350596  0.274906  0.366892  0.543727  0.681104  0.820085  0.799118
  1.006000  0.745712  0.731141  0.856784  0.590970  0.641415  0.036121  0.153583  0.172867  0.158773  0.134724  0.365452  0.812584  0.851999  0.895155  0.905040  0.047108  0.551665  0.538320  0.669696  0.343773  0.579925  0.554225  0.832260  0.896289  0.878731  0.838940  0.822838  0.901976  0.409508  0.894420  0.631263  0.535804  0.631775  0.468682  0.773035  0.791737  0.423659  0.905841  0.144538  0.073869  0.795776  0.809149  0.606075  0.512385  0.156576  0.207771  0.233685  0.276816  0.388449  0.508418  0.405596  0.122769  0.205677  0.138788  0.242471  0.085874  0.088507  0.716499  0.915811  0.694804  0.774369  0.125224  0.614916  0.214469  0.097477  0.853786  0.634545  0.597371  0.575474  0.558898  0.015561  0.965922  0.855276  0.916871  0.732835  0.777672  0.074345  0.426221  0.114261  0.247082  0.760401  0.109277  0.119425  0.890309  0.235317  0.737450  0.693655  0.685332  0.100531  0.060167  0.486735  0.808511  0.282547  0.201700  0.227705  0.329643  0.367065  0.513945  0.100835  0.131268  0.891792  0.524342  0.220949  0.122769  0.803835  0.651130  0.721535  0.641525  0.426299  0.730867  0.294667  0.344767  0.771364  0.051614  0.772186  0.849142  0.065474  0.063776  0.168712  0.600499  0.749107  0.808364  0.194405  0.095580  0.110754  0.641390  0.858995  0.757493  0.346379  0.274203  0.362323  0.543297  0.676724  0.817785  0.802543
  1.012000  0.747633  0.730110  0.859350  0.595683  0.641745  0.035264  0.151475  0.171450  0.157245  0.135063  0.359890  0.807915  0.851119  0.893497  0.905374  0.047358  0.531891  0.534029  0.664049  0.339404  0.574610  0.547166  0.833929  0.897290  0.878559  0.839281  0.827884  0.902724  0.408932  0.895146  0.632055  0.535829  0.630397  0.470170  0.780573  0.795729  0.425604  0.902753  0.143702  0.072435  0.794698  0.811508  0.605383  0.528177  0.156252  0.216725  0.229128  0.274483  0.388187  0.504787  0.403674  0.120779  0.206223  0.138839  0.239114  0.081181  0.089783  0.718585  0.916460  0.695169  0.776147  0.125744  0.615335  0.226600  0.095143  0.850600  0.637158  0.597390  0.581689  0.557154  0.014963  0.964728  0.853232  0.915082  0.732638  0.785503  0.072303  0.424659  0.115154  0.247219  0.760536  0.112799  0.124386  0.889985  0.232839  0.737473  0.688935  0.685148  0.100808  0.060202  0.483961  0.806976  0.279524  0.199072  0.225416  0.327261  0.370171  0.514836  0.099755  0.133091  0.892612  0.525852  0.219230  0.122382  0.805149  0.650991  0.719702  0.646827  0.435246  0.732181  0.292523  0.346618  0.771329  0.049239  0.771937  0.848742  0.066845  0.060096  0.169087  0.597061  0.737193  0.796364  0.195299  0.093368  0.111094  0.643174  0.857648  0.759019  0.344983  0.273474  0.358249  0.543475  0.677751  0.818103  0.801337
  1.018000  0.750862  0.726576  0.859011  0.598359  0.642808  0.035794  0.150106  0.165940  0.157159  0.134280  0.360825  0.809227  0.849461  0.890213  0.904668  0.047432  0.521615  0.525859  0.652458  0.342784  0.567520  0.538429  0.840476  0.900569  0.880793  0.839616  0.844882  0.905722  0.409402  0.899455  0.632644  0.533940  0.630640  0.476071  0.788664  0.798174  0.428890  0.903982  0.144660  0.072841  0.792472  0.808227  0.603255  0.543720  0.157826  0.210949  0.236150  0.274768  0.384820  0.505932  0.406269  0.122145  0.206209  0.140399  0.240097  0.077752  0.092100  0.721875  0.917601  0.700019  0.785238  0.124919  0.614788  0.240029  0.096597  0.852917  0.633159  0.596034  0.588059  0.553064  0.016585  0.966363  0.852497  0.916436  0.737614  0.786213  0.073163  0.425010  0.115415  0.247543  0.757320  0.108058  0.119933  0.890982  0.244218  0.735510  0.695443  0.687813  0.102371  0.059610  0.483081  0.807842  0.284309  0.197260  0.224184  0.328978  0.368775  0.508198  0.100715  0.136138  0.890118  0.526537  0.217970  0.121184  0.804732  0.653243  0.723770  0.647259  0.445818  0.731389  0.294696  0.345374  0.771635  0.049464  0.773267  0.850616  0.066848  0.064422  0.170438  0.597165  0.793856  0.836526  0.198547  0.097002  0.110504  0.642851  0.857985  0.756586  0.335871  0.270550  0.353767  0.542866  0.678338  0.816609  0.803780
  1.023500  0.753110  0.724088  0.857387  0.602183  0.643394  0.035487  0.149936  0.168700  0.156750  0.136882  0.360475  0.810013  0.849379  0.895036  0.906123  0.046358  0.502880  0.524027  0.650130  0.344111  0.568014  0.534934  0.849755  0.904517  0.880666  0.843554  0.858877  0.909028  0.414544  0.899724  0.637653  0.538629  0.637421  0.476003  0.800030  0.802932  0.432086  0.907927  0.145431  0.072047  0.797064  0.806976  0.603529  0.558845  0.156143  0.208855  0.232584  0.273884  0.392803  0.502574  0.406381  0.120845  0.208862  0.143663  0.239855  0.076392  0.094577  0.726090  0.918473  0.700017  0.793048  0.125983  0.618905  0.255231  0.097057  0.849583  0.634140  0.600630  0.594361  0.551429  0.015582  0.962825  0.853352  0.917490  0.741221  0.793151  0.073213  0.424567  0.115451  0.247589  0.759732  0.109499  0.122270  0.891855  0.236569  0.733508  0.692346  0.688916  0.102184  0.062394  0.481765  0.808977  0.280171  0.197534  0.227059  0.318264  0.373602  0.510091  0.103259  0.139508  0.890123  0.529439  0.219947  0.122687  0.808950  0.653554  0.728456  0.646490  0.455178  0.732688  0.293609  0.346635  0.774261  0.048880  0.774556  0.853714  0.066379  0.064269  0.168582  0.598011  0.821497  0.856611  0.198363  0.098159  0.113480  0.647066  0.860455  0.759644  0.337982  0.271824  0.350557  0.543652  0.680142  0.817283  0.805335
  1.028500  0.755646  0.720653  0.858510  0.607826  0.644386  0.034786  0.149781  0.166093  0.155826  0.136135  0.360015  0.807022  0.848511  0.892128  0.906708  0.047846  0.491423  0.520247  0.641838  0.343847  0.562638  0.527897  0.856697  0.907652  0.882461  0.843911  0.874129  0.911434  0.412897  0.902853  0.640624  0.537257  0.637068  0.481010  0.806268  0.805527  0.436007  0.903963  0.147954  0.074000  0.794806  0.804382  0.596568  0.569437  0.155670  0.209856  0.232419  0.276003  0.387273  0.505884  0.405344  0.122082  0.210668  0.142394  0.236998  0.073118  0.095243  0.726168  0.919275  0.704414  0.795579  0.126856  0.617466  0.267295  0.098557  0.849352  0.635893  0.600984  0.597860  0.548778  0.016353  0.963478  0.849030  0.918823  0.743810  0.796957  0.071262  0.426312  0.114791  0.248689  0.759809  0.113174  0.120785  0.891157  0.240030  0.740478  0.695723  0.690380  0.103185  0.061735  0.481504  0.808211  0.277946  0.194452  0.219823  0.328648  0.370239  0.514945  0.103299  0.143453  0.893248  0.531695  0.218477  0.121762  0.808371  0.652856  0.717915  0.640623  0.463087  0.735901  0.295244  0.346780  0.774076  0.049601  0.776269  0.856033  0.067166  0.065158  0.172014  0.598294  0.830226  0.863795  0.199847  0.098023  0.113022  0.647328  0.860465  0.759650  0.336107  0.273879  0.346523  0.544767  0.677161  0.817367  0.805527
  1.033500  0.760483  0.715179  0.856567  0.611706  0.646538  0.034994  0.148833  0.164388  0.156698  0.138387  0.362661  0.812079  0.850754  0.891183  0.898283  0.047280  0.480218  0.516734  0.632682  0.342902  0.555563  0.521677  0.858573  0.909385  0.884647  0.843482  0.880084  0.914373  0.413512  0.899086  0.643313  0.536238  0.633221  0.484023  0.811278  0.809253  0.437997  0.904628  0.144210  0.074065  0.796174  0.806335  0.595021  0.585967  0.154553  0.207126  0.229115  0.279698  0.389640  0.503926  0.405480  0.120700  0.212310  0.143413  0.241641  0.070991  0.098603  0.723021  0.919395  0.705895  0.800151  0.124692  0.619632  0.282226  0.096429  0.852148  0.634695  0.599650  0.602857  0.544687  0.016228  0.964865  0.846603  0.917486  0.748069  0.799302  0.072936  0.427644  0.115738  0.248659  0.759453  0.108585  0.120168  0.891862  0.238888  0.736316  0.696495  0.689708  0.102283  0.061282  0.479054  0.808135  0.279162  0.197535  0.227758  0.327113  0.368195  0.514785  0.106246  0.146688  0.888318  0.532341  0.216354  0.121822  0.809650  0.656398  0.722454  0.648073  0.468501  0.734409  0.296506  0.347118  0.775243  0.050812  0.771680  0.857492  0.067544  0.060938  0.172606  0.598356  0.836814  0.868185  0.200686  0.100537  0.113802  0.647153  0.859730  0.758561  0.335172  0.270009  0.346762  0.546486  0.675560  0.817751  0.806850
  1.038500  0.760784  0.708646  0.856497  0.614393  0.643122  0.036074  0.148094  0.166710  0.158045  0.138692  0.363371  0.807962  0.850703  0.894807  0.905709  0.047170  0.464151  0.510979  0.629011  0.343393  0.552786  0.513953  0.859264  0.908218  0.883693  0.844473  0.879644  0.913646  0.413113  0.898539  0.645169  0.536568  0.636129  0.487335  0.823447  0.811854  0.440341  0.903035  0.147901  0.074218  0.794478  0.802851  0.594593  0.598031  0.154864  0.203774  0.238489  0.275646  0.387297  0.499038  0.403549  0.121748  0.215379  0.141353  0.242228  0.069542  0.100064  0.728253  0.920766  0.705885  0.803986  0.125302  0.620715  0.294511  0.097225  0.848831  0.636919  0.601094  0.608667  0.547740  0.015920  0.967239  0.842126  0.917774  0.750706  0.796867  0.071691  0.426466  0.115988  0.248550  0.759959  0.112103  0.124127  0.892950  0.243371  0.736590  0.698728  0.690806  0.102597  0.063418  0.477724  0.806791  0.278065  0.199073  0.229358  0.330884  0.367498  0.517299  0.103393  0.148786  0.890312  0.534016  0.219234  0.121989  0.809758  0.657247  0.717457  0.645223  0.476791  0.735399  0.297709  0.346497  0.771886  0.049740  0.773508  0.857172  0.067364  0.064751  0.173680  0.600862  0.844062  0.869089  0.201911  0.099481  0.115024  0.650545  0.861299  0.760615  0.331770  0.270412  0.341875  0.547066  0.674653  0.815653  0.807046
  1.043500  0.762077  0.697137  0.857694  0.618088  0.647354  0.037593  0.149059  0.168182  0.157881  0.139772  0.370459  0.805374  0.847539  0.893278  0.905632  0.049983  0.452592  0.505970  0.623199  0.343922  0.547902  0.508765  0.861515  0.910709  0.885491  0.844894  0.886211  0.916817  0.416577  0.900547  0.645021  0.541499  0.639521  0.488403  0.828080  0.814705  0.443387  0.901419  0.146874  0.076702  0.796020  0.802151  0.591998  0.612853  0.154431  0.213863  0.233734  0.274020  0.384899  0.507301  0.404193  0.120752  0.216084  0.142707  0.244289  0.069849  0.102869  0.730373  0.920392  0.709278  0.811961  0.128935  0.621036  0.308561  0.097091  0.852965  0.638089  0.601524  0.614795  0.543122  0.014816  0.962389  0.848828  0.916636  0.748522  0.794848  0.072796  0.425683  0.115973  0.247620  0.759934  0.108792  0.121767  0.891703  0.243352  0.740068  0.699011  0.691147  0.103687  0.062437  0.477266  0.807630  0.278947  0.198347  0.229560  0.325921  0.371198  0.526990  0.102376  0.155294  0.891292  0.538163  0.217123  0.121394  0.807760  0.655925  0.726154  0.649302  0.481116  0.737872  0.297384  0.347285  0.773967  0.050314  0.774335  0.858281  0.067457  0.065928  0.175935  0.601596  0.841754  0.873847  0.202514  0.100882  0.116241  0.653228  0.860367  0.759475  0.329314  0.267692  0.342138  0.546482  0.673905  0.818157  0.810695
  1.048500  0.764069  0.685093  0.856882  0.626823  0.644424  0.034987  0.150939  0.170935  0.160848  0.138641  0.376200  0.808390  0.848270  0.893333  0.905229  0.046556  0.437440  0.501024  0.612056  0.341955  0.541219  0.500393  0.862516  0.910546  0.884287  0.845233  0.884321  0.915103  0.416397  0.902979  0.644881  0.538786  0.640265  0.492573  0.830967  0.820203  0.447580  0.902901  0.146439  0.074179  0.799750  0.801500  0.591869  0.621630  0.153697  0.208582  0.229594  0.275060  0.385011  0.500940  0.405191  0.121290  0.217447  0.142716  0.247132  0.065996  0.104842  0.731906  0.921843  0.710790  0.812981  0.126435  0.621427  0.322307  0.097527  0.850433  0.635257  0.600553  0.621570  0.539777  0.015613  0.962517  0.843837  0.917107  0.750734  0.796794  0.070537  0.425612  0.116136  0.248937  0.758978  0.113484  0.121001  0.891662  0.244900  0.738230  0.699987  0.691750  0.104583  0.061964  0.474087  0.806145  0.277713  0.196808  0.234032  0.331394  0.372060  0.519688  0.107792  0.158848  0.889121  0.536584  0.217451  0.122975  0.809728  0.659890  0.720481  0.649022  0.488949  0.738823  0.297479  0.348755  0.772314  0.049873  0.774460  0.860035  0.068415  0.067817  0.174274  0.602307  0.847015  0.874458  0.205838  0.101402  0.116022  0.652792  0.861061  0.760670  0.331050  0.269165  0.340101  0.547180  0.676012  0.816620  0.810570
  1.053500  0.763645  0.668163  0.857255  0.627613  0.646274  0.036531  0.152769  0.174048  0.162778  0.139589  0.384659  0.808217  0.851280  0.894913  0.906543  0.047305  0.422872  0.493892  0.603974  0.341255  0.535815  0.491548  0.862026  0.910978  0.885786  0.846090  0.886170  0.914324  0.418101  0.899761  0.649415  0.538339  0.642381  0.496731  0.833696  0.820703  0.447010  0.903642  0.145324  0.072711  0.795762  0.801847  0.588918  0.633379  0.153222  0.207951  0.234590  0.278989  0.386091  0.498901  0.403241  0.121348  0.222207  0.141427  0.249736  0.067085  0.107875  0.730864  0.920407  0.713829  0.819637  0.124136  0.622919  0.335649  0.098413  0.851676  0.635014  0.600086  0.626638  0.538971  0.015486  0.962295  0.843855  0.917851  0.750446  0.796111  0.072727  0.425292  0.115342  0.248077  0.758627  0.103930  0.127579  0.892635  0.243017  0.737317  0.702367  0.691829  0.103601  0.062421  0.472314  0.805766  0.277810  0.196172  0.224261  0.328282  0.367516  0.523184  0.106446  0.160113  0.890338  0.537045  0.217076  0.122951  0.810183  0.654298  0.726786  0.649133  0.496693  0.740193  0.299330  0.348045  0.772969  0.048846  0.778525  0.860775  0.067989  0.066611  0.176439  0.600080  0.847359  0.874487  0.203825  0.102262  0.116319  0.655544  0.861089  0.759887  0.327911  0.267858  0.338807  0.545270  0.673393  0.817917  0.810278
  1.058500  0.767268  0.652351  0.858377  0.630223  0.645694  0.034822  0.154860  0.178453  0.165599  0.140681  0.393829  0.809687  0.848150  0.899789  0.904490  0.045255  0.412009  0.491616  0.597479  0.342449  0.532930  0.485558  0.865253  0.909089  0.885786  0.846248  0.884782  0.916637  0.420151  0.899337  0.649283  0.542061  0.641505  0.498527  0.838857  0.823890  0.449939  0.903516  0.145283  0.074609  0.797919  0.803095  0.585003  0.639152  0.152602  0.206301  0.233513  0.274376  0.382499  0.502374  0.403446  0.121182  0.227162  0.142095  0.252345  0.065343  0.109649  0.734092  0.919953  0.715637  0.824574  0.126837  0.622023  0.348639  0.097504  0.852467  0.636144  0.601690  0.633798  0.538264  0.014701  0.966567  0.838134  0.918357  0.749941  0.796370  0.071980  0.427003  0.116175  0.247692  0.758618  0.112643  0.121322  0.891926  0.240113  0.741401  0.699103  0.693277  0.104856  0.062563  0.472102  0.806013  0.279177  0.199340  0.226733  0.326539  0.369119  0.523529  0.107293  0.162639  0.889122  0.536755  0.215887  0.123750  0.809252  0.659767  0.717987  0.643856  0.501548  0.738707  0.297951  0.349672  0.776231  0.049996  0.776388  0.861891  0.068473  0.068594  0.178009  0.602402  0.847521  0.875170  0.203742  0.102918  0.117936  0.659043  0.862400  0.760488  0.328346  0.267824  0.339536  0.547700  0.675118  0.818181  0.812653
  1.063500  0.767591  0.634646  0.856333  0.635688  0.647708  0.035658  0.157401  0.184981  0.167930  0.142238  0.401694  0.809849  0.847325  0.894680  0.902354  0.049106  0.399488  0.483746  0.589549  0.342375  0.525454  0.477608  0.864261  0.911164  0.886136  0.845538  0.891098  0.915033  0.423242  0.900336  0.653340  0.541252  0.639562  0.503371  0.840154  0.822584  0.452331  0.904851  0.144564  0.074022  0.797796  0.798910  0.586209  0.648561  0.153150  0.209574  0.239281  0.276413  0.390529  0.500569  0.402269  0.120178  0.229278  0.140310  0.256958  0.063316  0.111498  0.734263  0.921102  0.719562  0.829020  0.123806  0.623299  0.361523  0.097486  0.853783  0.638728  0.601388  0.641862  0.537190  0.015888  0.965224  0.842463  0.916228  0.749034  0.789500  0.070809  0.424581  0.115442  0.248174  0.758230  0.111127  0.119278  0.892433  0.239099  0.739858  0.700680  0.692376  0.104042  0.062141  0.469591  0.805579  0.280003  0.196714  0.228684  0.334196  0.374046  0.521852  0.106627  0.164862  0.888109  0.538891  0.216382  0.121140  0.809072  0.659697  0.725812  0.651183  0.507345  0.741988  0.300213  0.348164  0.773286  0.050940  0.777254  0.863387  0.069241  0.067883  0.176146  0.601051  0.847672  0.873564  0.207096  0.103843  0.118114  0.662853  0.861243  0.760478  0.330278  0.269239  0.341172  0.548664  0.676934  0.817650  0.812160
  1.068500  0.769028  0.621374  0.858530  0.638701  0.647431  0.036395  0.159510  0.191551  0.171527  0.142150  0.416346  0.807621  0.848171  0.894392  0.904306  0.049975  0.392117  0.477667  0.579505  0.340862  0.519394  0.469466  0.863402  0.909633  0.887282  0.845826  0.888013  0.914937  0.424152  0.898519  0.651650  0.541744  0.640788  0.505711  0.843293  0.826820  0.454416  0.901832  0.144470  0.074163  0.796409  0.797773  0.583201  0.660046  0.153693  0.208033  0.232487  0.275687  0.388987  0.500294  0.403116  0.120769  0.235352  0.143670  0.260555  0.062366  0.115162  0.736984  0.921090  0.721279  0.833852  0.125436  0.623530  0.374072  0.098278  0.853110  0.637784  0.602528  0.646788  0.533273  0.015701  0.964564  0.843364  0.915286  0.748066  0.795506  0.071891  0.427124  0.116581  0.248855  0.759222  0.109677  0.119096  0.890490  0.245438  0.736769  0.704700  0.694217  0.105099  0.062608  0.468464  0.802815  0.281370  0.195897  0.225241  0.326858  0.371507  0.518951  0.108266  0.169733  0.889372  0.538335  0.218490  0.122616  0.807652  0.660236  0.725626  0.645655  0.510364  0.741433  0.301473  0.346040  0.774731  0.050629  0.778065  0.864323  0.069319  0.068113  0.175710  0.606229  0.847003  0.875816  0.205134  0.104447  0.119669  0.656920  0.861441  0.760352  0.329326  0.269449  0.339815  0.548934  0.674423  0.818069  0.814771
  1.073500  0.770833  0.611917  0.858887  0.641783  0.648150  0.034384  0.164593  0.198085  0.176562  0.144318  0.424886  0.810000  0.845704  0.892835  0.903012  0.049387  0.377647  0.468292  0.572402  0.340047  0.513412  0.461268  0.864706  0.909353  0.886457  0.846103  0.883541  0.914966  0.427303  0.898645  0.653509  0.542772  0.640847  0.508054  0.843392  0.827184  0.453162  0.904103  0.147302  0.075090  0.797169  0.796260  0.583299  0.667866  0.153392  0.211637  0.234520  0.279018  0.392796  0.501508  0.401000  0.119223  0.237107  0.143305  0.263763  0.061770  0.117146  0.737417  0.922082  0.722823  0.838816  0.123093  0.624431  0.386096  0.097957  0.853594  0.635462  0.602109  0.650660  0.531154  0.015888  0.965214  0.839224  0.918618  0.748506  0.796689  0.071804  0.427281  0.116931  0.248822  0.759305  0.114411  0.118571  0.892185  0.245554  0.736671  0.704198  0.693708  0.103523  0.063577  0.467806  0.803439  0.282596  0.197619  0.228189  0.328852  0.375611  0.520321  0.108926  0.175996  0.886164  0.540564  0.218120  0.120507  0.806375  0.659784  0.722552  0.650649  0.514615  0.742111  0.301961  0.350317  0.774892  0.050458  0.775823  0.865090  0.069557  0.068614  0.176120  0.608436  0.844517  0.874266  0.209264  0.104011  0.119145  0.659850  0.860953  0.760554  0.330681  0.269611  0.342334  0.548248  0.677164  0.819673  0.813541
  1.078500  0.771783  0.605718  0.857203  0.644795  0.646660  0.037609  0.169069  0.206570  0.179586  0.143147  0.440284  0.809964  0.844785  0.893175  0.905537  0.047913  0.362392  0.466262  0.564982  0.339840  0.508764  0.454080  0.864743  0.910459  0.886885  0.846132  0.886056  0.918013  0.429239  0.898469  0.656161  0.542783  0.640601  0.512429  0.849500  0.834471  0.456787  0.904732  0.147457  0.074642  0.800071  0.796486  0.580683  0.669924  0.154034  0.217640  0.237121  0.278529  0.396319  0.502784  0.402432  0.118927  0.242237  0.143373  0.267575  0.059247  0.119048  0.740528  0.920317  0.726676  0.841835  0.125401  0.624615  0.398635  0.097802  0.854500  0.635398  0.604057  0.661136  0.531143  0.014844  0.963904  0.838758  0.915471  0.750131  0.796715  0.070009  0.426292  0.116419  0.248473  0.758560  0.116613  0.126217  0.892763  0.237121  0.735801  0.703838  0.695619  0.105153  0.062935  0.466168  0.802264  0.275921  0.191455  0.229782  0.331263  0.374120  0.517281  0.109459  0.175245  0.890677  0.543693  0.217845  0.120213  0.806704  0.661982  0.724048  0.647575  0.517822  0.744168  0.298826  0.353701  0.774872  0.049156  0.779410  0.865309  0.069246  0.069375  0.176441  0.609199  0.845704  0.876436  0.208881  0.105778  0.120845  0.663521  0.862016  0.760576  0.330184  0.269860  0.345111  0.550253  0.674902  0.819402  0.815996
  1.083500  0.772279  0.598840  0.859563  0.647612  0.647316  0.035460  0.172984  0.214156  0.184291  0.143379  0.451623  0.808939  0.846966  0.892512  0.900794  0.047486  0.354678  0.455532  0.558520  0.337240  0.500905  0.444639  0.865668  0.909739  0.886272  0.844968  0.886474  0.917268  0.431502  0.898599  0.656497  0.541866  0.638642  0.512772  0.849750  0.832552  0.455532  0.907741  0.145777  0.075313  0.798451  0.795714  0.577696  0.675920  0.152376  0.211190  0.235621  0.279687  0.390711  0.505264  0.402058  0.118769  0.246126  0.142053  0.273104  0.058478  0.122194  0.736857  0.921410  0.726770  0.850152  0.125049  0.627036  0.408697  0.098614  0.856758  0.637681  0.603201  0.666124  0.527192  0.015543  0.964122  0.838518  0.917745  0.750434  0.800086  0.072621  0.427813  0.116398  0.249572  0.759070  0.112472  0.123783  0.891133  0.247203  0.734429  0.699771  0.696769  0.105196  0.061860  0.464453  0.797614  0.278158  0.193817  0.229921  0.329001  0.372524  0.520918  0.112704  0.181776  0.888556  0.541392  0.217760  0.120054  0.805565  0.664426  0.721250  0.645334  0.523161  0.744410  0.301122  0.352883  0.776432  0.050875  0.777984  0.866813  0.069821  0.071261  0.176906  0.610306  0.843202  0.876520  0.212521  0.105260  0.121045  0.661689  0.862351  0.761434  0.335619  0.271338  0.347195  0.549453  0.676504  0.821462  0.816492
  1.088500  0.773820  0.591891  0.858311  0.650349  0.648563  0.034609  0.178281  0.225571  0.187923  0.146183  0.464196  0.807849  0.847691  0.894539  0.900303  0.049852  0.342333  0.452219  0.547510  0.336122  0.495181  0.436547  0.866426  0.910533  0.890102  0.846950  0.880880  0.914902  0.433877  0.896791  0.660862  0.543817  0.641000  0.517778  0.848875  0.837185  0.458884  0.903790  0.147099  0.075026  0.797517  0.797306  0.575341  0.686390  0.153593  0.209281  0.237668  0.285039  0.395510  0.502546  0.400499  0.119212  0.250464  0.143993  0.279770  0.057634  0.124109  0.740009  0.922142  0.729908  0.853926  0.124665  0.625615  0.420419  0.099601  0.859088  0.638730  0.604275  0.671738  0.526704  0.014533  0.965844  0.837849  0.916034  0.752652  0.803503  0.070819  0.428175  0.116758  0.250863  0.760696  0.113636  0.125930  0.893259  0.244809  0.734760  0.702630  0.696083  0.107383  0.062907  0.463775  0.799330  0.279858  0.197800  0.230255  0.329878  0.376254  0.519723  0.110803  0.185702  0.888293  0.543736  0.218276  0.121141  0.804809  0.664095  0.723490  0.647371  0.526548  0.744763  0.299382  0.353123  0.777004  0.049842  0.778545  0.868213  0.069513  0.071223  0.178849  0.612822  0.844956  0.873370  0.212135  0.106507  0.121986  0.663697  0.863582  0.760784  0.334141  0.270795  0.352321  0.549851  0.678354  0.820615  0.821110
  1.093500  0.775487  0.588774  0.859905  0.655846  0.648191  0.035817  0.183052  0.235819  0.192875  0.146892  0.479139  0.812696  0.846147  0.892742  0.901945  0.047686  0.331582  0.446276  0.539485  0.335652  0.490489  0.429222  0.866017  0.910136  0.888268  0.847395  0.885292  0.917223  0.436213  0.898073  0.660558  0.545169  0.639462  0.518185  0.856017  0.840876  0.461886  0.902248  0.144357  0.074079  0.800622  0.792659  0.577833  0.690030  0.153562  0.211215  0.234694  0.288359  0.395508  0.507008  0.402842  0.118529  0.253740  0.144535  0.284820  0.056773  0.126451  0.742436  0.919478  0.732727  0.860181  0.124916  0.625941  0.428998  0.098904  0.862260  0.637782  0.602413  0.679517  0.527123  0.015835  0.963861  0.837338  0.917960  0.752775  0.800946  0.068791  0.427566  0.117279  0.249192  0.761314  0.110140  0.122831  0.891334  0.248382  0.735649  0.704343  0.695828  0.106927  0.063465  0.461359  0.798814  0.281531  0.195714  0.233697  0.330783  0.375111  0.523506  0.111375  0.187118  0.889280  0.546052  0.218495  0.121585  0.803011  0.659844  0.729192  0.645340  0.528196  0.745745  0.301978  0.354435  0.779728  0.050863  0.779684  0.869154  0.071056  0.072143  0.177887  0.612597  0.842209  0.871647  0.213263  0.107486  0.122862  0.666621  0.862828  0.760901  0.341697  0.271588  0.354172  0.550447  0.676942  0.820927  0.817551
  1.098500  0.775382  0.592435  0.859809  0.659886  0.648742  0.035033  0.188059  0.245528  0.195955  0.147443  0.490757  0.810590  0.848508  0.898584  0.902289  0.047912  0.319099  0.440505  0.533115  0.336601  0.483873  0.423248  0.867259  0.907944  0.890371  0.846820  0.881327  0.917323  0.438794  0.893463  0.662952  0.546487  0.644156  0.521292  0.859733  0.841395  0.461105  0.903710  0.144392  0.075903  0.799311  0.792106  0.576303  0.699022  0.154148  0.210301  0.239827  0.290817  0.400587  0.507730  0.402320  0.119216  0.258984  0.145460  0.285029  0.056351  0.126974  0.742158  0.918246  0.733699  0.865445  0.125891  0.627598  0.438987  0.097821  0.859197  0.638427  0.602917  0.684143  0.525164  0.015569  0.965865  0.835590  0.917976  0.753598  0.803639  0.069092  0.430218  0.117712  0.251241  0.760902  0.111672  0.127340  0.892810  0.249608  0.737850  0.701958  0.695996  0.104413  0.064185  0.460060  0.798250  0.279514  0.197440  0.226060  0.330758  0.375771  0.527836  0.112191  0.192161  0.890021  0.544933  0.222244  0.121065  0.804036  0.664324  0.724371  0.647749  0.530429  0.744581  0.303621  0.355291  0.778221  0.050094  0.778622  0.869588  0.070144  0.072704  0.177768  0.615139  0.840384  0.871799  0.215753  0.106628  0.123969  0.670719  0.861665  0.761702  0.344372  0.271469  0.358966  0.551886  0.672879  0.823525  0.819679
  1.103500  0.775533  0.597337  0.859087  0.660331  0.649869  0.037150  0.191940  0.251373  0.199703  0.147878  0.500690  0.808036  0.845248  0.893175  0.903204  0.048476  0.311218  0.433887  0.526594  0.334494  0.475723  0.414008  0.867681  0.911320  0.890598  0.846100  0.882481  0.917933  0.441045  0.892349  0.663387  0.545931  0.639631  0.528055  0.857393  0.842379  0.467139  0.904539  0.145877  0.076044  0.799152  0.792414  0.573490  0.700154  0.153810  0.213016  0.240627  0.292048  0.396338  0.507780  0.403615  0.119012  0.263479  0.146233  0.293786  0.055840  0.130762  0.745393  0.916238  0.734737  0.868710  0.123573  0.627039  0.448379  0.098340  0.859442  0.639365  0.604056  0.693113  0.521173  0.015558  0.963919  0.834501  0.916462  0.755245  0.799041  0.070356  0.429895  0.117781  0.250973  0.761995  0.112890  0.125926  0.893691  0.240627  0.736946  0.702556  0.696672  0.105823  0.063353  0.457768  0.798718  0.277243  0.194276  0.232480  0.331791  0.373072  0.527968  0.113948  0.195239  0.888547  0.547758  0.221851  0.120942  0.802999  0.664215  0.727404  0.651269  0.532998  0.744059  0.300901  0.353946  0.781429  0.049587  0.780002  0.870335  0.071046  0.073818  0.178535  0.618952  0.840667  0.872284  0.213982  0.108438  0.124103  0.673425  0.863282  0.761806  0.344162  0.274657  0.362788  0.552586  0.676653  0.822768  0.818248
  1.108500  0.777446  0.603395  0.857283  0.663778  0.649669  0.034921  0.196073  0.262497  0.203392  0.148667  0.511626  0.811044  0.844571  0.895094  0.898889  0.049038  0.301014  0.425680  0.516129  0.333695  0.470769  0.406253  0.867692  0.910858  0.888416  0.847351  0.883146  0.915596  0.443119  0.887216  0.663940  0.546129  0.641457  0.528879  0.860848  0.843818  0.465438  0.903745  0.144924  0.075413  0.798037  0.794336  0.572242  0.705781  0.154578  0.216716  0.240324  0.293508  0.395173  0.505702  0.403319  0.119403  0.270540  0.144835  0.300125  0.056664  0.131978  0.746163  0.916590  0.735804  0.871438  0.124277  0.627420  0.456675  0.098314  0.858546  0.638305  0.604758  0.699096  0.521099  0.015194  0.966831  0.837107  0.917175  0.756594  0.797625  0.068782  0.429983  0.118699  0.251613  0.762914  0.113062  0.121654  0.893416  0.243218  0.739948  0.703024  0.696867  0.105628  0.063695  0.457625  0.798932  0.276733  0.197270  0.233359  0.335386  0.373646  0.526505  0.114773  0.199711  0.887578  0.549315  0.223208  0.121254  0.802146  0.665164  0.728207  0.645174  0.535004  0.746998  0.303326  0.359571  0.780180  0.050712  0.779672  0.870526  0.071111  0.074270  0.177839  0.620577  0.842807  0.873974  0.216009  0.108334  0.124255  0.671185  0.862109  0.760865  0.349327  0.274267  0.369266  0.550905  0.677729  0.824253  0.822086
  1.113500  0.776862  0.609173  0.856355  0.666296  0.649177  0.035259  0.201032  0.271872  0.207479  0.150899  0.520248  0.808060  0.846070  0.894266  0.902763  0.049891  0.297354  0.421412  0.510089  0.332645  0.465705  0.398994  0.867425  0.908556  0.889374  0.846049  0.881437  0.917175  0.444091  0.886326  0.667765  0.547603  0.640347  0.532353  0.861814  0.845484  0.466067  0.906604  0.145977  0.074921  0.798819  0.792107  0.572281  0.713239  0.154722  0.213750  0.242178  0.295140  0.409122  0.513689  0.404956  0.118037  0.274212  0.144818  0.305556  0.054383  0.135716  0.745103  0.913577  0.736493  0.874030  0.123760  0.626617  0.463936  0.098250  0.865265  0.640588  0.604279  0.702845  0.517773  0.015457  0.964401  0.835989  0.917289  0.756033  0.794748  0.068763  0.431589  0.118548  0.252414  0.762830  0.111719  0.124484  0.892792  0.248425  0.737793  0.701828  0.696760  0.105654  0.063245  0.456742  0.799148  0.278811  0.193199  0.237742  0.335880  0.375806  0.529080  0.113081  0.202944  0.888589  0.549080  0.222081  0.121174  0.800992  0.667053  0.731694  0.651119  0.536772  0.745814  0.303773  0.357359  0.781717  0.050883  0.779043  0.871456  0.072235  0.075227  0.178765  0.621682  0.841986  0.874727  0.214277  0.109195  0.126037  0.672166  0.860802  0.761761  0.353978  0.276814  0.373678  0.550879  0.674965  0.822851  0.820549
  1.118500  0.780146  0.620242  0.858046  0.669846  0.649454  0.036127  0.204726  0.281331  0.210236  0.150854  0.531077  0.810579  0.848330  0.892718  0.901481  0.049457  0.284613  0.416154  0.503787  0.330508  0.456537  0.391851  0.867115  0.909024  0.890217  0.847163  0.885301  0.918785  0.447027  0.885844  0.668408  0.548236  0.643188  0.536042  0.861278  0.847961  0.468643  0.905105  0.145802  0.075630  0.798903  0.792001  0.571545  0.714055  0.154887  0.219921  0.243381  0.296821  0.402887  0.511580  0.405630  0.119040  0.277385  0.144376  0.313480  0.055998  0.137558  0.747901  0.911997  0.739562  0.876566  0.125359  0.627177  0.471043  0.098211  0.864190  0.641721  0.605762  0.711345  0.518694  0.014566  0.964205  0.834396  0.917987  0.753343  0.789714  0.069067  0.432388  0.119419  0.253826  0.763893  0.119199  0.126717  0.892722  0.249993  0.742114  0.699265  0.698414  0.107429  0.061798  0.454586  0.800155  0.282297  0.201806  0.234414  0.336585  0.388666  0.525800  0.116222  0.207456  0.886025  0.549503  0.222495  0.120085  0.800476  0.664293  0.729599  0.652789  0.538661  0.746619  0.303769  0.358454  0.783502  0.051592  0.780050  0.871904  0.072170  0.075951  0.177987  0.625940  0.843702  0.874727  0.215343  0.111621  0.126287  0.673724  0.859382  0.760979  0.355804  0.275214  0.378988  0.553285  0.676408  0.826213  0.820619
  1.123500  0.780299  0.631390  0.856405  0.672050  0.651388  0.034923  0.208526  0.289465  0.214007  0.151917  0.538647  0.806287  0.845919  0.896466  0.904603  0.049127  0.275013  0.411453  0.496252  0.329548  0.451412  0.385779  0.869869  0.910739  0.892023  0.847047  0.886321  0.918820  0.449598  0.883877  0.670650  0.549137  0.641529  0.537204  0.864554  0.851433  0.468227  0.903522  0.142983  0.076655  0.799076  0.793921  0.569930  0.719892  0.155925  0.217915  0.242439  0.293660  0.410944  0.512299  0.407309  0.118621  0.284210  0.145832  0.319884  0.054009  0.140067  0.748741  0.917148  0.738540  0.871422  0.123980  0.627242  0.478067  0.099623  0.868612  0.643176  0.605087  0.715976  0.518672  0.015802  0.965725  0.833742  0.916528  0.753716  0.786305  0.067825  0.434454  0.119188  0.254910  0.765956  0.112034  0.123889  0.894058  0.255109  0.738080  0.696566  0.700211  0.106397  0.062571  0.452791  0.800314  0.281690  0.195291  0.235743  0.335470  0.381532  0.531394  0.113069  0.209844  0.884873  0.548046  0.224420  0.120634  0.800029  0.667139  0.728857  0.648496  0.539983  0.745582  0.304838  0.360435  0.785718  0.051587  0.778811  0.872068  0.071909  0.075000  0.180045  0.627212  0.844468  0.873170  0.216286  0.110958  0.127081  0.676515  0.862126  0.762026  0.358748  0.277372  0.382083  0.553452  0.676410  0.823669  0.820842
  1.128500  0.782367  0.642381  0.855113  0.675206  0.652055  0.035752  0.213165  0.295978  0.218120  0.152478  0.547148  0.809273  0.847400  0.895793  0.901401  0.049901  0.267166  0.404738  0.486596  0.329845  0.445441  0.376427  0.871628  0.911629  0.890531  0.848430  0.889259  0.920419  0.451723  0.882456  0.671584  0.547378  0.640452  0.541052  0.867753  0.852066  0.468777  0.902744  0.144122  0.077444  0.800514  0.790524  0.569629  0.719781  0.156373  0.216147  0.250796  0.300592  0.411069  0.516739  0.406785  0.118040  0.289383  0.145548  0.324634  0.054587  0.141208  0.752765  0.913861  0.740686  0.869591  0.126350  0.627763  0.484870  0.099188  0.867556  0.641935  0.605694  0.722761  0.515721  0.015222  0.966855  0.835834  0.916868  0.751221  0.781572  0.067695  0.434206  0.120481  0.256065  0.765812  0.111928  0.124808  0.892956  0.252156  0.738862  0.693230  0.699519  0.106981  0.064008  0.450583  0.801674  0.283025  0.201453  0.239367  0.342406  0.388121  0.531251  0.115166  0.214866  0.889349  0.550936  0.225414  0.120215  0.799052  0.665583  0.730165  0.649892  0.539273  0.746745  0.301914  0.361602  0.786144  0.051244  0.782138  0.870361  0.073085  0.076328  0.179108  0.633891  0.846381  0.875562  0.218401  0.112230  0.127281  0.675637  0.861495  0.760921  0.362769  0.279009  0.386432  0.553488  0.673268  0.826527  0.820646
  1.133500  0.783737  0.653116  0.854403  0.680248  0.651476  0.035490  0.217333  0.307393  0.221481  0.154568  0.555904  0.811949  0.846746  0.898073  0.900972  0.049253  0.259785  0.397493  0.480757  0.327457  0.437993  0.370403  0.872834  0.913132  0.891742  0.848864  0.888731  0.918780  0.454780  0.879414  0.671022  0.548890  0.642483  0.544925  0.866000  0.853811  0.471606  0.903449  0.145479  0.077267  0.798776  0.789966  0.570726  0.725761  0.157755  0.221346  0.246945  0.302847  0.408228  0.513971  0.407389  0.118304  0.293044  0.144765  0.330602  0.053203  0.143783  0.752185  0.911648  0.740021  0.877510  0.125644  0.627345  0.488924  0.098005  0.868154  0.643741  0.605866  0.728015  0.516545  0.015631  0.966416  0.834548  0.918030  0.750271  0.777500  0.068685  0.436655  0.120978  0.256068  0.767021  0.117864  0.129262  0.891934  0.252101  0.741965  0.687272  0.699451  0.108197  0.064679  0.450955  0.800537  0.283272  0.201536  0.238985  0.341833  0.388056  0.533600  0.116814  0.219600  0.887283  0.551025  0.227485  0.120398  0.797028  0.668289  0.731156  0.648570  0.541466  0.747157  0.305597  0.363780  0.788374  0.050754  0.779369  0.871347  0.072879  0.076521  0.179522  0.635298  0.846628  0.874703  0.217128  0.112318  0.128132  0.679268  0.862128  0.761324  0.366960  0.278036  0.391865  0.553511  0.678217  0.825509  0.823202
  1.138500  0.782790  0.665796  0.851062  0.683488  0.650639  0.036383  0.221716  0.314173  0.223278  0.155931  0.561921  0.810941  0.847429  0.894437  0.900134  0.048841  0.251382  0.393144  0.474175  0.322512  0.432936  0.361672  0.871305  0.909785  0.891834  0.847338  0.891382  0.923486  0.458048  0.874897  0.671026  0.547972  0.642479  0.545389  0.866582  0.855052  0.474628  0.907011  0.144479  0.076451  0.801754  0.789641  0.566783  0.724125  0.157697  0.222551  0.246917  0.298818  0.410139  0.519286  0.408376  0.117746  0.297447  0.144479  0.336122  0.050939  0.147562  0.753902  0.906881  0.741928  0.882359  0.123277  0.627511  0.496208  0.098559  0.870140  0.642332  0.605565  0.736201  0.513968  0.014985  0.965721  0.836764  0.917807  0.748588  0.774436  0.066257  0.439393  0.121834  0.257895  0.768171  0.115488  0.128893  0.892067  0.251899  0.740784  0.675435  0.699983  0.107373  0.064105  0.448197  0.802104  0.282270  0.200631  0.241391  0.339216  0.385321  0.541840  0.117508  0.222364  0.889390  0.554763  0.227465  0.120325  0.796233  0.667110  0.733504  0.652799  0.541815  0.746720  0.305057  0.365299  0.792708  0.051206  0.776348  0.867936  0.072978  0.076251  0.179900  0.635825  0.846808  0.876947  0.221707  0.113763  0.129184  0.679377  0.862020  0.760712  0.371620  0.278734  0.395241  0.554727  0.676619  0.826792  0.824419
  1.143500  0.784102  0.675387  0.847980  0.685819  0.649758  0.035269  0.224486  0.322598  0.227476  0.157014  0.569488  0.809349  0.846470  0.894315  0.906637  0.048582  0.244145  0.387488  0.468214  0.321167  0.428168  0.357770  0.873092  0.912622  0.890851  0.847884  0.892120  0.919440  0.460765  0.871149  0.673262  0.550209  0.640901  0.550200  0.869672  0.855570  0.475100  0.905479  0.145211  0.078897  0.800939  0.787133  0.567151  0.731520  0.158143  0.223688  0.251740  0.301216  0.418235  0.519548  0.409031  0.116830  0.303954  0.145834  0.339521  0.052550  0.147112  0.753929  0.902764  0.740240  0.867770  0.123464  0.627248  0.500640  0.099028  0.868016  0.644125  0.605549  0.738526  0.511612  0.015181  0.964163  0.839647  0.917511  0.746422  0.767981  0.067572  0.438928  0.122722  0.260007  0.769755  0.119197  0.128276  0.891828  0.254463  0.738208  0.661234  0.699220  0.106953  0.062423  0.446564  0.802169  0.280534  0.206621  0.247019  0.352962  0.388731  0.541154  0.118076  0.222971  0.889850  0.553755  0.228486  0.119569  0.792825  0.666979  0.735974  0.652454  0.542884  0.746298  0.301975  0.366957  0.793289  0.051196  0.776281  0.862799  0.072661  0.078137  0.178210  0.638902  0.846341  0.878514  0.220837  0.114200  0.129409  0.683303  0.862629  0.762317  0.371361  0.278256  0.398744  0.554451  0.678241  0.826236  0.824960
  1.148500  0.785519  0.679005  0.844258  0.687462  0.648556  0.034910  0.229418  0.329722  0.228724  0.159533  0.575952  0.808842  0.847241  0.897409  0.901665  0.052719  0.238196  0.383212  0.461261  0.322910  0.421512  0.350616  0.873198  0.911116  0.891058  0.848842  0.886231  0.919421  0.460945  0.852146  0.672703  0.547911  0.643796  0.553805  0.870427  0.857545  0.476472  0.905444  0.144253  0.075011  0.800188  0.784983  0.567649  0.733759  0.160004  0.223371  0.252471  0.304869  0.414197  0.521350  0.411124  0.118093  0.303872  0.147105  0.342924  0.053407  0.150632  0.754878  0.900178  0.717615  0.801651  0.124830  0.626431  0.503633  0.098843  0.872938  0.642730  0.605506  0.743373  0.513414  0.014211  0.961635  0.836734  0.918515  0.744358  0.763601  0.066562  0.440473  0.122623  0.260778  0.768996  0.117941  0.131629  0.893951  0.259542  0.739139  0.652651  0.698883  0.106795  0.063787  0.444046  0.800742  0.286772  0.207869  0.251564  0.348111  0.392350  0.537305  0.120455  0.230441  0.887682  0.553519  0.229353  0.120992  0.790379  0.667937  0.733843  0.653161  0.541146  0.744236  0.302993  0.364864  0.794735  0.051533  0.768654  0.855282  0.073147  0.077164  0.180110  0.642044  0.847120  0.876909  0.221022  0.114077  0.130290  0.684088  0.863136  0.762318  0.376150  0.279659  0.401776  0.555472  0.677792  0.827718  0.824523
  1.153500  0.785924  0.679370  0.840079  0.690998  0.647432  0.036149  0.233036  0.338754  0.233974  0.158890  0.581368  0.810517  0.848021  0.896438  0.903410  0.052300  0.232977  0.376027  0.454976  0.318988  0.415502  0.342619  0.871884  0.912858  0.892133  0.847815  0.887353  0.920918  0.465800  0.819610  0.676418  0.550312  0.641303  0.558444  0.873080  0.861955  0.476886  0.907575  0.147056  0.077732  0.800895  0.786382  0.565975  0.736361  0.160299  0.221068  0.253128  0.305475  0.418862  0.522106  0.413823  0.117531  0.308991  0.145448  0.351232  0.051331  0.153238  0.754564  0.890043  0.734932  0.851511  0.124345  0.625621  0.508089  0.099313  0.869254  0.642752  0.606037  0.746825  0.511743  0.014456  0.964237  0.836637  0.917398  0.744593  0.750507  0.066038  0.443655  0.124059  0.262160  0.770176  0.117010  0.138292  0.893121  0.257204  0.738812  0.653565  0.698954  0.107934  0.063535  0.442474  0.799016  0.282905  0.206306  0.243981  0.349308  0.394500  0.547011  0.119814  0.232442  0.886538  0.556259  0.229379  0.120433  0.786680  0.665379  0.737197  0.648534  0.537528  0.744156  0.304162  0.368049  0.795730  0.051037  0.762102  0.849354  0.072908  0.077863  0.179842  0.644634  0.846656  0.876778  0.221141  0.115662  0.130429  0.685123  0.862688  0.760856  0.379105  0.281248  0.406629  0.554536  0.675252  0.830335  0.825680
  1.158500  0.786731  0.673826  0.840781  0.695519  0.647884  0.034317  0.237293  0.342401  0.235919  0.159922  0.586481  0.811793  0.847817  0.895548  0.904898  0.049739  0.225074  0.373232  0.450390  0.317496  0.410268  0.336922  0.871721  0.910395  0.889769  0.848134  0.886958  0.919278  0.467891  0.771280  0.675361  0.551967  0.642106  0.558377  0.875124  0.858936  0.480527  0.902077  0.143690  0.077098  0.802225  0.784956  0.565038  0.739708  0.161208  0.222848  0.254800  0.307571  0.424969  0.524807  0.413759  0.117349  0.313347  0.145385  0.356164  0.052408  0.154163  0.755762  0.875127  0.746026  0.890036  0.123553  0.624308  0.511610  0.098024  0.868102  0.644828  0.604980  0.751804  0.511028  0.014990  0.966656  0.835184  0.916921  0.738959  0.736776  0.067475  0.443339  0.124300  0.264460  0.771209  0.121833  0.132514  0.892244  0.264304  0.739235  0.656360  0.699428  0.107229  0.063426  0.441421  0.802068  0.287452  0.212801  0.251723  0.355725  0.398267  0.545626  0.119506  0.238371  0.886325  0.555301  0.231022  0.119281  0.782289  0.666554  0.731091  0.653158  0.533941  0.741437  0.303336  0.370476  0.798674  0.051612  0.760509  0.845070  0.074112  0.078127  0.180315  0.647436  0.847780  0.877578  0.223338  0.116339  0.131383  0.685678  0.860121  0.761050  0.380040  0.279999  0.408281  0.554162  0.675007  0.827195  0.824313
  1.163500  0.786531  0.665513  0.841796  0.697591  0.650706  0.034595  0.240037  0.349039  0.240006  0.161706  0.591271  0.808778  0.848489  0.891550  0.900158  0.050984  0.221600  0.366411  0.442156  0.314767  0.403378  0.333975  0.871576  0.910615  0.890093  0.848000  0.881966  0.919129  0.470212  0.771720  0.678484  0.549612  0.642209  0.564609  0.875513  0.860348  0.479847  0.903544  0.144868  0.077748  0.804359  0.783391  0.566102  0.745918  0.162515  0.226651  0.258357  0.312801  0.426036  0.523599  0.418005  0.117245  0.317494  0.147733  0.361454  0.054082  0.157902  0.755449  0.860311  0.749526  0.899536  0.125464  0.620369  0.514121  0.099034  0.868393  0.645647  0.603912  0.758387  0.509837  0.014856  0.965679  0.837396  0.916337  0.735160  0.723084  0.067262  0.446038  0.126040  0.266228  0.774204  0.121297  0.132621  0.892265  0.265695  0.738792  0.661307  0.700102  0.107615  0.062826  0.440361  0.799735  0.289736  0.210617  0.249751  0.358638  0.403117  0.545793  0.118813  0.243804  0.887854  0.554918  0.234102  0.119663  0.777094  0.669265  0.729234  0.650966  0.534653  0.741333  0.305046  0.368485  0.799703  0.050961  0.764654  0.847354  0.074823  0.078800  0.179453  0.652622  0.846025  0.875799  0.224061  0.116070  0.131404  0.687873  0.860845  0.761971  0.380908  0.281950  0.413080  0.554301  0.674688  0.826704  0.825699
  1.168500  0.788747  0.655642  0.844244  0.701353  0.650339  0.033679  0.244239  0.352499  0.243228  0.164766  0.595521  0.809153  0.848401  0.894799  0.900325  0.049835  0.213215  0.360932  0.437574  0.313008  0.397894  0.324966  0.870989  0.912827  0.890380  0.849211  0.880504  0.919005  0.474034  0.806593  0.678587  0.549819  0.640594  0.566603  0.873872  0.861160  0.480334  0.904751  0.145290  0.078806  0.799297  0.782545  0.563952  0.746604  0.163945  0.230158  0.259233  0.307239  0.423722  0.527705  0.416078  0.116737  0.321150  0.145915  0.365777  0.050677  0.159291  0.757575  0.856896  0.751884  0.905340  0.125903  0.615304  0.517358  0.099237  0.870387  0.646137  0.605757  0.760980  0.507965  0.016273  0.963498  0.839111  0.917512  0.729129  0.709136  0.065076  0.448666  0.126530  0.267766  0.776253  0.119291  0.135866  0.891846  0.266207  0.739069  0.663932  0.698791  0.107735  0.061611  0.437379  0.799804  0.285876  0.217205  0.253708  0.359321  0.406150  0.550259  0.121158  0.244049  0.886483  0.558043  0.234525  0.119801  0.770772  0.673263  0.732139  0.646905  0.531392  0.742569  0.303751  0.374604  0.802242  0.051601  0.770815  0.854340  0.074665  0.077445  0.180687  0.652582  0.846907  0.875670  0.223962  0.116687  0.132862  0.686162  0.860414  0.761585  0.387657  0.282379  0.415890  0.554879  0.674518  0.829544  0.827290
  1.173500  0.788458  0.649255  0.843115  0.703781  0.651816  0.035787  0.247411  0.359034  0.244411  0.165194  0.601786  0.811114  0.848976  0.891068  0.898865  0.049121  0.207388  0.355076  0.431504  0.311559  0.393154  0.320897  0.869774  0.909715  0.890509  0.848657  0.874782  0.919635  0.478555  0.829240  0.678163  0.550090  0.642837  0.566107  0.874205  0.865111  0.482728  0.901765  0.146827  0.079320  0.800140  0.784817  0.565230  0.748415  0.163463  0.231323  0.259877  0.315449  0.428310  0.523911  0.418886  0.117374  0.326179  0.146916  0.370223  0.050526  0.160355  0.757224  0.866173  0.751620  0.911290  0.126866  0.613208  0.519894  0.100280  0.867412  0.645510  0.605545  0.763981  0.506300  0.015100  0.968295  0.837102  0.916725  0.720199  0.703408  0.067066  0.450491  0.128091  0.269581  0.776481  0.121625  0.138342  0.890738  0.263763  0.740298  0.665523  0.699501  0.107639  0.062437  0.436657  0.799943  0.290904  0.209818  0.256805  0.362617  0.404545  0.551381  0.121370  0.249726  0.883366  0.557199  0.236308  0.119632  0.766900  0.665778  0.730747  0.651139  0.529964  0.741027  0.304303  0.375158  0.805348  0.051793  0.772223  0.857166  0.075726  0.078370  0.181802  0.657484  0.847686  0.876270  0.223779  0.116814  0.132924  0.688802  0.860258  0.762156  0.390435  0.283162  0.417319  0.555012  0.676169  0.828746  0.828825
  1.178500  0.788715  0.642250  0.843965  0.707071  0.652071  0.033207  0.251161  0.365577  0.247686  0.167103  0.607238  0.808512  0.849664  0.890917  0.898988  0.048563  0.201308  0.352129  0.428036  0.311318  0.388858  0.314855  0.871446  0.910474  0.888622  0.848641  0.872016  0.919490  0.478759  0.850655  0.679582  0.551918  0.641157  0.571181  0.874683  0.863383  0.482359  0.901665  0.148877  0.079814  0.801713  0.782822  0.565975  0.751287  0.165460  0.233165  0.262854  0.316257  0.426414  0.526070  0.420239  0.116889  0.328403  0.145567  0.375329  0.051855  0.162491  0.759206  0.877445  0.755615  0.914727  0.126358  0.610226  0.522595  0.099317  0.870255  0.647872  0.604943  0.766990  0.507027  0.013701  0.956570  0.837983  0.917272  0.712621  0.698084  0.064874  0.452035  0.128539  0.271470  0.777981  0.126811  0.134233  0.891652  0.275345  0.736925  0.667452  0.699393  0.107294  0.061507  0.435418  0.799190  0.293284  0.215515  0.261225  0.365678  0.406862  0.556935  0.120783  0.254274  0.888128  0.556483  0.236126  0.120032  0.762097  0.677320  0.735882  0.647540  0.528644  0.736117  0.305184  0.376521  0.803381  0.052073  0.777247  0.860155  0.076276  0.078598  0.180084  0.660474  0.845824  0.876914  0.224850  0.117955  0.132278  0.689313  0.858700  0.761287  0.393574  0.282454  0.420940  0.556111  0.674941  0.828062  0.826304
  1.183500  0.790126  0.633753  0.845471  0.711586  0.653671  0.033370  0.257119  0.368319  0.250741  0.168027  0.610685  0.807803  0.849675  0.894354  0.903141  0.052133  0.199424  0.345816  0.423454  0.307224  0.384318  0.312387  0.872571  0.911313  0.892419  0.849860  0.874937  0.924200  0.484824  0.854610  0.680618  0.551461  0.640695  0.574083  0.876507  0.868157  0.484695  0.905844  0.146066  0.079030  0.800892  0.784592  0.564960  0.754376  0.165050  0.232805  0.265869  0.318898  0.430106  0.534086  0.422371  0.116709  0.332193  0.148115  0.377222  0.052052  0.165341  0.759476  0.884692  0.755056  0.921593  0.126114  0.608304  0.525497  0.099233  0.869401  0.647659  0.608964  0.769481  0.504625  0.013750  0.956925  0.837446  0.919264  0.705625  0.685007  0.065723  0.454370  0.129876  0.273793  0.780887  0.118345  0.143640  0.892174  0.272102  0.743427  0.668594  0.701555  0.107031  0.064653  0.435943  0.799161  0.292064  0.220338  0.262526  0.367681  0.415109  0.562182  0.121570  0.259640  0.882344  0.558923  0.241137  0.120091  0.760553  0.665891  0.733375  0.651979  0.531940  0.737286  0.303466  0.379179  0.807066  0.051123  0.776828  0.863098  0.075287  0.079882  0.181457  0.662804  0.850012  0.878414  0.226639  0.120954  0.134291  0.692514  0.859615  0.761825  0.395370  0.283572  0.425380  0.557670  0.672791  0.830729  0.827891
  1.188500  0.792807  0.623197  0.845094  0.716523  0.656270  0.035525  0.259740  0.372765  0.256061  0.170814  0.615784  0.809551  0.854238  0.891422  0.900263  0.052188  0.196316  0.342691  0.414767  0.306157  0.378413  0.305436  0.872287  0.913410  0.892610  0.849865  0.870082  0.923229  0.487344  0.862383  0.682402  0.550799  0.640195  0.577054  0.874193  0.868241  0.487564  0.904921  0.148690  0.078600  0.806006  0.781866  0.561264  0.756834  0.169017  0.240029  0.266659  0.317744  0.427795  0.532592  0.426564  0.117292  0.335675  0.147886  0.382798  0.052576  0.170104  0.762968  0.888691  0.758491  0.930046  0.127442  0.607666  0.530166  0.100370  0.869457  0.649114  0.608882  0.771639  0.503531  0.013517  0.965263  0.841279  0.919909  0.701917  0.672207  0.067927  0.458364  0.131510  0.276363  0.782332  0.125811  0.142387  0.895376  0.276622  0.738792  0.666765  0.702658  0.108839  0.064776  0.433915  0.800497  0.296214  0.220193  0.258688  0.374173  0.420458  0.565834  0.123939  0.263689  0.885842  0.561558  0.241535  0.121805  0.759461  0.670360  0.736390  0.652335  0.532407  0.737193  0.305149  0.384845  0.813731  0.051867  0.780773  0.865740  0.075877  0.080968  0.183370  0.665604  0.849197  0.881422  0.226562  0.122331  0.135701  0.687554  0.859031  0.760919  0.398259  0.286838  0.427025  0.557742  0.671436  0.832695  0.831979
  1.193500  0.793253  0.612799  0.843903  0.719256  0.656184  0.035820  0.265941  0.382724  0.258586  0.172557  0.619518  0.806071  0.851601  0.892911  0.902884  0.051533  0.190358  0.339819  0.412798  0.304645  0.374722  0.302469  0.870897  0.910387  0.893313  0.850484  0.866611  0.922405  0.489345  0.855401  0.685256  0.552680  0.642792  0.577725  0.882305  0.869479  0.488405  0.904802  0.147743  0.081441  0.805088  0.781069  0.565915  0.754158  0.169236  0.240113  0.271754  0.313973  0.434481  0.537632  0.427842  0.116342  0.337113  0.148724  0.383997  0.053183  0.168370  0.760374  0.888592  0.758308  0.928155  0.128464  0.607768  0.532077  0.099985  0.869427  0.646645  0.607274  0.776534  0.503816  0.015457  0.962340  0.840123  0.918253  0.697335  0.663822  0.066329  0.461609  0.133342  0.279086  0.784106  0.126475  0.141392  0.893856  0.276365  0.744870  0.666789  0.702500  0.108555  0.064351  0.432006  0.801367  0.294221  0.221399  0.269765  0.374453  0.417304  0.568369  0.122602  0.268990  0.883878  0.560560  0.243741  0.121015  0.759276  0.667180  0.729378  0.651450  0.530956  0.735080  0.307415  0.386193  0.815176  0.051318  0.782445  0.867969  0.075779  0.081013  0.182011  0.668393  0.847523  0.878229  0.224502  0.122155  0.136435  0.695735  0.857412  0.762564  0.402009  0.288048  0.429406  0.559767  0.673675  0.830820  0.830803
  1.198500  0.791420  0.601800  0.841890  0.721694  0.653555  0.035160  0.269216  0.385290  0.261330  0.172682  0.623147  0.812856  0.853793  0.894834  0.903801  0.051239  0.188477  0.336809  0.406822  0.304021  0.371136  0.297047  0.866983  0.907817  0.890835  0.846375  0.865925  0.919011  0.494023  0.859045  0.684244  0.552012  0.643220  0.580009  0.879799  0.867516  0.488882  0.906301  0.146508  0.082622  0.804093  0.781214  0.565145  0.758400  0.170361  0.242144  0.267128  0.325333  0.431333  0.538510  0.429438  0.116766  0.341764  0.147399  0.384599  0.052208  0.172587  0.760364  0.891760  0.756575  0.928078  0.127092  0.606906  0.532214  0.099817  0.869524  0.648403  0.606003  0.776227  0.503646  0.014116  0.962244  0.836958  0.917103  0.690718  0.658248  0.066444  0.461622  0.133612  0.281010  0.785283  0.125734  0.146192  0.893699  0.278533  0.741221  0.667868  0.701285  0.107864  0.063230  0.429907  0.799571  0.299770  0.228385  0.268938  0.377835  0.424001  0.569016  0.124053  0.270989  0.884210  0.561220  0.242636  0.120801  0.758822  0.672119  0.732497  0.652748  0.531493  0.729390  0.304849  0.384628  0.815691  0.051376  0.780835  0.867989  0.076502  0.081246  0.180283  0.671878  0.845355  0.876377  0.228501  0.122309  0.138072  0.695028  0.855308  0.760703  0.405645  0.288110  0.433804  0.557719  0.676671  0.829254  0.829583
  1.203500  0.790425  0.590864  0.840918  0.725548  0.653645  0.034192  0.273854  0.390009  0.264753  0.175236  0.629889  0.811110  0.854573  0.896114  0.902644  0.051824  0.180991  0.332209  0.403490  0.300377  0.365673  0.293303  0.867549  0.906683  0.891984  0.848459  0.863079  0.918971  0.495850  0.867967  0.683377  0.553944  0.643091  0.583221  0.877795  0.869869  0.490371  0.905507  0.149217  0.080745  0.804828  0.780604  0.566640  0.763125  0.172344  0.239417  0.278249  0.324141  0.441723  0.538666  0.431296  0.116153  0.344186  0.150380  0.391056  0.052423  0.174577  0.761443  0.888394  0.759889  0.928898  0.127719  0.606026  0.534159  0.099931  0.870434  0.648776  0.605629  0.781448  0.503430  0.014533  0.963752  0.841264  0.917355  0.680162  0.662636  0.065155  0.462666  0.135450  0.283178  0.786384  0.129258  0.144103  0.893384  0.281689  0.743303  0.671830  0.702639  0.109201  0.063905  0.429250  0.797863  0.301194  0.226926  0.273904  0.377908  0.424434  0.566455  0.123976  0.277297  0.885527  0.560913  0.245202  0.119543  0.757838  0.673174  0.730653  0.655976  0.531904  0.726816  0.304058  0.388737  0.818762  0.051701  0.783967  0.869735  0.078026  0.080800  0.181848  0.677738  0.843912  0.874732  0.229935  0.123178  0.137672  0.696507  0.850449  0.761096  0.408750  0.289914  0.434526  0.557891  0.674166  0.828467  0.830323
  1.208500  0.789602  0.585125  0.839268  0.729608  0.655311  0.035725  0.278222  0.394279  0.267445  0.177104  0.629335  0.813026  0.853006  0.894239  0.905398  0.051499  0.179727  0.331106  0.398333  0.299261  0.360863  0.289100  0.862669  0.904885  0.892087  0.846718  0.854243  0.916508  0.500117  0.875352  0.683637  0.554744  0.644018  0.585400  0.880811  0.871967  0.494411  0.905505  0.149812  0.082636  0.802459  0.778803  0.563816  0.765421  0.174581  0.245610  0.273333  0.332221  0.443203  0.545397  0.432932  0.116876  0.346667  0.151331  0.394216  0.053485  0.177084  0.760963  0.890539  0.761381  0.934974  0.128014  0.605041  0.535815  0.100171  0.870435  0.649867  0.606927  0.782781  0.502758  0.014883  0.963757  0.840744  0.916623  0.676614  0.666801  0.065205  0.467925  0.136709  0.286505  0.789474  0.129826  0.151388  0.892940  0.287284  0.742818  0.674160  0.703378  0.108102  0.062968  0.428072  0.799972  0.301080  0.232564  0.279855  0.385311  0.433056  0.574116  0.124452  0.280096  0.885771  0.562552  0.246162  0.120991  0.757659  0.668428  0.735289  0.652483  0.531603  0.724610  0.305188  0.390263  0.821101  0.051986  0.786295  0.871057  0.078094  0.081206  0.183048  0.678893  0.845016  0.877081  0.230343  0.124102  0.138099  0.697183  0.849073  0.760854  0.412486  0.291022  0.439113  0.557452  0.674727  0.829312  0.830811
  1.213500  0.787691  0.573546  0.837620  0.733288  0.654325  0.035082  0.281756  0.400143  0.272559  0.179785  0.634007  0.812537  0.856013  0.895317  0.903657  0.051472  0.176330  0.326239  0.396853  0.294150  0.358147  0.288077  0.860436  0.904351  0.890985  0.846308  0.853488  0.914966  0.503181  0.876489  0.685049  0.554305  0.647218  0.588489  0.878638  0.872556  0.495113  0.905298  0.150351  0.082681  0.804876  0.778530  0.565546  0.769799  0.175406  0.247489  0.282534  0.331524  0.443180  0.545689  0.434584  0.116172  0.350394  0.151606  0.400370  0.054137  0.179240  0.763005  0.893176  0.760668  0.936692  0.129223  0.607367  0.537567  0.100518  0.866503  0.647452  0.606439  0.785204  0.502637  0.014629  0.961087  0.840810  0.918318  0.679184  0.665264  0.063861  0.468164  0.137752  0.289039  0.791454  0.131306  0.142354  0.892483  0.285160  0.742940  0.673590  0.702229  0.108326  0.064085  0.426789  0.798944  0.303265  0.228653  0.278640  0.389752  0.437565  0.577293  0.125269  0.285170  0.885544  0.561971  0.247331  0.120287  0.754157  0.670112  0.734135  0.650643  0.531430  0.721701  0.306042  0.391703  0.821333  0.051701  0.786748  0.872379  0.078139  0.081769  0.182580  0.681562  0.839762  0.873968  0.231544  0.124928  0.140049  0.698071  0.846716  0.758501  0.413532  0.293044  0.439757  0.559371  0.676594  0.830315  0.829791
  1.218500  0.789200  0.563206  0.833789  0.737346  0.654479  0.034091  0.287214  0.404955  0.275871  0.181702  0.639560  0.810602  0.856083  0.896139  0.903398  0.053951  0.173683  0.323611  0.392478  0.293760  0.354914  0.281601  0.857945  0.902342  0.891744  0.845819  0.844190  0.916425  0.507392  0.879252  0.686158  0.554074  0.644445  0.589431  0.882711  0.872288  0.496458  0.906014  0.153511  0.081924  0.805562  0.777940  0.566323  0.767941  0.176756  0.251137  0.287376  0.334759  0.441664  0.548298  0.436789  0.116326  0.353511  0.149584  0.400033  0.053016  0.182075  0.764694  0.895603  0.760659  0.940917  0.129645  0.607331  0.540511  0.099945  0.865962  0.649132  0.607309  0.786666  0.502719  0.014970  0.961880  0.840385  0.917754  0.682578  0.659185  0.064204  0.473940  0.139556  0.291837  0.793464  0.132907  0.149758  0.893527  0.289007  0.743888  0.673331  0.702265  0.108018  0.064316  0.424836  0.797173  0.303102  0.234467  0.280400  0.390567  0.435232  0.583994  0.124682  0.288464  0.885956  0.564274  0.249720  0.119070  0.751221  0.673776  0.732483  0.657468  0.531564  0.723048  0.304441  0.392588  0.825834  0.052116  0.790556  0.875082  0.078596  0.081331  0.182174  0.683863  0.836691  0.872120  0.231798  0.125737  0.141250  0.699701  0.842182  0.759535  0.416431  0.294100  0.443774  0.558854  0.673970  0.829464  0.831133
  1.223500  0.786826  0.548996  0.833612  0.740895  0.654013  0.034953  0.291128  0.411311  0.279736  0.183462  0.643078  0.812338  0.856148  0.896757  0.904186  0.053179  0.170714  0.320661  0.389514  0.292305  0.350195  0.278897  0.852899  0.901117  0.892428  0.845165  0.830779  0.915645  0.512099  0.881673  0.686363  0.554941  0.647167  0.591749  0.879453  0.874747  0.495872  0.905354  0.150720  0.082405  0.803991  0.779504  0.562913  0.769375  0.178943  0.261260  0.288790  0.339502  0.445093  0.552947  0.440921  0.115998  0.356577  0.151166  0.402788  0.052852  0.183122  0.764855  0.896298  0.761593  0.940121  0.130313  0.608198  0.539687  0.101623  0.865330  0.650576  0.606412  0.789818  0.502305  0.014740  0.966181  0.840831  0.917014  0.680959  0.658106  0.065806  0.474980  0.142450  0.294121  0.794973  0.129951  0.155760  0.893297  0.292955  0.744466  0.672707  0.703628  0.107197  0.064025  0.423658  0.794993  0.305406  0.233187  0.286435  0.396735  0.445546  0.583647  0.124924  0.291125  0.884571  0.564465  0.249888  0.119794  0.745008  0.672484  0.730441  0.652561  0.532178  0.719345  0.305049  0.398268  0.828099  0.051923  0.790843  0.874928  0.078329  0.082312  0.182465  0.686989  0.833454  0.867318  0.232100  0.126551  0.142171  0.700527  0.835865  0.759383  0.422037  0.295530  0.447452  0.559902  0.671309  0.830550  0.830329
  1.228500  0.784116  0.530344  0.829461  0.744692  0.654095  0.034434  0.296592  0.415685  0.282486  0.185068  0.646025  0.814184  0.855326  0.893733  0.905277  0.054617  0.167539  0.319192  0.386272  0.290742  0.349187  0.275744  0.846358  0.894662  0.891703  0.845212  0.821349  0.910915  0.515681  0.881618  0.687408  0.556607  0.648955  0.592419  0.883008  0.873211  0.498708  0.905194  0.153507  0.083240  0.803169  0.778337  0.565606  0.768484  0.179809  0.255055  0.293903  0.336382  0.450476  0.558216  0.443266  0.116858  0.358604  0.151720  0.405361  0.053472  0.186041  0.763866  0.899640  0.761352  0.939282  0.130795  0.607566  0.540200  0.101030  0.862629  0.649895  0.605614  0.791354  0.503616  0.014483  0.962872  0.844767  0.917502  0.677756  0.668190  0.063382  0.477612  0.142852  0.297316  0.798453  0.132792  0.156119  0.894167  0.300257  0.745667  0.677949  0.702202  0.108720  0.062181  0.423855  0.794985  0.306782  0.238898  0.289365  0.402097  0.447027  0.588805  0.128304  0.297666  0.889334  0.565927  0.252129  0.120007  0.742967  0.674307  0.738116  0.656698  0.531591  0.719522  0.306067  0.398275  0.830047  0.052617  0.791941  0.875977  0.079981  0.082474  0.180977  0.692696  0.819834  0.857808  0.232794  0.126472  0.142043  0.701856  0.828456  0.756959  0.423084  0.297749  0.449125  0.561617  0.671662  0.830834  0.829603
  1.233500  0.784091  0.513205  0.825340  0.746441  0.655188  0.035237  0.300476  0.419851  0.286490  0.187777  0.650136  0.813888  0.855360  0.895932  0.904196  0.054263  0.167955  0.315834  0.385849  0.289771  0.344258  0.273425  0.844723  0.891509  0.889695  0.842527  0.810889  0.909302  0.516533  0.878991  0.688662  0.556300  0.648564  0.595442  0.882674  0.875374  0.499725  0.904372  0.153980  0.084848  0.805507  0.779110  0.568378  0.774338  0.182482  0.260002  0.293329  0.345493  0.456702  0.554871  0.444709  0.115360  0.360546  0.153801  0.409469  0.054245  0.190272  0.764514  0.896333  0.761623  0.943581  0.132582  0.608018  0.543044  0.100974  0.860667  0.649173  0.606230  0.792902  0.501905  0.014518  0.961499  0.842676  0.918385  0.676267  0.683633  0.063612  0.479988  0.144698  0.299316  0.798743  0.140823  0.152868  0.892851  0.297042  0.745277  0.676335  0.704021  0.109035  0.062823  0.420362  0.794776  0.310749  0.242434  0.294416  0.403633  0.446016  0.590281  0.129435  0.304031  0.885149  0.565417  0.254074  0.119886  0.743846  0.669794  0.733459  0.651410  0.530951  0.717271  0.307972  0.402065  0.831892  0.051247  0.792958  0.876682  0.080535  0.083407  0.182197  0.694162  0.807821  0.852157  0.233705  0.127536  0.142158  0.703413  0.821728  0.755493  0.427531  0.298494  0.452877  0.561316  0.676761  0.830672  0.828500
  1.238500  0.781860  0.488256  0.822831  0.750431  0.654265  0.035630  0.306131  0.423804  0.290757  0.189788  0.653401  0.814331  0.858409  0.893476  0.905204  0.055328  0.165590  0.314753  0.381298  0.288844  0.342480  0.269481  0.839831  0.887010  0.887775  0.843556  0.801387  0.905299  0.522027  0.880050  0.687739  0.555752  0.649569  0.598379  0.882476  0.875101  0.500752  0.904459  0.155202  0.086028  0.804623  0.778249  0.566206  0.775507  0.184483  0.258982  0.295010  0.337283  0.453965  0.560147  0.447123  0.116439  0.361585  0.153949  0.411849  0.055537  0.191317  0.765073  0.900231  0.761739  0.943693  0.132614  0.607646  0.542405  0.100690  0.848463  0.651209  0.606765  0.793588  0.503752  0.014797  0.964020  0.842846  0.916763  0.682306  0.697139  0.064465  0.481176  0.145856  0.301708  0.799876  0.141304  0.155697  0.892960  0.298811  0.748114  0.677451  0.703635  0.108058  0.062249  0.421744  0.794975  0.309585  0.237890  0.293290  0.407799  0.453422  0.596265  0.128965  0.305107  0.884214  0.564559  0.254499  0.120559  0.744219  0.668954  0.733858  0.654742  0.530540  0.714760  0.306898  0.404223  0.833786  0.051889  0.792606  0.876688  0.080431  0.082623  0.183478  0.695271  0.808176  0.851379  0.233434  0.128443  0.143378  0.702569  0.815785  0.755031  0.432389  0.300592  0.454787  0.564459  0.675502  0.831046  0.829063
  1.243500  0.781623  0.460888  0.824916  0.754846  0.656044  0.035125  0.311048  0.428796  0.293340  0.191578  0.658354  0.815557  0.859287  0.898684  0.909702  0.053858  0.163658  0.311524  0.382733  0.287848  0.339206  0.267632  0.837148  0.885984  0.888852  0.842214  0.796498  0.905970  0.526798  0.881240  0.688313  0.558207  0.650816  0.599195  0.886937  0.877947  0.503480  0.905920  0.156409  0.088060  0.806060  0.776765  0.569772  0.777223  0.184948  0.263088  0.289134  0.343669  0.452829  0.556834  0.447818  0.115739  0.365439  0.155603  0.414276  0.056836  0.193980  0.764648  0.901339  0.761046  0.943640  0.133488  0.608513  0.542512  0.100866  0.850429  0.651170  0.605646  0.795804  0.503935  0.015113  0.963531  0.842260  0.918991  0.692098  0.711831  0.063362  0.486587  0.148064  0.305300  0.801547  0.139638  0.160439  0.893927  0.308940  0.748251  0.676887  0.702212  0.107248  0.063225  0.418115  0.796030  0.315372  0.250697  0.299625  0.411860  0.455181  0.598798  0.128841  0.311433  0.881782  0.566510  0.257374  0.119295  0.744278  0.668346  0.735542  0.652971  0.533977  0.714945  0.306331  0.405133  0.836123  0.052167  0.792338  0.879922  0.081368  0.083121  0.183068  0.696757  0.783702  0.833426  0.235197  0.128857  0.144053  0.706819  0.803500  0.752748  0.437552  0.302290  0.456983  0.563155  0.675944  0.831472  0.828642
  1.248500  0.780772  0.435168  0.823009  0.758379  0.655686  0.035432  0.314794  0.435635  0.299377  0.193694  0.659975  0.812287  0.857546  0.897770  0.909697  0.053866  0.162141  0.310317  0.379970  0.284823  0.335720  0.265520  0.833521  0.884931  0.890091  0.843363  0.791412  0.904328  0.529433  0.884498  0.691384  0.559611  0.653392  0.599760  0.885569  0.874715  0.505436  0.907404  0.156773  0.086298  0.803038  0.780052  0.568079  0.775630  0.188350  0.271818  0.299399  0.346577  0.460259  0.564776  0.452082  0.116215  0.367977  0.155789  0.415838  0.056852  0.196789  0.766885  0.900628  0.761926  0.947887  0.133187  0.607189  0.543191  0.101184  0.855044  0.652533  0.606521  0.796732  0.505892  0.015188  0.962644  0.844034  0.916972  0.702949  0.723423  0.064908  0.488178  0.150186  0.308779  0.804249  0.145889  0.161676  0.893304  0.303301  0.750360  0.677855  0.701552  0.108819  0.062614  0.416495  0.796860  0.317257  0.252131  0.301214  0.417254  0.461347  0.605331  0.127342  0.316005  0.886313  0.567400  0.259275  0.119690  0.744988  0.671018  0.729264  0.656773  0.533138  0.713886  0.306970  0.408539  0.839425  0.051970  0.796403  0.880587  0.081952  0.084216  0.183855  0.698251  0.739887  0.805168  0.234837  0.129626  0.145491  0.707021  0.803699  0.752595  0.439972  0.304911  0.461013  0.563583  0.672190  0.831383  0.831077
  1.253500  0.777336  0.410187  0.823960  0.762749  0.657814  0.036144  0.320686  0.438205  0.302597  0.196008  0.664322  0.814324  0.859130  0.892453  0.904519  0.052926  0.160957  0.308019  0.376515  0.282527  0.334964  0.263838  0.828833  0.882909  0.889310  0.841444  0.780401  0.900293  0.534589  0.885507  0.688420  0.558141  0.650315  0.604956  0.881657  0.876771  0.504433  0.905770  0.158718  0.088925  0.805893  0.778618  0.565671  0.777288  0.190335  0.271025  0.301613  0.345181  0.465808  0.564379  0.454267  0.115820  0.370165  0.158181  0.420889  0.056628  0.198409  0.766277  0.903367  0.763518  0.948710  0.135331  0.608415  0.542446  0.100373  0.856420  0.651699  0.604810  0.795632  0.503073  0.013342  0.963483  0.844572  0.918073  0.711545  0.732659  0.061593  0.489278  0.152215  0.310693  0.803187  0.144952  0.165284  0.893514  0.313504  0.745573  0.679030  0.700846  0.108756  0.063762  0.416688  0.795185  0.317974  0.248606  0.308511  0.417067  0.465899  0.614754  0.128712  0.319675  0.887413  0.569004  0.261130  0.119459  0.744964  0.674931  0.733475  0.657413  0.533247  0.712749  0.308569  0.410876  0.842479  0.051233  0.799552  0.879470  0.082560  0.086381  0.184483  0.699184  0.730086  0.797217  0.236967  0.131674  0.147248  0.705746  0.810781  0.754721  0.442379  0.307089  0.464493  0.563053  0.673007  0.831708  0.832290
  1.258500  0.774965  0.388011  0.823367  0.764733  0.655726  0.035563  0.325877  0.443425  0.306272  0.199001  0.669026  0.814101  0.860676  0.899395  0.906120  0.055270  0.158240  0.306628  0.375521  0.279544  0.331804  0.262184  0.817735  0.879120  0.888094  0.841220  0.749029  0.900953  0.540961  0.883317  0.692689  0.557568  0.652181  0.603909  0.884853  0.878597  0.507398  0.905063  0.160033  0.088408  0.804339  0.774951  0.568747  0.781155  0.190626  0.274544  0.306285  0.344718  0.467702  0.567175  0.455703  0.116194  0.371997  0.157433  0.424064  0.056497  0.199921  0.767438  0.902279  0.761870  0.947839  0.135464  0.609142  0.543432  0.100747  0.858144  0.651048  0.606233  0.796449  0.503126  0.014749  0.962993  0.840272  0.919100  0.722598  0.740369  0.063989  0.491147  0.152864  0.313779  0.802534  0.144959  0.169556  0.892947  0.316866  0.750794  0.680474  0.702594  0.109205  0.063655  0.413683  0.795740  0.321769  0.252208  0.308908  0.417604  0.464808  0.608501  0.130537  0.324100  0.880785  0.567185  0.261997  0.119995  0.745116  0.668908  0.728592  0.655072  0.532755  0.712812  0.306796  0.413097  0.841471  0.052044  0.797047  0.880665  0.084687  0.085154  0.183481  0.703156  0.706585  0.785837  0.235613  0.131507  0.146133  0.708350  0.813292  0.753927  0.446322  0.307624  0.468686  0.565306  0.672447  0.832086  0.834116
  1.263500  0.775332  0.369245  0.825961  0.769503  0.657645  0.035514  0.331228  0.448285  0.310632  0.201581  0.672620  0.815047  0.860436  0.895977  0.903891  0.057122  0.159351  0.305501  0.374535  0.280670  0.329240  0.258841  0.799978  0.872291  0.886810  0.840385  0.721285  0.898376  0.542687  0.885671  0.692799  0.559355  0.654311  0.607395  0.883062  0.880074  0.509239  0.907974  0.163212  0.087246  0.805838  0.779869  0.568905  0.781619  0.192494  0.279447  0.305107  0.353616  0.464143  0.566692  0.458940  0.115973  0.375408  0.159261  0.424998  0.060005  0.203244  0.768750  0.902511  0.761543  0.948598  0.135643  0.609066  0.545697  0.100919  0.861275  0.652104  0.604367  0.797947  0.504509  0.014590  0.961775  0.844416  0.917004  0.725618  0.743661  0.063860  0.495149  0.155655  0.316575  0.802728  0.145980  0.166381  0.893545  0.312088  0.751178  0.680497  0.702317  0.107746  0.062722  0.411988  0.796569  0.321182  0.259953  0.311998  0.423885  0.474480  0.614203  0.130972  0.330073  0.883767  0.568254  0.263602  0.120182  0.745171  0.669240  0.731713  0.653282  0.534718  0.710520  0.307801  0.414428  0.845964  0.051841  0.800441  0.881393  0.084209  0.086877  0.185010  0.702500  0.718090  0.791069  0.236188  0.132952  0.147185  0.709248  0.821907  0.757091  0.451483  0.311106  0.470805  0.564715  0.674170  0.831409  0.835560
  1.268500  0.780289  0.347492  0.824139  0.771605  0.657051  0.035947  0.334804  0.451192  0.313671  0.203171  0.677190  0.815822  0.859645  0.895390  0.907299  0.057715  0.158838  0.303655  0.371838  0.278836  0.329110  0.257745  0.793281  0.864740  0.885566  0.835698  0.713950  0.888616  0.546210  0.884602  0.693499  0.558658  0.657569  0.608649  0.884299  0.879987  0.508658  0.905469  0.162424  0.089288  0.804096  0.772895  0.568386  0.778696  0.194384  0.282337  0.308515  0.357337  0.471468  0.567120  0.460056  0.115734  0.377205  0.160004  0.425247  0.059197  0.204342  0.769597  0.898605  0.763588  0.951124  0.137047  0.609334  0.545486  0.102060  0.862145  0.652083  0.606186  0.798571  0.505203  0.013965  0.962344  0.843026  0.918672  0.729805  0.748594  0.063686  0.495229  0.157293  0.320059  0.799725  0.146830  0.169747  0.893394  0.317482  0.749661  0.680361  0.701913  0.108538  0.063741  0.412410  0.797617  0.322879  0.260960  0.314312  0.430616  0.472283  0.620562  0.132036  0.333187  0.883334  0.569423  0.265668  0.120993  0.743201  0.664856  0.728986  0.656975  0.532001  0.710951  0.306116  0.416565  0.847134  0.052019  0.797555  0.883339  0.085696  0.085935  0.184101  0.704922  0.744555  0.811117  0.237111  0.133266  0.148841  0.710660  0.822322  0.756136  0.452384  0.313553  0.474298  0.565562  0.673686  0.831685  0.833061
  1.273500  0.783472  0.328120  0.824830  0.775480  0.657295  0.034696  0.339097  0.452132  0.318067  0.203579  0.677071  0.813203  0.859504  0.899141  0.907063  0.057375  0.159024  0.304475  0.373402  0.276066  0.326783  0.256490  0.797895  0.858070  0.884815  0.833236  0.728248  0.881356  0.550241  0.885459  0.691384  0.560789  0.656941  0.610136  0.885848  0.879789  0.512986  0.903838  0.163597  0.089226  0.805418  0.779553  0.569712  0.775929  0.196356  0.274644  0.306177  0.357464  0.469279  0.571670  0.462138  0.115471  0.378749  0.160549  0.430534  0.059834  0.208892  0.769479  0.900980  0.763495  0.948400  0.136643  0.611337  0.545004  0.100026  0.859127  0.654620  0.604248  0.797517  0.506157  0.014539  0.963802  0.844049  0.919791  0.732917  0.748613  0.063209  0.497223  0.159292  0.322341  0.796180  0.152047  0.175787  0.892707  0.325387  0.752273  0.679717  0.701281  0.107507  0.064441  0.410594  0.798704  0.325804  0.261325  0.317232  0.434575  0.484048  0.622504  0.131048  0.336743  0.881835  0.568952  0.267817  0.119999  0.742019  0.665816  0.729878  0.655758  0.532070  0.711326  0.306346  0.420503  0.849568  0.051735  0.799287  0.881144  0.085405  0.087022  0.184609  0.702941  0.768337  0.824095  0.237708  0.134407  0.149271  0.712847  0.816504  0.755312  0.457808  0.313909  0.477875  0.565495  0.675896  0.833352  0.832080
  1.278500  0.787374  0.314338  0.823782  0.778383  0.657508  0.035626  0.343822  0.454489  0.322569  0.207410  0.680215  0.814928  0.859432  0.894467  0.905284  0.055275  0.158628  0.301939  0.371472  0.275853  0.324481  0.255402  0.815851  0.859808  0.884176  0.833052  0.762928  0.882896  0.552613  0.885351  0.693849  0.559801  0.659692  0.612861  0.883470  0.881329  0.512992  0.904390  0.164287  0.089160  0.805589  0.777240  0.568345  0.782086  0.198055  0.283389  0.311592  0.356480  0.474914  0.577569  0.462151  0.115357  0.382482  0.163748  0.432497  0.061311  0.210160  0.768753  0.899088  0.764923  0.948269  0.139382  0.611652  0.544183  0.100390  0.849026  0.653304  0.606291  0.796912  0.503357  0.014820  0.963064  0.842639  0.917890  0.734974  0.747640  0.063766  0.500350  0.161383  0.325655  0.795200  0.152440  0.173207  0.893233  0.329456  0.752857  0.680767  0.701270  0.108413  0.062833  0.408963  0.798724  0.330728  0.268244  0.321476  0.438822  0.486068  0.621913  0.131861  0.344022  0.881543  0.569618  0.268416  0.119726  0.739381  0.667346  0.727651  0.655557  0.532183  0.710536  0.308363  0.422308  0.851653  0.052084  0.800108  0.881021  0.086183  0.087309  0.185741  0.706905  0.785302  0.828074  0.236551  0.134459  0.149941  0.711955  0.812444  0.754247  0.458456  0.318257  0.480120  0.565769  0.675598  0.833587  0.831979
  1.283500  0.790894  0.300921  0.821553  0.784264  0.658231  0.035650  0.349223  0.464559  0.325383  0.209399  0.685501  0.813241  0.860198  0.894396  0.904753  0.056071  0.155650  0.301802  0.371028  0.276638  0.323878  0.253199  0.829194  0.869881  0.884303  0.836644  0.786951  0.888421  0.557108  0.882927  0.695601  0.563078  0.659739  0.614596  0.882950  0.881948  0.515383  0.904101  0.167303  0.092400  0.806072  0.773516  0.571708  0.783474  0.199391  0.282577  0.315143  0.355874  0.473169  0.570868  0.463904  0.115025  0.384710  0.163538  0.435141  0.063302  0.211819  0.768577  0.900133  0.760190  0.949057  0.139247  0.612777  0.544474  0.101031  0.835163  0.656130  0.605546  0.798176  0.505754  0.014767  0.962265  0.843285  0.917683  0.736388  0.747690  0.063563  0.501286  0.163233  0.328896  0.796610  0.151040  0.173900  0.893730  0.333740  0.751676  0.676715  0.702164  0.107628  0.062180  0.407191  0.801067  0.330265  0.266248  0.326573  0.446136  0.488318  0.629561  0.132613  0.343979  0.879117  0.569451  0.268099  0.119960  0.736867  0.665303  0.732613  0.658680  0.532709  0.710214  0.309289  0.423973  0.851055  0.051963  0.800286  0.880169  0.087765  0.088511  0.184834  0.704683  0.771883  0.827150  0.237676  0.136062  0.150192  0.712794  0.803781  0.753639  0.462874  0.319598  0.484701  0.565391  0.674433  0.831764  0.830987
  1.288500  0.794604  0.291259  0.822204  0.788490  0.657748  0.036769  0.354577  0.470593  0.330393  0.212963  0.687938  0.816734  0.861486  0.893971  0.904230  0.057192  0.157308  0.301213  0.370576  0.275702  0.322912  0.253095  0.843215  0.876641  0.886573  0.838917  0.816128  0.900236  0.561310  0.879744  0.695447  0.562593  0.659464  0.616811  0.882985  0.880048  0.515837  0.907249  0.167182  0.092128  0.805974  0.778991  0.570401  0.785747  0.201993  0.288264  0.317262  0.362482  0.478295  0.581150  0.467544  0.114849  0.387376  0.164669  0.437642  0.064501  0.214879  0.770415  0.896910  0.760034  0.948891  0.139918  0.613172  0.543848  0.101180  0.821557  0.652973  0.605058  0.796500  0.503762  0.013842  0.963044  0.842227  0.917275  0.735556  0.744167  0.063086  0.504144  0.164912  0.330698  0.796295  0.160127  0.181785  0.892758  0.336565  0.750798  0.675876  0.702559  0.108336  0.062150  0.406405  0.800959  0.331181  0.269596  0.331671  0.444947  0.492795  0.632078  0.132623  0.350301  0.882100  0.570064  0.271835  0.119621  0.734407  0.660080  0.728498  0.655368  0.531546  0.708156  0.306766  0.426439  0.855399  0.051237  0.799907  0.878607  0.088154  0.088280  0.185133  0.705588  0.787175  0.834019  0.241617  0.136513  0.150848  0.712394  0.789430  0.749613  0.467538  0.320929  0.486228  0.567935  0.671396  0.833176  0.828285
  1.293500  0.796568  0.285238  0.817570  0.791364  0.657101  0.036751  0.358267  0.472842  0.333982  0.214057  0.690718  0.817133  0.862125  0.894315  0.904400  0.058673  0.157196  0.302665  0.369534  0.272683  0.320654  0.251877  0.849931  0.886396  0.887446  0.841435  0.829012  0.902603  0.564795  0.875809  0.697004  0.562602  0.661271  0.615467  0.883049  0.881087  0.518446  0.904767  0.169731  0.093970  0.805735  0.775202  0.572505  0.781924  0.204963  0.293025  0.325583  0.361406  0.478126  0.577796  0.470630  0.115179  0.388785  0.166508  0.438444  0.066695  0.217662  0.771353  0.897291  0.760177  0.947917  0.142114  0.613866  0.543772  0.101350  0.792652  0.655001  0.606264  0.797835  0.505908  0.014763  0.963575  0.839804  0.917050  0.735497  0.743775  0.064353  0.506670  0.166787  0.334343  0.795071  0.157894  0.180204  0.892916  0.337373  0.752217  0.671609  0.701393  0.108652  0.062588  0.405271  0.801529  0.334129  0.275249  0.335378  0.451826  0.503611  0.630760  0.132124  0.354544  0.883155  0.570582  0.271907  0.118899  0.730708  0.662593  0.726349  0.653252  0.532328  0.706989  0.306550  0.428836  0.856468  0.052328  0.801805  0.877008  0.089291  0.089144  0.186101  0.707605  0.794544  0.833212  0.240230  0.137578  0.151212  0.713604  0.776318  0.746657  0.471747  0.324710  0.490855  0.567253  0.674020  0.834193  0.824479
  1.298500  0.798615  0.280596  0.816945  0.796666  0.657319  0.037015  0.362694  0.477084  0.338612  0.216973  0.693372  0.817038  0.862142  0.894198  0.904645  0.057344  0.157591  0.298619  0.371386  0.273455  0.320785  0.251289  0.851410  0.892272  0.888548  0.844154  0.827257  0.909792  0.567131  0.873030  0.696405  0.562978  0.661453  0.618903  0.882298  0.880326  0.520462  0.903950  0.169688  0.095308  0.805786  0.778069  0.573697  0.783068  0.207200  0.302279  0.325936  0.367811  0.478571  0.587972  0.473048  0.115636  0.391561  0.166193  0.442102  0.068890  0.218168  0.769725  0.895215  0.759641  0.946102  0.141940  0.612505  0.542905  0.101322  0.778220  0.653404  0.604727  0.797894  0.508017  0.014430  0.960720  0.841125  0.917728  0.736686  0.742123  0.062053  0.508399  0.168748  0.337787  0.792467  0.159705  0.183271  0.893078  0.343701  0.753843  0.669084  0.701452  0.108594  0.062967  0.403565  0.802423  0.337707  0.276085  0.334728  0.453283  0.505219  0.637732  0.135547  0.359213  0.881006  0.572634  0.273689  0.120245  0.727974  0.658942  0.726105  0.653594  0.531301  0.703190  0.307150  0.429530  0.857784  0.053068  0.800156  0.876308  0.089442  0.089398  0.184536  0.706810  0.791828  0.833190  0.240245  0.138780  0.152974  0.716687  0.762350  0.743366  0.473132  0.325974  0.492630  0.566841  0.673631  0.834535  0.825336
  1.303500  0.800147  0.276924  0.811506  0.797715  0.655918  0.037536  0.367111  0.485263  0.343427  0.219538  0.697250  0.814965  0.861220  0.895182  0.910772  0.057878  0.156180  0.301946  0.372602  0.273319  0.322003  0.252623  0.847969  0.893118  0.890350  0.845773  0.826246  0.914369  0.571681  0.871559  0.695488  0.565697  0.667077  0.619968  0.885883  0.883282  0.523122  0.908316  0.169800  0.096725  0.807212  0.779994  0.577732  0.789408  0.210255  0.299069  0.329882  0.362417  0.486576  0.581372  0.476295  0.115673  0.394510  0.167470  0.443538  0.069511  0.219408  0.771441  0.892908  0.759816  0.946812  0.143191  0.613192  0.541517  0.101594  0.793169  0.654867  0.604616  0.795373  0.509720  0.015087  0.963327  0.838752  0.918069  0.734578  0.741526  0.063283  0.510744  0.171039  0.339530  0.790129  0.161044  0.186782  0.894382  0.342751  0.754235  0.669339  0.702328  0.109162  0.063184  0.402382  0.803275  0.338254  0.281759  0.338220  0.453860  0.497995  0.639736  0.133958  0.361193  0.878991  0.570919  0.276182  0.118909  0.724231  0.656411  0.723928  0.651970  0.529689  0.702628  0.305459  0.436378  0.859907  0.052076  0.800055  0.873746  0.090441  0.091217  0.186794  0.705718  0.795060  0.834404  0.242042  0.139139  0.153065  0.718314  0.741524  0.737046  0.477446  0.328309  0.496538  0.568284  0.674610  0.835234  0.823407
  1.308500  0.801642  0.273918  0.808225  0.801240  0.655858  0.035823  0.371471  0.488897  0.345735  0.221231  0.703301  0.815891  0.863306  0.895493  0.904677  0.058633  0.158961  0.299983  0.372182  0.272158  0.320533  0.250971  0.851349  0.893996  0.887986  0.844861  0.822455  0.911026  0.574760  0.869437  0.699651  0.566048  0.668346  0.623789  0.882763  0.881612  0.522765  0.905165  0.173063  0.096933  0.808375  0.775676  0.573596  0.789780  0.211509  0.303568  0.334497  0.370141  0.488412  0.584734  0.478871  0.114287  0.396156  0.169650  0.447379  0.070845  0.220160  0.770455  0.889128  0.760145  0.944088  0.145299  0.611501  0.540796  0.101745  0.815386  0.656240  0.605308  0.796517  0.510762  0.013502  0.960072  0.838962  0.918620  0.734211  0.739504  0.062711  0.512940  0.172996  0.342916  0.792225  0.160899  0.186658  0.893327  0.348464  0.756368  0.663940  0.701543  0.108015  0.062649  0.400598  0.801432  0.344893  0.284068  0.342387  0.458754  0.507277  0.645593  0.135518  0.365372  0.882860  0.571845  0.277422  0.120032  0.719279  0.656023  0.726133  0.657293  0.528907  0.700066  0.308784  0.437026  0.860134  0.051464  0.797513  0.871760  0.091838  0.090966  0.184441  0.710378  0.815206  0.842376  0.241082  0.139027  0.154142  0.716904  0.731902  0.734824  0.478390  0.330656  0.498469  0.567910  0.674307  0.835229  0.822543
  1.313500  0.801873  0.271685  0.804643  0.806241  0.656014  0.037908  0.377807  0.494068  0.349595  0.224084  0.703549  0.817218  0.862434  0.893376  0.904217  0.058431  0.157645  0.301873  0.373477  0.273268  0.321733  0.251587  0.848964  0.893477  0.889274  0.844571  0.813704  0.910043  0.578664  0.866207  0.698360  0.565239  0.669820  0.624096  0.882990  0.882178  0.525884  0.907098  0.174079  0.095808  0.806848  0.777561  0.577082  0.790057  0.214447  0.307052  0.331583  0.371232  0.489454  0.586584  0.480707  0.115466  0.399586  0.170397  0.451669  0.072432  0.218509  0.769773  0.886704  0.758757  0.943942  0.145107  0.611012  0.540151  0.100814  0.808441  0.658880  0.605570  0.795791  0.513951  0.015338  0.962901  0.837150  0.916991  0.732762  0.732509  0.061997  0.515805  0.174037  0.345549  0.794675  0.167647  0.185752  0.892994  0.351407  0.754542  0.656246  0.700165  0.109286  0.062809  0.400210  0.804417  0.342196  0.280257  0.347877  0.464651  0.510183  0.645152  0.135283  0.368599  0.881234  0.571826  0.279223  0.120000  0.712183  0.655834  0.716483  0.653299  0.527087  0.701247  0.307351  0.436048  0.862368  0.053084  0.794152  0.869094  0.092702  0.091099  0.185329  0.709681  0.811408  0.845388  0.242385  0.140707  0.155190  0.718193  0.737348  0.736452  0.484708  0.333475  0.501417  0.569362  0.672388  0.835722  0.823892
  1.318500  0.802791  0.272319  0.801360  0.807765  0.655803  0.035566  0.381691  0.492851  0.355369  0.225272  0.706768  0.815733  0.862301  0.892958  0.906134  0.057691  0.160694  0.299629  0.373330  0.273185  0.319986  0.249920  0.837320  0.890259  0.885108  0.843520  0.794514  0.909127  0.581366  0.861795  0.698602  0.565168  0.665950  0.625451  0.881871  0.882102  0.525728  0.903985  0.176105  0.098067  0.805825  0.776437  0.574438  0.786104  0.217056  0.310507  0.337220  0.377697  0.492429  0.588868  0.483434  0.114413  0.401937  0.170729  0.453508  0.072422  0.220288  0.770642  0.882921  0.759108  0.938628  0.147421  0.608802  0.538619  0.100652  0.807022  0.657043  0.606042  0.794761  0.508644  0.014615  0.962520  0.838070  0.917380  0.730519  0.722034  0.062324  0.518228  0.176752  0.347811  0.798608  0.166165  0.190252  0.893365  0.357776  0.754645  0.648120  0.701249  0.108675  0.061516  0.398013  0.804411  0.344554  0.288684  0.353067  0.470152  0.514614  0.649357  0.135426  0.372867  0.880268  0.571158  0.280247  0.119755  0.704395  0.652164  0.718087  0.652889  0.525251  0.696836  0.307190  0.439662  0.862358  0.051712  0.791616  0.863700  0.094349  0.091074  0.187264  0.708331  0.803871  0.844476  0.241124  0.141161  0.155062  0.717840  0.739389  0.735927  0.482108  0.335476  0.504307  0.567486  0.674617  0.835745  0.822202
  1.323500  0.803197  0.272629  0.796419  0.811872  0.656088  0.036461  0.385019  0.497709  0.358994  0.227499  0.710192  0.814269  0.863854  0.897961  0.907255  0.059428  0.162598  0.301488  0.375113  0.272512  0.321444  0.252101  0.832791  0.883672  0.886918  0.843387  0.783210  0.904363  0.586706  0.851417  0.699906  0.565190  0.670798  0.625113  0.885660  0.882644  0.528560  0.904745  0.172368  0.098564  0.807332  0.778248  0.576307  0.791206  0.219367  0.310371  0.342665  0.375050  0.497987  0.593332  0.486163  0.115244  0.402405  0.172368  0.453193  0.073980  0.226160  0.769828  0.877299  0.757609  0.933311  0.148175  0.606651  0.537620  0.101392  0.805764  0.658093  0.605070  0.795479  0.512340  0.014410  0.962416  0.839386  0.916984  0.727266  0.711856  0.061138  0.519247  0.179357  0.352151  0.801299  0.167533  0.193496  0.893262  0.357320  0.754811  0.639992  0.699654  0.109736  0.062835  0.395663  0.805157  0.351010  0.294359  0.355149  0.472929  0.515536  0.654393  0.135886  0.374853  0.878645  0.571375  0.282442  0.119619  0.696275  0.649056  0.720249  0.656836  0.523015  0.695122  0.307178  0.441595  0.864760  0.052527  0.787009  0.860158  0.095642  0.091248  0.186451  0.708204  0.804234  0.843080  0.242548  0.142803  0.156861  0.718728  0.730606  0.734170  0.485004  0.338100  0.506974  0.569500  0.673341  0.836688  0.820266
  1.328500  0.799971  0.273238  0.794051  0.817098  0.655961  0.036810  0.390592  0.504172  0.361808  0.231066  0.712213  0.817570  0.864457  0.895870  0.904525  0.058430  0.164738  0.301955  0.375295  0.271343  0.322363  0.252211  0.832154  0.876847  0.881431  0.839507  0.781565  0.896850  0.589749  0.841218  0.699819  0.567344  0.672662  0.627543  0.882295  0.881571  0.529991  0.900855  0.178189  0.097606  0.806433  0.775454  0.578733  0.791466  0.221750  0.313315  0.341510  0.380493  0.498711  0.596532  0.488898  0.114932  0.406909  0.173795  0.456625  0.077052  0.227836  0.771434  0.867271  0.760442  0.927945  0.150765  0.603832  0.535886  0.101891  0.809395  0.659399  0.604281  0.791418  0.515597  0.015206  0.962728  0.839677  0.915120  0.722001  0.696842  0.061393  0.523862  0.180413  0.354724  0.802995  0.174789  0.198451  0.894122  0.360458  0.753837  0.630861  0.698804  0.107956  0.062658  0.393944  0.805686  0.350900  0.297813  0.362089  0.479492  0.520469  0.659539  0.136939  0.379416  0.882106  0.574536  0.283125  0.119387  0.689373  0.653193  0.720008  0.653737  0.519813  0.691453  0.308395  0.445487  0.863326  0.052451  0.785645  0.852674  0.095502  0.092999  0.186939  0.710760  0.816516  0.854042  0.242133  0.143146  0.157827  0.720219  0.729173  0.733321  0.488994  0.340266  0.510883  0.568281  0.673080  0.837649  0.819203
  1.333500  0.798653  0.271706  0.789873  0.821427  0.654346  0.037533  0.394497  0.509643  0.366844  0.233702  0.715568  0.817514  0.863527  0.891596  0.904429  0.059030  0.164929  0.303024  0.381840  0.272444  0.322409  0.253877  0.819269  0.872525  0.881401  0.838166  0.748847  0.894210  0.592751  0.820511  0.699970  0.570143  0.673714  0.631197  0.882859  0.883078  0.530644  0.905261  0.180025  0.102343  0.807889  0.778139  0.580518  0.794467  0.224129  0.317780  0.347278  0.377862  0.498477  0.597739  0.490517  0.114352  0.408262  0.174903  0.456246  0.084031  0.226726  0.773105  0.856919  0.757262  0.917438  0.149480  0.600146  0.533591  0.101163  0.803165  0.659881  0.605488  0.792082  0.516264  0.013168  0.960453  0.839422  0.917102  0.712533  0.683586  0.061453  0.525362  0.182482  0.357797  0.804220  0.166220  0.205399  0.892944  0.363837  0.752804  0.621223  0.696605  0.107539  0.062269  0.392019  0.805107  0.354078  0.294707  0.364742  0.479747  0.524899  0.663158  0.139230  0.380855  0.880411  0.573887  0.284872  0.119368  0.681830  0.651215  0.716273  0.653386  0.515295  0.687516  0.307622  0.445424  0.865332  0.051501  0.778164  0.847225  0.096627  0.094212  0.186038  0.710720  0.814047  0.855393  0.242912  0.142717  0.157477  0.721040  0.728835  0.731988  0.494694  0.341871  0.514662  0.568721  0.674099  0.840177  0.817541
  1.338500  0.797002  0.270016  0.788602  0.825693  0.654386  0.036094  0.399177  0.516692  0.371065  0.235714  0.718233  0.814868  0.864927  0.890661  0.901940  0.060270  0.166792  0.306361  0.382127  0.270433  0.323096  0.254334  0.807026  0.870029  0.878143  0.836905  0.734912  0.894181  0.596330  0.806421  0.701941  0.568313  0.677279  0.630913  0.881475  0.883863  0.533568  0.900534  0.183519  0.100709  0.806198  0.778695  0.581411  0.792245  0.226837  0.320161  0.346501  0.378906  0.497666  0.597597  0.494287  0.114850  0.409899  0.177044  0.459959  0.087311  0.223740  0.771403  0.843521  0.754011  0.908615  0.149445  0.596937  0.531566  0.101315  0.790863  0.659636  0.603928  0.789599  0.515741  0.014521  0.961459  0.839098  0.916261  0.706483  0.668361  0.061645  0.528707  0.184867  0.361266  0.805076  0.174608  0.208100  0.893011  0.370760  0.753954  0.615356  0.696535  0.108374  0.062865  0.390000  0.805751  0.357081  0.302148  0.367411  0.480739  0.533692  0.663494  0.138824  0.384150  0.877658  0.574841  0.286031  0.120036  0.678234  0.655166  0.720520  0.656705  0.511591  0.684862  0.308430  0.449221  0.866904  0.051409  0.774287  0.843069  0.097116  0.095299  0.186734  0.708252  0.807248  0.848921  0.242879  0.144419  0.158409  0.720483  0.720898  0.731054  0.495731  0.344605  0.514991  0.568242  0.674931  0.839539  0.819839
  1.343500  0.798764  0.270155  0.782808  0.827503  0.654974  0.036900  0.402314  0.521997  0.374462  0.238288  0.720060  0.814262  0.863425  0.893077  0.906115  0.059552  0.169172  0.307653  0.383509  0.273098  0.323699  0.255593  0.810420  0.866120  0.877967  0.836789  0.742501  0.892533  0.599922  0.792599  0.701476  0.571235  0.679367  0.632820  0.881863  0.883058  0.536316  0.907209  0.185163  0.104245  0.806740  0.777757  0.582176  0.792819  0.228566  0.323599  0.351683  0.384658  0.503064  0.602625  0.495233  0.113359  0.412678  0.177168  0.461681  0.091207  0.228653  0.772224  0.836484  0.754731  0.897252  0.151019  0.592644  0.529640  0.101690  0.780539  0.660324  0.603923  0.790125  0.519175  0.014449  0.962283  0.841519  0.915031  0.694503  0.651775  0.061430  0.531672  0.186863  0.363257  0.805789  0.175841  0.205828  0.892889  0.370073  0.754767  0.606138  0.696444  0.109549  0.062474  0.388809  0.806312  0.361243  0.303578  0.372338  0.487482  0.533865  0.671839  0.137280  0.385769  0.879931  0.574212  0.286788  0.119437  0.674896  0.649915  0.718766  0.653629  0.508223  0.683551  0.307611  0.452066  0.867711  0.052289  0.770132  0.836866  0.098189  0.096225  0.187995  0.711157  0.802053  0.847294  0.243504  0.145041  0.157175  0.724315  0.712721  0.728205  0.497658  0.346749  0.518745  0.568564  0.674878  0.840216  0.819849
  1.348500  0.799447  0.275057  0.779306  0.828287  0.652832  0.036613  0.406564  0.522174  0.377986  0.239757  0.724167  0.817871  0.864843  0.890431  0.908487  0.060610  0.168782  0.309609  0.386122  0.272584  0.324565  0.257081  0.810233  0.866359  0.875140  0.834764  0.743944  0.890000  0.601920  0.782842  0.701699  0.571157  0.680044  0.633157  0.883317  0.882918  0.537050  0.902524  0.185154  0.103326  0.806110  0.776173  0.584927  0.795535  0.229848  0.329675  0.352796  0.391783  0.503942  0.598601  0.496249  0.114734  0.413594  0.177868  0.466190  0.096486  0.235962  0.771584  0.838316  0.751016  0.879045  0.154682  0.588474  0.525675  0.100311  0.795156  0.660755  0.603611  0.787145  0.519267  0.014383  0.961534  0.842230  0.912888  0.685280  0.634494  0.060909  0.531827  0.187997  0.366242  0.807831  0.179526  0.205548  0.891870  0.370657  0.756283  0.596903  0.693769  0.108159  0.061160  0.386509  0.805944  0.361926  0.306645  0.375463  0.496597  0.535767  0.672768  0.139725  0.388735  0.876050  0.574371  0.288981  0.119109  0.674268  0.650010  0.715564  0.658896  0.502749  0.677543  0.308850  0.453127  0.866893  0.051170  0.768334  0.833225  0.100135  0.097353  0.186439  0.711242  0.803619  0.851209  0.244003  0.145695  0.157968  0.722176  0.695984  0.722632  0.503855  0.348648  0.520687  0.567499  0.674343  0.840392  0.815669
  1.353500  0.803344  0.281381  0.776310  0.831801  0.653749  0.036436  0.410490  0.527469  0.381404  0.242832  0.724470  0.819080  0.863193  0.895270  0.906775  0.059754  0.170993  0.308262  0.386968  0.275300  0.327527  0.258135  0.810604  0.868780  0.872983  0.836683  0.741431  0.893157  0.603189  0.773301  0.703366  0.574237  0.681522  0.637232  0.881300  0.882779  0.536893  0.903180  0.185833  0.106658  0.806570  0.777628  0.584098  0.792555  0.231058  0.327211  0.357451  0.388507  0.500323  0.602271  0.494725  0.115278  0.416274  0.182055  0.463562  0.098531  0.241010  0.772901  0.839331  0.738262  0.844573  0.153918  0.585273  0.521396  0.101979  0.786819  0.662060  0.603024  0.785045  0.520458  0.013907  0.959865  0.844012  0.914461  0.674032  0.616852  0.061751  0.531938  0.190560  0.369363  0.808085  0.182619  0.212769  0.891586  0.381897  0.757306  0.592083  0.691520  0.108649  0.062505  0.384471  0.807544  0.361212  0.310642  0.376646  0.496611  0.542515  0.670810  0.138615  0.390712  0.868730  0.575954  0.289800  0.118683  0.670776  0.644372  0.714903  0.654603  0.500945  0.674808  0.308239  0.453525  0.868464  0.051266  0.763251  0.829890  0.101018  0.096974  0.188419  0.714219  0.798355  0.844661  0.243758  0.147632  0.161112  0.722975  0.674137  0.713651  0.504570  0.351650  0.524369  0.568532  0.676941  0.841592  0.810610
  1.358500  0.804693  0.290592  0.771461  0.831891  0.650468  0.036654  0.414284  0.524278  0.385848  0.243245  0.725242  0.816253  0.863984  0.892238  0.904800  0.060818  0.173071  0.313594  0.388507  0.272997  0.327885  0.258524  0.809850  0.869248  0.871540  0.838307  0.739716  0.895595  0.605645  0.767989  0.702998  0.572104  0.681698  0.632416  0.876673  0.885197  0.536878  0.902371  0.187056  0.105967  0.808241  0.780045  0.586304  0.789475  0.230532  0.322782  0.354407  0.382862  0.507099  0.599258  0.492692  0.113804  0.418623  0.181856  0.467019  0.106786  0.244151  0.773798  0.840691  0.724039  0.798839  0.155319  0.580461  0.521212  0.100992  0.646272  0.662023  0.602796  0.783094  0.522769  0.014564  0.959873  0.843926  0.915294  0.662035  0.603123  0.061721  0.534938  0.192625  0.371871  0.805372  0.178246  0.216396  0.891568  0.377334  0.751423  0.585441  0.690211  0.108117  0.062569  0.381884  0.807449  0.358369  0.316892  0.383315  0.506555  0.547877  0.679002  0.140171  0.392076  0.868122  0.575033  0.288411  0.120535  0.664617  0.646107  0.708090  0.656075  0.498733  0.672149  0.307988  0.458796  0.867442  0.050636  0.761374  0.822696  0.102050  0.098844  0.186784  0.712380  0.797945  0.845515  0.243506  0.146260  0.160127  0.720748  0.626429  0.697226  0.506202  0.352204  0.525382  0.569076  0.675457  0.842260  0.805001
  1.363500  0.804842  0.299533  0.757596  0.832928  0.651076  0.036437  0.418294  0.523498  0.388961  0.245786  0.729398  0.819740  0.863133  0.889731  0.905284  0.061598  0.173764  0.312454  0.391492  0.276983  0.328917  0.259884  0.814292  0.869556  0.873565  0.836340  0.751338  0.893071  0.610654  0.766757  0.705752  0.571670  0.683087  0.637653  0.880636  0.883138  0.540564  0.903118  0.189664  0.109903  0.807291  0.781052  0.586131  0.788480  0.228921  0.324516  0.359979  0.386009  0.503643  0.594432  0.491951  0.114066  0.417489  0.183106  0.470746  0.110539  0.246131  0.774266  0.839401  0.709890  0.761576  0.157632  0.577726  0.517766  0.102804  0.572473  0.661289  0.603514  0.781890  0.523283  0.014461  0.954872  0.842399  0.915846  0.647779  0.580902  0.060834  0.535819  0.194105  0.375941  0.800514  0.188016  0.220667  0.892083  0.382834  0.751119  0.575221  0.688618  0.108286  0.062904  0.382655  0.808268  0.359445  0.314902  0.387188  0.505276  0.550443  0.681683  0.139448  0.392234  0.869155  0.576611  0.289919  0.120062  0.658594  0.639418  0.711794  0.651934  0.496075  0.670001  0.305636  0.461056  0.865706  0.051241  0.759320  0.819395  0.102749  0.096868  0.187473  0.715268  0.798276  0.844575  0.244324  0.146888  0.161341  0.720741  0.622867  0.693796  0.507548  0.354381  0.528993  0.568559  0.674729  0.843784  0.801791
  1.368500  0.805769  0.314422  0.745159  0.836404  0.647801  0.038906  0.417679  0.521974  0.393404  0.247948  0.727793  0.820307  0.864709  0.884457  0.902310  0.062112  0.180085  0.316547  0.395062  0.275195  0.332942  0.263263  0.821613  0.871247  0.869910  0.837362  0.763085  0.895483  0.612371  0.763447  0.704349  0.577139  0.685803  0.636064  0.880723  0.885341  0.541707  0.900005  0.190232  0.109421  0.806628  0.780320  0.588069  0.789523  0.229568  0.325576  0.358785  0.390546  0.502208  0.602379  0.496672  0.115098  0.422558  0.182240  0.473714  0.117619  0.250608  0.776152  0.835746  0.707707  0.751921  0.157087  0.574549  0.512825  0.101488  0.724979  0.663359  0.603221  0.777295  0.526132  0.014209  0.963088  0.842534  0.915231  0.631177  0.567057  0.059986  0.536506  0.196487  0.379227  0.793682  0.187763  0.222510  0.894281  0.382131  0.750563  0.567819  0.686060  0.108977  0.061488  0.379745  0.807183  0.339202  0.321052  0.382945  0.506371  0.552791  0.684180  0.139677  0.383650  0.866332  0.575531  0.287530  0.120363  0.650882  0.628530  0.705535  0.650428  0.492986  0.665422  0.306247  0.463492  0.868386  0.051756  0.750146  0.812653  0.104083  0.100886  0.189465  0.714634  0.803055  0.846994  0.245474  0.150355  0.161770  0.720323  0.616798  0.689682  0.511467  0.358128  0.530936  0.568656  0.676748  0.843251  0.801658
  1.373500  0.808668  0.328065  0.726041  0.837617  0.642840  0.037444  0.418246  0.498232  0.396146  0.250106  0.723219  0.820640  0.864611  0.889630  0.906451  0.063476  0.185319  0.317810  0.401183  0.277952  0.335271  0.265610  0.823474  0.878209  0.869516  0.839522  0.756305  0.895370  0.612957  0.762817  0.703019  0.576980  0.691984  0.639449  0.886430  0.881502  0.546538  0.902186  0.193604  0.109560  0.808665  0.781054  0.590876  0.780560  0.232807  0.329221  0.361239  0.387468  0.505861  0.604266  0.496517  0.114660  0.425433  0.182797  0.477356  0.123181  0.251776  0.774193  0.827040  0.702218  0.750315  0.160721  0.572961  0.508759  0.102022  0.708424  0.661467  0.600671  0.778410  0.530997  0.013964  0.961323  0.842409  0.914899  0.620463  0.551967  0.061412  0.533998  0.199296  0.380870  0.782348  0.185685  0.217340  0.891948  0.385569  0.754514  0.556241  0.682424  0.109610  0.060777  0.377808  0.804230  0.339397  0.327232  0.388101  0.512645  0.552531  0.686662  0.141014  0.379830  0.860950  0.576833  0.289619  0.120412  0.640057  0.609240  0.686210  0.647861  0.490748  0.662854  0.302926  0.467688  0.867534  0.052031  0.744728  0.802770  0.103354  0.101751  0.188703  0.715993  0.802124  0.847640  0.246920  0.148756  0.162878  0.719867  0.545969  0.656223  0.515913  0.359878  0.534864  0.569331  0.679268  0.845941  0.794578
  1.378500  0.804629  0.338411  0.703699  0.842233  0.633421  0.036876  0.421393  0.480301  0.395427  0.250736  0.722938  0.820706  0.864603  0.892914  0.906328  0.063114  0.183305  0.322576  0.398317  0.279687  0.335991  0.267277  0.813701  0.873285  0.863354  0.838527  0.747671  0.896336  0.615150  0.756000  0.703403  0.575898  0.691243  0.638931  0.878861  0.881691  0.546240  0.899151  0.195529  0.112145  0.808054  0.783756  0.591593  0.765668  0.211292  0.292134  0.348623  0.384382  0.496184  0.594316  0.480907  0.114306  0.427588  0.183484  0.474172  0.122822  0.253447  0.776400  0.817245  0.711098  0.774488  0.160235  0.570294  0.503497  0.104342  0.637899  0.661685  0.603685  0.774031  0.527898  0.014885  0.959056  0.843359  0.913974  0.609142  0.538192  0.060679  0.529592  0.201030  0.382800  0.768892  0.186488  0.224781  0.892492  0.395970  0.751562  0.538350  0.677198  0.109391  0.063268  0.374308  0.805587  0.348513  0.326353  0.375601  0.494645  0.550139  0.683758  0.136924  0.369726  0.828060  0.576740  0.289288  0.119652  0.626557  0.571775  0.660945  0.642115  0.486100  0.660646  0.305099  0.457444  0.867454  0.052465  0.733368  0.790282  0.107533  0.098993  0.190048  0.713355  0.802759  0.847071  0.246637  0.150281  0.161901  0.713144  0.440400  0.602415  0.510468  0.362189  0.536264  0.568919  0.677546  0.841325  0.780107
  1.383500  0.802581  0.344688  0.666513  0.842553  0.621475  0.039131  0.422809  0.469337  0.393895  0.252145  0.725232  0.818142  0.863800  0.881427  0.903876  0.062807  0.189099  0.320933  0.401421  0.283427  0.340827  0.272476  0.812981  0.872428  0.852676  0.838458  0.739968  0.894654  0.615773  0.739607  0.704352  0.573165  0.691797  0.641258  0.876864  0.881541  0.549803  0.896097  0.194512  0.110041  0.808770  0.779194  0.587218  0.680412  0.183161  0.266244  0.302316  0.351225  0.466853  0.570548  0.430127  0.115502  0.428824  0.189820  0.476435  0.137326  0.256040  0.774682  0.796491  0.710225  0.782755  0.161283  0.567316  0.499663  0.102936  0.604362  0.658020  0.601258  0.771089  0.531643  0.013861  0.957762  0.839957  0.915526  0.594939  0.532502  0.060999  0.495752  0.202287  0.383561  0.709583  0.194824  0.215888  0.894125  0.397965  0.751661  0.518475  0.670780  0.109271  0.062298  0.369733  0.809056  0.348960  0.295083  0.336760  0.458807  0.499038  0.671712  0.126850  0.364026  0.761485  0.574668  0.286154  0.120610  0.608703  0.511966  0.622441  0.632747  0.479693  0.654720  0.300515  0.465919  0.865834  0.051902  0.716553  0.777306  0.104797  0.102582  0.190574  0.715415  0.799876  0.845347  0.247125  0.150538  0.164706  0.708588  0.411751  0.580606  0.507552  0.364552  0.539698  0.566727  0.675818  0.839348  0.759935
  1.388500  0.796732  0.338491  0.611755  0.842647  0.605264  0.037905  0.394543  0.386110  0.362096  0.249756  0.679181  0.818729  0.865327  0.876630  0.901176  0.062440  0.187945  0.324585  0.408441  0.284345  0.341830  0.274216  0.808281  0.872040  0.845410  0.838251  0.738774  0.895291  0.592216  0.723886  0.705014  0.576245  0.689574  0.637092  0.873346  0.878159  0.550787  0.901279  0.194147  0.114260  0.808010  0.780855  0.585643  0.513592  0.181289  0.261449  0.295582  0.350414  0.458806  0.563748  0.427977  0.114278  0.431400  0.190552  0.475841  0.145558  0.256126  0.774909  0.769266  0.705094  0.760917  0.160954  0.564649  0.486986  0.101712  0.551951  0.658238  0.599086  0.771358  0.526059  0.013856  0.960463  0.841174  0.912878  0.586066  0.523633  0.060064  0.427917  0.203031  0.368673  0.565585  0.186282  0.218963  0.891291  0.391719  0.743592  0.491571  0.661551  0.109376  0.062054  0.364183  0.803382  0.355577  0.271798  0.333438  0.446550  0.500747  0.639369  0.127454  0.348117  0.764556  0.575718  0.282098  0.120196  0.587691  0.471878  0.586171  0.623664  0.470782  0.652141  0.292389  0.463293  0.865726  0.052605  0.699193  0.754946  0.107714  0.101387  0.188866  0.715829  0.791887  0.841831  0.244104  0.150514  0.162622  0.698790  0.511543  0.628045  0.478792  0.363338  0.538703  0.564674  0.676043  0.833642  0.706525
  1.393500  0.795009  0.337545  0.565924  0.847915  0.589158  0.037603  0.293374  0.238045  0.308914  0.233713  0.570616  0.819085  0.864604  0.858918  0.896828  0.061866  0.190417  0.326082  0.408753  0.284701  0.343530  0.275018  0.804283  0.868438  0.839755  0.837365  0.714203  0.890517  0.534280  0.700073  0.706030  0.580031  0.687183  0.631470  0.872072  0.874754  0.550343  0.897599  0.195815  0.116255  0.804777  0.782583  0.583228  0.621663  0.177260  0.258961  0.289848  0.330517  0.447543  0.548990  0.419139  0.112568  0.434268  0.192936  0.478694  0.153890  0.255286  0.773775  0.754017  0.662392  0.683617  0.162949  0.560624  0.473077  0.102362  0.376985  0.655512  0.596965  0.767311  0.526683  0.014942  0.959140  0.830051  0.910118  0.578417  0.513419  0.058991  0.431839  0.202389  0.352756  0.544078  0.177894  0.216027  0.891715  0.394193  0.739160  0.460069  0.650915  0.110189  0.060392  0.359466  0.795670  0.361548  0.284866  0.364846  0.479607  0.516110  0.653063  0.132653  0.322229  0.793820  0.572614  0.280231  0.119616  0.566172  0.442108  0.550439  0.617919  0.458081  0.645092  0.281111  0.461000  0.860718  0.051992  0.672718  0.730463  0.109249  0.101612  0.190415  0.710917  0.784169  0.836270  0.242183  0.149340  0.161242  0.682524  0.592831  0.667209  0.452509  0.363930  0.534913  0.560370  0.672592  0.833336  0.620071
  1.398500  0.790849  0.350708  0.525891  0.844230  0.568537  0.039237  0.300260  0.344354  0.324242  0.235259  0.635726  0.815155  0.861433  0.831447  0.892369  0.064089  0.195756  0.329803  0.414782  0.283242  0.346908  0.276290  0.793622  0.867631  0.831009  0.836555  0.695541  0.885826  0.553370  0.676346  0.709118  0.579070  0.689479  0.629955  0.873891  0.864206  0.551902  0.899090  0.200256  0.114839  0.806497  0.781344  0.579436  0.740575  0.181174  0.263114  0.292902  0.340436  0.447909  0.552304  0.422359  0.113416  0.435694  0.191886  0.485312  0.160667  0.254116  0.774717  0.747003  0.545332  0.468825  0.163880  0.556334  0.478900  0.102310  0.264201  0.645701  0.597975  0.764613  0.526198  0.013934  0.960320  0.836152  0.910313  0.571918  0.506684  0.061175  0.482851  0.200234  0.353334  0.625588  0.186878  0.214674  0.893455  0.391864  0.735399  0.427617  0.640143  0.108477  0.059426  0.355628  0.800618  0.371272  0.302228  0.378917  0.493633  0.541801  0.674535  0.136441  0.286304  0.827913  0.570181  0.283502  0.120632  0.534917  0.417578  0.529759  0.609979  0.443156  0.635872  0.275143  0.459511  0.859832  0.050668  0.642664  0.700252  0.110648  0.100167  0.190595  0.715373  0.771322  0.824352  0.242312  0.148903  0.160037  0.670544  0.619062  0.679722  0.495097  0.368787  0.544027  0.557469  0.677858  0.839683  0.662909
  1.403500  0.781642  0.372413  0.503059  0.845480  0.543375  0.039490  0.373387  0.454971  0.361877  0.247346  0.692856  0.816579  0.861488  0.814793  0.884186  0.062613  0.196906  0.333510  0.415396  0.286002  0.347188  0.279163  0.775241  0.858071  0.823009  0.834187  0.671009  0.883283  0.596936  0.640459  0.705683  0.576522  0.683302  0.617656  0.870143  0.857022  0.549896  0.896789  0.200777  0.114936  0.808132  0.784489  0.571598  0.763578  0.194302  0.286043  0.300590  0.354416  0.473161  0.574358  0.442542  0.114469  0.438088  0.195555  0.484968  0.168736  0.252085  0.775302  0.740208  0.601544  0.540771  0.166752  0.549475  0.481486  0.103038  0.489916  0.643497  0.593553  0.759114  0.528558  0.014084  0.957473  0.843126  0.908650  0.562384  0.490663  0.060401  0.506237  0.200867  0.360240  0.649102  0.189755  0.221306  0.893033  0.389422  0.726707  0.395759  0.626963  0.108044  0.062327  0.347171  0.803736  0.382256  0.311319  0.374601  0.505621  0.547900  0.676464  0.134522  0.257219  0.846399  0.566154  0.281790  0.120550  0.487895  0.429791  0.526351  0.607545  0.424226  0.619901  0.269641  0.458271  0.853971  0.052456  0.610091  0.665446  0.112007  0.100585  0.189787  0.716317  0.758766  0.818457  0.240566  0.148297  0.159226  0.658043  0.597189  0.666280  0.512327  0.373256  0.547760  0.552526  0.677241  0.845076  0.678336
  1.408500  0.762739  0.391234  0.494778  0.842286  0.525252  0.039984  0.414946  0.500986  0.388257  0.256094  0.718269  0.816186  0.862292  0.804675  0.880944  0.063428  0.199857  0.334474  0.419044  0.287034  0.351625  0.281743  0.756147  0.841646  0.809166  0.829514  0.631168  0.872999  0.619375  0.580479  0.709917  0.575504  0.690090  0.609587  0.870817  0.834936  0.556985  0.896890  0.205527  0.119170  0.809700  0.784433  0.567750  0.759783  0.211355  0.305220  0.330202  0.372202  0.483084  0.583014  0.471904  0.113885  0.438672  0.195088  0.481620  0.179473  0.248387  0.773088  0.718364  0.634336  0.629364  0.167093  0.540427  0.476164  0.101957  0.670052  0.635780  0.591393  0.755502  0.531349  0.013742  0.961853  0.841346  0.909382  0.552671  0.473769  0.059819  0.507458  0.202477  0.367433  0.647491  0.189812  0.221583  0.893414  0.396732  0.717185  0.362561  0.616369  0.109509  0.062354  0.342588  0.808981  0.383169  0.315991  0.379896  0.500735  0.545631  0.683848  0.133983  0.240623  0.854019  0.562937  0.285027  0.119160  0.433773  0.469326  0.556674  0.612884  0.396166  0.604795  0.271490  0.458661  0.855165  0.052029  0.580117  0.639457  0.110858  0.100957  0.190486  0.716047  0.754518  0.816351  0.238369  0.144463  0.158459  0.650040  0.528661  0.619223  0.518394  0.375009  0.549964  0.548422  0.675225  0.849227  0.676136
  1.413500  0.716409  0.406814  0.504202  0.840030  0.520842  0.039934  0.434557  0.522362  0.404825  0.263461  0.733538  0.816676  0.861438  0.806305  0.883679  0.063622  0.202534  0.337315  0.421624  0.288500  0.352005  0.284211  0.734866  0.829255  0.797314  0.823326  0.591579  0.857660  0.630522  0.508596  0.705416  0.578106  0.692707  0.607149  0.865066  0.823470  0.559675  0.898395  0.206132  0.119244  0.809579  0.787240  0.574730  0.762681  0.228995  0.328484  0.346622  0.381991  0.500706  0.594934  0.493181  0.112946  0.440116  0.197047  0.487330  0.190961  0.247539  0.773892  0.689318  0.649258  0.659206  0.168686  0.529285  0.471167  0.103303  0.732952  0.628332  0.588080  0.748730  0.531389  0.013974  0.960644  0.842430  0.906124  0.536656  0.442453  0.057591  0.505699  0.205704  0.378128  0.655033  0.195984  0.229721  0.893317  0.401037  0.720080  0.339625  0.606259  0.109794  0.061440  0.339571  0.808077  0.388920  0.320231  0.387705  0.512405  0.553670  0.685263  0.133539  0.255068  0.859934  0.560531  0.288289  0.119672  0.374306  0.497985  0.587044  0.624137  0.374352  0.599978  0.274768  0.460425  0.853249  0.052404  0.564281  0.620723  0.112183  0.101336  0.190012  0.714825  0.737724  0.808271  0.237842  0.142545  0.155148  0.652925  0.335463  0.508902  0.518250  0.377043  0.552616  0.545107  0.678875  0.847872  0.657184
  1.418500  0.698695  0.418398  0.537926  0.834595  0.534198  0.038874  0.441670  0.540755  0.415586  0.267046  0.744827  0.819369  0.857494  0.837485  0.884179  0.062381  0.203581  0.339469  0.424452  0.290307  0.356192  0.288297  0.690666  0.806798  0.786917  0.811291  0.509677  0.841186  0.635315  0.440345  0.705799  0.577329  0.693197  0.613248  0.859416  0.821204  0.559693  0.895410  0.210972  0.121530  0.808858  0.787154  0.588020  0.780810  0.241708  0.343571  0.364834  0.400363  0.513766  0.612630  0.503138  0.113820  0.441786  0.197902  0.488410  0.198837  0.247243  0.771629  0.663201  0.676874  0.702852  0.172285  0.514506  0.466835  0.102212  0.756191  0.631979  0.591405  0.739425  0.532370  0.013801  0.957307  0.843525  0.904165  0.516900  0.413484  0.059802  0.507947  0.211841  0.388042  0.660289  0.206088  0.247251  0.891155  0.408905  0.722896  0.332385  0.602492  0.108499  0.062368  0.332855  0.806275  0.396291  0.329577  0.394911  0.513857  0.564107  0.696320  0.133185  0.271904  0.866969  0.562600  0.289782  0.119339  0.322516  0.522489  0.616992  0.640163  0.355282  0.606034  0.285244  0.467194  0.857644  0.051937  0.562290  0.614543  0.113510  0.105693  0.189225  0.715462  0.714867  0.793372  0.236241  0.142787  0.155687  0.665418  0.382289  0.566576  0.522045  0.378591  0.554614  0.542332  0.675486  0.848899  0.722016
  1.423500  0.719189  0.426433  0.580605  0.827400  0.554800  0.039160  0.446749  0.552396  0.422879  0.269770  0.752276  0.820345  0.863225  0.859242  0.891641  0.064430  0.209438  0.341597  0.428936  0.291584  0.357659  0.289942  0.574775  0.758280  0.781122  0.790966  0.350588  0.808039  0.640452  0.415323  0.707540  0.577695  0.699988  0.626817  0.854497  0.836224  0.559442  0.892314  0.208626  0.121743  0.806605  0.787383  0.586913  0.785406  0.249757  0.343769  0.377136  0.402048  0.513698  0.613074  0.508332  0.113592  0.444318  0.197814  0.494088  0.206892  0.244910  0.771972  0.642307  0.701993  0.748733  0.172748  0.495455  0.463333  0.103932  0.785961  0.640722  0.594207  0.729955  0.534619  0.013041  0.961000  0.841919  0.907508  0.492294  0.383227  0.058489  0.505358  0.216076  0.393010  0.659429  0.205752  0.247757  0.893891  0.413504  0.724720  0.335228  0.601724  0.108913  0.061826  0.332850  0.808944  0.397853  0.333040  0.399502  0.515244  0.561158  0.692083  0.131855  0.286029  0.868195  0.570478  0.295163  0.120329  0.308655  0.521517  0.617620  0.639440  0.338536  0.605222  0.294229  0.470926  0.859707  0.050713  0.570068  0.618322  0.114869  0.106354  0.192008  0.717555  0.682816  0.772731  0.239782  0.146657  0.156948  0.674069  0.576523  0.659591  0.522116  0.379120  0.556979  0.545058  0.679676  0.851685  0.782242
  1.428500  0.731546  0.429015  0.608650  0.816353  0.580032  0.039759  0.450081  0.560523  0.427211  0.273598  0.755572  0.819211  0.861639  0.871759  0.893165  0.064651  0.209070  0.345744  0.433017  0.294423  0.360290  0.295704  0.525763  0.691633  0.763801  0.762365  0.313877  0.756466  0.643834  0.438338  0.708513  0.580484  0.700232  0.633835  0.852822  0.845098  0.563651  0.896197  0.212231  0.124818  0.808356  0.784353  0.593108  0.786891  0.254372  0.352760  0.378470  0.405088  0.520827  0.617762  0.513022  0.114712  0.444743  0.200582  0.495768  0.219867  0.242110  0.772004  0.634903  0.712606  0.768518  0.174245  0.473578  0.459082  0.103113  0.794272  0.648658  0.595730  0.721097  0.539317  0.014642  0.961358  0.839429  0.906469  0.464189  0.349184  0.058649  0.503465  0.218763  0.395738  0.660425  0.208131  0.245197  0.892584  0.413719  0.729049  0.339823  0.605191  0.110171  0.061440  0.331056  0.807990  0.402580  0.327141  0.397548  0.524643  0.571702  0.689803  0.132046  0.300362  0.869318  0.573149  0.297827  0.119984  0.350947  0.524461  0.613310  0.638111  0.325975  0.597825  0.300182  0.471652  0.859929  0.051844  0.586329  0.629314  0.116161  0.108568  0.190305  0.716639  0.635309  0.737785  0.238417  0.150410  0.159683  0.678185  0.690131  0.705514  0.527333  0.382939  0.559431  0.548646  0.675633  0.852460  0.795865
  1.433500  0.724053  0.431071  0.630655  0.808902  0.598980  0.037757  0.450690  0.563689  0.429095  0.276531  0.758198  0.820467  0.861001  0.874396  0.892395  0.064858  0.210822  0.346849  0.435109  0.294588  0.365031  0.296964  0.571037  0.639363  0.748072  0.708550  0.377167  0.679307  0.646241  0.487458  0.711089  0.577914  0.705186  0.634910  0.850184  0.854650  0.564757  0.894868  0.213435  0.124830  0.807544  0.786932  0.596278  0.788403  0.259524  0.364005  0.389785  0.408121  0.519501  0.622440  0.517748  0.114171  0.447255  0.199292  0.495289  0.227982  0.245434  0.774974  0.644487  0.718116  0.783247  0.174287  0.450087  0.452789  0.102379  0.788315  0.655344  0.598214  0.710699  0.540819  0.013609  0.959006  0.842749  0.905150  0.433710  0.317400  0.059991  0.505227  0.220030  0.395619  0.659535  0.210324  0.249085  0.893260  0.412751  0.727936  0.346210  0.608235  0.108834  0.061260  0.331791  0.802270  0.404851  0.329874  0.400405  0.516960  0.571334  0.693788  0.129662  0.309188  0.869981  0.575742  0.301039  0.121165  0.412543  0.534479  0.621895  0.633242  0.312600  0.587181  0.300810  0.476616  0.859352  0.051729  0.605192  0.641792  0.117190  0.106332  0.191838  0.719133  0.616813  0.723982  0.237571  0.153653  0.160197  0.676954  0.745664  0.725785  0.525926  0.384989  0.559159  0.548775  0.679647  0.853579  0.806667
  1.438500  0.707037  0.435286  0.645220  0.803458  0.613834  0.040070  0.451780  0.569938  0.432643  0.278680  0.758210  0.820500  0.862774  0.877288  0.891078  0.063559  0.212807  0.347131  0.435627  0.295987  0.364118  0.296901  0.640818  0.645507  0.741198  0.689908  0.453983  0.672697  0.647048  0.539100  0.709057  0.581934  0.704679  0.640643  0.846511  0.863922  0.564673  0.890278  0.215600  0.126301  0.809230  0.791869  0.594720  0.791363  0.263334  0.367506  0.390645  0.413059  0.519590  0.623944  0.522936  0.113476  0.449956  0.197852  0.498482  0.236807  0.244385  0.771667  0.661852  0.720766  0.802170  0.176947  0.426429  0.447636  0.102748  0.792185  0.657852  0.598565  0.699124  0.541476  0.013568  0.958610  0.841544  0.906116  0.400442  0.281770  0.061122  0.509451  0.222166  0.394428  0.661937  0.209070  0.246093  0.894030  0.427668  0.726597  0.354608  0.612654  0.108877  0.061353  0.332742  0.807688  0.404698  0.332298  0.397814  0.522040  0.562965  0.698715  0.128753  0.317131  0.872396  0.579236  0.304255  0.120953  0.430073  0.545270  0.627211  0.640005  0.299028  0.569649  0.303438  0.473342  0.860998  0.051085  0.622583  0.656117  0.117169  0.108844  0.191982  0.718120  0.612571  0.725950  0.239503  0.157460  0.164302  0.681938  0.778304  0.736425  0.531978  0.386136  0.559567  0.550461  0.677654  0.854123  0.808415
  1.443500  0.688596  0.439294  0.656342  0.792865  0.620929  0.040972  0.455260  0.576101  0.433883  0.280886  0.762713  0.817360  0.860293  0.874092  0.897142  0.065658  0.216012  0.353997  0.433941  0.296920  0.368266  0.298200  0.653088  0.679887  0.748416  0.713864  0.470347  0.699829  0.650911  0.586047  0.710030  0.581756  0.705422  0.649068  0.848663  0.872981  0.568858  0.897138  0.217185  0.126055  0.808549  0.788303  0.598586  0.792969  0.269147  0.374386  0.395579  0.410406  0.532472  0.626069  0.525807  0.113874  0.452033  0.202208  0.501108  0.233989  0.241816  0.777768  0.678405  0.734219  0.828317  0.179007  0.404331  0.442662  0.103715  0.799119  0.658639  0.598832  0.685915  0.540869  0.013207  0.957608  0.843733  0.905800  0.365678  0.247694  0.060127  0.514104  0.223242  0.394843  0.666455  0.202110  0.252138  0.892357  0.425050  0.728107  0.362981  0.617699  0.110084  0.061510  0.331202  0.810645  0.410166  0.341732  0.416955  0.531927  0.587138  0.698017  0.128318  0.323103  0.870657  0.579319  0.304637  0.120214  0.426008  0.554575  0.639167  0.643715  0.281422  0.553677  0.302623  0.480248  0.860390  0.051975  0.639167  0.672857  0.119635  0.108109  0.191979  0.718087  0.591081  0.710716  0.239064  0.160782  0.164099  0.688500  0.796003  0.740866  0.528246  0.389233  0.561615  0.554585  0.674725  0.854463  0.810400
  1.448500  0.675422  0.442000  0.661159  0.778194  0.626698  0.039022  0.457981  0.577869  0.436810  0.282104  0.764394  0.818290  0.861987  0.876369  0.890809  0.065549  0.220711  0.352504  0.436220  0.298400  0.369138  0.302969  0.637802  0.720412  0.756979  0.746353  0.443554  0.747256  0.654305  0.620885  0.708497  0.585282  0.707017  0.652864  0.847031  0.880232  0.568923  0.894071  0.220079  0.129140  0.811665  0.789062  0.597072  0.798780  0.273033  0.373820  0.395884  0.412319  0.536351  0.627331  0.530017  0.114029  0.452985  0.202844  0.505594  0.244112  0.235883  0.774684  0.694223  0.743191  0.853653  0.179601  0.385111  0.437015  0.102641  0.811489  0.660010  0.598593  0.673846  0.539129  0.013490  0.961236  0.840437  0.905774  0.330743  0.223589  0.058689  0.519669  0.225651  0.397607  0.673493  0.213832  0.250606  0.892978  0.426665  0.729409  0.368342  0.619261  0.108672  0.062442  0.331577  0.811292  0.416258  0.342676  0.409141  0.539438  0.575485  0.700788  0.124066  0.325207  0.873669  0.582315  0.305978  0.120130  0.426343  0.553784  0.638500  0.641950  0.269445  0.535312  0.302106  0.480708  0.859667  0.051726  0.651211  0.687176  0.119682  0.113598  0.193423  0.717655  0.568241  0.692105  0.238054  0.160904  0.165200  0.681976  0.803278  0.743596  0.532914  0.389550  0.566689  0.557214  0.679044  0.857882  0.809216
  1.453500  0.649067  0.441144  0.661993  0.760167  0.628960  0.040613  0.460710  0.583973  0.440452  0.284300  0.766025  0.821711  0.861262  0.878534  0.893192  0.063628  0.219911  0.351967  0.439087  0.302498  0.373770  0.305338  0.611055  0.740028  0.765401  0.776987  0.407439  0.788537  0.655841  0.644893  0.707157  0.586852  0.710616  0.653461  0.848578  0.885866  0.572836  0.888806  0.220541  0.131464  0.809322  0.792622  0.600960  0.792277  0.277226  0.382196  0.402173  0.419970  0.531206  0.632362  0.530160  0.113222  0.454354  0.205507  0.505374  0.255319  0.232051  0.774447  0.717828  0.742689  0.860384  0.181246  0.370763  0.430613  0.103045  0.813263  0.660078  0.598409  0.661402  0.547460  0.013695  0.960825  0.843573  0.904970  0.298923  0.209037  0.058657  0.526522  0.227381  0.401652  0.682039  0.209758  0.258066  0.892707  0.429868  0.727105  0.366738  0.620346  0.109375  0.061755  0.329938  0.810925  0.416251  0.351140  0.413977  0.532568  0.587050  0.710817  0.124757  0.330639  0.869452  0.580675  0.307481  0.119898  0.432546  0.549276  0.644530  0.646346  0.262207  0.514673  0.304712  0.484031  0.858116  0.051655  0.656425  0.694758  0.120642  0.111613  0.193417  0.720348  0.547724  0.673784  0.239856  0.163958  0.167797  0.682308  0.818683  0.747082  0.533261  0.392725  0.565992  0.560224  0.676920  0.859230  0.805670
  1.458500  0.608522  0.440125  0.664752  0.746182  0.628638  0.040550  0.463992  0.587468  0.442519  0.287640  0.765275  0.821948  0.862772  0.880895  0.896674  0.068899  0.220269  0.356272  0.441493  0.303067  0.375261  0.306186  0.592141  0.735830  0.767250  0.778937  0.385298  0.793717  0.658729  0.650003  0.709223  0.592944  0.714950  0.660386  0.861723  0.889194  0.574781  0.892440  0.224331  0.134553  0.811652  0.789552  0.603769  0.797432  0.281141  0.388295  0.409544  0.424981  0.532861  0.631660  0.535997  0.112923  0.457376  0.206817  0.507541  0.274905  0.222460  0.777702  0.730169  0.739994  0.842844  0.181071  0.362683  0.426321  0.105033  0.812618  0.660729  0.598314  0.653960  0.552306  0.014381  0.953260  0.844786  0.903583  0.278112  0.220859  0.057381  0.533112  0.229226  0.404634  0.688023  0.216486  0.258712  0.892608  0.440509  0.731920  0.368600  0.622366  0.108559  0.059315  0.331216  0.812126  0.419428  0.351336  0.423074  0.540852  0.584803  0.710208  0.125384  0.335647  0.868668  0.580618  0.309667  0.120082  0.438912  0.548298  0.640831  0.645917  0.265929  0.495553  0.302244  0.486560  0.858824  0.050036  0.656541  0.697725  0.122604  0.112293  0.194349  0.720513  0.493149  0.639239  0.239376  0.163216  0.166455  0.685412  0.831725  0.750205  0.535886  0.396328  0.568994  0.562779  0.675904  0.858617  0.794997
  1.463500  0.620345  0.430083  0.666707  0.748357  0.626092  0.040460  0.468423  0.588043  0.447304  0.287163  0.769187  0.820440  0.861177  0.879393  0.895860  0.064159  0.221243  0.356944  0.442296  0.305074  0.377344  0.309099  0.590938  0.726670  0.767092  0.771977  0.381569  0.783225  0.658816  0.624436  0.711507  0.593698  0.714727  0.660455  0.864848  0.892988  0.575584  0.893308  0.225123  0.131443  0.811580  0.792368  0.602937  0.797083  0.285132  0.385023  0.408928  0.421108  0.534997  0.636433  0.539230  0.112636  0.458230  0.205991  0.512366  0.280466  0.213547  0.775255  0.740008  0.717965  0.785544  0.185331  0.357381  0.418123  0.103192  0.820002  0.664791  0.597112  0.645218  0.553629  0.013837  0.957950  0.844760  0.904835  0.277502  0.240518  0.058431  0.537024  0.230233  0.407481  0.696200  0.217053  0.268044  0.894167  0.434105  0.730736  0.369060  0.623255  0.107898  0.060903  0.327950  0.813983  0.422394  0.354029  0.427379  0.551267  0.599258  0.721782  0.123148  0.340634  0.868393  0.581169  0.310431  0.119231  0.446561  0.549903  0.632616  0.641978  0.273924  0.475675  0.306342  0.492363  0.854773  0.052178  0.653885  0.697267  0.123412  0.111507  0.193561  0.720557  0.376577  0.542055  0.240420  0.163904  0.167285  0.682160  0.838982  0.750466  0.535424  0.396770  0.571818  0.562887  0.678568  0.861683  0.791709
  1.468500  0.670102  0.417675  0.667993  0.753292  0.630234  0.040967  0.472663  0.593612  0.450968  0.289647  0.770181  0.819804  0.861170  0.880785  0.892788  0.064741  0.222037  0.361561  0.443747  0.302831  0.379611  0.310069  0.576567  0.713419  0.764978  0.764882  0.356430  0.765545  0.661162  0.608826  0.711726  0.595565  0.717698  0.661458  0.869699  0.895491  0.577515  0.897162  0.226551  0.135254  0.809308  0.794563  0.606101  0.795414  0.289076  0.394567  0.417504  0.425696  0.541199  0.632127  0.543294  0.113795  0.464331  0.210032  0.511614  0.286156  0.201058  0.778818  0.736489  0.725603  0.785794  0.186043  0.355267  0.414676  0.104187  0.819834  0.660710  0.597226  0.641054  0.558641  0.013609  0.960891  0.844747  0.905900  0.295516  0.265781  0.058417  0.544107  0.232873  0.411979  0.703305  0.223451  0.263682  0.895319  0.440896  0.730983  0.377838  0.625864  0.109480  0.062435  0.329175  0.813934  0.422611  0.356794  0.437164  0.552303  0.600179  0.719232  0.122202  0.348411  0.869959  0.581574  0.312049  0.120554  0.455013  0.551666  0.641228  0.645961  0.278399  0.457859  0.302285  0.492298  0.855117  0.051610  0.664256  0.702819  0.126342  0.113265  0.195222  0.717875  0.202764  0.368860  0.240644  0.165899  0.168589  0.681049  0.841995  0.751861  0.538209  0.400335  0.571750  0.564473  0.680381  0.862845  0.790613
  1.473500  0.695922  0.405379  0.673787  0.756121  0.634597  0.041683  0.475785  0.595108  0.455630  0.292264  0.770740  0.820980  0.862033  0.883703  0.896634  0.063295  0.226156  0.360499  0.449182  0.306757  0.381042  0.310425  0.512042  0.694101  0.761176  0.751689  0.266079  0.747597  0.660929  0.650627  0.711281  0.595826  0.720276  0.668115  0.876824  0.895120  0.580419  0.896315  0.229591  0.136819  0.809222  0.793676  0.604263  0.796571  0.293670  0.399938  0.420062  0.427347  0.544086  0.635784  0.545919  0.114041  0.461919  0.212777  0.515070  0.292909  0.188631  0.779356  0.725330  0.750975  0.871631  0.186401  0.354431  0.409209  0.103692  0.820886  0.659893  0.595828  0.637313  0.558867  0.013661  0.957986  0.845769  0.907632  0.321919  0.285488  0.059157  0.545560  0.234905  0.415269  0.710922  0.222188  0.265350  0.893670  0.442827  0.735958  0.387698  0.627482  0.107679  0.058940  0.327864  0.813577  0.428016  0.370070  0.436817  0.561114  0.608011  0.721472  0.120660  0.355787  0.872814  0.581886  0.312451  0.121538  0.460789  0.557381  0.636148  0.642978  0.280376  0.443300  0.305978  0.493002  0.854433  0.050992  0.674940  0.712671  0.127323  0.115237  0.196020  0.719009  0.182740  0.340843  0.241073  0.165876  0.169721  0.679557  0.845519  0.754723  0.538049  0.400070  0.574656  0.565121  0.677676  0.864102  0.796925
  1.478500  0.712264  0.392507  0.678113  0.754514  0.639262  0.040926  0.478453  0.596642  0.460893  0.293328  0.773830  0.820662  0.859517  0.877768  0.890297  0.066606  0.224015  0.363675  0.447269  0.306421  0.380321  0.311818  0.422940  0.668137  0.757351  0.734808  0.202597  0.727135  0.664559  0.691466  0.713039  0.595799  0.718628  0.664280  0.878133  0.897633  0.581897  0.894114  0.229602  0.138685  0.811543  0.793301  0.606225  0.796468  0.295810  0.400016  0.416188  0.424001  0.543107  0.638227  0.547229  0.114606  0.462667  0.211310  0.514792  0.298556  0.173941  0.779567  0.723975  0.757969  0.897830  0.188334  0.354994  0.404353  0.104267  0.818300  0.660750  0.595886  0.637994  0.559947  0.014210  0.962440  0.845913  0.908019  0.348473  0.304115  0.059796  0.549061  0.238339  0.417998  0.714358  0.223584  0.268010  0.894324  0.446714  0.732347  0.395670  0.628258  0.109000  0.059615  0.328517  0.812537  0.424775  0.364585  0.438810  0.563003  0.605339  0.732349  0.121113  0.366475  0.870897  0.582664  0.312267  0.121118  0.464789  0.553827  0.644769  0.640862  0.277612  0.430880  0.305743  0.494982  0.851310  0.051851  0.689649  0.724155  0.126038  0.115616  0.194382  0.719156  0.362431  0.526852  0.241492  0.166992  0.172197  0.674179  0.850026  0.753999  0.539826  0.402370  0.575637  0.567310  0.684723  0.864880  0.805402
  1.483500  0.722718  0.381705  0.678033  0.749576  0.641882  0.041343  0.483644  0.598733  0.462636  0.293483  0.773359  0.819809  0.862679  0.879736  0.892818  0.066108  0.227229  0.364615  0.449508  0.306434  0.381905  0.313203  0.521923  0.636800  0.748512  0.732019  0.324332  0.725696  0.667059  0.720434  0.709750  0.596699  0.720196  0.669056  0.875894  0.898561  0.581056  0.895017  0.231122  0.139118  0.812217  0.796727  0.607768  0.799821  0.299530  0.404461  0.426083  0.430898  0.542279  0.634582  0.548285  0.115003  0.467209  0.213645  0.519637  0.300305  0.163091  0.782005  0.745648  0.760408  0.907417  0.190783  0.355865  0.396079  0.103921  0.825988  0.661156  0.598451  0.638967  0.565687  0.013586  0.962642  0.842626  0.905657  0.364977  0.313083  0.059259  0.550823  0.241408  0.422764  0.719457  0.223943  0.269550  0.896789  0.450158  0.730716  0.403090  0.631295  0.109297  0.061345  0.329906  0.809816  0.426997  0.371573  0.448068  0.561176  0.609871  0.733607  0.118288  0.374203  0.871517  0.585376  0.313466  0.120951  0.465209  0.563447  0.647664  0.644666  0.277424  0.424174  0.307100  0.503055  0.850253  0.051901  0.701083  0.736738  0.129040  0.115662  0.194695  0.720674  0.521801  0.660220  0.243278  0.169266  0.173469  0.673999  0.849850  0.754916  0.537145  0.404437  0.579518  0.572222  0.683603  0.862113  0.813817
  1.488500  0.733004  0.369886  0.681233  0.749222  0.643939  0.038997  0.485249  0.604088  0.464259  0.298558  0.776195  0.822884  0.868372  0.884955  0.898720  0.065066  0.226201  0.365624  0.449136  0.311480  0.384988  0.315610  0.620738  0.620546  0.741345  0.712679  0.429859  0.694274  0.669954  0.743583  0.712359  0.600282  0.719676  0.670275  0.880091  0.900202  0.583672  0.894038  0.234626  0.137391  0.810453  0.797859  0.614048  0.799819  0.301438  0.405922  0.413840  0.436411  0.539712  0.642922  0.548190  0.114184  0.470047  0.214606  0.520257  0.306157  0.152005  0.780618  0.757120  0.765063  0.918002  0.191948  0.357199  0.392163  0.104089  0.825140  0.659662  0.596349  0.642237  0.566511  0.012697  0.960371  0.845428  0.907984  0.378121  0.322011  0.058206  0.550424  0.243346  0.424018  0.720704  0.233360  0.274953  0.896162  0.448061  0.737571  0.414629  0.634468  0.107813  0.062164  0.327415  0.811180  0.432656  0.377344  0.454250  0.571203  0.613161  0.735665  0.117312  0.381745  0.874552  0.583995  0.313688  0.120453  0.464687  0.568928  0.649020  0.642649  0.278006  0.422567  0.306645  0.501366  0.847089  0.053427  0.713731  0.747790  0.129497  0.118036  0.196571  0.721730  0.613153  0.725157  0.241124  0.169044  0.172899  0.678563  0.851230  0.755004  0.539714  0.408727  0.580987  0.576474  0.682890  0.864368  0.817164
  1.493500  0.737452  0.354590  0.681071  0.748750  0.643867  0.039556  0.487921  0.605325  0.467889  0.300066  0.776245  0.824711  0.869035  0.884705  0.896732  0.064384  0.227348  0.367368  0.449261  0.312559  0.385638  0.317149  0.650771  0.620088  0.740903  0.668510  0.468041  0.634314  0.670218  0.763330  0.713755  0.602671  0.722572  0.673396  0.879931  0.899826  0.584493  0.897911  0.238223  0.142898  0.810547  0.794574  0.616442  0.797822  0.305023  0.409729  0.424193  0.429469  0.545911  0.646069  0.553478  0.113506  0.467657  0.213482  0.522871  0.305306  0.147457  0.781185  0.765350  0.763147  0.925621  0.193038  0.356973  0.384838  0.103492  0.831898  0.658442  0.593479  0.641882  0.572467  0.014231  0.965045  0.845475  0.909960  0.384818  0.328277  0.057399  0.553792  0.244365  0.426816  0.719321  0.234612  0.279915  0.893268  0.453122  0.742036  0.419016  0.634569  0.108286  0.058693  0.328278  0.811280  0.436416  0.370521  0.451848  0.571019  0.616049  0.732309  0.113706  0.390833  0.872130  0.583361  0.313355  0.120018  0.459807  0.572565  0.660715  0.647888  0.277965  0.418055  0.309000  0.507102  0.846107  0.051554  0.723030  0.756782  0.131337  0.117693  0.194832  0.719252  0.658117  0.758676  0.243682  0.169739  0.174803  0.672170  0.852998  0.755664  0.541252  0.410645  0.582423  0.577013  0.681211  0.866720  0.819232
  1.498500  0.735472  0.341279  0.679487  0.746290  0.642291  0.039596  0.489607  0.606678  0.472454  0.300816  0.780145  0.820067  0.869040  0.884072  0.900331  0.064703  0.230609  0.369205  0.449673  0.312069  0.386199  0.316295  0.661656  0.654658  0.743333  0.664819  0.482119  0.644233  0.675520  0.778716  0.711936  0.605098  0.727270  0.673732  0.876540  0.901573  0.587737  0.897727  0.236218  0.144152  0.812202  0.797934  0.616948  0.798400  0.309933  0.404475  0.437908  0.435898  0.549531  0.645078  0.554693  0.114324  0.470590  0.218034  0.527894  0.307384  0.145645  0.783720  0.773966  0.766841  0.921416  0.195295  0.359817  0.378914  0.104092  0.838278  0.658205  0.595593  0.640355  0.577632  0.014304  0.960517  0.846219  0.910191  0.392646  0.336259  0.060211  0.552462  0.245999  0.428108  0.720784  0.239781  0.281434  0.894865  0.465403  0.737282  0.427834  0.637038  0.109712  0.060616  0.328880  0.813330  0.439324  0.382827  0.453436  0.582141  0.619775  0.744461  0.112365  0.398974  0.873532  0.584498  0.314769  0.119115  0.457919  0.581593  0.662159  0.656861  0.278042  0.413850  0.307147  0.505812  0.848036  0.050686  0.732952  0.764952  0.136896  0.115260  0.196581  0.716253  0.688945  0.777224  0.244032  0.170940  0.177223  0.675461  0.853160  0.756107  0.538041  0.410385  0.584663  0.577583  0.684056  0.868181  0.819559
  1.503500  0.732076  0.321043  0.677888  0.746835  0.644512  0.040165  0.494557  0.612564  0.475406  0.301680  0.780245  0.820126  0.863984  0.885766  0.898263  0.067018  0.228532  0.367433  0.450958  0.313679  0.386912  0.316343  0.669256  0.705317  0.759985  0.735337  0.507127  0.744806  0.676561  0.788479  0.712876  0.604868  0.724597  0.677741  0.878967  0.900596  0.588053  0.902483  0.240975  0.145434  0.811155  0.795086  0.619937  0.799443  0.312471  0.416416  0.430287  0.436675  0.545091  0.648396  0.554743  0.114461  0.472647  0.217906  0.525795  0.307798  0.145412  0.779450  0.785964  0.764204  0.920707  0.196846  0.360547  0.369675  0.103581  0.839370  0.654006  0.593313  0.637857  0.582815  0.013463  0.959125  0.846703  0.908506  0.397787  0.335845  0.054734  0.553175  0.247922  0.430874  0.718969  0.240285  0.281535  0.896436  0.460311  0.738288  0.438060  0.637214  0.107764  0.060561  0.329790  0.813186  0.445417  0.391319  0.468707  0.581138  0.622205  0.745314  0.114187  0.404456  0.875723  0.583777  0.314394  0.120551  0.454126  0.593276  0.668200  0.656701  0.276430  0.411182  0.306004  0.504855  0.841864  0.051267  0.733267  0.771102  0.137344  0.120726  0.196306  0.717158  0.715627  0.796302  0.243995  0.171994  0.176791  0.670108  0.854923  0.757867  0.542569  0.412043  0.585986  0.578110  0.683781  0.868927  0.823460
  1.508500  0.728853  0.300105  0.675788  0.746295  0.644505  0.040081  0.494723  0.613381  0.475997  0.303341  0.778292  0.820854  0.864563  0.885803  0.895447  0.066728  0.227252  0.366161  0.452401  0.309770  0.389029  0.317944  0.698242  0.740848  0.768676  0.773858  0.539371  0.786638  0.676886  0.799496  0.713769  0.606144  0.727284  0.674761  0.878640  0.900936  0.589337  0.897425  0.241067  0.146474  0.810359  0.794902  0.618635  0.798287  0.312387  0.414817  0.440493  0.437306  0.561132  0.643621  0.557296  0.114233  0.474260  0.217139  0.525591  0.307290  0.157035  0.780896  0.792859  0.764079  0.929354  0.196391  0.363833  0.367788  0.103434  0.840088  0.651606  0.592520  0.640801  0.578500  0.013563  0.961996  0.845840  0.911659  0.402827  0.331303  0.056333  0.555616  0.251011  0.431850  0.718429  0.235724  0.281795  0.895562  0.455333  0.737754  0.437823  0.639962  0.108790  0.060840  0.330309  0.810871  0.443151  0.384862  0.463163  0.580616  0.624228  0.750239  0.108693  0.408567  0.868875  0.585735  0.315660  0.120891  0.450082  0.590631  0.672484  0.653546  0.272340  0.409541  0.308067  0.511520  0.840558  0.051615  0.738130  0.777865  0.139741  0.118264  0.196728  0.708622  0.737076  0.812082  0.244199  0.173437  0.177953  0.664188  0.858298  0.757631  0.540661  0.414575  0.585048  0.579020  0.680977  0.871695  0.823800
  1.513500  0.722438  0.281070  0.673120  0.748832  0.644431  0.043311  0.496904  0.612731  0.475519  0.306435  0.783097  0.827029  0.866213  0.884795  0.897538  0.066528  0.228977  0.365643  0.448975  0.313572  0.384345  0.317514  0.714186  0.759571  0.778569  0.784422  0.563388  0.798346  0.675830  0.804501  0.717570  0.600972  0.723448  0.679481  0.876178  0.901932  0.586670  0.901210  0.243606  0.147367  0.810386  0.797040  0.622698  0.803056  0.316171  0.416369  0.437684  0.430761  0.553276  0.645459  0.560025  0.111948  0.472596  0.220891  0.528920  0.303763  0.172971  0.781960  0.799766  0.760869  0.933604  0.197299  0.363994  0.359255  0.102765  0.839426  0.651627  0.591768  0.639515  0.581628  0.013772  0.958981  0.847313  0.912461  0.401136  0.325418  0.056484  0.558171  0.251608  0.432564  0.717174  0.234282  0.291213  0.896870  0.463007  0.736833  0.446324  0.641561  0.106573  0.059218  0.327996  0.810795  0.446960  0.383122  0.456631  0.581878  0.628061  0.747114  0.111763  0.417066  0.871360  0.584152  0.314994  0.118693  0.443366  0.599003  0.672695  0.653475  0.275015  0.404021  0.308211  0.516157  0.836921  0.050494  0.746568  0.780377  0.141475  0.119850  0.197114  0.716281  0.749715  0.815136  0.247619  0.173738  0.178864  0.659368  0.854809  0.758424  0.538816  0.416613  0.586073  0.580986  0.683085  0.872999  0.822292
  1.518500  0.717396  0.259129  0.667895  0.751246  0.640937  0.042687  0.499472  0.614647  0.479941  0.307616  0.783950  0.821592  0.867046  0.889367  0.896820  0.067704  0.222812  0.366759  0.451867  0.315786  0.388933  0.318454  0.724783  0.776107  0.785700  0.786852  0.574870  0.804702  0.680536  0.815598  0.716429  0.605153  0.728352  0.680845  0.881086  0.900347  0.586475  0.898017  0.246590  0.149987  0.814887  0.798383  0.625211  0.799286  0.318482  0.426555  0.436024  0.444218  0.565675  0.643702  0.562536  0.113834  0.477533  0.223173  0.530397  0.302353  0.184915  0.786377  0.801965  0.769802  0.935431  0.198027  0.366990  0.355479  0.104089  0.841128  0.645638  0.590132  0.640357  0.583531  0.014155  0.961263  0.846281  0.912053  0.396266  0.324055  0.057467  0.559163  0.253636  0.433183  0.716217  0.239635  0.289711  0.896229  0.466251  0.738565  0.449658  0.643811  0.109115  0.059259  0.330260  0.811689  0.452371  0.388406  0.463975  0.588163  0.633141  0.753687  0.104641  0.422082  0.867040  0.586016  0.314845  0.121224  0.437540  0.600272  0.674385  0.654628  0.273592  0.403338  0.307619  0.514099  0.831076  0.050881  0.747586  0.786149  0.142936  0.122091  0.196911  0.707064  0.761553  0.829831  0.248059  0.173862  0.180142  0.655941  0.856989  0.759713  0.542587  0.418613  0.587395  0.585553  0.685848  0.872005  0.821574
  1.523500  0.718768  0.239125  0.664169  0.755545  0.639989  0.045439  0.500375  0.620121  0.480972  0.310682  0.782830  0.824864  0.866215  0.889362  0.898988  0.065864  0.225112  0.366407  0.446629  0.311214  0.388777  0.322858  0.733353  0.787568  0.793710  0.794285  0.584207  0.814304  0.682607  0.823993  0.716214  0.611840  0.728459  0.682426  0.878543  0.903174  0.590661  0.898869  0.248580  0.154621  0.817361  0.804351  0.620733  0.801399  0.321848  0.421363  0.437447  0.444392  0.551949  0.653931  0.565636  0.112475  0.479284  0.223934  0.532374  0.296728  0.194558  0.783445  0.804784  0.767611  0.942412  0.201681  0.368337  0.349913  0.104591  0.845766  0.646034  0.588678  0.642133  0.588461  0.014390  0.956155  0.848484  0.913451  0.395522  0.326630  0.056852  0.563404  0.255215  0.434367  0.714765  0.239787  0.293337  0.899395  0.477472  0.733502  0.456442  0.646551  0.107333  0.060930  0.331392  0.815564  0.454449  0.395502  0.474365  0.595264  0.637391  0.748969  0.111304  0.428081  0.876630  0.585192  0.315922  0.120927  0.432697  0.598736  0.673670  0.650550  0.274139  0.403497  0.309108  0.514874  0.827598  0.051228  0.757559  0.792281  0.142832  0.121815  0.197567  0.706076  0.779515  0.839451  0.247928  0.177861  0.182392  0.653555  0.858268  0.759452  0.545737  0.421960  0.594279  0.584323  0.685106  0.873864  0.822714
  1.528500  0.719776  0.223452  0.662480  0.754164  0.639255  0.046291  0.504298  0.623855  0.485286  0.312443  0.783393  0.822754  0.867872  0.890936  0.899752  0.066892  0.223531  0.369767  0.448471  0.314941  0.386849  0.320084  0.734652  0.807208  0.794347  0.802121  0.590157  0.832395  0.682800  0.830050  0.715670  0.607989  0.727560  0.682671  0.878814  0.904779  0.594398  0.901878  0.249546  0.152024  0.812666  0.804502  0.627091  0.798382  0.324632  0.433724  0.444487  0.441386  0.552485  0.646253  0.566124  0.114060  0.480796  0.226151  0.532093  0.295013  0.207341  0.785173  0.803245  0.766383  0.943239  0.203408  0.368595  0.344988  0.103585  0.839217  0.641942  0.588023  0.638057  0.591643  0.013631  0.961262  0.849388  0.914088  0.392593  0.335244  0.058934  0.562925  0.259176  0.436195  0.715826  0.246370  0.292798  0.897254  0.474679  0.740049  0.455043  0.646038  0.109584  0.060404  0.328167  0.813443  0.452243  0.392222  0.467291  0.596633  0.643517  0.756440  0.106827  0.433726  0.870914  0.587959  0.315788  0.120881  0.423790  0.591616  0.668874  0.654371  0.272576  0.398872  0.306543  0.522556  0.823276  0.051000  0.760089  0.795581  0.144660  0.120828  0.198101  0.702453  0.800294  0.846165  0.247827  0.176849  0.180474  0.647571  0.859757  0.759865  0.543245  0.422130  0.591886  0.587726  0.681732  0.875682  0.821956
  1.534000  0.724084  0.205912  0.656827  0.755317  0.636169  0.043962  0.506285  0.622443  0.484806  0.313561  0.787444  0.825925  0.866880  0.891425  0.903302  0.069177  0.224999  0.367387  0.450891  0.313161  0.387273  0.320065  0.733693  0.818149  0.802776  0.812960  0.594353  0.844254  0.684711  0.837930  0.717024  0.612098  0.731967  0.685666  0.879549  0.904129  0.597644  0.901833  0.252844  0.153058  0.814167  0.802617  0.628946  0.801127  0.327818  0.433280  0.447000  0.441146  0.560145  0.653898  0.568763  0.113951  0.481804  0.226903  0.535012  0.290144  0.223306  0.785542  0.802131  0.767226  0.945819  0.206899  0.370086  0.338228  0.106149  0.835790  0.636938  0.584747  0.640024  0.598380  0.014109  0.959728  0.851742  0.911287  0.399937  0.347130  0.057448  0.563774  0.258642  0.436478  0.716310  0.245498  0.303945  0.898656  0.479288  0.741358  0.462634  0.648213  0.108216  0.060508  0.329259  0.814021  0.457101  0.403644  0.480020  0.595177  0.643105  0.757165  0.104639  0.443224  0.873420  0.586959  0.315286  0.120616  0.416350  0.590786  0.668076  0.654264  0.271181  0.396192  0.306720  0.521721  0.819669  0.051872  0.763933  0.797304  0.145022  0.123233  0.198724  0.701992  0.806825  0.856428  0.249328  0.178017  0.183687  0.641191  0.856000  0.761281  0.540563  0.422967  0.591686  0.585584  0.687859  0.874460  0.822851
  1.540000  0.724823  0.187586  0.653545  0.754036  0.634717  0.043043  0.509856  0.622845  0.488833  0.314115  0.787758  0.821847  0.869207  0.890154  0.902686  0.066613  0.224861  0.366877  0.447871  0.316752  0.386596  0.319885  0.738944  0.830299  0.804747  0.821750  0.592995  0.858701  0.688007  0.840441  0.717044  0.612621  0.734434  0.686746  0.879190  0.903898  0.597879  0.901018  0.256139  0.158175  0.814149  0.803697  0.632155  0.800308  0.331326  0.433623  0.448302  0.444108  0.555887  0.649340  0.570811  0.113406  0.483023  0.227134  0.539179  0.285423  0.235616  0.785269  0.802499  0.768960  0.948400  0.205050  0.370781  0.330559  0.104134  0.838331  0.631066  0.582438  0.637914  0.600274  0.013668  0.957703  0.850926  0.911988  0.413781  0.362195  0.057667  0.567048  0.261080  0.439937  0.717997  0.247081  0.299597  0.897366  0.474560  0.746965  0.464805  0.649694  0.108345  0.059208  0.328696  0.813906  0.466624  0.400162  0.480942  0.600654  0.639949  0.761575  0.102389  0.447894  0.868978  0.588153  0.315572  0.120157  0.405814  0.582692  0.664749  0.649431  0.270759  0.393726  0.307328  0.524059  0.815159  0.050607  0.765131  0.800374  0.145869  0.122119  0.198563  0.697384  0.817724  0.861951  0.250023  0.178545  0.186166  0.631418  0.855806  0.761928  0.547845  0.427765  0.594173  0.586164  0.684586  0.874784  0.823377
  1.546000  0.729226  0.169941  0.651971  0.756801  0.636137  0.044748  0.511284  0.628027  0.490155  0.317897  0.789565  0.823374  0.868520  0.890155  0.902872  0.066796  0.223981  0.367262  0.445779  0.315931  0.386338  0.319525  0.740838  0.836326  0.808880  0.823467  0.598932  0.862782  0.690397  0.846678  0.717131  0.616912  0.733858  0.687162  0.878820  0.906274  0.599495  0.901903  0.255833  0.158160  0.812479  0.802872  0.632118  0.801687  0.334858  0.438572  0.458823  0.444775  0.564543  0.654119  0.573352  0.113037  0.484429  0.227157  0.541511  0.280727  0.249107  0.789123  0.806682  0.768596  0.949251  0.209161  0.367277  0.325136  0.102546  0.840849  0.627212  0.581096  0.637895  0.600140  0.013138  0.965177  0.849871  0.913809  0.432733  0.384946  0.057525  0.570322  0.263165  0.442112  0.720259  0.249479  0.308314  0.897571  0.486918  0.744180  0.466189  0.651766  0.107358  0.059270  0.328177  0.816539  0.466643  0.406099  0.485549  0.604314  0.652021  0.771789  0.103376  0.455662  0.870395  0.588615  0.313258  0.120844  0.398565  0.579412  0.663697  0.653389  0.272604  0.389284  0.307651  0.528121  0.809881  0.051003  0.768140  0.803509  0.148720  0.124157  0.198509  0.695693  0.823218  0.866032  0.249611  0.179109  0.185574  0.623179  0.855044  0.761553  0.547519  0.430120  0.597466  0.586934  0.683570  0.874672  0.823324
  1.552000  0.736795  0.149517  0.649678  0.761614  0.633751  0.043842  0.515493  0.630443  0.495333  0.319258  0.790079  0.826027  0.870950  0.891978  0.901540  0.066191  0.221747  0.364714  0.446355  0.315159  0.386871  0.317917  0.740825  0.839455  0.811536  0.824009  0.599044  0.861285  0.691248  0.853400  0.716321  0.616348  0.733201  0.690885  0.880026  0.905290  0.599156  0.901744  0.259023  0.158772  0.814716  0.805752  0.632161  0.802533  0.338562  0.444986  0.453946  0.446723  0.558267  0.653810  0.574030  0.113371  0.485440  0.231839  0.542052  0.276637  0.261703  0.787459  0.816119  0.768371  0.949338  0.210927  0.365302  0.318977  0.104751  0.838451  0.626267  0.580004  0.637266  0.602098  0.013198  0.964092  0.850657  0.914786  0.451416  0.405478  0.056624  0.573616  0.265543  0.443999  0.722622  0.254173  0.304459  0.900328  0.481832  0.746900  0.473591  0.653886  0.107289  0.058773  0.326134  0.816272  0.470227  0.413992  0.489969  0.608553  0.659113  0.768462  0.101189  0.459135  0.875709  0.589007  0.313457  0.119226  0.393622  0.575730  0.661947  0.652987  0.271394  0.387150  0.307210  0.527073  0.800782  0.049988  0.772760  0.804507  0.148018  0.125101  0.200955  0.692977  0.825470  0.866157  0.251093  0.182224  0.187818  0.612763  0.856581  0.761815  0.544177  0.431586  0.598468  0.590316  0.687241  0.877717  0.822341
  1.558000  0.746550  0.131747  0.652777  0.770268  0.636444  0.044942  0.519122  0.636665  0.497150  0.323948  0.791913  0.823469  0.870031  0.893934  0.902760  0.070396  0.220353  0.364846  0.445842  0.315109  0.387279  0.318143  0.741458  0.846087  0.813324  0.826679  0.598141  0.866855  0.692288  0.856379  0.719351  0.617577  0.738012  0.696306  0.881983  0.908024  0.599466  0.904942  0.263572  0.163784  0.815617  0.810197  0.632838  0.804990  0.341547  0.446322  0.452625  0.446779  0.564160  0.657882  0.577390  0.115248  0.485724  0.233790  0.544132  0.277324  0.274023  0.787102  0.822532  0.768595  0.950279  0.211925  0.368165  0.314532  0.104919  0.837340  0.621456  0.577298  0.637219  0.606085  0.012999  0.958856  0.850807  0.912026  0.473264  0.429320  0.056147  0.575378  0.268959  0.447512  0.728387  0.259700  0.310580  0.901094  0.491539  0.748769  0.476761  0.654712  0.107517  0.059973  0.327934  0.818229  0.470496  0.407591  0.487885  0.612026  0.660257  0.768686  0.099321  0.466864  0.873918  0.589132  0.315936  0.121103  0.392759  0.565256  0.649569  0.653771  0.270488  0.384281  0.306155  0.530052  0.793451  0.051821  0.775811  0.810848  0.150302  0.123291  0.199828  0.695035  0.825525  0.869294  0.250762  0.182290  0.189157  0.604982  0.854598  0.761378  0.543477  0.432342  0.600506  0.592654  0.686990  0.877793  0.821817
  1.564000  0.751329  0.113258  0.658365  0.781135  0.637793  0.045283  0.520730  0.639093  0.500822  0.323626  0.794478  0.828238  0.868518  0.895049  0.906472  0.069088  0.220874  0.366554  0.444580  0.315335  0.387558  0.319020  0.742388  0.851598  0.812855  0.832371  0.596694  0.871620  0.695230  0.860175  0.718984  0.620070  0.738905  0.692670  0.881047  0.908684  0.603949  0.904244  0.263955  0.164534  0.816376  0.804752  0.636099  0.805461  0.345185  0.449005  0.455768  0.450924  0.554928  0.657560  0.578282  0.112930  0.486968  0.234053  0.545796  0.277197  0.282262  0.787780  0.827982  0.770794  0.948516  0.214312  0.370634  0.307138  0.105116  0.838368  0.619623  0.580054  0.636248  0.611042  0.013362  0.955310  0.851675  0.913691  0.492057  0.450676  0.056676  0.580872  0.271295  0.451728  0.730702  0.267045  0.308537  0.899866  0.494610  0.749591  0.473722  0.656893  0.108089  0.058571  0.326457  0.819457  0.473995  0.423507  0.496529  0.618536  0.662130  0.769423  0.098267  0.472904  0.872330  0.590298  0.315669  0.121070  0.391559  0.560320  0.649152  0.650980  0.269314  0.378536  0.307944  0.532723  0.787170  0.051197  0.777740  0.812691  0.153594  0.127624  0.201004  0.702940  0.828026  0.872433  0.251269  0.184169  0.189596  0.606067  0.856691  0.762607  0.547479  0.435513  0.601987  0.591660  0.688033  0.880231  0.819960
  1.570500  0.759331  0.092210  0.663621  0.789019  0.639693  0.045794  0.523549  0.642234  0.505227  0.325082  0.790959  0.826894  0.868427  0.894014  0.903599  0.067314  0.218547  0.365104  0.442795  0.312757  0.383720  0.315153  0.738959  0.854081  0.812664  0.829288  0.597711  0.874296  0.696336  0.861655  0.718274  0.620020  0.736511  0.696235  0.880558  0.908588  0.605459  0.902560  0.268399  0.166405  0.817033  0.810862  0.636056  0.803945  0.348756  0.452944  0.454407  0.454224  0.561063  0.653187  0.582315  0.112925  0.489044  0.236650  0.545860  0.270363  0.290585  0.790468  0.832665  0.762036  0.951036  0.215231  0.371417  0.300384  0.104867  0.838992  0.622108  0.577980  0.635072  0.611173  0.014446  0.954825  0.846209  0.910908  0.514069  0.476937  0.055874  0.582779  0.273767  0.454877  0.735695  0.267234  0.312382  0.899518  0.497910  0.751626  0.476449  0.654724  0.107598  0.058962  0.325677  0.818357  0.478815  0.424247  0.503119  0.622936  0.670186  0.775380  0.094917  0.476631  0.874267  0.591134  0.313424  0.120658  0.392166  0.552929  0.644048  0.651816  0.267649  0.373786  0.307153  0.534011  0.778419  0.050746  0.781320  0.812131  0.155495  0.127758  0.200509  0.704423  0.833813  0.870235  0.250722  0.184511  0.191741  0.582419  0.855880  0.761915  0.546015  0.436726  0.603167  0.593257  0.686866  0.879077  0.818237
  1.577500  0.764973  0.071415  0.672841  0.794385  0.643059  0.047051  0.528182  0.642486  0.507763  0.327083  0.795947  0.827016  0.869190  0.896614  0.904539  0.066659  0.217735  0.362675  0.441374  0.313926  0.383870  0.316690  0.736152  0.855760  0.813873  0.832511  0.595983  0.878146  0.697994  0.865903  0.719695  0.619968  0.738110  0.698473  0.878276  0.909381  0.609094  0.902506  0.270069  0.164913  0.816378  0.806978  0.633607  0.802776  0.352579  0.456268  0.461114  0.451788  0.566723  0.657611  0.582895  0.112506  0.487742  0.238578  0.546206  0.272364  0.297283  0.790758  0.837815  0.765414  0.948508  0.217527  0.370834  0.293280  0.103789  0.838277  0.624133  0.579481  0.634151  0.611582  0.014166  0.957719  0.849536  0.914415  0.535419  0.496488  0.056206  0.586706  0.276665  0.459852  0.741445  0.268732  0.320759  0.899355  0.500615  0.754236  0.480676  0.656691  0.107118  0.059728  0.324597  0.820726  0.481040  0.431397  0.509667  0.631460  0.674527  0.775838  0.094502  0.482314  0.873309  0.591959  0.313015  0.121630  0.394662  0.549350  0.640695  0.649473  0.268744  0.370750  0.307020  0.536122  0.767401  0.051742  0.783793  0.814739  0.155462  0.127722  0.200894  0.710305  0.834635  0.870008  0.251106  0.187600  0.191172  0.568823  0.856246  0.762012  0.546890  0.440315  0.606484  0.593197  0.688038  0.878804  0.818957
  1.584500  0.770727  0.054821  0.678760  0.800663  0.648072  0.045550  0.529332  0.642318  0.512609  0.328557  0.797336  0.826092  0.867521  0.892630  0.903118  0.066904  0.217741  0.363165  0.438882  0.312197  0.381657  0.313669  0.736672  0.857596  0.814017  0.832488  0.592596  0.878053  0.701369  0.870452  0.717723  0.620860  0.736505  0.697564  0.875794  0.909325  0.608716  0.907944  0.271439  0.167663  0.813770  0.808578  0.636224  0.802957  0.356381  0.462820  0.462362  0.452386  0.559923  0.656752  0.585541  0.113304  0.490025  0.239949  0.547210  0.264908  0.303163  0.792302  0.840711  0.768407  0.949335  0.220199  0.368562  0.287090  0.104424  0.834922  0.632969  0.580684  0.633785  0.612672  0.012840  0.958688  0.851508  0.913804  0.553957  0.516695  0.055812  0.591593  0.279157  0.463305  0.747462  0.273281  0.326637  0.899586  0.506475  0.754353  0.481498  0.656894  0.106851  0.058569  0.324639  0.820452  0.485321  0.434723  0.516725  0.628472  0.678168  0.784514  0.094145  0.487414  0.872008  0.591037  0.311255  0.120880  0.394402  0.549215  0.640370  0.651535  0.266173  0.367429  0.309028  0.537320  0.757231  0.050859  0.786436  0.816408  0.157068  0.128639  0.201207  0.715221  0.831923  0.870723  0.252582  0.186574  0.192575  0.553055  0.857093  0.763475  0.548547  0.442759  0.607436  0.594259  0.686941  0.879761  0.816452
  1.591500  0.774462  0.043515  0.683403  0.805237  0.649941  0.045256  0.533588  0.646896  0.517046  0.330686  0.797312  0.827121  0.870718  0.895391  0.904422  0.067566  0.213838  0.358037  0.436277  0.311407  0.380800  0.312513  0.735903  0.859751  0.814655  0.832443  0.591474  0.881288  0.701427  0.876611  0.720819  0.625102  0.739742  0.700603  0.874840  0.909446  0.607684  0.908782  0.274626  0.171516  0.814593  0.810134  0.640491  0.803771  0.360758  0.462350  0.470059  0.453540  0.569632  0.660762  0.588221  0.113647  0.491139  0.243093  0.550318  0.256299  0.307314  0.793197  0.839569  0.770063  0.948412  0.223191  0.365747  0.281370  0.104768  0.835870  0.635421  0.582092  0.631554  0.619849  0.013083  0.959986  0.855871  0.915360  0.573718  0.538498  0.055997  0.594337  0.283102  0.469039  0.755059  0.271463  0.333960  0.899668  0.509980  0.760937  0.481964  0.658342  0.106949  0.058576  0.322413  0.822335  0.489985  0.442986  0.532556  0.640481  0.689395  0.793374  0.092898  0.492719  0.874868  0.591888  0.312192  0.121386  0.393316  0.555407  0.639563  0.652870  0.264203  0.362009  0.307072  0.540140  0.748675  0.049863  0.791722  0.818987  0.159656  0.130356  0.201544  0.720107  0.840693  0.872328  0.253017  0.188358  0.195805  0.541425  0.859061  0.762372  0.545664  0.445196  0.609032  0.596728  0.684699  0.881196  0.815765
  1.598500  0.777223  0.039408  0.688632  0.808778  0.653523  0.045971  0.538089  0.649499  0.519810  0.332209  0.795345  0.827600  0.869932  0.894595  0.901784  0.068172  0.214126  0.359757  0.436255  0.311831  0.380402  0.312107  0.734899  0.861773  0.814448  0.832628  0.591092  0.884607  0.704809  0.874655  0.717773  0.624273  0.738466  0.702402  0.877452  0.909507  0.610540  0.907093  0.278373  0.173582  0.814648  0.809030  0.643443  0.802919  0.363510  0.467147  0.474557  0.455256  0.564382  0.658050  0.588951  0.113213  0.490537  0.242103  0.551399  0.249619  0.312172  0.791878  0.845929  0.766444  0.946667  0.223832  0.361678  0.274925  0.105549  0.830536  0.641307  0.584088  0.630522  0.619111  0.013362  0.961319  0.853891  0.915029  0.593330  0.560898  0.055988  0.595910  0.285688  0.473379  0.761347  0.283014  0.335611  0.900213  0.511786  0.762982  0.485785  0.659430  0.106532  0.058931  0.321784  0.821335  0.492164  0.453061  0.532458  0.649451  0.691894  0.789495  0.091647  0.496812  0.871911  0.592091  0.311328  0.121284  0.389853  0.552216  0.638566  0.651281  0.262588  0.358747  0.307170  0.543595  0.738159  0.050517  0.790410  0.820305  0.160894  0.130560  0.201916  0.724273  0.831900  0.871588  0.254548  0.190792  0.195039  0.530263  0.859153  0.763229  0.548789  0.447645  0.611911  0.596082  0.688582  0.882887  0.815748
  1.605500  0.776442  0.039321  0.691570  0.812128  0.652547  0.045576  0.540734  0.650887  0.524775  0.335145  0.798800  0.825328  0.869612  0.897910  0.904277  0.067494  0.211209  0.358109  0.435896  0.310957  0.378779  0.310773  0.733574  0.861986  0.814793  0.834785  0.587585  0.884458  0.705014  0.875990  0.721283  0.626995  0.741414  0.702438  0.874196  0.907719  0.613154  0.905276  0.280241  0.176238  0.814500  0.812486  0.642497  0.801484  0.365369  0.474742  0.466251  0.455387  0.564213  0.652496  0.592746  0.113205  0.492402  0.244133  0.551822  0.245812  0.312256  0.793214  0.850307  0.765704  0.946554  0.226415  0.357476  0.270181  0.104727  0.829711  0.641493  0.585709  0.628310  0.623119  0.013025  0.961878  0.854536  0.915950  0.609761  0.578421  0.056438  0.600859  0.289654  0.478164  0.767265  0.287493  0.334419  0.901023  0.513634  0.763836  0.485518  0.658822  0.106891  0.059248  0.319929  0.820911  0.493886  0.454383  0.532259  0.653318  0.690932  0.792271  0.090698  0.498252  0.873434  0.593007  0.309668  0.121601  0.382954  0.557822  0.645010  0.647292  0.259750  0.354118  0.306617  0.546431  0.729591  0.050928  0.790446  0.821557  0.161745  0.131444  0.204256  0.724448  0.832990  0.868987  0.254951  0.191463  0.196614  0.515436  0.859757  0.764508  0.547547  0.450753  0.611123  0.596694  0.685558  0.884553  0.812348
  1.612500  0.776455  0.041030  0.691073  0.815075  0.654055  0.048952  0.543555  0.653162  0.527289  0.338134  0.798811  0.826629  0.868727  0.895322  0.906025  0.068131  0.210034  0.357043  0.434270  0.309618  0.378356  0.309526  0.732802  0.863952  0.814434  0.836164  0.585053  0.884372  0.707171  0.879224  0.720028  0.628305  0.743545  0.702829  0.876500  0.910609  0.616587  0.905289  0.283512  0.178047  0.815761  0.814157  0.642790  0.795769  0.369517  0.466782  0.474454  0.460115  0.574733  0.656564  0.592904  0.112323  0.492387  0.247046  0.553690  0.240511  0.309705  0.792979  0.849531  0.766707  0.945607  0.229510  0.353557  0.262528  0.104824  0.823166  0.645401  0.585226  0.627739  0.624706  0.013167  0.957318  0.854839  0.914649  0.624704  0.594464  0.057028  0.604406  0.292120  0.483367  0.772819  0.286134  0.336273  0.900160  0.521762  0.766611  0.486487  0.660412  0.106759  0.059222  0.318458  0.821546  0.496217  0.456462  0.539206  0.659486  0.699945  0.798946  0.087712  0.501491  0.872283  0.593078  0.309723  0.120637  0.375152  0.564961  0.647066  0.651541  0.260619  0.352399  0.306156  0.546507  0.718583  0.050206  0.794744  0.823870  0.164353  0.130735  0.203449  0.725746  0.826345  0.868904  0.255561  0.193349  0.197533  0.505591  0.857168  0.765151  0.548126  0.452047  0.612522  0.599646  0.689014  0.884719  0.808643
  1.619500  0.776215  0.045829  0.692484  0.814193  0.655815  0.044518  0.547310  0.654025  0.532122  0.337360  0.801255  0.825901  0.870252  0.896372  0.902839  0.066963  0.208403  0.357449  0.434121  0.310430  0.377218  0.307751  0.733098  0.867069  0.813943  0.836175  0.587521  0.887438  0.708833  0.882745  0.721594  0.629867  0.743859  0.705451  0.876327  0.908658  0.617673  0.908173  0.286961  0.180918  0.814959  0.811737  0.645386  0.799319  0.373993  0.471243  0.474993  0.462186  0.572975  0.662814  0.594701  0.111377  0.493749  0.249505  0.554896  0.234219  0.314386  0.792505  0.852733  0.767839  0.943736  0.230635  0.348190  0.258400  0.104695  0.823493  0.646191  0.585162  0.623167  0.629220  0.013871  0.960301  0.858501  0.914172  0.638233  0.606977  0.053757  0.607302  0.294998  0.487354  0.778516  0.294126  0.344901  0.899578  0.520645  0.767784  0.490920  0.661915  0.105774  0.057955  0.318384  0.822982  0.503132  0.464381  0.553854  0.662814  0.704622  0.808276  0.087923  0.507598  0.873596  0.591910  0.308702  0.120504  0.366450  0.570322  0.653482  0.649640  0.255028  0.348655  0.305826  0.551695  0.708691  0.049568  0.797663  0.823490  0.165967  0.132214  0.203378  0.731880  0.824767  0.867073  0.256152  0.193775  0.197560  0.492965  0.858214  0.764591  0.551255  0.455584  0.615604  0.597946  0.686672  0.884603  0.807531
  1.626500  0.776232  0.053745  0.694066  0.812769  0.654715  0.048279  0.550210  0.651574  0.535405  0.339756  0.799437  0.824530  0.870273  0.889730  0.903908  0.067998  0.208331  0.355173  0.430670  0.308770  0.374139  0.305639  0.731878  0.867635  0.813467  0.837039  0.582238  0.888898  0.711510  0.883679  0.721982  0.631934  0.739932  0.706690  0.873709  0.909617  0.615086  0.904243  0.289721  0.183555  0.817175  0.810627  0.644180  0.798915  0.377167  0.477282  0.482306  0.461205  0.578676  0.667464  0.596735  0.112281  0.495855  0.247752  0.554743  0.225723  0.316727  0.793405  0.853674  0.767396  0.943569  0.232018  0.345229  0.251907  0.104622  0.817434  0.644805  0.585256  0.622885  0.627975  0.013397  0.958370  0.858285  0.913957  0.649091  0.623345  0.055132  0.609678  0.299265  0.492429  0.784757  0.290114  0.350768  0.901196  0.526426  0.765251  0.490559  0.659356  0.107153  0.058506  0.317852  0.824269  0.506400  0.469609  0.554378  0.662622  0.710762  0.803934  0.089158  0.508949  0.869155  0.593419  0.309451  0.120999  0.358867  0.575661  0.661892  0.652209  0.252061  0.344588  0.305927  0.551836  0.701352  0.050260  0.795256  0.825961  0.166573  0.132675  0.204268  0.730816  0.825981  0.868529  0.256714  0.194531  0.199796  0.489502  0.854065  0.763189  0.545389  0.457092  0.616037  0.599568  0.684874  0.886132  0.805489
  1.633500  0.778740  0.062842  0.692927  0.814878  0.655450  0.048251  0.551792  0.655763  0.538602  0.342684  0.802639  0.830106  0.867541  0.896927  0.904954  0.067067  0.206914  0.357679  0.433054  0.307768  0.373548  0.304723  0.730981  0.867629  0.811989  0.837743  0.582139  0.887256  0.711720  0.884036  0.719396  0.633992  0.745071  0.703931  0.872571  0.908749  0.620153  0.905527  0.292846  0.184973  0.816052  0.809409  0.642941  0.798237  0.380569  0.477973  0.477791  0.460247  0.573732  0.665654  0.598334  0.112107  0.494439  0.250426  0.552095  0.222891  0.316389  0.794082  0.857073  0.765616  0.940805  0.235834  0.342350  0.246268  0.105346  0.817369  0.645168  0.584726  0.618387  0.633715  0.014006  0.956302  0.862106  0.913204  0.660101  0.636311  0.055286  0.611845  0.302841  0.496818  0.789146  0.301623  0.363940  0.900470  0.529873  0.765737  0.493928  0.660365  0.106348  0.057148  0.315546  0.821924  0.509676  0.470024  0.561032  0.672872  0.715361  0.802074  0.087494  0.510768  0.868411  0.592577  0.307608  0.120172  0.350709  0.583601  0.661634  0.654598  0.248243  0.341656  0.306682  0.557736  0.693504  0.049551  0.797049  0.827221  0.168827  0.133363  0.205058  0.730603  0.824115  0.868543  0.257673  0.195262  0.201458  0.469404  0.856450  0.763706  0.549853  0.458658  0.617510  0.600726  0.685642  0.886048  0.803252
  1.640500  0.783610  0.071254  0.695425  0.818254  0.658209  0.047263  0.556473  0.657110  0.542590  0.343095  0.804254  0.825135  0.869839  0.897794  0.902046  0.066547  0.206046  0.355188  0.429033  0.306852  0.373118  0.303525  0.728025  0.866024  0.812075  0.837751  0.576999  0.887808  0.715979  0.884519  0.722388  0.631898  0.744005  0.709804  0.875151  0.909632  0.619514  0.903914  0.294283  0.185225  0.816013  0.817766  0.645114  0.798407  0.383051  0.484460  0.479797  0.457942  0.575902  0.666887  0.600325  0.112883  0.492515  0.255280  0.555525  0.221547  0.319575  0.792160  0.856293  0.766925  0.940657  0.237292  0.339574  0.244034  0.105301  0.815601  0.644457  0.584379  0.614431  0.633654  0.013367  0.958404  0.860196  0.911074  0.669582  0.647490  0.055179  0.615810  0.305094  0.500911  0.794734  0.295815  0.358544  0.899275  0.536491  0.767480  0.498892  0.661267  0.107483  0.059012  0.313701  0.823662  0.511954  0.480894  0.572519  0.682067  0.720747  0.814932  0.087647  0.515243  0.868243  0.595703  0.308203  0.122095  0.343512  0.587515  0.668442  0.652165  0.245436  0.339497  0.306706  0.557352  0.682552  0.049961  0.802039  0.828603  0.171345  0.134615  0.205088  0.734101  0.819978  0.863377  0.257093  0.196935  0.200799  0.458700  0.854495  0.763403  0.549088  0.462138  0.618812  0.601749  0.685409  0.883168  0.800469
  1.647500  0.786743  0.081232  0.696939  0.822379  0.660499  0.048712  0.559760  0.657703  0.546758  0.346149  0.802725  0.828788  0.868882  0.897096  0.903927  0.066046  0.205690  0.354540  0.429766  0.305619  0.372723  0.304050  0.726457  0.867124  0.810781  0.837414  0.574431  0.885162  0.715847  0.884001  0.721457  0.632925  0.743043  0.706182  0.871805  0.911008  0.623326  0.906028  0.297044  0.189963  0.817560  0.810650  0.643909  0.792537  0.386367  0.485839  0.486936  0.467463  0.578088  0.665218  0.601113  0.112560  0.492687  0.254503  0.555198  0.217100  0.326228  0.793386  0.857296  0.767432  0.937918  0.238805  0.337102  0.237387  0.106121  0.806766  0.648288  0.585555  0.612940  0.631725  0.012997  0.956949  0.862973  0.911558  0.679867  0.657189  0.054635  0.617484  0.308117  0.505804  0.799412  0.306370  0.365705  0.899818  0.540604  0.768795  0.495659  0.662104  0.107056  0.058642  0.313358  0.824986  0.514203  0.489039  0.574523  0.683777  0.726565  0.814151  0.085721  0.516202  0.869555  0.594317  0.307546  0.120060  0.337774  0.593357  0.676555  0.650224  0.241107  0.335419  0.302316  0.556886  0.672377  0.049834  0.801443  0.829503  0.173178  0.133516  0.206467  0.736997  0.813225  0.857466  0.259714  0.199443  0.201492  0.448412  0.852956  0.763027  0.548468  0.463894  0.621775  0.603141  0.686776  0.886147  0.798679
  1.654500  0.789743  0.086016  0.698348  0.826112  0.660483  0.050751  0.560998  0.657237  0.549700  0.346592  0.802328  0.826834  0.871909  0.893293  0.901303  0.065175  0.207336  0.350336  0.428138  0.306877  0.370868  0.302550  0.726026  0.864801  0.808196  0.836066  0.568031  0.884142  0.720118  0.886437  0.723221  0.636408  0.742937  0.708458  0.870735  0.907697  0.624715  0.906629  0.299540  0.192890  0.817278  0.815981  0.645892  0.791206  0.391129  0.485128  0.481277  0.466420  0.582888  0.669276  0.602646  0.111849  0.493652  0.254075  0.553603  0.202466  0.326193  0.797379  0.859631  0.768777  0.936847  0.243023  0.333724  0.233316  0.105905  0.804266  0.651737  0.588125  0.611809  0.636961  0.012416  0.953366  0.865253  0.911530  0.688012  0.668350  0.054281  0.618899  0.311891  0.510188  0.803886  0.308226  0.371871  0.898578  0.546389  0.766784  0.496225  0.661214  0.107534  0.059755  0.314217  0.824663  0.519867  0.493749  0.574451  0.693853  0.728243  0.820041  0.083142  0.519140  0.872773  0.595237  0.306661  0.121538  0.334205  0.605173  0.676612  0.656620  0.238142  0.332514  0.305815  0.557373  0.665756  0.049616  0.800967  0.830073  0.173409  0.134864  0.205080  0.735374  0.803265  0.856436  0.259404  0.201316  0.204156  0.438174  0.853125  0.764117  0.550596  0.465640  0.624471  0.604068  0.689816  0.886424  0.795656
  1.661500  0.792735  0.085605  0.701761  0.825829  0.660934  0.048615  0.564371  0.657629  0.553066  0.349753  0.803822  0.824827  0.870097  0.897018  0.906250  0.067846  0.206874  0.349450  0.428386  0.302734  0.370869  0.302088  0.723280  0.863151  0.805896  0.835100  0.561015  0.882505  0.719403  0.881791  0.722347  0.637498  0.744039  0.709567  0.869690  0.908982  0.627804  0.908053  0.304058  0.196563  0.818710  0.813689  0.645253  0.793714  0.392090  0.490523  0.485501  0.466234  0.573342  0.661458  0.602482  0.112278  0.496331  0.258201  0.556407  0.199333  0.329171  0.795907  0.855296  0.765826  0.933247  0.243618  0.332015  0.229915  0.104864  0.799240  0.654209  0.586117  0.606558  0.641283  0.013828  0.956971  0.862342  0.909804  0.694358  0.673615  0.053157  0.621231  0.314912  0.514162  0.807050  0.315845  0.376110  0.898692  0.544945  0.768319  0.499792  0.661640  0.107120  0.058253  0.313773  0.825347  0.524499  0.492715  0.581652  0.697891  0.731128  0.818787  0.084637  0.521217  0.865903  0.593948  0.306631  0.122300  0.332111  0.603566  0.683098  0.654609  0.235053  0.328546  0.303510  0.564878  0.655607  0.050436  0.799611  0.831190  0.173914  0.137587  0.206957  0.740291  0.797324  0.849958  0.258099  0.201783  0.207273  0.427463  0.851832  0.762808  0.548960  0.469320  0.623361  0.605234  0.689515  0.886999  0.793771
  1.668500  0.791735  0.081630  0.701305  0.825161  0.662673  0.048325  0.566056  0.659298  0.554075  0.350787  0.806340  0.827537  0.868324  0.895845  0.898615  0.067043  0.205665  0.352075  0.428332  0.303330  0.369339  0.300099  0.713990  0.855546  0.805958  0.835077  0.555230  0.878988  0.718226  0.885328  0.722603  0.638824  0.744439  0.712047  0.866949  0.907158  0.628207  0.907767  0.308807  0.195960  0.818562  0.816266  0.645656  0.795804  0.396410  0.495421  0.492490  0.460799  0.581517  0.667339  0.607111  0.112767  0.493677  0.259431  0.556146  0.190698  0.327750  0.796398  0.849481  0.766625  0.932177  0.247756  0.328367  0.226007  0.104784  0.797182  0.656138  0.586161  0.606583  0.641594  0.013358  0.953963  0.866002  0.911879  0.697652  0.676529  0.055664  0.621544  0.317879  0.516873  0.810839  0.320480  0.376260  0.898892  0.553765  0.772320  0.501558  0.662543  0.105829  0.058306  0.311336  0.822363  0.523411  0.504122  0.593882  0.699854  0.741528  0.820755  0.083559  0.523869  0.871772  0.596043  0.305119  0.120832  0.330957  0.611834  0.684375  0.657264  0.230801  0.325165  0.307618  0.566649  0.645892  0.049482  0.804269  0.830106  0.177233  0.137178  0.206771  0.741216  0.783086  0.843153  0.258812  0.202432  0.204644  0.418546  0.849576  0.762989  0.550658  0.470048  0.625057  0.603146  0.682973  0.885521  0.790183
  1.676000  0.789793  0.077060  0.699714  0.827624  0.660053  0.049399  0.567715  0.659700  0.556497  0.352105  0.804044  0.827809  0.869078  0.897210  0.901290  0.067302  0.203944  0.352494  0.426681  0.303160  0.370206  0.300007  0.709221  0.850006  0.801990  0.830512  0.545705  0.875609  0.719816  0.876448  0.721298  0.640246  0.745683  0.711702  0.869019  0.906250  0.629303  0.904415  0.306355  0.200504  0.816064  0.810592  0.647015  0.790614  0.397896  0.492238  0.488041  0.470067  0.575357  0.660667  0.608345  0.112051  0.493438  0.262922  0.554885  0.186316  0.324181  0.795670  0.846434  0.761760  0.929361  0.247807  0.325660  0.220528  0.105454  0.791050  0.652946  0.587523  0.601120  0.644233  0.013065  0.957165  0.860938  0.909638  0.700648  0.675993  0.054256  0.623461  0.320158  0.520192  0.812459  0.317879  0.385579  0.898575  0.551088  0.772483  0.502765  0.660645  0.105500  0.057820  0.306815  0.823764  0.527362  0.502092  0.589317  0.707655  0.742144  0.817873  0.080822  0.522425  0.867416  0.595264  0.303958  0.121173  0.331515  0.614682  0.688495  0.650813  0.226401  0.318031  0.304161  0.570930  0.638694  0.049703  0.801085  0.830166  0.178057  0.138932  0.206531  0.743340  0.768556  0.833272  0.258076  0.202999  0.204921  0.407949  0.848758  0.761928  0.550758  0.471399  0.627072  0.604068  0.686292  0.883964  0.786847
  1.684000  0.791341  0.083318  0.702744  0.827491  0.661136  0.052454  0.569599  0.664034  0.560076  0.354828  0.803589  0.826452  0.868029  0.893735  0.901600  0.066915  0.205787  0.351282  0.421981  0.303163  0.368494  0.297703  0.702648  0.845921  0.801142  0.830258  0.540386  0.870586  0.722122  0.876871  0.724277  0.638795  0.747156  0.711643  0.867639  0.909636  0.632040  0.904202  0.313892  0.201835  0.819190  0.816533  0.644902  0.789186  0.402044  0.495491  0.494760  0.468335  0.579521  0.673791  0.608319  0.111815  0.495145  0.261801  0.556100  0.178515  0.323119  0.800548  0.842560  0.766050  0.927539  0.250534  0.320192  0.217765  0.105713  0.785740  0.654602  0.585948  0.598481  0.644625  0.012508  0.951806  0.867270  0.909660  0.698083  0.670337  0.053808  0.625393  0.324693  0.524156  0.815186  0.323866  0.390614  0.899097  0.556296  0.774917  0.500451  0.659915  0.107497  0.056887  0.307494  0.822375  0.528458  0.514693  0.596162  0.708537  0.753432  0.822375  0.082548  0.522346  0.867270  0.595690  0.305038  0.121173  0.332753  0.625879  0.697382  0.657058  0.222783  0.313485  0.302306  0.567080  0.630704  0.048226  0.802808  0.828989  0.183249  0.135816  0.205959  0.741109  0.744338  0.818486  0.257590  0.205610  0.205712  0.396163  0.847412  0.760391  0.547276  0.474638  0.626885  0.604140  0.684013  0.882539  0.782131
  1.692000  0.795906  0.099026  0.704225  0.830781  0.663810  0.051826  0.575725  0.657367  0.563285  0.354733  0.810201  0.824328  0.872858  0.887641  0.899968  0.068666  0.208239  0.350991  0.423385  0.300399  0.365158  0.296443  0.699042  0.840642  0.801186  0.829890  0.526719  0.868001  0.724578  0.870148  0.725033  0.640473  0.743774  0.712880  0.861241  0.907893  0.629159  0.905126  0.315350  0.204365  0.817596  0.815851  0.642865  0.783803  0.407027  0.494874  0.493044  0.468978  0.570643  0.673406  0.614548  0.112442  0.493276  0.266250  0.554668  0.176953  0.321133  0.800459  0.839685  0.769947  0.925677  0.253202  0.322940  0.213641  0.105452  0.780101  0.658433  0.586769  0.596342  0.644705  0.012901  0.946513  0.870331  0.911846  0.694847  0.657225  0.055256  0.633137  0.328570  0.529855  0.818596  0.323846  0.397144  0.897290  0.564603  0.769991  0.503113  0.661170  0.105752  0.057737  0.306637  0.822588  0.535028  0.521503  0.607337  0.714493  0.756587  0.831623  0.079942  0.520207  0.870605  0.598787  0.303718  0.121057  0.334230  0.625731  0.693721  0.664164  0.222763  0.311249  0.302620  0.570088  0.621253  0.049583  0.802249  0.829843  0.187757  0.140135  0.207941  0.736976  0.714881  0.798885  0.257703  0.206973  0.208309  0.392846  0.843741  0.760463  0.546095  0.478510  0.632118  0.609581  0.687117  0.884284  0.780695
  1.700000  0.795200  0.113317  0.704134  0.833243  0.664119  0.054341  0.577248  0.667533  0.567659  0.357122  0.808510  0.830826  0.871068  0.897873  0.899725  0.066055  0.207611  0.351130  0.427331  0.299650  0.372425  0.301316  0.693003  0.837999  0.798079  0.828115  0.520389  0.861411  0.726631  0.869903  0.726814  0.643806  0.746396  0.715305  0.872874  0.907086  0.639084  0.904883  0.319070  0.207893  0.822315  0.817481  0.649547  0.784706  0.408695  0.499201  0.495183  0.466323  0.580027  0.671355  0.614973  0.111824  0.493222  0.269654  0.551434  0.173912  0.317876  0.801790  0.833482  0.763962  0.922098  0.256907  0.323023  0.207649  0.106790  0.768631  0.659992  0.590414  0.598443  0.652787  0.012980  0.950218  0.864606  0.910525  0.684852  0.637493  0.054901  0.629217  0.332996  0.533966  0.819956  0.326316  0.401936  0.898494  0.560208  0.770932  0.501109  0.662863  0.106928  0.057696  0.307729  0.824282  0.535537  0.523860  0.603681  0.717567  0.758939  0.836477  0.082109  0.518823  0.867163  0.598868  0.305451  0.122135  0.337193  0.625782  0.702315  0.656560  0.219602  0.304955  0.301084  0.571949  0.610185  0.051020  0.801133  0.825482  0.185127  0.140028  0.207629  0.736562  0.692432  0.784664  0.260039  0.210351  0.209764  0.375110  0.845646  0.760373  0.550291  0.481972  0.634364  0.609901  0.681149  0.885250  0.776531
  1.708000  0.792922  0.129254  0.705425  0.832298  0.664894  0.052523  0.581632  0.663344  0.570583  0.359433  0.809214  0.827604  0.871986  0.897486  0.907079  0.067457  0.209003  0.351236  0.426873  0.297920  0.371898  0.299673  0.689769  0.826538  0.795900  0.819911  0.511439  0.850537  0.729161  0.861159  0.728941  0.643363  0.750454  0.717770  0.864740  0.908700  0.636537  0.906215  0.322602  0.213336  0.821429  0.818089  0.650834  0.791915  0.412356  0.502922  0.494956  0.465927  0.581218  0.671510  0.613267  0.111782  0.492566  0.273263  0.557762  0.166846  0.306145  0.798360  0.825688  0.765190  0.918352  0.260802  0.322778  0.207039  0.106333  0.763880  0.656826  0.589900  0.592548  0.650926  0.012716  0.948020  0.863540  0.907909  0.666392  0.606792  0.054048  0.631614  0.336738  0.537885  0.821141  0.326643  0.400085  0.902709  0.565925  0.769640  0.498629  0.660593  0.106595  0.056975  0.303938  0.825353  0.545679  0.530120  0.616016  0.723798  0.758322  0.837258  0.079459  0.526822  0.864822  0.598606  0.305151  0.121378  0.341915  0.633781  0.708963  0.660979  0.215689  0.304062  0.304569  0.574549  0.605500  0.049437  0.797607  0.824534  0.179924  0.140442  0.209617  0.745506  0.663523  0.766342  0.260368  0.212087  0.211318  0.364057  0.840507  0.760781  0.547432  0.483769  0.635304  0.609193  0.679895  0.887145  0.770851
  1.716000  0.786502  0.146164  0.703142  0.829538  0.663338  0.051565  0.581214  0.662296  0.572339  0.360721  0.809277  0.831938  0.871788  0.891939  0.902489  0.065487  0.209843  0.351848  0.429215  0.303447  0.369617  0.297894  0.676510  0.806981  0.788040  0.808711  0.499727  0.835097  0.730278  0.852050  0.722591  0.647621  0.751827  0.719220  0.862325  0.907532  0.638089  0.905448  0.326246  0.215344  0.817864  0.818983  0.646140  0.779797  0.412034  0.507042  0.499818  0.468179  0.590619  0.672368  0.613478  0.112529  0.493008  0.273161  0.554574  0.159725  0.298571  0.798441  0.814138  0.764815  0.916668  0.262162  0.321332  0.203214  0.104383  0.760250  0.655357  0.588523  0.592848  0.649379  0.012931  0.939859  0.862383  0.900796  0.643361  0.572405  0.055412  0.633427  0.338564  0.539797  0.817561  0.345465  0.404993  0.899391  0.572240  0.773389  0.494363  0.659620  0.105984  0.057596  0.302393  0.821243  0.547356  0.537583  0.620886  0.725038  0.760791  0.835133  0.077515  0.520677  0.865492  0.600148  0.302779  0.121978  0.343875  0.643746  0.712053  0.651885  0.215511  0.298240  0.302947  0.575823  0.591872  0.050199  0.791699  0.821057  0.182892  0.143784  0.209868  0.747909  0.637086  0.744525  0.258518  0.209806  0.209984  0.353051  0.839272  0.758991  0.553133  0.487141  0.634650  0.601884  0.679259  0.883100  0.766533
  1.724000  0.781409  0.159940  0.701619  0.828906  0.662493  0.052688  0.582565  0.662037  0.574126  0.360563  0.804986  0.828078  0.871678  0.896176  0.902389  0.069068  0.207635  0.353480  0.430717  0.299702  0.367203  0.298219  0.659609  0.782370  0.779390  0.790542  0.474530  0.805474  0.730181  0.841511  0.723266  0.648055  0.750048  0.718232  0.857141  0.907575  0.638319  0.906241  0.329014  0.213472  0.817100  0.822102  0.648240  0.779013  0.415259  0.503203  0.497523  0.473797  0.585375  0.676250  0.614699  0.110757  0.487851  0.274000  0.554471  0.152461  0.300968  0.799432  0.804057  0.761904  0.907992  0.265755  0.322096  0.197437  0.105309  0.759967  0.654514  0.586316  0.586748  0.652784  0.012222  0.938568  0.861482  0.895753  0.610965  0.528386  0.053676  0.629677  0.341219  0.543902  0.817486  0.347194  0.404175  0.900209  0.573375  0.775176  0.487740  0.659393  0.106985  0.057577  0.299907  0.818384  0.550077  0.548732  0.626232  0.734696  0.777294  0.840046  0.076937  0.519962  0.865879  0.597810  0.301263  0.120923  0.347327  0.644005  0.707764  0.659669  0.211451  0.297177  0.302193  0.578905  0.581008  0.049366  0.789295  0.816319  0.188414  0.138890  0.208266  0.746792  0.626198  0.735172  0.258400  0.213253  0.210656  0.342447  0.833722  0.758617  0.549956  0.489079  0.633710  0.601758  0.679055  0.881517  0.760703
  1.732000  0.773260  0.189394  0.704144  0.827399  0.659830  0.052315  0.585778  0.657794  0.573711  0.363539  0.807926  0.828366  0.872573  0.892353  0.895495  0.062037  0.211523  0.349700  0.429716  0.298881  0.364945  0.300544  0.633203  0.742595  0.766723  0.769318  0.439447  0.775059  0.735351  0.827960  0.725554  0.643803  0.746272  0.721564  0.858073  0.904394  0.641400  0.907110  0.332455  0.216462  0.821186  0.822777  0.647129  0.781342  0.416820  0.510902  0.498535  0.469587  0.581349  0.663981  0.615908  0.110881  0.489345  0.277811  0.552681  0.150305  0.301836  0.797817  0.787323  0.763285  0.902712  0.270521  0.323925  0.197115  0.106897  0.749255  0.658773  0.588857  0.587626  0.651564  0.013276  0.942742  0.862863  0.897189  0.574227  0.477731  0.054535  0.632690  0.344978  0.548836  0.814113  0.338769  0.421400  0.900641  0.574570  0.765213  0.486118  0.657685  0.106073  0.055345  0.299382  0.822191  0.556348  0.540217  0.633933  0.739924  0.775011  0.838679  0.074674  0.516924  0.867719  0.597002  0.303059  0.120884  0.348648  0.641170  0.706212  0.659950  0.210477  0.297346  0.301649  0.578812  0.571824  0.049827  0.782431  0.811494  0.192779  0.140284  0.208383  0.748061  0.626178  0.733894  0.258693  0.211604  0.210448  0.334177  0.826846  0.757283  0.549372  0.491455  0.635993  0.601641  0.680757  0.883528  0.757938
  1.740000  0.763969  0.229773  0.695772  0.824861  0.662346  0.053981  0.589239  0.656799  0.580499  0.365567  0.802187  0.831840  0.874896  0.886851  0.897385  0.066273  0.210972  0.354977  0.429824  0.300275  0.369115  0.302770  0.608462  0.712293  0.752058  0.748504  0.402007  0.739893  0.733910  0.809977  0.730275  0.646325  0.749447  0.724654  0.855711  0.906725  0.643276  0.910097  0.338728  0.218867  0.821836  0.816350  0.653995  0.780467  0.420447  0.510995  0.498243  0.474666  0.584204  0.674752  0.614293  0.110905  0.488196  0.279341  0.550891  0.144668  0.305465  0.802522  0.772663  0.760988  0.901947  0.270910  0.327379  0.190908  0.105294  0.740270  0.660329  0.588182  0.589997  0.652054  0.013192  0.940705  0.864930  0.898682  0.526646  0.430413  0.056403  0.637456  0.348330  0.551002  0.814155  0.354577  0.419713  0.900993  0.584387  0.767928  0.480414  0.659171  0.104542  0.056561  0.298366  0.821485  0.556298  0.548058  0.643377  0.742181  0.778786  0.847958  0.076874  0.508642  0.868783  0.600885  0.302891  0.122209  0.347478  0.651358  0.712182  0.657046  0.211537  0.290303  0.303535  0.579904  0.564319  0.049897  0.778144  0.809405  0.192536  0.142878  0.208898  0.750865  0.633997  0.743313  0.261170  0.216220  0.211701  0.320049  0.821983  0.756342  0.544497  0.492794  0.637782  0.602510  0.681510  0.885227  0.750504
  1.748000  0.755603  0.252169  0.704545  0.827166  0.662221  0.059183  0.589175  0.656061  0.583356  0.369793  0.806174  0.829254  0.873347  0.897726  0.903283  0.067034  0.214964  0.351945  0.431409  0.300359  0.371117  0.303230  0.587649  0.677096  0.737848  0.726715  0.368644  0.710404  0.735668  0.782831  0.730322  0.652759  0.752505  0.724880  0.860958  0.907610  0.644424  0.904543  0.334365  0.224785  0.823515  0.819833  0.653037  0.771344  0.421686  0.512041  0.488081  0.472076  0.585477  0.666229  0.615202  0.111731  0.487484  0.280598  0.550344  0.139579  0.303648  0.804765  0.756288  0.759054  0.901072  0.272162  0.327561  0.190930  0.104492  0.733794  0.657998  0.586482  0.589283  0.657668  0.012479  0.936932  0.863858  0.896310  0.486608  0.398411  0.055780  0.635744  0.349742  0.553949  0.810854  0.349988  0.418211  0.899488  0.588861  0.770380  0.472478  0.657269  0.105257  0.055413  0.296330  0.823597  0.559107  0.556030  0.636965  0.744055  0.785849  0.851329  0.076376  0.510452  0.859468  0.598992  0.303934  0.121329  0.346413  0.639708  0.712870  0.661382  0.209463  0.291257  0.301958  0.579641  0.553845  0.047638  0.767284  0.801845  0.195544  0.142941  0.210311  0.749344  0.646383  0.752053  0.260630  0.218094  0.215464  0.313418  0.818269  0.754330  0.546345  0.497267  0.644715  0.607125  0.681582  0.886694  0.752826
  1.756000  0.744323  0.262648  0.696436  0.825301  0.657685  0.057152  0.592383  0.655216  0.581825  0.369718  0.806330  0.830064  0.872661  0.896577  0.901573  0.064615  0.215067  0.354110  0.433759  0.301843  0.373814  0.303878  0.563354  0.659416  0.727688  0.714226  0.347085  0.688983  0.739608  0.753283  0.728896  0.652911  0.753745  0.721941  0.856891  0.909360  0.646713  0.901608  0.342380  0.228854  0.824328  0.813812  0.649581  0.768037  0.421937  0.508777  0.494685  0.467233  0.580976  0.673398  0.615436  0.110910  0.485216  0.285858  0.547160  0.138011  0.305500  0.803772  0.744997  0.758042  0.884649  0.276716  0.331997  0.189524  0.104484  0.728632  0.662589  0.588053  0.589455  0.658739  0.012344  0.938521  0.861810  0.899069  0.458401  0.381280  0.052927  0.639938  0.354430  0.557166  0.807941  0.355412  0.426879  0.901988  0.587931  0.773727  0.465760  0.655161  0.106991  0.055606  0.295278  0.824045  0.561153  0.552701  0.640822  0.744224  0.785860  0.852843  0.076797  0.499692  0.860438  0.605152  0.304426  0.121727  0.344848  0.639175  0.712105  0.655737  0.210724  0.292814  0.304333  0.582285  0.546063  0.050609  0.756120  0.795422  0.189987  0.146289  0.212332  0.750568  0.651669  0.760713  0.263286  0.220312  0.216322  0.310353  0.814022  0.754366  0.547637  0.498463  0.640701  0.608122  0.680547  0.886078  0.749621
  1.764000  0.731900  0.263235  0.691503  0.820952  0.653895  0.055195  0.591658  0.653056  0.584059  0.370807  0.805483  0.827982  0.872620  0.895228  0.901982  0.066938  0.218218  0.356457  0.437046  0.300109  0.372649  0.304643  0.548381  0.646008  0.722185  0.703622  0.329044  0.686960  0.738602  0.724043  0.729840  0.650408  0.754405  0.727875  0.854332  0.908334  0.644671  0.905457  0.344465  0.232289  0.824346  0.821156  0.649205  0.763645  0.426188  0.512784  0.499024  0.466642  0.584610  0.675609  0.619061  0.111812  0.483731  0.286190  0.543626  0.133380  0.308138  0.802996  0.735374  0.750829  0.870597  0.278683  0.335763  0.187782  0.105614  0.726989  0.657742  0.587612  0.590325  0.653461  0.012629  0.940316  0.864577  0.901053  0.447198  0.380057  0.052947  0.637051  0.356912  0.560215  0.806588  0.363077  0.432426  0.899996  0.593417  0.769579  0.460741  0.653891  0.105596  0.059721  0.293889  0.821629  0.567137  0.564888  0.639925  0.745876  0.785412  0.853478  0.076308  0.500262  0.863110  0.601942  0.304173  0.121027  0.344024  0.641209  0.709458  0.659922  0.209861  0.290181  0.300736  0.583799  0.537050  0.050362  0.753398  0.791810  0.193574  0.145762  0.212937  0.752301  0.651472  0.756472  0.261851  0.218840  0.216192  0.297241  0.806527  0.751984  0.549371  0.503182  0.641771  0.605275  0.683945  0.885642  0.746779
  1.772000  0.729382  0.264217  0.685370  0.817764  0.655130  0.056937  0.591840  0.654945  0.581839  0.371532  0.802694  0.830435  0.870375  0.894414  0.903425  0.067148  0.218738  0.356565  0.436174  0.301665  0.375422  0.305566  0.556223  0.655997  0.723604  0.712047  0.338534  0.698846  0.739481  0.697068  0.728162  0.657352  0.755075  0.730191  0.857443  0.909796  0.651128  0.901594  0.342490  0.235804  0.817316  0.824705  0.651221  0.762254  0.426149  0.510462  0.502847  0.473122  0.585416  0.671563  0.618104  0.111181  0.480773  0.288102  0.546538  0.131764  0.314116  0.802884  0.732660  0.745417  0.851635  0.282754  0.334207  0.185903  0.105707  0.718694  0.658886  0.585476  0.588993  0.658652  0.011317  0.951561  0.874592  0.903203  0.449142  0.388151  0.053313  0.635361  0.359273  0.561373  0.801014  0.365965  0.432204  0.898403  0.596884  0.768823  0.464129  0.653079  0.105176  0.058947  0.290214  0.821342  0.571619  0.560187  0.648995  0.749546  0.785142  0.863033  0.072524  0.498213  0.866886  0.600544  0.302741  0.120658  0.342568  0.630279  0.703582  0.656151  0.208589  0.289056  0.301883  0.585731  0.528641  0.048918  0.744958  0.784577  0.195828  0.145884  0.211917  0.756190  0.643171  0.750648  0.260729  0.220126  0.215930  0.291447  0.796082  0.750243  0.549689  0.503993  0.642506  0.604095  0.686155  0.887967  0.747131
  1.780000  0.739375  0.270525  0.685757  0.816248  0.654856  0.057347  0.595415  0.653448  0.587302  0.372116  0.800797  0.836130  0.872848  0.896011  0.900366  0.066321  0.220013  0.357771  0.439864  0.302918  0.375931  0.306532  0.579868  0.692880  0.739952  0.739856  0.370850  0.731342  0.743191  0.679908  0.731752  0.656494  0.756471  0.724386  0.851999  0.909322  0.650750  0.907237  0.351342  0.238800  0.821984  0.832086  0.648989  0.759413  0.426062  0.520580  0.499099  0.464637  0.579631  0.661900  0.622191  0.111181  0.478474  0.291714  0.542208  0.129744  0.319703  0.806659  0.731230  0.735668  0.836150  0.284559  0.333310  0.185435  0.105471  0.716672  0.657552  0.587023  0.592390  0.657699  0.013322  0.953187  0.873605  0.909110  0.453756  0.397547  0.053521  0.636281  0.363100  0.563650  0.798825  0.369479  0.427982  0.900344  0.601752  0.765551  0.460448  0.653012  0.104752  0.057618  0.289704  0.821180  0.571565  0.568205  0.651571  0.748557  0.780550  0.844354  0.074793  0.490170  0.858797  0.600839  0.303573  0.122029  0.339462  0.630638  0.703674  0.655136  0.207764  0.289910  0.302414  0.588636  0.525406  0.049377  0.736673  0.778109  0.199689  0.146667  0.211999  0.753011  0.634056  0.743286  0.262216  0.223130  0.218826  0.287074  0.785169  0.745291  0.548921  0.510374  0.643083  0.609865  0.680294  0.886248  0.745697
  1.788000  0.755206  0.274438  0.685773  0.815601  0.653223  0.059996  0.595911  0.648794  0.588330  0.377911  0.805825  0.834223  0.877560  0.889235  0.897071  0.071118  0.222735  0.358095  0.440980  0.307941  0.375336  0.307941  0.620481  0.741146  0.760117  0.771963  0.426311  0.781888  0.744129  0.678456  0.731147  0.656256  0.753984  0.723230  0.846272  0.911870  0.652015  0.907957  0.353984  0.240638  0.821101  0.822805  0.651462  0.752377  0.431553  0.517808  0.509164  0.473577  0.585120  0.676617  0.619782  0.111555  0.481169  0.285946  0.535237  0.126869  0.323299  0.805165  0.738989  0.730780  0.812500  0.287273  0.335265  0.182389  0.105515  0.707884  0.662179  0.586753  0.593940  0.660221  0.012536  0.950577  0.878003  0.912387  0.463964  0.402205  0.056835  0.637451  0.369234  0.570116  0.796304  0.375919  0.443139  0.907298  0.602500  0.763295  0.456907  0.654394  0.104411  0.061094  0.288870  0.822754  0.572126  0.571879  0.656295  0.765080  0.792115  0.857588  0.079127  0.490607  0.862002  0.604763  0.305203  0.122574  0.344190  0.630363  0.697584  0.655284  0.211479  0.291884  0.299062  0.588903  0.520934  0.049677  0.733814  0.779077  0.199906  0.147502  0.213176  0.755018  0.630837  0.747494  0.265794  0.223553  0.220804  0.281112  0.766725  0.742219  0.544792  0.509958  0.647037  0.612404  0.683218  0.886842  0.745359
  1.796000  0.766416  0.267639  0.676587  0.810194  0.651843  0.057814  0.594946  0.643694  0.586414  0.377883  0.801880  0.832607  0.872436  0.892733  0.899766  0.067688  0.223454  0.364091  0.446815  0.305887  0.379544  0.310514  0.656176  0.789138  0.766994  0.798766  0.468164  0.821820  0.742013  0.671151  0.731885  0.654090  0.757264  0.727709  0.850815  0.912106  0.656218  0.909219  0.357886  0.244353  0.820101  0.821132  0.653905  0.749932  0.432208  0.516962  0.498525  0.471374  0.583279  0.679223  0.618691  0.111965  0.476948  0.292773  0.538774  0.122394  0.321115  0.804475  0.746737  0.725269  0.796344  0.289300  0.333641  0.182166  0.106002  0.703473  0.657909  0.584251  0.595178  0.663621  0.013000  0.946842  0.876982  0.906539  0.472748  0.412334  0.053868  0.633856  0.369994  0.567106  0.791207  0.381025  0.447434  0.899969  0.599056  0.767628  0.458755  0.650986  0.105405  0.059033  0.286844  0.818511  0.580475  0.581353  0.653907  0.749760  0.791403  0.854418  0.075726  0.486921  0.861114  0.602517  0.304791  0.122094  0.342768  0.622629  0.695917  0.661062  0.208729  0.290570  0.298901  0.586440  0.517800  0.050527  0.724627  0.773279  0.199988  0.147185  0.212279  0.752766  0.627762  0.742222  0.264092  0.226102  0.222071  0.276369  0.743349  0.736620  0.546844  0.512485  0.646598  0.610318  0.678523  0.885246  0.744726
  1.805000  0.770506  0.262601  0.674192  0.804943  0.648380  0.058482  0.594232  0.639780  0.587591  0.377693  0.800806  0.832756  0.872761  0.891628  0.900065  0.068246  0.226545  0.364383  0.446153  0.304028  0.381998  0.310518  0.673711  0.813654  0.772336  0.813462  0.490511  0.845722  0.742624  0.669968  0.727868  0.658924  0.757568  0.729523  0.850186  0.907603  0.656606  0.903249  0.361405  0.245806  0.821208  0.824054  0.650951  0.745831  0.429838  0.513115  0.505611  0.475320  0.582207  0.672073  0.617495  0.110387  0.473957  0.293425  0.533004  0.115640  0.316809  0.805003  0.760219  0.712522  0.768743  0.291653  0.338964  0.179655  0.106060  0.693919  0.660034  0.583244  0.592325  0.660593  0.012928  0.946585  0.869376  0.902580  0.481397  0.427202  0.053525  0.632759  0.371747  0.568745  0.779474  0.374106  0.447042  0.899356  0.602157  0.765356  0.457970  0.651375  0.104337  0.056496  0.285005  0.816842  0.580828  0.568023  0.659627  0.749402  0.787106  0.852080  0.071418  0.487745  0.856839  0.602729  0.304314  0.120347  0.341271  0.608197  0.679577  0.655143  0.210586  0.288371  0.297731  0.589311  0.513693  0.049255  0.720026  0.766912  0.204270  0.148670  0.211131  0.753160  0.659963  0.743863  0.264239  0.226180  0.221264  0.274082  0.734763  0.734930  0.545168  0.512628  0.644794  0.610395  0.681799  0.881182  0.739506
  1.815000  0.770284  0.261354  0.671252  0.798749  0.645531  0.060154  0.593232  0.634144  0.585633  0.377724  0.800026  0.828218  0.872069  0.890758  0.898355  0.067305  0.229409  0.365370  0.447731  0.306448  0.383529  0.311822  0.675780  0.827795  0.773655  0.818354  0.495808  0.853949  0.744738  0.693326  0.727739  0.661926  0.755590  0.726754  0.847308  0.907275  0.658498  0.901748  0.364949  0.249657  0.819706  0.822617  0.652847  0.738735  0.430457  0.518232  0.508347  0.470912  0.578641  0.675935  0.618452  0.110150  0.469859  0.296722  0.528200  0.113655  0.310956  0.804887  0.771608  0.681427  0.695769  0.294812  0.345057  0.179363  0.105581  0.685199  0.655935  0.582435  0.594643  0.660721  0.011660  0.941955  0.867504  0.897669  0.494975  0.447476  0.052964  0.629010  0.374526  0.568559  0.769409  0.386706  0.452973  0.897595  0.608296  0.764298  0.460796  0.648466  0.103968  0.055648  0.284695  0.816243  0.578685  0.577634  0.654884  0.754558  0.794007  0.856429  0.072012  0.487227  0.858809  0.602378  0.305915  0.121409  0.340538  0.591638  0.675295  0.654335  0.210225  0.287587  0.296082  0.590548  0.513179  0.049170  0.715658  0.763857  0.206392  0.147189  0.212137  0.749252  0.660920  0.753140  0.265094  0.227116  0.222396  0.273189  0.740077  0.734422  0.547324  0.516056  0.646777  0.608349  0.673686  0.875786  0.735857
  1.825000  0.767050  0.256623  0.666022  0.789734  0.641101  0.059704  0.591318  0.624461  0.583953  0.380793  0.793653  0.830340  0.872111  0.889121  0.895785  0.068243  0.230276  0.369142  0.450592  0.305279  0.383766  0.313424  0.676990  0.827764  0.773497  0.819104  0.492564  0.853340  0.742061  0.719626  0.729563  0.658472  0.755378  0.729376  0.845157  0.906265  0.657639  0.903183  0.369078  0.252800  0.820606  0.820058  0.650790  0.730198  0.434216  0.518160  0.501921  0.478711  0.582655  0.677608  0.618583  0.110408  0.467786  0.297621  0.526977  0.110634  0.306902  0.801361  0.775845  0.642838  0.606113  0.299722  0.353840  0.179166  0.105759  0.675142  0.658228  0.581493  0.593103  0.661989  0.013093  0.933970  0.863936  0.888949  0.511795  0.463031  0.052862  0.626597  0.377372  0.568122  0.760137  0.393757  0.457885  0.897480  0.608893  0.764541  0.461277  0.649098  0.103561  0.056242  0.281433  0.816383  0.585458  0.579719  0.662837  0.751552  0.795405  0.860266  0.070276  0.482750  0.859716  0.600707  0.306462  0.120849  0.340101  0.583480  0.667241  0.654672  0.213055  0.287932  0.293601  0.590327  0.511934  0.048254  0.719351  0.761402  0.209231  0.147763  0.210737  0.743631  0.667565  0.764259  0.268331  0.228275  0.223115  0.271866  0.730689  0.733884  0.544073  0.518002  0.646052  0.607666  0.670080  0.871804  0.732688
  1.835000  0.764601  0.252388  0.664529  0.773858  0.641073  0.061791  0.590407  0.621369  0.583181  0.380990  0.792957  0.827256  0.874439  0.887739  0.899433  0.067987  0.235102  0.368433  0.451132  0.309216  0.387738  0.317105  0.674046  0.826029  0.773445  0.817473  0.487905  0.848264  0.743725  0.731949  0.728329  0.659597  0.756033  0.731889  0.847085  0.908582  0.662752  0.905615  0.369042  0.254640  0.819763  0.821224  0.650129  0.724661  0.433247  0.519530  0.502712  0.469442  0.578211  0.677199  0.618004  0.110236  0.466916  0.301615  0.524391  0.110682  0.303099  0.803316  0.772803  0.624003  0.581552  0.303273  0.360111  0.176832  0.105509  0.666397  0.645591  0.579828  0.593560  0.664423  0.012025  0.924892  0.853057  0.881155  0.532560  0.490308  0.052460  0.619602  0.379922  0.570633  0.750360  0.387363  0.462313  0.898178  0.608008  0.761787  0.457604  0.647969  0.103318  0.057569  0.281338  0.814819  0.590264  0.578942  0.659833  0.749773  0.793098  0.851047  0.072882  0.481025  0.856348  0.604226  0.308445  0.120911  0.342358  0.582507  0.662484  0.649687  0.214083  0.288050  0.296674  0.593974  0.514317  0.049396  0.714491  0.759497  0.217003  0.147272  0.213808  0.740946  0.678346  0.773596  0.267164  0.231405  0.223255  0.273389  0.735955  0.734286  0.545990  0.518658  0.647760  0.609261  0.666904  0.869229  0.727840
  1.845000  0.753832  0.246388  0.658488  0.744472  0.635325  0.062450  0.587694  0.606558  0.580028  0.384607  0.792233  0.829421  0.872982  0.888315  0.899319  0.067867  0.235858  0.372721  0.452889  0.310398  0.387515  0.320015  0.669061  0.819670  0.767480  0.813230  0.482419  0.841859  0.745449  0.729436  0.731945  0.663158  0.759139  0.732734  0.841619  0.904600  0.660939  0.900681  0.375527  0.258709  0.818996  0.820856  0.649936  0.724336  0.432211  0.522019  0.508392  0.472268  0.577988  0.674472  0.614949  0.110496  0.461338  0.303502  0.521496  0.102810  0.299349  0.804386  0.762274  0.630300  0.589156  0.304999  0.366318  0.178737  0.105208  0.649083  0.655412  0.579038  0.591981  0.662511  0.012722  0.913471  0.847137  0.873038  0.554755  0.510232  0.053662  0.615685  0.382783  0.566526  0.731924  0.391240  0.471353  0.898302  0.616125  0.762560  0.446731  0.645159  0.104060  0.056437  0.278776  0.814455  0.591787  0.574330  0.650328  0.755500  0.786960  0.858020  0.071450  0.469553  0.855459  0.604318  0.310882  0.120340  0.343422  0.588688  0.667064  0.650054  0.216118  0.287992  0.291269  0.593255  0.515960  0.048235  0.710048  0.751337  0.210641  0.146396  0.213410  0.747796  0.683236  0.778031  0.267769  0.232230  0.224101  0.276463  0.748601  0.738936  0.543044  0.522558  0.648874  0.609341  0.662008  0.864094  0.723748
  1.855000  0.748389  0.242097  0.650550  0.730712  0.635668  0.063096  0.584733  0.600683  0.574512  0.385944  0.786244  0.831471  0.874807  0.892684  0.897499  0.067092  0.238210  0.373616  0.457967  0.312228  0.391023  0.322969  0.663704  0.807919  0.763368  0.808303  0.475254  0.835730  0.748081  0.715665  0.731568  0.663520  0.759537  0.735437  0.838981  0.907260  0.663705  0.899452  0.382257  0.263710  0.821617  0.818618  0.652039  0.713528  0.432630  0.517330  0.503913  0.474067  0.582407  0.667564  0.620597  0.111052  0.456797  0.304483  0.516902  0.100008  0.294876  0.801729  0.747599  0.637353  0.622776  0.308956  0.370203  0.176917  0.105356  0.640970  0.654007  0.579737  0.594077  0.663150  0.013050  0.911471  0.837787  0.863343  0.568013  0.513180  0.054234  0.605745  0.384872  0.562619  0.716692  0.391284  0.461746  0.899198  0.617547  0.762223  0.424613  0.644644  0.103872  0.056534  0.277575  0.814180  0.596502  0.562693  0.638905  0.750165  0.778825  0.853942  0.069562  0.447799  0.850291  0.605778  0.310576  0.121713  0.343791  0.607051  0.684084  0.654877  0.216916  0.288620  0.293346  0.594136  0.520616  0.048472  0.692299  0.737552  0.215549  0.148204  0.212694  0.752689  0.685795  0.780048  0.268918  0.235213  0.225836  0.283432  0.777128  0.746234  0.543336  0.526164  0.648413  0.612176  0.653263  0.858059  0.718543
  1.865000  0.741937  0.230961  0.627222  0.737289  0.624532  0.064464  0.578952  0.594824  0.570405  0.385695  0.782296  0.828852  0.872919  0.884372  0.892044  0.069596  0.241758  0.373815  0.459031  0.309764  0.390728  0.322796  0.655180  0.801792  0.753178  0.803714  0.464490  0.824023  0.745636  0.688310  0.732448  0.660980  0.760245  0.732774  0.833908  0.903765  0.665786  0.899860  0.381970  0.266786  0.818807  0.827035  0.647116  0.709071  0.435551  0.523834  0.499107  0.480242  0.580521  0.677412  0.616628  0.111031  0.454096  0.307124  0.511699  0.099034  0.280119  0.805106  0.727135  0.632447  0.616976  0.315308  0.367765  0.178065  0.105901  0.628049  0.647590  0.575781  0.597781  0.658485  0.012459  0.891518  0.822840  0.849913  0.567504  0.498017  0.053801  0.598676  0.385830  0.558575  0.701625  0.393699  0.465223  0.896586  0.619534  0.754977  0.390540  0.636345  0.103126  0.056596  0.272181  0.811412  0.595753  0.562846  0.635194  0.740602  0.770640  0.854618  0.064542  0.404488  0.851138  0.600943  0.311735  0.120640  0.338614  0.616512  0.689409  0.653785  0.214073  0.285969  0.290896  0.585548  0.525307  0.049566  0.666514  0.711523  0.209040  0.148952  0.214693  0.748546  0.685748  0.782622  0.267351  0.236531  0.223465  0.284532  0.784188  0.745046  0.540365  0.527878  0.648075  0.604933  0.655167  0.855294  0.714681
  1.875000  0.736653  0.215824  0.578082  0.759916  0.600076  0.065788  0.575495  0.591960  0.567031  0.387949  0.784381  0.825337  0.870996  0.880272  0.889342  0.068274  0.241947  0.378679  0.462247  0.313620  0.392838  0.326113  0.644161  0.788613  0.737805  0.797161  0.449784  0.812280  0.745688  0.631895  0.730690  0.661496  0.757002  0.731487  0.835851  0.900971  0.667974  0.896498  0.383960  0.271234  0.820327  0.822035  0.645856  0.700828  0.433386  0.514915  0.510060  0.473235  0.578123  0.677057  0.609702  0.110742  0.450740  0.309906  0.499044  0.097713  0.259525  0.800726  0.693664  0.615406  0.583831  0.316772  0.356914  0.176869  0.105854  0.615949  0.648291  0.574053  0.598003  0.650483  0.012397  0.864679  0.808511  0.834060  0.545808  0.459773  0.052996  0.593252  0.387944  0.551402  0.682111  0.396377  0.466731  0.896286  0.620170  0.740622  0.337835  0.616566  0.104658  0.056062  0.260835  0.809565  0.593568  0.555313  0.630247  0.729547  0.764998  0.843229  0.070358  0.318640  0.848543  0.601949  0.312686  0.122391  0.333722  0.615498  0.686309  0.652507  0.206647  0.285826  0.290164  0.582706  0.528431  0.049868  0.608628  0.659856  0.219955  0.149789  0.213054  0.747044  0.684803  0.780792  0.263743  0.236115  0.216665  0.285856  0.782758  0.741778  0.541280  0.529276  0.646276  0.602476  0.666624  0.869253  0.708158
  1.885000  0.724734  0.193098  0.510519  0.765015  0.553823  0.067027  0.562955  0.586053  0.565121  0.388214  0.779431  0.825706  0.866905  0.872999  0.881874  0.067788  0.244522  0.378056  0.463751  0.313901  0.394142  0.324347  0.629004  0.773799  0.710715  0.787529  0.424014  0.800491  0.743850  0.535818  0.730133  0.653908  0.751159  0.728041  0.828904  0.900670  0.667127  0.889295  0.387625  0.272948  0.816889  0.820564  0.637083  0.694091  0.423466  0.508506  0.503208  0.474709  0.577196  0.671279  0.601740  0.109743  0.444594  0.310324  0.494861  0.092775  0.230971  0.795658  0.644405  0.547053  0.486487  0.317599  0.338906  0.178100  0.105182  0.603067  0.636494  0.565647  0.596974  0.634680  0.012970  0.894026  0.831769  0.847676  0.501110  0.396009  0.052226  0.591197  0.388929  0.550338  0.664257  0.402457  0.468132  0.894626  0.612546  0.718156  0.268160  0.582847  0.102398  0.055373  0.247448  0.807516  0.596894  0.552259  0.624785  0.725994  0.757598  0.836610  0.068044  0.243244  0.839624  0.596601  0.311478  0.120169  0.324814  0.602224  0.681601  0.647621  0.193984  0.280499  0.283309  0.567426  0.531264  0.048699  0.508049  0.570927  0.211610  0.149698  0.209678  0.745382  0.683646  0.779594  0.259781  0.235194  0.205463  0.287647  0.774586  0.729504  0.534101  0.530903  0.646730  0.590863  0.674870  0.871899  0.700149
  1.895000  0.709503  0.169325  0.433370  0.756596  0.464810  0.067430  0.554426  0.581567  0.563329  0.390837  0.775097  0.822390  0.862711  0.866768  0.881694  0.068125  0.243339  0.377107  0.464434  0.313698  0.396482  0.328252  0.609991  0.759018  0.678159  0.777670  0.397958  0.784478  0.743105  0.418089  0.731936  0.652159  0.754968  0.724689  0.828852  0.899592  0.667733  0.881014  0.392030  0.276338  0.816161  0.819440  0.633433  0.679085  0.408207  0.495137  0.492941  0.471895  0.573008  0.671377  0.579915  0.108380  0.440824  0.317091  0.476657  0.094546  0.227611  0.789763  0.572266  0.383683  0.268454  0.321642  0.312673  0.179913  0.105774  0.592856  0.626240  0.553946  0.590302  0.626851  0.012766  0.924972  0.855486  0.860111  0.427452  0.312057  0.053974  0.590913  0.392533  0.548992  0.641353  0.402808  0.475097  0.891754  0.618853  0.707689  0.191886  0.546241  0.103660  0.055496  0.230911  0.805318  0.592996  0.551230  0.614094  0.710358  0.750255  0.826845  0.069086  0.172512  0.831695  0.596385  0.311827  0.122554  0.313631  0.583898  0.659939  0.644108  0.170369  0.272265  0.263536  0.542419  0.533989  0.050243  0.378101  0.446531  0.217053  0.150304  0.209716  0.744703  0.680255  0.777626  0.252929  0.233382  0.188474  0.290058  0.766504  0.704539  0.534055  0.528302  0.644157  0.568916  0.666074  0.864824  0.689917
  1.905000  0.695390  0.141938  0.368375  0.738871  0.404134  0.068197  0.543617  0.557086  0.563452  0.389210  0.772734  0.820878  0.852812  0.834465  0.858415  0.069446  0.247343  0.380891  0.462544  0.310982  0.396889  0.329015  0.591576  0.749797  0.636947  0.770559  0.370808  0.774205  0.740309  0.261882  0.732782  0.628160  0.743195  0.716725  0.824386  0.898844  0.665981  0.868797  0.393962  0.280005  0.812927  0.821998  0.601251  0.668461  0.388383  0.486692  0.486783  0.467561  0.573833  0.666283  0.559339  0.110173  0.437507  0.317819  0.464712  0.088283  0.236094  0.781796  0.463064  0.535022  0.464920  0.325041  0.279204  0.181492  0.105934  0.575987  0.609071  0.545829  0.579945  0.568794  0.012537  0.931542  0.863083  0.864492  0.343412  0.245877  0.051014  0.590863  0.397660  0.546442  0.619035  0.408978  0.483946  0.890354  0.625733  0.634818  0.133814  0.509514  0.103884  0.058961  0.218827  0.801275  0.593232  0.533100  0.603857  0.693378  0.727520  0.824273  0.068247  0.138659  0.819330  0.594615  0.310149  0.121828  0.299521  0.564313  0.642210  0.631775  0.142248  0.255315  0.265168  0.513762  0.532511  0.050639  0.292729  0.354220  0.223532  0.149537  0.208797  0.741222  0.681184  0.780496  0.237297  0.226700  0.171329  0.287587  0.753138  0.692931  0.529586  0.527331  0.642530  0.530489  0.660296  0.859587  0.678936
  1.915000  0.683270  0.113851  0.373766  0.719195  0.441786  0.067531  0.540115  0.551948  0.563737  0.391491  0.768420  0.814997  0.851052  0.830292  0.854510  0.069630  0.248805  0.384252  0.464793  0.312618  0.399377  0.333403  0.569744  0.742054  0.605918  0.765144  0.339436  0.765728  0.741736  0.214477  0.727777  0.628103  0.739079  0.701814  0.826395  0.894872  0.668188  0.856424  0.396768  0.285246  0.814001  0.819970  0.592379  0.660217  0.374969  0.470698  0.476544  0.458732  0.567158  0.655123  0.552860  0.108691  0.432220  0.320597  0.459528  0.089060  0.221774  0.777236  0.330675  0.612191  0.580329  0.329754  0.245256  0.183202  0.106083  0.565605  0.603032  0.546469  0.563067  0.547840  0.012926  0.931714  0.861470  0.862430  0.289481  0.208594  0.052115  0.585594  0.399450  0.542872  0.614923  0.406666  0.485039  0.885231  0.629272  0.595905  0.121277  0.494761  0.102364  0.056327  0.210867  0.800196  0.591435  0.530803  0.603604  0.696593  0.725367  0.803192  0.066389  0.144721  0.805476  0.590881  0.310905  0.121403  0.282766  0.562773  0.643887  0.634479  0.120382  0.249997  0.268144  0.499837  0.536030  0.048562  0.291572  0.339731  0.218476  0.151289  0.209082  0.741496  0.674944  0.781718  0.229463  0.226738  0.168295  0.292298  0.740208  0.698306  0.523808  0.524272  0.642112  0.496890  0.655504  0.855883  0.672414
  1.925000  0.666668  0.089016  0.400705  0.687545  0.492403  0.070067  0.543872  0.544276  0.561130  0.392167  0.764464  0.815580  0.850661  0.822519  0.851328  0.069724  0.246929  0.384281  0.467279  0.311844  0.399658  0.332686  0.555554  0.740103  0.589676  0.760384  0.323262  0.765443  0.743009  0.311357  0.731477  0.631977  0.744617  0.701343  0.825020  0.892640  0.671345  0.849883  0.403636  0.286741  0.813811  0.819490  0.594739  0.658970  0.364838  0.456963  0.468135  0.469783  0.570333  0.660535  0.552654  0.108889  0.429078  0.321447  0.462265  0.085685  0.214590  0.773561  0.302945  0.635993  0.613353  0.332145  0.213654  0.184446  0.105226  0.547415  0.606113  0.548202  0.536023  0.534714  0.012237  0.928562  0.863009  0.859456  0.252001  0.178492  0.049363  0.576462  0.401391  0.546036  0.624430  0.405131  0.488648  0.883304  0.630041  0.587885  0.121820  0.493695  0.103339  0.057601  0.209384  0.799121  0.601529  0.532696  0.603759  0.699455  0.728485  0.804767  0.066790  0.153691  0.802295  0.589631  0.311505  0.120771  0.262835  0.575920  0.654766  0.635902  0.106585  0.247392  0.272499  0.503168  0.536170  0.048435  0.345057  0.380019  0.220405  0.148303  0.205738  0.740429  0.675161  0.779227  0.224736  0.227796  0.170702  0.292391  0.729957  0.701615  0.522765  0.528110  0.637443  0.484778  0.657531  0.850989  0.669316
  1.935000  0.655055  0.070671  0.418122  0.666813  0.519280  0.071315  0.542813  0.539915  0.555403  0.394317  0.764778  0.819124  0.854463  0.819383  0.855157  0.070119  0.248887  0.380015  0.469220  0.309853  0.400814  0.333056  0.550531  0.740539  0.587648  0.761790  0.315769  0.763554  0.741464  0.400365  0.730075  0.636352  0.743212  0.697806  0.818366  0.893618  0.667134  0.844787  0.405941  0.291365  0.816907  0.819731  0.596325  0.651411  0.353672  0.457860  0.457769  0.457952  0.565711  0.657356  0.552118  0.108156  0.428986  0.325363  0.459720  0.083717  0.217689  0.773526  0.382935  0.651130  0.639443  0.337467  0.186614  0.185200  0.104491  0.544426  0.601495  0.547623  0.500000  0.515255  0.012493  0.925560  0.861338  0.858174  0.216992  0.149176  0.052887  0.572874  0.405989  0.547823  0.627191  0.414464  0.490637  0.882395  0.627601  0.574879  0.127292  0.498651  0.101627  0.055355  0.208465  0.793577  0.604377  0.527716  0.608009  0.704049  0.725472  0.813730  0.066776  0.166760  0.805856  0.587973  0.310797  0.120291  0.240471  0.573401  0.650764  0.630531  0.094346  0.235194  0.274136  0.510240  0.537201  0.047731  0.395146  0.425613  0.221607  0.150809  0.207601  0.742470  0.672440  0.773680  0.221335  0.231188  0.174892  0.288685  0.724761  0.701939  0.523944  0.529556  0.639892  0.503044  0.652482  0.848650  0.668258
  1.945000  0.643773  0.062592  0.425291  0.660479  0.523911  0.071585  0.545630  0.532608  0.551985  0.394566  0.757771  0.819141  0.851954  0.822625  0.854075  0.068333  0.250211  0.385464  0.468623  0.309613  0.400634  0.334866  0.542366  0.737202  0.593022  0.760367  0.302950  0.760055  0.744945  0.463858  0.734211  0.645485  0.750381  0.700463  0.814669  0.893536  0.669350  0.842149  0.407753  0.292963  0.811209  0.820228  0.602194  0.644843  0.340865  0.444077  0.459004  0.452869  0.558919  0.661307  0.548134  0.108451  0.422407  0.325923  0.454879  0.084678  0.217042  0.774285  0.413980  0.656179  0.640670  0.340773  0.168727  0.188805  0.105764  0.542623  0.597251  0.543898  0.462204  0.511081  0.012658  0.923206  0.854910  0.856539  0.185397  0.122589  0.051603  0.562672  0.405483  0.540946  0.621446  0.412573  0.489501  0.883106  0.625499  0.547989  0.133401  0.505569  0.102810  0.057409  0.212009  0.795344  0.609225  0.523569  0.592896  0.692720  0.722575  0.812233  0.066695  0.177148  0.806189  0.594795  0.311644  0.119200  0.221420  0.565605  0.646746  0.633283  0.090660  0.222313  0.274961  0.515738  0.534790  0.049291  0.426219  0.457532  0.224388  0.152032  0.208287  0.739095  0.670213  0.775314  0.224985  0.232926  0.180924  0.289541  0.717343  0.702639  0.521626  0.533445  0.637344  0.526588  0.651348  0.845761  0.664468
  1.955000  0.624386  0.061141  0.426025  0.650608  0.524869  0.075254  0.541585  0.521770  0.547165  0.393988  0.756785  0.821098  0.851923  0.822725  0.857474  0.070063  0.250394  0.385223  0.468583  0.314524  0.401396  0.336150  0.533427  0.726883  0.596983  0.752748  0.295518  0.749116  0.744983  0.511987  0.733303  0.643344  0.746851  0.696861  0.813668  0.891370  0.667464  0.846203  0.413375  0.297704  0.813442  0.820141  0.602957  0.638887  0.329827  0.439160  0.448400  0.449864  0.556086  0.646663  0.543733  0.108039  0.419278  0.327235  0.451750  0.085238  0.211840  0.775642  0.451532  0.657276  0.638224  0.342179  0.163243  0.192032  0.104783  0.539897  0.589963  0.542065  0.434645  0.509986  0.011391  0.914261  0.846938  0.847933  0.153852  0.097098  0.050981  0.556418  0.403758  0.535475  0.615963  0.411163  0.487833  0.883361  0.626352  0.522278  0.139096  0.514700  0.102252  0.055793  0.211132  0.792564  0.608989  0.516745  0.588932  0.689481  0.719124  0.813269  0.066082  0.187407  0.805401  0.591633  0.312980  0.120822  0.208952  0.561576  0.649499  0.629096  0.094421  0.205199  0.276190  0.525130  0.530384  0.048343  0.447760  0.479386  0.223549  0.151219  0.207615  0.739703  0.668604  0.770164  0.226491  0.236194  0.184240  0.283103  0.713193  0.703437  0.521631  0.534349  0.636277  0.533585  0.648637  0.845530  0.661443
  1.965000  0.599453  0.063001  0.421751  0.637581  0.525451  0.077526  0.541014  0.522277  0.542732  0.399587  0.755182  0.820825  0.852661  0.824787  0.857813  0.068541  0.251410  0.388313  0.470042  0.312429  0.405104  0.337383  0.531890  0.722278  0.602144  0.748131  0.296570  0.744237  0.746528  0.566062  0.732773  0.644168  0.751037  0.705305  0.818108  0.894995  0.676358  0.846325  0.413084  0.300276  0.815850  0.821299  0.604741  0.637834  0.321169  0.431867  0.439210  0.448756  0.557434  0.653354  0.537798  0.107186  0.420035  0.329134  0.455013  0.083959  0.203341  0.776399  0.500218  0.670151  0.646380  0.349532  0.164410  0.194536  0.104173  0.534836  0.581577  0.536979  0.431469  0.524497  0.013103  0.900651  0.838676  0.844200  0.126721  0.080143  0.049617  0.547216  0.405638  0.534341  0.611466  0.419384  0.494008  0.887393  0.630590  0.521250  0.150616  0.525280  0.103557  0.058402  0.212842  0.795201  0.615130  0.514661  0.593324  0.694475  0.728896  0.813158  0.064524  0.197214  0.804806  0.593048  0.312406  0.121191  0.206894  0.551560  0.638209  0.629764  0.096570  0.188044  0.275396  0.531375  0.526731  0.048387  0.468032  0.496167  0.226271  0.152447  0.207260  0.743756  0.664151  0.769558  0.229982  0.238132  0.185722  0.278846  0.716309  0.707702  0.521157  0.536633  0.637524  0.545563  0.650596  0.843912  0.664230
  1.975000  0.565381  0.057624  0.410178  0.620565  0.523263  0.077400  0.540554  0.504119  0.536533  0.398919  0.751448  0.821267  0.859076  0.836716  0.865535  0.070987  0.250900  0.385709  0.468460  0.317692  0.403316  0.336967  0.532494  0.717796  0.606827  0.747510  0.295179  0.737709  0.747594  0.611050  0.735670  0.653515  0.759340  0.712101  0.811974  0.893197  0.677515  0.853182  0.425255  0.306943  0.819518  0.821424  0.611722  0.630315  0.314314  0.429950  0.436726  0.442768  0.557489  0.645017  0.539466  0.109283  0.410191  0.335610  0.452578  0.082301  0.191991  0.782460  0.520613  0.685027  0.680624  0.351578  0.168175  0.202484  0.106513  0.526901  0.566247  0.529964  0.447702  0.538238  0.011879  0.894865  0.832067  0.841876  0.105134  0.067054  0.051309  0.541280  0.407794  0.530990  0.606422  0.424915  0.489279  0.887710  0.638883  0.571134  0.163083  0.535197  0.102566  0.058512  0.214795  0.795181  0.618527  0.515190  0.585871  0.683471  0.724580  0.820714  0.064967  0.211972  0.803319  0.595964  0.311444  0.121667  0.208414  0.539177  0.630826  0.628811  0.097096  0.176195  0.274202  0.538397  0.518454  0.048278  0.489737  0.515749  0.225862  0.150106  0.208352  0.750207  0.662481  0.761915  0.235868  0.241866  0.190558  0.270433  0.713249  0.709323  0.525357  0.542139  0.638274  0.555444  0.639548  0.841491  0.657583
  1.985000  0.533505  0.047427  0.403081  0.597999  0.516602  0.076930  0.535676  0.494539  0.524738  0.399383  0.743202  0.824730  0.861690  0.841743  0.870065  0.070118  0.249581  0.390443  0.469208  0.317509  0.403401  0.338149  0.529759  0.705706  0.605727  0.737111  0.294859  0.728760  0.746080  0.653242  0.738269  0.659131  0.763627  0.712961  0.809534  0.894291  0.679493  0.863024  0.425707  0.313067  0.818368  0.822345  0.612206  0.624078  0.317349  0.421450  0.440452  0.444124  0.555017  0.651681  0.540472  0.108464  0.411118  0.336459  0.444943  0.080669  0.187789  0.786346  0.542093  0.709239  0.728406  0.355079  0.168305  0.205205  0.104230  0.515872  0.542341  0.519028  0.462656  0.545381  0.010794  0.886060  0.822061  0.834966  0.098031  0.072134  0.047410  0.537425  0.404793  0.523613  0.603312  0.413463  0.495164  0.887179  0.630568  0.603320  0.172822  0.546644  0.103875  0.056377  0.217523  0.795353  0.620705  0.514717  0.575947  0.682251  0.721632  0.817654  0.066107  0.227155  0.809943  0.597367  0.312856  0.121572  0.213113  0.520593  0.620378  0.626988  0.100575  0.175810  0.275745  0.543787  0.508235  0.049983  0.514350  0.535748  0.227656  0.152857  0.209175  0.749335  0.662743  0.766130  0.239032  0.243721  0.194724  0.262994  0.713839  0.713143  0.522705  0.543877  0.635895  0.569018  0.642129  0.840644  0.657207
  1.995000  0.486599  0.039626  0.386095  0.567120  0.509327  0.081894  0.530507  0.480313  0.521368  0.399621  0.738393  0.826923  0.863021  0.847411  0.871709  0.073656  0.248894  0.386305  0.464834  0.318862  0.403489  0.337432  0.514698  0.685018  0.606955  0.724337  0.280472  0.708979  0.745260  0.679178  0.738776  0.661527  0.762876  0.717555  0.810548  0.892326  0.679635  0.861293  0.430423  0.316829  0.821178  0.822442  0.616350  0.617322  0.325209  0.428652  0.448372  0.450289  0.554097  0.653705  0.547988  0.108166  0.405397  0.338566  0.441620  0.083172  0.197400  0.791175  0.578060  0.720536  0.757206  0.355794  0.175151  0.209861  0.105323  0.497085  0.512684  0.498832  0.473818  0.555374  0.011736  0.864278  0.801154  0.824511  0.120102  0.101422  0.051686  0.538286  0.405757  0.520797  0.605431  0.415778  0.489092  0.890100  0.634624  0.633164  0.186534  0.556881  0.102639  0.056153  0.220464  0.797814  0.623968  0.509726  0.588974  0.684564  0.725101  0.822609  0.066537  0.244798  0.809280  0.594849  0.312943  0.121409  0.214403  0.506439  0.598743  0.626132  0.102743  0.178184  0.277844  0.551245  0.507922  0.049249  0.534376  0.556820  0.232589  0.151211  0.211995  0.752058  0.662021  0.766258  0.241402  0.247256  0.200151  0.260011  0.711064  0.713333  0.522761  0.548586  0.636795  0.574435  0.655513  0.851099  0.658101
  2.005000  0.451295  0.026984  0.380551  0.543179  0.505477  0.081508  0.530341  0.477374  0.519747  0.398703  0.733605  0.827078  0.865113  0.852092  0.877286  0.074027  0.246806  0.387252  0.468924  0.319053  0.406908  0.339540  0.498489  0.659983  0.604939  0.713303  0.265388  0.689800  0.746306  0.695524  0.738112  0.661985  0.767097  0.721021  0.808995  0.895402  0.679980  0.870537  0.434855  0.322283  0.820146  0.824267  0.620733  0.610083  0.333972  0.440091  0.448218  0.447670  0.562282  0.654611  0.550164  0.107455  0.405555  0.342740  0.437402  0.079416  0.193384  0.790671  0.625926  0.726757  0.766421  0.362191  0.181009  0.212137  0.105023  0.476694  0.477141  0.476600  0.475586  0.571361  0.012200  0.885731  0.819999  0.832862  0.170795  0.144047  0.048686  0.544706  0.406679  0.525271  0.613296  0.413881  0.491689  0.893337  0.637351  0.657001  0.204341  0.566670  0.102925  0.060712  0.223722  0.798281  0.621086  0.517533  0.598903  0.694063  0.728309  0.827304  0.061522  0.259628  0.813515  0.597971  0.316123  0.121805  0.217952  0.506301  0.595981  0.628035  0.102491  0.178716  0.275359  0.555341  0.497074  0.048532  0.559177  0.580021  0.229053  0.151872  0.210256  0.757576  0.660688  0.766174  0.243874  0.249299  0.203783  0.253254  0.705971  0.713669  0.519127  0.551248  0.637016  0.582250  0.661998  0.861600  0.653400
  2.015000  0.441878  0.021022  0.375658  0.537103  0.502452  0.082837  0.530086  0.473620  0.517846  0.400420  0.732549  0.825833  0.860058  0.856734  0.874856  0.071657  0.245887  0.388063  0.464963  0.320085  0.404252  0.340046  0.491830  0.652977  0.607905  0.704842  0.260152  0.684166  0.744019  0.705465  0.739255  0.666966  0.772291  0.728304  0.807889  0.899137  0.683616  0.881153  0.438581  0.326064  0.821553  0.820058  0.625940  0.606516  0.343506  0.452585  0.461220  0.450585  0.557754  0.657470  0.558216  0.107611  0.402066  0.346193  0.437488  0.078905  0.186319  0.797130  0.651806  0.722281  0.773308  0.365958  0.187440  0.215611  0.104855  0.460317  0.461112  0.463548  0.472173  0.581235  0.012308  0.913017  0.844267  0.855596  0.221164  0.183662  0.051439  0.546485  0.410701  0.536230  0.624611  0.421133  0.501761  0.892605  0.641836  0.672485  0.218125  0.573632  0.102737  0.058933  0.223512  0.802301  0.627179  0.532394  0.622656  0.714373  0.751823  0.831632  0.065963  0.274650  0.815634  0.600230  0.320087  0.122277  0.223356  0.494943  0.579479  0.630473  0.105907  0.185661  0.278473  0.561501  0.494026  0.049737  0.582479  0.599814  0.233958  0.149039  0.209225  0.755793  0.653347  0.758446  0.245605  0.250847  0.209032  0.249715  0.699069  0.713615  0.519971  0.553290  0.636280  0.590295  0.670962  0.869000  0.650853
  2.025000  0.444833  0.018816  0.384643  0.536221  0.506648  0.083342  0.535043  0.472234  0.522964  0.399426  0.728190  0.826921  0.869928  0.859225  0.878024  0.071832  0.247553  0.386762  0.467763  0.320781  0.404363  0.338751  0.494610  0.651201  0.609737  0.704418  0.261171  0.682503  0.750215  0.715458  0.740238  0.670129  0.772879  0.731882  0.807712  0.896337  0.689481  0.875136  0.444660  0.324283  0.820951  0.824428  0.628292  0.601656  0.359739  0.460316  0.464427  0.463787  0.562720  0.652792  0.564068  0.107520  0.398803  0.346379  0.434406  0.081831  0.172899  0.800273  0.669908  0.727791  0.773990  0.374172  0.194707  0.220826  0.104204  0.454222  0.457731  0.466323  0.471870  0.587653  0.012845  0.930040  0.864543  0.871382  0.268835  0.224268  0.049615  0.562239  0.422675  0.553325  0.641742  0.433916  0.518141  0.891021  0.652061  0.682201  0.229040  0.579675  0.102378  0.058009  0.227530  0.800992  0.630061  0.556417  0.638815  0.730988  0.772827  0.837503  0.065655  0.291203  0.821243  0.600467  0.323447  0.120868  0.224491  0.502611  0.591861  0.633060  0.106630  0.181326  0.278771  0.571906  0.492653  0.049656  0.605472  0.624483  0.234075  0.150996  0.210177  0.759923  0.644132  0.752535  0.249819  0.256516  0.213256  0.245862  0.691032  0.711209  0.516973  0.555603  0.634727  0.599769  0.676013  0.874631  0.649847
  2.035000  0.453798  0.015771  0.385167  0.540269  0.504891  0.084499  0.541352  0.475604  0.525027  0.401739  0.724301  0.827503  0.867682  0.862608  0.882616  0.074705  0.246117  0.386287  0.467418  0.319290  0.401705  0.337920  0.492880  0.635767  0.608410  0.694581  0.257432  0.667068  0.749226  0.713603  0.742974  0.671437  0.775696  0.735576  0.801852  0.902023  0.687957  0.890512  0.444823  0.334433  0.821274  0.822263  0.629312  0.599141  0.371270  0.480285  0.471731  0.461631  0.575378  0.667922  0.574968  0.108554  0.395232  0.351416  0.429936  0.074530  0.168313  0.800512  0.678648  0.729346  0.779545  0.372817  0.202529  0.228110  0.104676  0.446587  0.452750  0.463093  0.467439  0.597741  0.012798  0.935895  0.873941  0.878816  0.306819  0.262129  0.050219  0.575754  0.429279  0.569415  0.657902  0.447981  0.525602  0.894031  0.654000  0.696951  0.242758  0.583768  0.103345  0.057342  0.230762  0.802915  0.631729  0.577380  0.666557  0.751731  0.785582  0.856378  0.063196  0.306028  0.825894  0.602579  0.324472  0.121479  0.226179  0.495391  0.593304  0.629430  0.110835  0.185810  0.281519  0.572941  0.490669  0.048466  0.617692  0.635684  0.232572  0.151347  0.211878  0.763625  0.636934  0.751338  0.250258  0.255193  0.217547  0.245868  0.677783  0.708278  0.517252  0.563049  0.634075  0.599455  0.670162  0.878912  0.646904
  2.045000  0.460621  0.013892  0.380924  0.538812  0.508324  0.087123  0.538093  0.464426  0.523970  0.402892  0.719734  0.832735  0.869735  0.867878  0.884131  0.075066  0.245472  0.387998  0.467519  0.322986  0.401405  0.335107  0.486329  0.618204  0.606302  0.686094  0.246802  0.653393  0.748013  0.719317  0.744582  0.673392  0.780644  0.739218  0.805896  0.895438  0.694695  0.884358  0.452530  0.338229  0.822245  0.825301  0.640059  0.590750  0.390429  0.487241  0.484605  0.467061  0.575236  0.672775  0.580025  0.108153  0.393846  0.350497  0.429221  0.079033  0.157847  0.801377  0.682432  0.724408  0.766726  0.375521  0.207821  0.230758  0.105174  0.436673  0.464429  0.461736  0.475040  0.605074  0.010699  0.943031  0.881762  0.884897  0.346278  0.294239  0.051271  0.587779  0.436997  0.586017  0.673490  0.457425  0.540693  0.895983  0.664048  0.709479  0.251095  0.588211  0.102584  0.059379  0.229364  0.804735  0.638637  0.605689  0.679411  0.761678  0.799040  0.864763  0.061424  0.316940  0.829947  0.601057  0.327983  0.121601  0.229239  0.504604  0.603325  0.637777  0.110128  0.187126  0.281841  0.582109  0.486933  0.049500  0.630051  0.651214  0.235558  0.152328  0.211466  0.758627  0.619487  0.742198  0.246126  0.257756  0.220769  0.244016  0.664471  0.702580  0.519860  0.560458  0.631883  0.608196  0.669915  0.878224  0.639210
  2.055000  0.455619  0.013296  0.369015  0.537160  0.505624  0.089617  0.533814  0.450036  0.521325  0.403232  0.717412  0.828797  0.870653  0.871484  0.890731  0.073606  0.243050  0.384267  0.462812  0.325885  0.402689  0.336150  0.472731  0.609244  0.609720  0.677786  0.242393  0.647168  0.746116  0.718361  0.739674  0.675992  0.778642  0.743305  0.805404  0.898915  0.696155  0.891438  0.456991  0.342107  0.826433  0.829122  0.639240  0.581058  0.401322  0.495879  0.485878  0.469603  0.577162  0.674447  0.590505  0.108904  0.389282  0.358500  0.426791  0.079444  0.167619  0.805015  0.682779  0.720452  0.757366  0.381592  0.208918  0.239324  0.105439  0.429016  0.455810  0.460464  0.477315  0.607895  0.011626  0.940137  0.882563  0.886389  0.377316  0.320561  0.050451  0.597189  0.444577  0.594189  0.684973  0.465512  0.543976  0.896319  0.664991  0.712836  0.264453  0.589724  0.101707  0.057271  0.228528  0.807284  0.641549  0.610439  0.682629  0.781641  0.810554  0.872562  0.061703  0.329751  0.840921  0.605127  0.330847  0.121797  0.228239  0.521609  0.606438  0.640442  0.115574  0.190368  0.280143  0.583751  0.487206  0.048799  0.637351  0.655703  0.238235  0.154172  0.213336  0.764436  0.563902  0.699649  0.244485  0.257854  0.219985  0.242849  0.639006  0.693054  0.514136  0.562169  0.629113  0.607622  0.671559  0.879444  0.637432
  2.065000  0.452538  0.014379  0.353873  0.532725  0.502916  0.089454  0.534361  0.444028  0.517629  0.403656  0.711169  0.836102  0.871361  0.874703  0.887723  0.075863  0.243290  0.387915  0.462185  0.322540  0.401669  0.337027  0.466036  0.606429  0.609186  0.673157  0.235050  0.639465  0.743108  0.720452  0.745631  0.679493  0.785029  0.742105  0.804193  0.899221  0.697006  0.886712  0.459452  0.346838  0.817830  0.827052  0.643091  0.570871  0.407263  0.504507  0.488752  0.465935  0.582374  0.670291  0.595305  0.109299  0.384347  0.356604  0.419936  0.077211  0.176559  0.808484  0.676756  0.719547  0.770389  0.384809  0.206537  0.247716  0.105115  0.424644  0.449782  0.460532  0.489465  0.621269  0.012245  0.944955  0.876549  0.890279  0.398424  0.334317  0.050845  0.602766  0.448063  0.600981  0.694361  0.474899  0.546791  0.897228  0.669929  0.718370  0.270626  0.592039  0.101784  0.055536  0.231887  0.810516  0.638534  0.614336  0.699446  0.780573  0.807646  0.874014  0.063729  0.330711  0.838159  0.601324  0.329195  0.123216  0.225735  0.521982  0.614517  0.636972  0.119326  0.191762  0.278745  0.587601  0.488414  0.049003  0.636791  0.662914  0.236659  0.152440  0.211146  0.767636  0.515266  0.661403  0.244007  0.260005  0.226294  0.243777  0.626849  0.688429  0.515641  0.565843  0.629213  0.608703  0.671480  0.878292  0.633741
  2.075000  0.438225  0.011409  0.343245  0.528106  0.488280  0.095444  0.530155  0.437295  0.511211  0.406467  0.704239  0.836108  0.872947  0.874890  0.888064  0.075751  0.243928  0.384617  0.463295  0.321309  0.398980  0.335306  0.468144  0.600546  0.607194  0.670261  0.236196  0.635763  0.746141  0.722166  0.737982  0.681946  0.785508  0.751185  0.805635  0.895446  0.698414  0.889777  0.463779  0.345095  0.823287  0.833198  0.640961  0.557742  0.401415  0.492942  0.487781  0.466416  0.573786  0.664498  0.590954  0.108226  0.387716  0.358059  0.419646  0.072741  0.199475  0.811406  0.669374  0.722800  0.766714  0.385391  0.205466  0.251551  0.104051  0.422718  0.449338  0.450889  0.492349  0.623029  0.012066  0.939172  0.879600  0.891702  0.408396  0.337282  0.051690  0.609258  0.452178  0.607289  0.697635  0.471576  0.558124  0.898787  0.675814  0.723664  0.278836  0.591070  0.102434  0.055787  0.228261  0.810395  0.633075  0.631907  0.701253  0.792599  0.825190  0.880052  0.065244  0.339971  0.836054  0.602384  0.330103  0.121555  0.223803  0.518743  0.618327  0.634804  0.120792  0.194709  0.276123  0.587388  0.490568  0.047884  0.640235  0.665540  0.243952  0.151322  0.214859  0.764298  0.497707  0.646397  0.244773  0.259369  0.224541  0.241716  0.608184  0.680724  0.510410  0.566554  0.625464  0.614317  0.668511  0.879536  0.622601
  2.085000  0.423669  0.013750  0.322256  0.518997  0.472480  0.093730  0.524558  0.432673  0.506236  0.404525  0.697181  0.834865  0.869642  0.873015  0.891048  0.072087  0.241931  0.379329  0.464097  0.328706  0.398553  0.336396  0.472006  0.590101  0.606118  0.660806  0.233658  0.626039  0.748924  0.721895  0.745260  0.678213  0.785867  0.744546  0.799964  0.894882  0.702472  0.890481  0.465086  0.347289  0.827015  0.829937  0.647547  0.548195  0.376842  0.480992  0.479090  0.461339  0.575994  0.659224  0.580698  0.108548  0.382644  0.357870  0.412917  0.079556  0.215301  0.811118  0.659784  0.724883  0.769231  0.390426  0.203701  0.258967  0.104695  0.420529  0.437033  0.442312  0.495285  0.624020  0.010706  0.939603  0.880203  0.886970  0.406668  0.335516  0.051082  0.607186  0.455364  0.608515  0.698665  0.475467  0.564402  0.896716  0.681684  0.721879  0.286814  0.590865  0.102641  0.059372  0.228305  0.812642  0.626538  0.637941  0.709216  0.796520  0.831026  0.874407  0.064837  0.346088  0.828580  0.603483  0.333983  0.122194  0.211631  0.517670  0.610681  0.643828  0.126399  0.196618  0.276830  0.591905  0.490158  0.049750  0.639933  0.667213  0.242535  0.148118  0.215389  0.761456  0.506487  0.651982  0.248209  0.262410  0.226404  0.244945  0.594245  0.674529  0.507762  0.566735  0.621790  0.616901  0.665546  0.873958  0.620115
  2.095000  0.394110  0.014820  0.310036  0.502492  0.461597  0.096777  0.517520  0.415787  0.504399  0.406737  0.698613  0.831721  0.875060  0.871335  0.893224  0.078642  0.237324  0.384923  0.459108  0.323469  0.402416  0.335192  0.457995  0.576571  0.603301  0.656096  0.224538  0.616937  0.740950  0.716479  0.745670  0.678456  0.785611  0.746252  0.795685  0.898536  0.705931  0.892660  0.467620  0.358638  0.827070  0.830363  0.645576  0.548211  0.359098  0.463003  0.463274  0.463003  0.572062  0.655438  0.567681  0.107188  0.380437  0.365166  0.410340  0.077708  0.223050  0.810884  0.648966  0.733570  0.777475  0.392919  0.204952  0.263913  0.107108  0.421157  0.408991  0.430054  0.498147  0.631197  0.010910  0.935204  0.874189  0.881422  0.404423  0.334851  0.051379  0.602694  0.457329  0.608715  0.689327  0.477291  0.560034  0.900072  0.681211  0.731392  0.293249  0.592186  0.102435  0.058358  0.229514  0.814405  0.619946  0.628671  0.710782  0.800127  0.824543  0.884136  0.063233  0.349626  0.820383  0.598606  0.335080  0.123225  0.176658  0.526666  0.610585  0.639704  0.127736  0.199162  0.278161  0.592356  0.490497  0.049022  0.646214  0.672708  0.242320  0.148784  0.214717  0.768117  0.497305  0.650734  0.247910  0.258039  0.229928  0.239668  0.575363  0.667368  0.509754  0.568734  0.620805  0.619671  0.667148  0.869469  0.613798
  2.105000  0.359058  0.013765  0.304298  0.487338  0.452216  0.099889  0.511350  0.387153  0.492048  0.399323  0.686611  0.831564  0.876535  0.863700  0.893726  0.079565  0.236621  0.377529  0.460763  0.323956  0.403904  0.332900  0.437367  0.563532  0.599377  0.646192  0.202729  0.607227  0.736742  0.710865  0.746675  0.684911  0.789045  0.747584  0.794977  0.893933  0.703803  0.894233  0.470366  0.358546  0.826207  0.832490  0.644663  0.543901  0.351222  0.459604  0.463769  0.463045  0.570159  0.656448  0.565045  0.107990  0.376718  0.367759  0.406012  0.078762  0.226055  0.813427  0.641980  0.733230  0.790249  0.399301  0.207232  0.272786  0.105587  0.414187  0.391687  0.408001  0.497304  0.632524  0.011157  0.923707  0.869047  0.882308  0.400495  0.329512  0.050900  0.594922  0.460298  0.605912  0.681392  0.481154  0.563006  0.899048  0.678179  0.736750  0.299535  0.591918  0.102836  0.059721  0.226729  0.816959  0.618246  0.620683  0.703984  0.785112  0.823412  0.879731  0.065484  0.355789  0.826581  0.600541  0.336068  0.123287  0.153804  0.524072  0.620773  0.644043  0.131751  0.200734  0.276674  0.597223  0.489949  0.048866  0.654003  0.679483  0.243576  0.149045  0.215073  0.766486  0.396413  0.570793  0.247928  0.258961  0.227617  0.242456  0.563644  0.657157  0.507217  0.569000  0.620515  0.618000  0.660810  0.864593  0.614412
  2.115000  0.340556  0.015189  0.309650  0.479348  0.453028  0.098552  0.486234  0.368132  0.477818  0.401349  0.678946  0.834624  0.877332  0.869610  0.898749  0.073620  0.237445  0.383386  0.457831  0.323738  0.397453  0.333146  0.398588  0.543194  0.595649  0.638370  0.170399  0.598444  0.725113  0.696307  0.747709  0.687196  0.791054  0.751964  0.794434  0.892741  0.710945  0.900302  0.476470  0.365482  0.833189  0.828840  0.647096  0.536949  0.351538  0.459843  0.461196  0.455330  0.568057  0.659213  0.567104  0.109273  0.376800  0.367248  0.403987  0.078488  0.222752  0.817217  0.642383  0.736380  0.789407  0.398019  0.216339  0.276346  0.104872  0.412208  0.377038  0.403002  0.499620  0.638601  0.012976  0.921997  0.858042  0.879885  0.399460  0.329757  0.053099  0.596272  0.461446  0.604676  0.680252  0.491431  0.564808  0.899324  0.683311  0.745656  0.307311  0.590986  0.103672  0.058871  0.227596  0.818577  0.621167  0.620133  0.698293  0.783222  0.823114  0.873205  0.066110  0.358853  0.826273  0.601930  0.335196  0.122636  0.156083  0.519681  0.610025  0.633491  0.131830  0.203882  0.276169  0.601540  0.489580  0.050202  0.655874  0.683210  0.242796  0.149977  0.209857  0.774259  0.253639  0.439609  0.246941  0.253635  0.233524  0.246004  0.530257  0.643930  0.504142  0.571224  0.618606  0.619613  0.659032  0.870332  0.602431
  2.125000  0.363408  0.012272  0.310054  0.483814  0.453401  0.104783  0.488016  0.367488  0.476844  0.399486  0.672587  0.837181  0.883776  0.868913  0.895077  0.079134  0.235412  0.377436  0.453747  0.322565  0.395605  0.332649  0.354626  0.508361  0.578523  0.615541  0.129260  0.574120  0.729168  0.688906  0.748985  0.684496  0.794420  0.753404  0.793057  0.899212  0.709479  0.903652  0.478168  0.364627  0.834172  0.828007  0.648248  0.533953  0.356007  0.460625  0.464867  0.459000  0.570387  0.666159  0.565290  0.108785  0.370124  0.370286  0.401958  0.077890  0.218746  0.823840  0.643909  0.735573  0.794477  0.405292  0.224024  0.287534  0.102394  0.407189  0.377573  0.400796  0.500368  0.641798  0.009893  0.914811  0.853008  0.866095  0.395214  0.325292  0.052402  0.594102  0.462871  0.605272  0.677091  0.490954  0.569033  0.900805  0.689538  0.746816  0.314591  0.589943  0.103502  0.059747  0.228885  0.818183  0.622399  0.623734  0.702536  0.799481  0.827824  0.883699  0.063522  0.365788  0.823762  0.601226  0.335353  0.121649  0.173409  0.516589  0.613444  0.645488  0.136731  0.214642  0.273562  0.597402  0.491967  0.049757  0.659299  0.690504  0.247025  0.143727  0.216247  0.774189  0.199432  0.372050  0.244304  0.255724  0.233399  0.242439  0.536475  0.642916  0.506983  0.571232  0.618370  0.623736  0.659260  0.864016  0.600475
  2.135000  0.400789  0.013571  0.315660  0.499730  0.457794  0.103780  0.494217  0.370283  0.474538  0.403890  0.671913  0.841053  0.876275  0.869940  0.892873  0.080860  0.233031  0.375927  0.454788  0.324713  0.396050  0.331692  0.322361  0.467421  0.559062  0.579070  0.112731  0.526592  0.731386  0.682605  0.751175  0.689829  0.790898  0.748105  0.787363  0.892996  0.712581  0.902378  0.484789  0.370579  0.833185  0.832098  0.644054  0.521523  0.355946  0.464352  0.460387  0.461648  0.570324  0.668187  0.568570  0.108947  0.371011  0.376471  0.395912  0.081839  0.213073  0.818144  0.641019  0.729734  0.789038  0.410554  0.235612  0.296037  0.102803  0.414853  0.384179  0.405423  0.504878  0.643147  0.010919  0.910128  0.842375  0.860243  0.391389  0.327627  0.050650  0.596407  0.462507  0.607989  0.680397  0.490214  0.573478  0.901743  0.684948  0.744216  0.318145  0.586742  0.101175  0.061653  0.227809  0.816108  0.624735  0.640072  0.708107  0.792092  0.819486  0.887431  0.063878  0.364465  0.827867  0.603224  0.333743  0.121793  0.190596  0.500937  0.599881  0.644757  0.137869  0.223562  0.274513  0.602264  0.494227  0.050682  0.661609  0.695695  0.245748  0.148365  0.214912  0.766561  0.217300  0.389287  0.248238  0.258018  0.235757  0.239235  0.493579  0.617745  0.502467  0.572626  0.612542  0.623280  0.649967  0.856091  0.589223
  2.145000  0.407635  0.013821  0.314021  0.512150  0.459160  0.106156  0.495613  0.375652  0.468391  0.404329  0.673617  0.839785  0.883304  0.863802  0.893013  0.081921  0.230956  0.377910  0.453207  0.322390  0.395963  0.330101  0.305528  0.419619  0.530314  0.531635  0.095221  0.474683  0.740143  0.684888  0.752105  0.688714  0.792043  0.750005  0.786600  0.890295  0.710214  0.905188  0.483868  0.374100  0.832165  0.834775  0.639272  0.514459  0.359654  0.462645  0.469421  0.461742  0.569701  0.662754  0.575297  0.109652  0.368809  0.374642  0.393176  0.079118  0.210998  0.820376  0.643858  0.721748  0.772194  0.409704  0.250681  0.299999  0.105020  0.418568  0.391309  0.409656  0.509304  0.648616  0.012042  0.879082  0.818957  0.842652  0.389952  0.313279  0.049578  0.594572  0.466752  0.608206  0.680645  0.489025  0.575032  0.898534  0.687960  0.746774  0.322818  0.581451  0.102847  0.059770  0.224687  0.814823  0.628813  0.627973  0.704222  0.797817  0.827720  0.884365  0.063932  0.366365  0.832780  0.605687  0.332192  0.122828  0.198372  0.468066  0.571508  0.616860  0.143169  0.228227  0.273064  0.599350  0.491874  0.050952  0.668265  0.697186  0.243421  0.147282  0.217533  0.768900  0.195391  0.371452  0.249173  0.256094  0.234967  0.240834  0.442277  0.585760  0.499020  0.573438  0.609308  0.622572  0.645309  0.853893  0.569685
  2.155000  0.415169  0.014806  0.304483  0.520772  0.463564  0.107576  0.495636  0.374313  0.472587  0.405107  0.665879  0.834340  0.883807  0.865200  0.890752  0.078901  0.228732  0.375514  0.457646  0.323041  0.394131  0.328608  0.281325  0.381519  0.499956  0.491638  0.080094  0.430538  0.739391  0.686029  0.747430  0.694275  0.795023  0.743039  0.786993  0.882565  0.715630  0.901179  0.489840  0.375332  0.831028  0.831316  0.641437  0.507098  0.372803  0.472548  0.472457  0.461535  0.575633  0.666893  0.579632  0.109902  0.367427  0.369937  0.393127  0.082980  0.206596  0.820851  0.637567  0.721143  0.763687  0.415860  0.261891  0.308676  0.103914  0.422020  0.401369  0.418558  0.511671  0.650016  0.012388  0.868485  0.807348  0.834021  0.381710  0.305681  0.050034  0.592732  0.466489  0.606963  0.677581  0.495295  0.562273  0.894222  0.688286  0.745379  0.324727  0.570923  0.102917  0.060571  0.221653  0.817527  0.631045  0.624557  0.700382  0.789385  0.826575  0.883443  0.062684  0.359421  0.830005  0.603472  0.329262  0.122278  0.189660  0.397716  0.508113  0.606053  0.144575  0.232763  0.268460  0.601577  0.491193  0.050481  0.665268  0.700422  0.246024  0.147928  0.215617  0.770183  0.152147  0.316361  0.246041  0.251217  0.231663  0.236529  0.404233  0.556116  0.499898  0.568374  0.609500  0.617783  0.647976  0.858137  0.527493
  2.165000  0.421782  0.012559  0.283464  0.529320  0.466529  0.107763  0.495777  0.381095  0.465831  0.404360  0.665725  0.836307  0.877312  0.842841  0.886714  0.079723  0.229757  0.373426  0.452745  0.319660  0.394492  0.326805  0.273320  0.363668  0.481413  0.470605  0.081014  0.411239  0.737055  0.689616  0.745534  0.687315  0.787885  0.733999  0.774604  0.879341  0.713053  0.901955  0.492176  0.378555  0.819201  0.833192  0.628879  0.500396  0.382657  0.484796  0.475832  0.467049  0.577608  0.670964  0.588691  0.108773  0.363276  0.375285  0.387209  0.081848  0.205176  0.818276  0.631435  0.726017  0.778810  0.415255  0.270657  0.313035  0.103322  0.409681  0.414103  0.426101  0.513155  0.651869  0.011616  0.868132  0.800448  0.835613  0.371604  0.295035  0.048794  0.587775  0.466854  0.599451  0.668757  0.485702  0.571994  0.893372  0.678117  0.737417  0.329666  0.556561  0.103441  0.058550  0.215189  0.817961  0.627135  0.613103  0.692514  0.778897  0.819735  0.865733  0.063805  0.354598  0.832592  0.602161  0.324847  0.122483  0.182825  0.331769  0.437530  0.579600  0.144124  0.236951  0.262819  0.598100  0.488055  0.050325  0.660913  0.698064  0.248385  0.144844  0.211559  0.762183  0.161695  0.327082  0.246435  0.245573  0.227975  0.236219  0.316463  0.495985  0.494878  0.569222  0.603468  0.616851  0.651134  0.858395  0.476218
  2.175000  0.425538  0.010575  0.266014  0.532344  0.454819  0.112628  0.492974  0.379381  0.461956  0.406781  0.659614  0.827885  0.870509  0.813133  0.879302  0.079543  0.227408  0.371296  0.449154  0.316538  0.391175  0.324637  0.282651  0.364600  0.478206  0.467273  0.082718  0.412446  0.741790  0.699177  0.740122  0.687696  0.786444  0.725450  0.769510  0.867614  0.716041  0.893948  0.492467  0.380683  0.824026  0.827492  0.615544  0.492376  0.390821  0.488617  0.486349  0.463669  0.572805  0.675136  0.592037  0.108208  0.363239  0.378338  0.384971  0.081411  0.203015  0.818401  0.626477  0.724942  0.781435  0.418400  0.280542  0.317246  0.103776  0.388824  0.422211  0.434764  0.516864  0.647754  0.012505  0.885123  0.819199  0.843852  0.360190  0.282031  0.049990  0.581029  0.465609  0.592780  0.659774  0.481722  0.568269  0.889822  0.678312  0.723863  0.336267  0.536551  0.103031  0.060008  0.210710  0.815267  0.627405  0.599385  0.683392  0.772751  0.807406  0.869730  0.060867  0.351078  0.832444  0.602291  0.322775  0.122070  0.175135  0.284316  0.399893  0.556112  0.146959  0.241743  0.257485  0.599340  0.487428  0.049498  0.660893  0.696725  0.249648  0.144356  0.211042  0.758344  0.193688  0.366639  0.243731  0.240602  0.221801  0.231503  0.258009  0.448188  0.492408  0.569589  0.599810  0.605720  0.650805  0.854903  0.489080
  2.185000  0.446730  0.016877  0.264954  0.540678  0.437093  0.113273  0.485807  0.371093  0.456843  0.406468  0.651853  0.833595  0.874171  0.769206  0.866599  0.075978  0.221062  0.370338  0.443521  0.321826  0.385343  0.321089  0.280985  0.380509  0.488716  0.481941  0.091463  0.428568  0.737231  0.695706  0.738481  0.682584  0.782002  0.708033  0.764144  0.847448  0.707991  0.889620  0.500724  0.382673  0.821281  0.831926  0.609677  0.492705  0.390524  0.484272  0.482079  0.469926  0.574273  0.664914  0.589933  0.108172  0.357055  0.380530  0.379893  0.083867  0.199798  0.817160  0.619002  0.724671  0.781073  0.423692  0.285602  0.322821  0.103083  0.348780  0.435375  0.445026  0.515237  0.647327  0.012450  0.895087  0.830298  0.846814  0.345717  0.272988  0.049502  0.570217  0.461027  0.583362  0.642990  0.489845  0.564040  0.886742  0.679717  0.714526  0.339889  0.511454  0.103450  0.060039  0.203892  0.816245  0.616999  0.598395  0.664275  0.756743  0.800053  0.863922  0.064601  0.338886  0.834592  0.591487  0.320608  0.121822  0.175439  0.284076  0.390433  0.542293  0.147700  0.247498  0.244117  0.586684  0.489270  0.048613  0.659066  0.690597  0.251058  0.141328  0.210748  0.755509  0.225473  0.402975  0.242660  0.234140  0.214830  0.226182  0.267943  0.456168  0.488167  0.569684  0.596912  0.602527  0.646770  0.852066  0.486977
  2.195000  0.470565  0.013228  0.276148  0.548881  0.415960  0.116446  0.483799  0.370565  0.452128  0.407562  0.647557  0.833427  0.870410  0.742559  0.857422  0.080895  0.224475  0.367961  0.443305  0.316623  0.383104  0.318470  0.328362  0.416056  0.506140  0.516372  0.121028  0.466372  0.735836  0.696321  0.733092  0.683281  0.773860  0.700757  0.753085  0.837518  0.709596  0.897111  0.497144  0.386058  0.822982  0.833243  0.605259  0.484647  0.382525  0.484203  0.476718  0.469508  0.574928  0.661363  0.588674  0.106517  0.359468  0.380833  0.375086  0.084616  0.187568  0.812339  0.612151  0.720873  0.779730  0.422685  0.293848  0.330406  0.102145  0.320042  0.450387  0.443606  0.514399  0.648563  0.011232  0.890882  0.827571  0.845345  0.332786  0.258971  0.051032  0.554809  0.459774  0.572590  0.626445  0.482834  0.562423  0.885853  0.676880  0.704241  0.342337  0.490862  0.102751  0.057951  0.198345  0.815789  0.609624  0.575293  0.656343  0.739493  0.787411  0.845826  0.060709  0.327558  0.830127  0.584425  0.317965  0.121736  0.169228  0.291617  0.390739  0.550558  0.153035  0.250261  0.225570  0.585198  0.485904  0.050222  0.655339  0.687910  0.251137  0.142373  0.208598  0.751478  0.244166  0.425937  0.244257  0.217962  0.205387  0.226783  0.335269  0.496904  0.486425  0.570779  0.591783  0.595909  0.637099  0.846206  0.473798
  2.205000  0.490054  0.014348  0.297505  0.559100  0.400670  0.120499  0.476002  0.363582  0.444198  0.406617  0.644428  0.828050  0.869682  0.766612  0.867948  0.079616  0.222099  0.364422  0.442301  0.310833  0.383891  0.319456  0.341815  0.445362  0.517807  0.557522  0.125395  0.506064  0.736264  0.697908  0.718691  0.678905  0.775698  0.681100  0.746678  0.825356  0.714600  0.890782  0.497828  0.389640  0.818918  0.824528  0.600470  0.476857  0.379662  0.479154  0.478147  0.464235  0.567937  0.657086  0.582712  0.106644  0.350364  0.379385  0.374097  0.087682  0.172427  0.816625  0.606552  0.721065  0.784656  0.430277  0.294069  0.332859  0.102508  0.307528  0.454453  0.456944  0.518187  0.650998  0.011169  0.882618  0.824035  0.841078  0.319965  0.243153  0.051129  0.538539  0.454942  0.560139  0.606519  0.471374  0.558326  0.884496  0.673195  0.703752  0.348110  0.478551  0.103191  0.057528  0.194878  0.814319  0.609250  0.557686  0.630085  0.721339  0.764083  0.842615  0.059325  0.314738  0.825591  0.579333  0.315595  0.122457  0.164019  0.289689  0.389913  0.553567  0.147599  0.252585  0.223467  0.579096  0.486201  0.050975  0.657544  0.686357  0.255568  0.144414  0.207197  0.746568  0.264467  0.445591  0.240021  0.200280  0.197461  0.226186  0.251912  0.429003  0.483651  0.571703  0.590191  0.586952  0.621928  0.831501  0.468311
  2.215000  0.541108  0.016927  0.332376  0.566555  0.408940  0.121786  0.469262  0.357854  0.437390  0.406281  0.637937  0.835510  0.869901  0.773433  0.866301  0.082261  0.219536  0.365351  0.443946  0.315210  0.383702  0.318176  0.342233  0.446456  0.527710  0.549052  0.147072  0.490884  0.736298  0.697219  0.717021  0.676023  0.774823  0.660833  0.740530  0.801474  0.711891  0.889509  0.504179  0.390931  0.824733  0.825821  0.609848  0.471588  0.365847  0.467808  0.467349  0.449561  0.567568  0.662743  0.574168  0.106258  0.355137  0.381393  0.372812  0.086553  0.155348  0.815464  0.595592  0.727386  0.802444  0.430765  0.299990  0.339296  0.101152  0.293934  0.465118  0.460831  0.513461  0.650906  0.011299  0.870422  0.807799  0.829212  0.303897  0.233510  0.050619  0.517074  0.449335  0.545465  0.584901  0.460198  0.539786  0.881606  0.672096  0.707813  0.348164  0.472350  0.103294  0.058498  0.189747  0.816037  0.611171  0.529333  0.605345  0.703454  0.746641  0.828521  0.061448  0.297498  0.824945  0.577293  0.309676  0.120522  0.168981  0.277182  0.380335  0.556748  0.149780  0.256824  0.233229  0.578946  0.484507  0.050676  0.652474  0.683057  0.255212  0.141026  0.205134  0.739251  0.230668  0.411177  0.242041  0.194410  0.196533  0.226976  0.285802  0.472036  0.483707  0.567736  0.587740  0.595529  0.610927  0.821356  0.497793
  2.225000  0.572496  0.014582  0.362592  0.571276  0.434635  0.120664  0.458690  0.348319  0.427639  0.404535  0.631665  0.826966  0.867344  0.817092  0.873895  0.079392  0.217946  0.369998  0.441095  0.309946  0.385870  0.318485  0.456382  0.502559  0.550844  0.576136  0.234480  0.530950  0.737082  0.691990  0.722881  0.681488  0.770034  0.644609  0.733743  0.791671  0.715180  0.893238  0.507552  0.394502  0.824573  0.820213  0.602780  0.469323  0.325157  0.431314  0.445420  0.450824  0.557164  0.645918  0.557161  0.108806  0.349972  0.385256  0.371229  0.088952  0.166250  0.816688  0.590336  0.730093  0.803148  0.433055  0.301275  0.349106  0.102635  0.278100  0.474585  0.464729  0.507010  0.652622  0.010382  0.860251  0.790820  0.818048  0.292214  0.230181  0.050872  0.483770  0.437934  0.516317  0.549524  0.440107  0.519886  0.885243  0.651597  0.715087  0.353077  0.471191  0.103380  0.060648  0.191743  0.810598  0.589695  0.485996  0.562935  0.671290  0.711866  0.805017  0.060115  0.273135  0.820404  0.572178  0.291586  0.121879  0.179851  0.311510  0.412721  0.560553  0.152269  0.263245  0.245907  0.572499  0.491195  0.049817  0.649491  0.681483  0.252812  0.138004  0.204943  0.730418  0.195781  0.375558  0.244839  0.187770  0.199097  0.229475  0.413980  0.555830  0.472838  0.570166  0.585266  0.602486  0.602146  0.809229  0.525183
  2.235000  0.590716  0.012771  0.380314  0.566474  0.450576  0.124686  0.445786  0.323235  0.403540  0.407602  0.624655  0.826995  0.872335  0.840343  0.878144  0.078479  0.218957  0.359810  0.439837  0.310945  0.381384  0.314725  0.511265  0.565924  0.575879  0.633218  0.275000  0.599410  0.729072  0.688824  0.718475  0.670515  0.761607  0.638233  0.710621  0.777542  0.697069  0.893279  0.506557  0.395859  0.823999  0.823949  0.584126  0.466935  0.267505  0.374617  0.397191  0.429179  0.533731  0.631612  0.523367  0.108250  0.350049  0.384947  0.365823  0.089238  0.164126  0.820265  0.589846  0.728580  0.811668  0.433839  0.300977  0.350039  0.103308  0.264567  0.484654  0.477116  0.498273  0.642949  0.012662  0.839238  0.779302  0.799903  0.271356  0.217324  0.049302  0.435232  0.417411  0.469190  0.498792  0.401487  0.484379  0.883946  0.628322  0.707671  0.355666  0.471156  0.103333  0.058056  0.189655  0.813400  0.533460  0.431372  0.492970  0.602001  0.647241  0.768336  0.062127  0.238173  0.796484  0.580333  0.260770  0.121701  0.184532  0.325265  0.431555  0.565445  0.154182  0.262307  0.243206  0.563287  0.487590  0.049910  0.647698  0.679587  0.259028  0.135871  0.203458  0.706221  0.209377  0.390849  0.244478  0.205972  0.196586  0.229074  0.470973  0.590235  0.467865  0.567193  0.583263  0.600354  0.587068  0.790993  0.511770
  2.245000  0.597103  0.012644  0.385626  0.543877  0.470944  0.127577  0.421786  0.295523  0.370270  0.399933  0.601916  0.827352  0.868698  0.842190  0.874185  0.080829  0.216581  0.357543  0.436052  0.309550  0.380199  0.315468  0.523359  0.632397  0.599494  0.691124  0.297535  0.663293  0.718718  0.683956  0.729505  0.672596  0.758780  0.636685  0.707920  0.773485  0.710232  0.891348  0.511075  0.396566  0.824421  0.827805  0.570414  0.464600  0.233314  0.341201  0.380392  0.409076  0.525185  0.615624  0.491719  0.109087  0.352257  0.384367  0.365886  0.088116  0.153043  0.818287  0.584701  0.728536  0.808654  0.437304  0.298528  0.350435  0.101793  0.253545  0.502890  0.480871  0.486807  0.641710  0.009511  0.815721  0.757129  0.781277  0.265190  0.209181  0.050370  0.404680  0.377932  0.401714  0.455729  0.351067  0.419216  0.885503  0.589589  0.700800  0.353627  0.469413  0.102580  0.056598  0.184160  0.815237  0.458013  0.371713  0.435112  0.565471  0.606946  0.736849  0.058749  0.205968  0.786636  0.591000  0.213305  0.123432  0.193223  0.328138  0.435020  0.573511  0.156268  0.269362  0.244942  0.559167  0.484256  0.051570  0.640929  0.673044  0.256864  0.133603  0.202125  0.659831  0.220712  0.406064  0.246004  0.206419  0.199763  0.226602  0.468916  0.586015  0.466105  0.568444  0.581066  0.604531  0.562708  0.769594  0.491371
  2.255000  0.601815  0.013834  0.388391  0.509507  0.491759  0.131390  0.411065  0.286052  0.357056  0.395807  0.597308  0.830404  0.869155  0.847937  0.879384  0.080231  0.216055  0.357727  0.438103  0.307596  0.384550  0.314625  0.526056  0.649869  0.604968  0.713686  0.295100  0.686841  0.709068  0.684786  0.723632  0.672571  0.760162  0.643406  0.701429  0.779633  0.706238  0.891642  0.510625  0.395926  0.825589  0.826773  0.559175  0.451418  0.219999  0.328031  0.355748  0.404779  0.512812  0.612612  0.480793  0.106741  0.351804  0.388368  0.362196  0.085956  0.138488  0.819875  0.576124  0.734732  0.808694  0.438259  0.294279  0.355891  0.102863  0.249258  0.509911  0.487574  0.483414  0.648338  0.011015  0.793555  0.735189  0.766318  0.258913  0.206719  0.048753  0.402872  0.349130  0.383001  0.458150  0.331965  0.401212  0.881953  0.591298  0.691255  0.351855  0.468849  0.104179  0.058437  0.183857  0.815297  0.469994  0.375050  0.447590  0.552238  0.607581  0.729883  0.058978  0.194641  0.775438  0.595814  0.180277  0.121691  0.202061  0.337728  0.441827  0.570076  0.152677  0.270945  0.244789  0.538575  0.485214  0.050733  0.639506  0.669551  0.268078  0.132689  0.200560  0.621718  0.199933  0.376850  0.245851  0.213928  0.201648  0.225740  0.434848  0.570124  0.463723  0.567430  0.581428  0.604110  0.523884  0.741422  0.479753
  2.265000  0.603959  0.013792  0.392564  0.506487  0.511025  0.134932  0.389798  0.261028  0.348436  0.389756  0.590558  0.826971  0.872823  0.839193  0.876943  0.081388  0.217573  0.357119  0.441203  0.310601  0.379363  0.312539  0.524985  0.656736  0.610938  0.711234  0.301175  0.690570  0.694441  0.678560  0.731064  0.672318  0.760001  0.644337  0.695023  0.783573  0.701115  0.892268  0.513223  0.397731  0.823753  0.826951  0.558237  0.432057  0.208111  0.311800  0.352195  0.393140  0.500126  0.599419  0.457101  0.106997  0.350158  0.389546  0.361083  0.082495  0.122613  0.818255  0.564080  0.729946  0.806569  0.442511  0.289432  0.359887  0.101741  0.242892  0.517431  0.492021  0.480532  0.640844  0.006687  0.762323  0.710802  0.741220  0.259512  0.203986  0.052550  0.407516  0.358559  0.402118  0.467889  0.340471  0.422726  0.876219  0.607022  0.688193  0.350799  0.470749  0.103823  0.060127  0.182805  0.812573  0.504133  0.382697  0.443977  0.562047  0.616090  0.736358  0.054755  0.201965  0.764937  0.603657  0.176892  0.121065  0.207935  0.348806  0.449564  0.580092  0.152058  0.268526  0.252005  0.537800  0.485148  0.049591  0.633860  0.662990  0.258927  0.129889  0.199169  0.644429  0.197424  0.374206  0.240359  0.226780  0.204550  0.225687  0.433759  0.564709  0.456156  0.568990  0.575356  0.599364  0.497551  0.717888  0.476817
  2.275000  0.610574  0.017027  0.393688  0.532991  0.513576  0.135762  0.349608  0.211267  0.329159  0.373255  0.560805  0.828281  0.872419  0.847356  0.881217  0.076729  0.214002  0.362765  0.432429  0.305684  0.378863  0.314195  0.521683  0.652731  0.607427  0.712914  0.284503  0.690864  0.664341  0.675466  0.738309  0.667878  0.767331  0.652431  0.697575  0.785985  0.710435  0.887124  0.518505  0.404675  0.827522  0.828518  0.566297  0.395969  0.183521  0.287972  0.326503  0.363663  0.492858  0.585440  0.433747  0.109499  0.349642  0.397714  0.359961  0.084574  0.093610  0.822093  0.564080  0.728696  0.802637  0.442276  0.283575  0.356873  0.102967  0.243177  0.529123  0.503470  0.474081  0.644009  0.010379  0.734733  0.679757  0.714934  0.262501  0.206990  0.047018  0.407528  0.371388  0.411840  0.465809  0.363572  0.432506  0.881939  0.604979  0.696928  0.348020  0.472101  0.103597  0.058261  0.185287  0.814081  0.510238  0.364941  0.433419  0.545723  0.586353  0.727965  0.055476  0.210511  0.752800  0.602800  0.191674  0.120464  0.212950  0.359646  0.464645  0.568457  0.153656  0.270361  0.253224  0.536832  0.485803  0.051525  0.628262  0.653498  0.263032  0.131331  0.197143  0.664740  0.196257  0.375459  0.241334  0.233277  0.204488  0.224919  0.432342  0.563708  0.445658  0.560140  0.578831  0.595665  0.483811  0.705366  0.484106
  2.285000  0.610890  0.013718  0.403673  0.564271  0.515963  0.138716  0.310377  0.190950  0.296553  0.344930  0.535128  0.824926  0.871012  0.840449  0.875569  0.080744  0.213600  0.354848  0.435690  0.304426  0.378538  0.310602  0.513960  0.645427  0.601731  0.707439  0.279517  0.677506  0.616178  0.667886  0.744414  0.666230  0.771407  0.650167  0.692040  0.784867  0.700705  0.888718  0.522364  0.409418  0.829287  0.833066  0.560408  0.341278  0.161912  0.247517  0.280702  0.334581  0.465405  0.550463  0.416595  0.107022  0.352419  0.401116  0.361409  0.085030  0.068530  0.816960  0.562457  0.727965  0.795997  0.448631  0.278780  0.361643  0.098901  0.236204  0.545539  0.509187  0.464262  0.638484  0.009173  0.696258  0.648832  0.681541  0.263745  0.211288  0.048611  0.383276  0.376394  0.403475  0.440986  0.345430  0.429941  0.881990  0.592035  0.699599  0.340354  0.476587  0.104049  0.059788  0.182573  0.804586  0.494753  0.329202  0.404779  0.502601  0.556572  0.709275  0.057109  0.229634  0.746198  0.599998  0.203127  0.121091  0.218166  0.362843  0.473884  0.588662  0.149217  0.263391  0.246256  0.529915  0.482330  0.049922  0.621026  0.640602  0.266605  0.132120  0.195541  0.667805  0.201773  0.374853  0.238512  0.230567  0.203581  0.223769  0.402935  0.551749  0.414949  0.556453  0.571645  0.589897  0.477162  0.699813  0.489078
  2.295000  0.609387  0.024340  0.390717  0.584042  0.501001  0.144641  0.255763  0.134923  0.252185  0.317753  0.488344  0.836944  0.879929  0.833560  0.881001  0.081058  0.213362  0.350430  0.435955  0.307250  0.375263  0.313644  0.501856  0.628860  0.586874  0.688609  0.255148  0.663746  0.554494  0.658690  0.739983  0.667050  0.773053  0.655858  0.709210  0.791996  0.705596  0.889703  0.511839  0.417701  0.830408  0.836444  0.555301  0.320667  0.134788  0.223551  0.279256  0.342997  0.442171  0.536869  0.391214  0.104396  0.347584  0.397850  0.345387  0.086173  0.073217  0.818090  0.566289  0.722340  0.785267  0.440618  0.262376  0.363890  0.100390  0.206039  0.550682  0.518336  0.454827  0.632858  0.007942  0.657807  0.627185  0.660227  0.277243  0.213530  0.049208  0.350747  0.363002  0.378347  0.409324  0.334870  0.407286  0.879981  0.582730  0.684377  0.327991  0.478669  0.105513  0.058813  0.181676  0.797475  0.449122  0.269942  0.367745  0.469749  0.535956  0.665995  0.057970  0.248520  0.737864  0.606371  0.202612  0.121301  0.216644  0.347746  0.459247  0.569105  0.141490  0.264398  0.240737  0.520910  0.481092  0.051203  0.611660  0.622447  0.273266  0.127481  0.201503  0.625095  0.292198  0.472037  0.236038  0.226965  0.201164  0.216907  0.366620  0.519392  0.401393  0.552194  0.571275  0.574333  0.459317  0.682575  0.491221
  2.305000  0.608844  0.023255  0.389917  0.622809  0.501138  0.148720  0.220933  0.118775  0.232323  0.288312  0.469757  0.823995  0.876544  0.827084  0.871801  0.080056  0.215494  0.357229  0.432096  0.301817  0.378620  0.311867  0.455928  0.579020  0.566673  0.652439  0.216034  0.610790  0.540473  0.649109  0.743618  0.667577  0.774714  0.654527  0.704549  0.790862  0.704733  0.900610  0.507176  0.408769  0.820915  0.820632  0.551865  0.276448  0.126165  0.198207  0.240536  0.325560  0.411773  0.511699  0.365167  0.109765  0.349265  0.392407  0.352686  0.068171  0.096383  0.818035  0.563456  0.715757  0.783538  0.440937  0.256367  0.357233  0.103502  0.180454  0.547107  0.513196  0.453031  0.623412  0.004912  0.652661  0.608882  0.638779  0.286791  0.218884  0.044570  0.335760  0.351236  0.364062  0.396366  0.302247  0.378494  0.881701  0.573410  0.687123  0.315803  0.478854  0.104020  0.058918  0.182742  0.793850  0.407142  0.302430  0.342016  0.459862  0.527058  0.649383  0.055778  0.257320  0.701769  0.593369  0.192297  0.121246  0.218502  0.329674  0.431246  0.566096  0.141157  0.257352  0.240297  0.511900  0.475215  0.052133  0.607054  0.612518  0.265349  0.127541  0.201857  0.594854  0.324472  0.495878  0.233265  0.225350  0.199777  0.218836  0.344254  0.512390  0.376499  0.551920  0.568517  0.558141  0.441043  0.664620  0.477652
  2.315000  0.574044  0.027078  0.377051  0.635866  0.492011  0.147340  0.210211  0.110717  0.232138  0.285172  0.453696  0.834492  0.873631  0.813326  0.872545  0.078530  0.219040  0.355547  0.433129  0.304775  0.379419  0.312487  0.380762  0.496198  0.533884  0.588319  0.156511  0.528169  0.525315  0.640633  0.742721  0.676249  0.774856  0.644271  0.708567  0.785362  0.705446  0.891144  0.497970  0.412379  0.828014  0.826615  0.533021  0.298252  0.112195  0.166932  0.229374  0.271605  0.372653  0.479954  0.335040  0.110046  0.352520  0.400253  0.353035  0.071359  0.102208  0.816770  0.565332  0.707968  0.765957  0.426031  0.240559  0.362575  0.103488  0.156518  0.549777  0.517378  0.451871  0.613082  0.018854  0.631374  0.592873  0.631422  0.290969  0.230519  0.050376  0.309158  0.345377  0.356047  0.378529  0.306949  0.381172  0.877038  0.566682  0.665783  0.312563  0.486278  0.105120  0.058224  0.181409  0.786735  0.382296  0.262633  0.338124  0.432375  0.487747  0.637280  0.053368  0.255501  0.643533  0.595189  0.181066  0.123567  0.218155  0.303687  0.414159  0.556532  0.135551  0.256630  0.234080  0.502889  0.478708  0.053760  0.597676  0.612405  0.270920  0.128433  0.202102  0.540356  0.297313  0.484155  0.229457  0.220292  0.201763  0.221225  0.351485  0.514156  0.368309  0.544334  0.563073  0.547036  0.421257  0.648000  0.464342
  2.325000  0.576434  0.028602  0.380817  0.641822  0.490792  0.152396  0.233970  0.162077  0.250970  0.299390  0.497757  0.828610  0.875262  0.799754  0.876392  0.078420  0.220964  0.355161  0.435838  0.303855  0.385174  0.314777  0.376160  0.473112  0.518832  0.558089  0.151747  0.503295  0.561818  0.641337  0.743414  0.680438  0.777818  0.646578  0.714856  0.793344  0.706871  0.895200  0.484732  0.413076  0.833891  0.836679  0.514495  0.369775  0.101498  0.168558  0.206631  0.281323  0.385184  0.487045  0.312136  0.106818  0.354491  0.400279  0.353572  0.073381  0.096291  0.823729  0.566037  0.705398  0.752219  0.416533  0.228898  0.376443  0.100681  0.168898  0.557994  0.517530  0.450237  0.616649  0.011073  0.607187  0.570733  0.612526  0.297692  0.234807  0.048285  0.299922  0.338270  0.342659  0.369473  0.305584  0.381822  0.877595  0.556285  0.651801  0.298809  0.493985  0.103073  0.059222  0.181364  0.799732  0.353482  0.252609  0.318851  0.425528  0.461784  0.615803  0.051632  0.255813  0.616894  0.594879  0.183356  0.121355  0.213023  0.290228  0.400813  0.550470  0.127264  0.251491  0.230377  0.503451  0.475985  0.050877  0.587271  0.606019  0.236242  0.118226  0.203163  0.491250  0.294806  0.481712  0.229340  0.205473  0.201003  0.212807  0.352872  0.513690  0.416105  0.553734  0.572395  0.540522  0.423550  0.649648  0.459893
  2.335000  0.605295  0.024103  0.373672  0.643779  0.476447  0.154932  0.306857  0.218618  0.291993  0.338609  0.550156  0.829544  0.875872  0.786946  0.872275  0.080682  0.220480  0.357018  0.438062  0.301863  0.378076  0.310524  0.420319  0.498633  0.512380  0.579317  0.192385  0.528487  0.642923  0.627922  0.741098  0.678826  0.765158  0.648969  0.708272  0.796449  0.704261  0.886911  0.483227  0.408981  0.827455  0.831133  0.494128  0.410518  0.117277  0.197272  0.229577  0.313373  0.409475  0.514083  0.335504  0.109489  0.360815  0.405369  0.355692  0.085112  0.076055  0.817705  0.558179  0.697600  0.736158  0.413818  0.211998  0.381498  0.103371  0.196614  0.555330  0.520485  0.442148  0.612914  0.012291  0.571789  0.544669  0.586319  0.300638  0.234791  0.051203  0.309766  0.326402  0.331926  0.378594  0.290388  0.365043  0.870672  0.550551  0.628868  0.280634  0.497847  0.103551  0.058729  0.187812  0.806673  0.369692  0.261792  0.320884  0.434631  0.479063  0.632265  0.055099  0.248570  0.634075  0.588858  0.191329  0.121726  0.209355  0.263331  0.376174  0.535711  0.121575  0.243988  0.230144  0.502359  0.471846  0.052265  0.576070  0.594222  0.219995  0.118054  0.203440  0.442040  0.298200  0.482308  0.227414  0.197423  0.198593  0.213252  0.352304  0.513008  0.445902  0.565718  0.574862  0.531218  0.466643  0.682414  0.463636
  2.345000  0.621002  0.021487  0.359072  0.644935  0.467098  0.157112  0.341298  0.239353  0.310331  0.361083  0.566706  0.827452  0.880195  0.780229  0.871724  0.080324  0.221087  0.354294  0.438179  0.303963  0.387482  0.312122  0.452436  0.523476  0.514679  0.613529  0.220422  0.566948  0.682547  0.620394  0.722211  0.680117  0.761527  0.643921  0.717063  0.792839  0.706979  0.883305  0.489032  0.413610  0.828685  0.839103  0.496578  0.416095  0.141023  0.236753  0.261746  0.336994  0.447521  0.544424  0.383414  0.107198  0.360109  0.409784  0.359748  0.098238  0.062810  0.817091  0.548325  0.699432  0.734946  0.418829  0.198159  0.387642  0.100525  0.241175  0.548070  0.520227  0.429077  0.612001  0.010858  0.576739  0.553356  0.594110  0.299488  0.233357  0.050403  0.328238  0.317376  0.333159  0.398096  0.278528  0.352964  0.871897  0.548935  0.625569  0.262108  0.500448  0.103154  0.058537  0.182800  0.810781  0.391843  0.275731  0.338438  0.448153  0.493807  0.632304  0.053062  0.240651  0.682650  0.581615  0.191090  0.120784  0.199947  0.243701  0.348453  0.520785  0.112140  0.233856  0.224874  0.497962  0.469701  0.052461  0.563642  0.577125  0.227781  0.117497  0.199324  0.422316  0.270694  0.445530  0.228342  0.186818  0.195341  0.208802  0.329167  0.496962  0.455598  0.567990  0.574108  0.521693  0.536692  0.738750  0.453917
  2.355000  0.622238  0.024876  0.360611  0.638165  0.458887  0.159184  0.345375  0.231624  0.313249  0.368216  0.562707  0.830172  0.868989  0.778873  0.866921  0.077150  0.219902  0.352140  0.435078  0.303326  0.380790  0.311720  0.463805  0.543826  0.513652  0.633305  0.232486  0.596274  0.680335  0.613516  0.714247  0.674768  0.741100  0.631253  0.708983  0.777610  0.707523  0.878593  0.492960  0.399494  0.827216  0.847790  0.491009  0.402604  0.165532  0.272242  0.304680  0.359978  0.473193  0.569784  0.423632  0.106285  0.358712  0.410111  0.358647  0.108254  0.059107  0.818864  0.532921  0.694023  0.723950  0.427835  0.180620  0.392223  0.101538  0.273741  0.556216  0.522781  0.413169  0.612176  0.011825  0.639834  0.605836  0.635186  0.291093  0.222752  0.045734  0.346579  0.321863  0.345019  0.413065  0.290855  0.367929  0.868464  0.562013  0.602049  0.247217  0.501002  0.103350  0.058339  0.182043  0.809986  0.414000  0.299349  0.357538  0.473284  0.522166  0.666013  0.055506  0.232836  0.734954  0.582998  0.194390  0.121330  0.191611  0.222998  0.325010  0.507348  0.105199  0.229744  0.224515  0.500408  0.462699  0.052057  0.550809  0.560450  0.239539  0.117245  0.197200  0.461394  0.355603  0.532941  0.225199  0.186642  0.194304  0.199951  0.305712  0.481677  0.446848  0.568102  0.574494  0.529051  0.594015  0.788466  0.448947
  2.365000  0.614837  0.026289  0.360839  0.627475  0.450590  0.160994  0.329124  0.212029  0.315395  0.365538  0.554403  0.830606  0.875307  0.787524  0.866244  0.082197  0.221786  0.359265  0.439535  0.302529  0.383802  0.312654  0.458784  0.546557  0.506249  0.638946  0.217519  0.591738  0.669388  0.599894  0.728210  0.673231  0.735714  0.605411  0.698680  0.758654  0.707072  0.882609  0.499391  0.407154  0.829394  0.833837  0.497184  0.393370  0.176057  0.283823  0.315710  0.369909  0.478307  0.581285  0.436573  0.106566  0.359729  0.413238  0.358240  0.103587  0.066949  0.816231  0.512316  0.693839  0.715006  0.429257  0.168449  0.390897  0.100160  0.288189  0.561249  0.521948  0.395249  0.607008  0.011971  0.731701  0.677760  0.706102  0.279553  0.213683  0.051526  0.364740  0.335371  0.367272  0.429753  0.312367  0.390324  0.869690  0.579840  0.606278  0.232352  0.502354  0.103535  0.059705  0.179617  0.809342  0.413057  0.317516  0.390595  0.502245  0.551837  0.684264  0.053454  0.212214  0.745508  0.591887  0.200534  0.122500  0.182664  0.215170  0.326730  0.505768  0.098489  0.221134  0.225128  0.503548  0.462502  0.051838  0.535035  0.542728  0.246903  0.117933  0.202409  0.541925  0.376856  0.562242  0.226841  0.194131  0.197263  0.196810  0.312334  0.484629  0.448110  0.570971  0.575354  0.545941  0.616369  0.815048  0.452147
  2.375000  0.578067  0.037259  0.355257  0.615070  0.449591  0.165631  0.292528  0.168626  0.292813  0.348132  0.518119  0.828150  0.872489  0.788417  0.866848  0.081746  0.226099  0.360686  0.442028  0.301726  0.384433  0.315920  0.422505  0.523893  0.492949  0.613712  0.180172  0.559614  0.625848  0.583308  0.737572  0.671225  0.742650  0.576320  0.684691  0.734007  0.708621  0.880465  0.497592  0.408454  0.832340  0.834430  0.525100  0.361846  0.169813  0.262601  0.298636  0.357642  0.472052  0.575561  0.415757  0.106935  0.365216  0.416072  0.366170  0.110106  0.083163  0.818539  0.495834  0.687358  0.708244  0.429441  0.154526  0.391103  0.100357  0.293103  0.570166  0.529616  0.373618  0.602166  0.009931  0.809288  0.735374  0.758889  0.257595  0.193696  0.049322  0.377326  0.358603  0.394949  0.443536  0.341066  0.421694  0.874426  0.599253  0.630190  0.212948  0.503268  0.104199  0.057124  0.182980  0.803780  0.392562  0.348183  0.410703  0.526734  0.573489  0.698709  0.058484  0.196194  0.710780  0.597863  0.207993  0.123140  0.170584  0.234404  0.340706  0.507276  0.093047  0.213652  0.225559  0.502630  0.459222  0.051696  0.513672  0.523761  0.261348  0.118997  0.198626  0.638653  0.257644  0.450871  0.229127  0.201781  0.196427  0.200184  0.287167  0.461317  0.429563  0.571484  0.577434  0.548453  0.612725  0.815383  0.446984
  2.386000  0.548111  0.043909  0.346527  0.597639  0.443170  0.168292  0.252001  0.142227  0.268863  0.319800  0.491924  0.832179  0.873361  0.787293  0.868471  0.078249  0.223747  0.363000  0.441080  0.302413  0.386870  0.319359  0.351336  0.455427  0.466648  0.554900  0.133817  0.495958  0.577951  0.556987  0.735945  0.667576  0.744381  0.541612  0.665663  0.699294  0.711126  0.874920  0.494558  0.414476  0.825352  0.832769  0.531096  0.342957  0.158869  0.252406  0.285838  0.340987  0.449122  0.554734  0.403335  0.108292  0.366882  0.414394  0.360502  0.133406  0.090199  0.811377  0.471923  0.683866  0.702898  0.427134  0.141689  0.392161  0.100272  0.291629  0.570362  0.527212  0.351815  0.588494  0.010466  0.833768  0.760371  0.785557  0.234482  0.171207  0.047347  0.376240  0.377724  0.406363  0.439633  0.365407  0.440922  0.876469  0.609973  0.629857  0.194596  0.497911  0.104460  0.062243  0.178530  0.803687  0.389202  0.340356  0.414519  0.533918  0.566269  0.697743  0.059362  0.182450  0.703690  0.594677  0.210672  0.123049  0.161914  0.248261  0.360541  0.525357  0.084486  0.202634  0.222847  0.507330  0.453105  0.053009  0.497242  0.508063  0.247903  0.122080  0.200523  0.684575  0.123361  0.279595  0.225870  0.201378  0.194727  0.190440  0.275261  0.453124  0.417118  0.566801  0.574564  0.544366  0.595452  0.800349  0.434790
  2.400000  0.524196  0.057910  0.334801  0.581196  0.432845  0.171031  0.283046  0.177670  0.290171  0.327949  0.520726  0.830402  0.871326  0.780118  0.861592  0.082147  0.229125  0.366923  0.443208  0.302017  0.386130  0.319768  0.310950  0.409371  0.438030  0.510620  0.107848  0.448150  0.609504  0.522961  0.739568  0.668512  0.741247  0.533011  0.646209  0.687243  0.710569  0.865160  0.494642  0.414259  0.824879  0.833072  0.538154  0.371881  0.160828  0.259142  0.288285  0.352508  0.457209  0.563708  0.400515  0.107231  0.368220  0.421508  0.364946  0.150812  0.097648  0.809951  0.439731  0.676863  0.694928  0.427885  0.123851  0.396572  0.100513  0.268544  0.570955  0.526527  0.333448  0.575204  0.011338  0.823470  0.767171  0.789904  0.207038  0.147202  0.048238  0.382929  0.386869  0.414634  0.447782  0.372927  0.453161  0.874767  0.620016  0.619992  0.173464  0.491642  0.102930  0.061913  0.174727  0.806161  0.411240  0.348011  0.426086  0.542660  0.580258  0.705377  0.057674  0.167699  0.700250  0.596190  0.212213  0.123464  0.148114  0.261481  0.368789  0.532945  0.077016  0.188840  0.223991  0.500518  0.447398  0.053052  0.474569  0.484707  0.270478  0.122306  0.197755  0.713055  0.094833  0.239394  0.225776  0.205982  0.189722  0.189956  0.297866  0.473221  0.434377  0.572088  0.577903  0.536105  0.584823  0.785378  0.434142
  2.418000  0.493966  0.072317  0.316694  0.564464  0.419097  0.176590  0.325977  0.208363  0.319479  0.363325  0.547192  0.826037  0.868115  0.764830  0.857881  0.080635  0.231427  0.367499  0.448167  0.302673  0.392173  0.320791  0.281711  0.380248  0.414759  0.487931  0.085502  0.430469  0.657350  0.455594  0.737664  0.659852  0.740520  0.543607  0.634177  0.699850  0.711658  0.855318  0.508189  0.414479  0.823867  0.836419  0.540307  0.398151  0.151113  0.233973  0.272022  0.345414  0.451446  0.557117  0.384851  0.106348  0.372188  0.420771  0.367420  0.168014  0.110416  0.806732  0.388292  0.663509  0.666105  0.440176  0.100660  0.404854  0.100185  0.171996  0.568552  0.524310  0.318947  0.553054  0.011868  0.813236  0.750066  0.773335  0.166487  0.111744  0.047102  0.392586  0.395055  0.427895  0.452407  0.376701  0.465151  0.873292  0.626903  0.612234  0.146172  0.475061  0.104455  0.059917  0.169860  0.803293  0.436452  0.370480  0.435217  0.557478  0.599043  0.718419  0.055762  0.159780  0.696960  0.586862  0.214125  0.123477  0.134278  0.266522  0.376791  0.527995  0.072614  0.175643  0.219351  0.496160  0.436877  0.054082  0.438643  0.460357  0.284942  0.119316  0.198075  0.731780  0.133685  0.265339  0.222195  0.203624  0.184307  0.179941  0.313032  0.481379  0.449624  0.579068  0.584316  0.517058  0.550697  0.757759  0.423710
  2.440000  0.490090  0.083769  0.291055  0.540179  0.402741  0.181178  0.327080  0.204519  0.322560  0.368703  0.548946  0.821271  0.859987  0.742856  0.842856  0.081001  0.234849  0.371665  0.447599  0.300380  0.393087  0.323078  0.258700  0.328503  0.377083  0.428681  0.075178  0.369421  0.665146  0.364983  0.733996  0.658445  0.736749  0.546069  0.640760  0.704659  0.710404  0.849214  0.514830  0.422075  0.819063  0.834832  0.532283  0.393745  0.144046  0.231123  0.259878  0.337941  0.440161  0.548061  0.373671  0.107235  0.376466  0.426154  0.371058  0.191265  0.117304  0.802558  0.335128  0.637481  0.622986  0.451970  0.088551  0.405466  0.100368  0.104297  0.563101  0.518206  0.313752  0.540579  0.011186  0.753125  0.704456  0.730893  0.130963  0.086390  0.046821  0.374199  0.393768  0.420950  0.432978  0.379766  0.460623  0.871265  0.619453  0.595820  0.123846  0.455875  0.103758  0.059857  0.164181  0.802352  0.433717  0.357321  0.413930  0.531385  0.569695  0.698597  0.055751  0.148243  0.688051  0.579225  0.218377  0.122246  0.127674  0.261771  0.361378  0.523452  0.066685  0.161415  0.214863  0.490096  0.426833  0.053704  0.401491  0.428148  0.261304  0.119795  0.196345  0.729002  0.155145  0.303992  0.213497  0.197920  0.176243  0.172304  0.291049  0.461178  0.444590  0.583769  0.588859  0.498981  0.476263  0.698077  0.409061
  2.466000  0.464078  0.095549  0.271813  0.506877  0.387624  0.191170  0.311814  0.195484  0.311514  0.366575  0.542851  0.817641  0.853544  0.741432  0.835797  0.080922  0.241265  0.374407  0.453437  0.299913  0.396637  0.328041  0.258819  0.313900  0.350150  0.408526  0.074833  0.346188  0.652502  0.273376  0.734379  0.647521  0.727186  0.531320  0.643256  0.689227  0.704865  0.844354  0.521520  0.432024  0.820497  0.833360  0.520763  0.394115  0.140972  0.222417  0.252631  0.324335  0.437257  0.544226  0.368416  0.106086  0.386363  0.432867  0.380538  0.206818  0.121387  0.795188  0.292010  0.589323  0.540438  0.459174  0.095904  0.407733  0.100418  0.075596  0.561340  0.509713  0.308125  0.529655  0.010114  0.654652  0.615118  0.649546  0.118186  0.080303  0.045680  0.351858  0.377355  0.395581  0.408612  0.358248  0.436986  0.864649  0.614126  0.583098  0.105678  0.426857  0.102494  0.063037  0.154340  0.798016  0.450310  0.318022  0.383141  0.488396  0.532411  0.661748  0.055013  0.135979  0.687092  0.578391  0.226801  0.120936  0.123075  0.255969  0.359691  0.523121  0.062211  0.151288  0.215461  0.475654  0.419417  0.054982  0.358157  0.393220  0.292390  0.117007  0.196144  0.723012  0.135080  0.287950  0.201766  0.194243  0.166675  0.166259  0.273996  0.443402  0.441097  0.589109  0.599247  0.476306  0.400122  0.635761  0.399732
  2.496000  0.411538  0.109559  0.257569  0.477213  0.380027  0.200870  0.312944  0.202781  0.308503  0.373704  0.550269  0.818362  0.852042  0.753793  0.841710  0.080736  0.253065  0.383596  0.463158  0.304580  0.408028  0.333916  0.233134  0.300213  0.332856  0.399651  0.062489  0.340870  0.659077  0.219790  0.731698  0.643170  0.728363  0.515473  0.628911  0.678235  0.702478  0.843323  0.527935  0.438635  0.818847  0.834752  0.517107  0.416409  0.135276  0.212822  0.243768  0.320410  0.429717  0.530427  0.350745  0.106444  0.400304  0.444290  0.389693  0.221476  0.113634  0.796460  0.275869  0.511335  0.431559  0.471069  0.101189  0.414541  0.099003  0.080712  0.563621  0.502898  0.300032  0.525099  0.010818  0.555458  0.523008  0.560763  0.127929  0.092193  0.047360  0.348259  0.360860  0.376939  0.403517  0.338055  0.422297  0.859324  0.595306  0.561701  0.094203  0.401382  0.103687  0.063644  0.147595  0.799012  0.459711  0.316248  0.368096  0.476950  0.523098  0.665975  0.055958  0.122891  0.655841  0.585575  0.230585  0.121564  0.121903  0.253812  0.352623  0.516854  0.057268  0.145419  0.213260  0.460646  0.413686  0.054769  0.322763  0.359062  0.264728  0.117602  0.200289  0.708582  0.177289  0.336161  0.196904  0.198576  0.159503  0.164166  0.247692  0.418878  0.448898  0.598791  0.616160  0.446749  0.337726  0.580146  0.387179
  2.528000  0.434789  0.095379  0.241557  0.463185  0.363033  0.209508  0.324470  0.214639  0.317888  0.380002  0.561846  0.807808  0.848199  0.761698  0.835253  0.084092  0.263166  0.388574  0.469618  0.305568  0.411131  0.338646  0.214984  0.274333  0.313776  0.364699  0.055901  0.302745  0.673923  0.202563  0.730871  0.633757  0.725767  0.503853  0.599788  0.662493  0.699198  0.835790  0.530371  0.446348  0.817742  0.831330  0.507332  0.424652  0.127359  0.199538  0.238608  0.318352  0.417498  0.528748  0.340334  0.105604  0.412025  0.448791  0.397517  0.230141  0.102453  0.788660  0.297197  0.435476  0.318148  0.478819  0.089327  0.419199  0.099416  0.103220  0.554320  0.496741  0.287728  0.523826  0.009922  0.489411  0.468762  0.505373  0.137596  0.096226  0.048513  0.343765  0.349827  0.369677  0.398339  0.330278  0.410200  0.848260  0.589980  0.543797  0.086880  0.382568  0.104743  0.060169  0.140768  0.785454  0.467556  0.310876  0.362852  0.473301  0.509079  0.662247  0.053552  0.112252  0.650855  0.587227  0.230658  0.121193  0.118178  0.249822  0.347366  0.518513  0.051135  0.139702  0.211011  0.456802  0.409153  0.056190  0.296280  0.334058  0.244204  0.111548  0.198902  0.688949  0.199900  0.374510  0.193669  0.200257  0.153843  0.159172  0.215155  0.387102  0.448220  0.607971  0.629904  0.417246  0.348408  0.584361  0.380641
  2.560000  0.441458  0.069221  0.240149  0.438912  0.348803  0.219631  0.325399  0.216735  0.318450  0.382944  0.564198  0.806086  0.842804  0.752761  0.829733  0.085288  0.271893  0.391347  0.475904  0.307488  0.420201  0.350987  0.255154  0.319696  0.322499  0.417503  0.068469  0.353664  0.671764  0.212610  0.732182  0.631679  0.725825  0.499644  0.588791  0.659709  0.700283  0.831627  0.535799  0.451496  0.813573  0.830905  0.497174  0.436523  0.131384  0.210527  0.252008  0.330717  0.430600  0.527446  0.350259  0.104832  0.426356  0.453527  0.406036  0.249083  0.092657  0.784920  0.315033  0.346771  0.200402  0.483102  0.078916  0.418139  0.097737  0.147039  0.549028  0.484264  0.272202  0.513213  0.009625  0.601154  0.552612  0.579094  0.136483  0.097906  0.046720  0.342469  0.340892  0.359629  0.394659  0.316225  0.390942  0.841755  0.581423  0.540324  0.082349  0.369919  0.104082  0.057022  0.138489  0.757107  0.458765  0.298348  0.357011  0.458977  0.496899  0.652408  0.056611  0.104772  0.653970  0.589592  0.221434  0.123292  0.105358  0.232656  0.333233  0.500891  0.046630  0.135945  0.204220  0.442924  0.397930  0.054874  0.282988  0.319712  0.242915  0.116194  0.192251  0.676469  0.207473  0.378154  0.199949  0.197318  0.149230  0.152236  0.181843  0.349947  0.448096  0.613863  0.640267  0.441535  0.547361  0.729717  0.370447
