ENVI ASCII Plot File [Wed May 26 14:47:40 2004]
Column 1: Wavelength
Column 2: elbaite1.spc Elbaite NMNH94217-1.a 659~~38
Column 3: elbaite2.spc Elbaite NMNH94217-1.b 196~~39
Column 4: elbaite3.spc Elbaite NMNH94217-1.c <74~~40
Column 5: endellit.spc Endellite GDS16~~41
Column 6: enstatit.spc Enstatite NMNH128288~~42
Column 7: epidote1.spc Epidote GDS26.a 75-200um~~43
Column 8: epidote2.spc Epidote GDS26.b <75um~~44
Column 9: epidote3.spc Epidote HS328.3B~~45
Column 10: epsomite.spc Epsomite GDS149~~46
Column 11: erionitm.spc Erionite+Merlinoit GDS144~~47
Column 12: erionito.spc Erionite+Offretite GDS72~~48
Column 13: eugsteri.spc Eugsterite GDS140 Syn~~49
Column 14: europium.spc Europium_Oxide GDS33~~1
Column 15: fassaite.spc Fassaite HS118.3B~~2
Column 16: ferrihyd.spc Ferrihydrite GDS75 Sy F6~~3
Column 17: fluorapa.spc Fluorapatite WS416~~4
Column 18: galena1.spc Galena HS37.3~~5
Column 19: galena2.spc Galena S102-17~~6
Column 20: galena3.spc Galena S102-1B~~7
Column 21: galena4.spc Galena S105-2~~8
Column 22: galena5.spc Galena S26-39~~9
Column 23: galena6.spc Galena S26-40~~10
Column 24: gaylussi.spc Gaylussite NMNH102876-2~~11
Column 25: gibbsit1.spc Gibbsite HS423.3B~~12
Column 26: gibbsit2.spc Gibbsite WS214~~13
Column 27: glauconi.spc Glauconite HS313.3B~~14
Column 28: glaucoph.spc Glaucophane HS426.3B~~15
Column 29: goethit1.spc Goethite WS222~~16
Column 30: goethit2.spc Goethite HS36.3~~17
Column 31: goethit3.spc Goethite WS219 (limonite)~~18
Column 32: goethit4.spc Goethite WS220~~19
Column 33: grossul1.spc Grossular HS113.3B-HCL~~20
Column 34: grossul2.spc Grossular NMNH155371~~21
Column 35: grossul3.spc Grossular WS485~~22
Column 36: grossul4.spc Grossular WS483~~23
Column 37: grossul5.spc Grossular WS484~~24
Column 38: gypsum1.spc Gypsum HS333.3B~~25
Column 39: gypsum2.spc Gypsum SU2202~~26
Column 40: h2o-ice.spc H2O-Ice GDS136 77K~~27
Column 41: halite.spc Halite HS433.3B~~28
Column 42: halloys1.spc Halloysite NMNH106236~~29
Column 43: halloys2.spc Halloysite NMNH106237~~30
Column 44: halloys3.spc Halloysite CM13~~31
Column 45: halloys3.spc Halloysite CM13~~32
Column 46: halloys4.spc Halloysite KLH503~~33
Column 47: halloys5.spc Halloysite+Kaolinite CM29~~34
Column 48: halloys5.spc Halloysite+Kaolinite CM29~~35
Column 49: hapatite.spc Hydroxyl-Apatite WS425~~36
Column 50: hectori1.spc Hectorite SHCa-1~~37
Column 51: hectori2.spc Hectorite SHCa-1.Ac-B~~38
Column 52: hedenbe1.spc Hedenbergite NMNH119197~~39
Column 53: hedenbe2.spc Hedenbergite HS10.3B~~40
Column 54: hematit1.spc Hematite 2%+98%Qtz GDS76~~41
Column 55: hematit2.spc Hematite GDS27~~42
Column 56: hematit3.spc Hematite GDS69.a 150-250u~~43
Column 57: hematit4.spc Hematite GDS69.b 104-150u~~44
Column 58: hematit5.spc Hematite GDS69.c 60-104um~~45
Column 59: hematit6.spc Hematite GDS69.d 30-45um~~46
Column 60: hematit7.spc Hematite GDS69.e 20-30um~~47
Column 61: hematit8.spc Hematite GDS69.f 10-20um~~48
Column 62: hematit9.spc Hematite GDS69.g <10um~~49
Column 63: hematita.spc Hematite HS45.3~~1
Column 64: hematitb.spc Hematite WS161~~2
Column 65: hematitc.spc Hematite FE2602~~3
Column 66: heuland1.spc Heulandite GDS3~~4
Column 67: heuland2.spc Heulandite NMNH84534~~5
Column 68: hgrossul.spc Hydrogrossular NMNH120555~~6
Column 69: holmquis.spc Holmquistite HS291.3B~~7
Column 70: hornble1.spc Hornblende_Mg NMNH117329~~8
Column 71: hornble2.spc Hornblende_Fe HS115.3B~~9
Column 72: hornble3.spc Hornblende HS16.3B~~10
Column 73: hornble4.spc Hornblende HS177.3B~~11
Column 74: howlite.spc Howlite GDS155~~12
Column 75: hyperst1.spc Hypersthene NMNHC2368~~13
Column 76: hyperst2.spc Hypersthene PYX02.h >250u~~14
Column 77: hyperst3.spc Hypersthene PYX02.c 180um~~15
Column 78: hyperst4.spc Hypersthene PYX02.b 120um~~16
Column 79: hyperst5.spc Hypersthene PYX02.f 60um~~17
Column 80: hyperst6.spc Hypersthene PYX02.e 34um~~18
Column 81: hyperst7.spc Hypersthene PYX02.d 23um~~19
Column 82: hyperst8.spc Hypersthene PYX02.a 12um~~20
Column 83: hyperst9.spc Hypersthene PYX02.g 7um~~21
Column 84: illite1.spc Illite GDS4 (Marblehead)~~22
Column 85: illite2.spc Illite IMt-1.a~~23
Column 86: illite3.spc Illite IMt-1.b <2um~~24
Column 87: illite4.spc Illite IL101 (2M2)~~25
Column 88: illite5.spc Illite IL105 (1Md)~~26
Column 89: ilmenite.spc Ilmenite HS231.3B~~27
Column 90: jadeite.spc Jadeite HS343.3B~~28
Column 91: jarosit1.spc Jarosite GDS99 K-y 200C~~29
Column 92: jarosit2.spc Jarosite GDS98 K-Sy 90C~~30
Column 93: jarosit3.spc Jarosite GDS100 Na-Sy 90C~~31
Column 94: jarosit4.spc Jarosite GDS101 Na-Sy 200~~32
Column 95: jarosit5.spc Jarosite GDS24 Na~~33
Column 96: jarosit6.spc Jarosite JR2501 K~~34
Column 97: jarosit7.spc Jarosite NMNH95074-1 Na~~35
Column 98: jarosit8.spc Jarosite WS368 Pb~~36
Column 99: jarosit9.spc Jarosite SJ-1 H3O - 10-20%~~37
Column 100: kainite.spc Kainite NMNH83904~~38
Column 101: kaolini1.spc Kaolinite CM9~~39
Column 102: kaolini2.spc Kaolinite KGa-1 (wxyl)~~40
Column 103: kaolini3.spc Kaolinite KGa-2 (pxyl)~~41
Column 104: kaolini4.spc Kaolinite KL502 (pxyl)~~42
Column 105: kaolini5.spc Kaolinite GDS11 <63um~~43
Column 106: kaolini6.spc Kaolinite CM3~~44
Column 107: kaolini7.spc Kaolinite CM5~~45
Column 108: kaolini8.spc Kaolinite CM7~~46
Column 109: kaosmec1.spc Kaolin/Smect KLF506 95%K~~47
Column 110: kaosmec2.spc Kaolin/Smect KLF508 85%K~~48
Column 111: kaosmec3.spc Kaolin/Smect H89-FR-2 50K~~49
Column 112: kaosmec4.spc Kaolin/Smect H89-FR-5 30K~~1
Column 113: kaosmec5.spc Kaolin/Smect KLF511 12%K~~2
Column 114: kerogenb.spc Kerogen BK-Cornell~~3
Column 115: labrado1.spc Labradorite HS105.3B~~4
Column 116: labrado2.spc Labradorite HS17.3B~~5
Column 117: laumonti.spc Laumontite GDS5~~6
Column 118: lazurite.spc Lazurite HS418.3B~~7
Column 119: lepidocr.spc Lepidocrosite GDS80 (Sy)~~8
Column 120: lepidol1.spc Lepidolite HS167.3B~~9
Column 121: lepidol2.spc Lepidolite NMNH105538~~10
Column 122: lepidol3.spc Lepidolite NMNH105543~~11
Column 123: lepidol4.spc Lepidolite NMNH88526-1~~12
Column 124: lepidol5.spc Lepidolite NMNH105541~~13
Column 125: limonite.spc Limonite HS41.3~~14
Column 126: lizardi1.spc Lizardite NMNHR4687.a 280~~15
Column 127: lizardi2.spc Lizardite NMNHR4687.b 165~~16
Column 128: lizardi3.spc Lizardite NMNHR4687.c  70~~17
Column 129: lizardi4.spc Lizardite NMNHR4687.d <30~~18
  0.395100  0.280120  0.392862  0.583336  0.283745  0.337828  0.033987  0.119249  0.101306  0.868071  0.076481  0.526459  0.598735  0.636495  0.146316  0.014490  0.473504  0.138779  0.084403  0.073307  0.076822  0.077691  0.073349  0.411225  0.362871  0.267506  0.105918  0.081483  0.017365  0.039903  0.019998  0.023392  0.438135  0.094200  0.674174  0.660220  0.568912  0.889524  0.792760  0.000000  0.781405  0.679672  0.762979  0.594383  0.594383  0.701610  0.651432  0.651432  0.045882  0.590906  0.439164  0.297140  0.058607  0.250312  0.019969  0.085196  0.078856  0.093938  0.086303  0.080040  0.061742  0.040895  0.049469  0.026900  0.057378  0.858261  0.864788  0.669512  0.124324  0.121859  0.089917  0.053373  0.051984  0.760347  0.142451  0.103659  0.151449  0.188908  0.245766  0.324326  0.370852  0.415670  0.426892  0.132817  0.228286  0.198649  0.435106  0.171751  0.058654  0.208221  0.067886  0.023482  0.040788  0.037736  0.023147  0.045752  0.032784  0.042002  0.018268  0.729446  0.608110  0.642811  0.510364  0.484295  0.540810  0.576582  0.548358  0.402432  0.277785  0.146177  0.223470  0.218230  0.194929  0.012810  0.320480  0.218321  0.798146  0.264643  0.011821  0.691537  0.376917  0.275409  0.428307  0.305420  0.020179  0.343277  0.321081  0.337393  0.365027
  0.397100  0.290247  0.401736  0.589618  0.285904  0.339090  0.034225  0.118792  0.097554  0.868207  0.078221  0.532449  0.602737  0.665596  0.148769  0.014667  0.481005  0.138044  0.083897  0.072516  0.075758  0.077641  0.072950  0.409783  0.364184  0.270750  0.104945  0.082188  0.016037  0.038813  0.020991  0.023231  0.443397  0.099159  0.674961  0.668558  0.571227  0.888799  0.793699  0.000000  0.783560  0.681168  0.762931  0.595478  0.595478  0.703292  0.655623  0.655623  0.045719  0.592890  0.441102  0.299091  0.059144  0.249766  0.018989  0.084951  0.077609  0.092492  0.087339  0.080572  0.062254  0.041076  0.048429  0.026920  0.057728  0.862058  0.866916  0.675238  0.125095  0.122333  0.089898  0.054455  0.051505  0.762554  0.145087  0.106252  0.154977  0.191503  0.250048  0.327488  0.374131  0.419063  0.430965  0.133971  0.231659  0.201567  0.438556  0.173635  0.058219  0.208409  0.075793  0.025667  0.046482  0.042919  0.025379  0.051410  0.033781  0.043981  0.019313  0.737381  0.617341  0.648643  0.514535  0.486430  0.549967  0.581400  0.554005  0.407495  0.281878  0.147509  0.227421  0.221619  0.198506  0.012964  0.319594  0.219905  0.798803  0.264105  0.012414  0.690583  0.373190  0.277387  0.427388  0.307422  0.020155  0.345882  0.329730  0.342134  0.370690
  0.399100  0.298469  0.410966  0.593841  0.288757  0.340057  0.033815  0.117509  0.101428  0.869980  0.079767  0.538228  0.605107  0.718212  0.153043  0.015094  0.487180  0.137491  0.083925  0.072397  0.075228  0.077402  0.073122  0.408598  0.367228  0.271846  0.107130  0.084212  0.018273  0.039650  0.020127  0.025254  0.448801  0.099632  0.679886  0.677180  0.571949  0.891096  0.797172  0.000000  0.783889  0.684479  0.765864  0.597096  0.597096  0.706573  0.658268  0.658268  0.046253  0.591478  0.442145  0.302105  0.059979  0.249524  0.019854  0.085856  0.077958  0.091609  0.086543  0.081152  0.064710  0.040885  0.049604  0.027054  0.057910  0.865522  0.866779  0.680472  0.127089  0.122997  0.089931  0.052658  0.051751  0.764778  0.146518  0.107632  0.158255  0.195701  0.253991  0.331935  0.378909  0.423427  0.434594  0.134161  0.232382  0.203783  0.441451  0.175309  0.058344  0.209546  0.085243  0.028623  0.053277  0.049667  0.026404  0.058170  0.034662  0.045614  0.019696  0.742237  0.620370  0.655429  0.518903  0.488622  0.552867  0.587688  0.561931  0.412798  0.284997  0.150326  0.230792  0.224797  0.202409  0.012845  0.322615  0.219517  0.806014  0.272273  0.012278  0.690355  0.372213  0.274779  0.426479  0.308658  0.021613  0.347682  0.334663  0.346523  0.374790
  0.401100  0.307172  0.420389  0.600585  0.290645  0.343089  0.033681  0.117332  0.098302  0.870656  0.081798  0.542954  0.607113  0.749811  0.156104  0.014645  0.493292  0.136632  0.083570  0.072155  0.075407  0.076438  0.072356  0.407048  0.367404  0.273122  0.107528  0.084044  0.017253  0.039765  0.022379  0.027880  0.452514  0.105665  0.683927  0.688428  0.574923  0.889364  0.797653  0.000000  0.788883  0.687415  0.768095  0.600922  0.600922  0.708613  0.660391  0.660391  0.046913  0.594423  0.444581  0.304440  0.060196  0.249668  0.020165  0.085374  0.078878  0.092576  0.086811  0.082957  0.061921  0.041599  0.048655  0.025620  0.058961  0.863972  0.867644  0.685509  0.127181  0.124385  0.089658  0.050514  0.051401  0.767155  0.148681  0.109597  0.161304  0.199152  0.257639  0.336018  0.382360  0.426691  0.438090  0.134689  0.237342  0.206449  0.444460  0.177338  0.057943  0.211044  0.095790  0.031783  0.060382  0.057164  0.028133  0.066251  0.036187  0.047734  0.020907  0.747610  0.623712  0.662483  0.522733  0.491432  0.560237  0.594772  0.566896  0.418913  0.289271  0.151076  0.235295  0.228456  0.206722  0.012825  0.325845  0.220666  0.806506  0.272685  0.013027  0.690808  0.368692  0.273986  0.425748  0.307226  0.020429  0.348535  0.332955  0.341858  0.373373
  0.403100  0.315691  0.429667  0.604827  0.293764  0.343768  0.033882  0.116546  0.101462  0.870760  0.083069  0.548255  0.609443  0.762443  0.158991  0.014743  0.499853  0.136206  0.082003  0.071909  0.074122  0.077281  0.072925  0.406778  0.369970  0.276745  0.108380  0.085175  0.017436  0.038654  0.021717  0.025662  0.456595  0.105431  0.685585  0.690010  0.575595  0.889253  0.798516  0.000000  0.792534  0.686503  0.769565  0.603139  0.603139  0.710409  0.663443  0.663443  0.047507  0.597170  0.446202  0.307505  0.060290  0.248606  0.020114  0.087855  0.078303  0.094825  0.087510  0.081625  0.062651  0.041570  0.049336  0.026778  0.058704  0.861335  0.868790  0.688471  0.126762  0.124274  0.089470  0.052938  0.051984  0.769051  0.150852  0.111712  0.164696  0.202775  0.261795  0.339966  0.386243  0.431029  0.441164  0.135569  0.240507  0.208255  0.447573  0.180002  0.057578  0.214569  0.107263  0.037186  0.069178  0.065409  0.030765  0.073930  0.036604  0.049480  0.022652  0.751672  0.625408  0.667730  0.530904  0.493005  0.563321  0.599322  0.574282  0.423699  0.291579  0.152182  0.239123  0.232191  0.210455  0.012778  0.326621  0.221089  0.805529  0.278584  0.013435  0.686579  0.363555  0.272681  0.423592  0.306955  0.020541  0.350071  0.331633  0.347399  0.374478
  0.405100  0.324095  0.438935  0.609609  0.295414  0.345109  0.033877  0.116353  0.100401  0.873258  0.084525  0.554525  0.612673  0.758303  0.163660  0.014625  0.506956  0.135580  0.082337  0.072090  0.074375  0.076403  0.071764  0.407104  0.373367  0.279205  0.109154  0.087052  0.019461  0.039258  0.022989  0.026678  0.459164  0.105111  0.686177  0.697296  0.576388  0.890189  0.799073  0.000000  0.791274  0.688368  0.771737  0.607227  0.607227  0.712538  0.664854  0.664854  0.047394  0.601428  0.448911  0.309329  0.060613  0.248280  0.020414  0.086326  0.078751  0.093893  0.088390  0.081460  0.062845  0.041693  0.049366  0.025691  0.058923  0.867038  0.870130  0.693009  0.130214  0.125664  0.090091  0.053915  0.052226  0.771943  0.153457  0.113831  0.167716  0.206899  0.266307  0.344224  0.390348  0.434382  0.444681  0.136751  0.244871  0.211175  0.450242  0.181725  0.057976  0.215757  0.117990  0.040630  0.076707  0.073280  0.033639  0.082637  0.039414  0.051251  0.024033  0.757759  0.634613  0.671694  0.534830  0.493813  0.568868  0.603596  0.578661  0.426645  0.294874  0.154240  0.241458  0.234518  0.213792  0.012866  0.328606  0.220966  0.808111  0.280288  0.012786  0.685893  0.360506  0.271167  0.421895  0.306522  0.021277  0.348618  0.333007  0.348975  0.378770
  0.407100  0.330237  0.445969  0.612190  0.298242  0.346682  0.033376  0.117301  0.102812  0.874001  0.086053  0.558062  0.615970  0.802480  0.167874  0.014791  0.512858  0.134859  0.081785  0.071254  0.073610  0.076741  0.072446  0.407701  0.373690  0.280625  0.109358  0.085763  0.019678  0.039999  0.022509  0.027078  0.461143  0.106090  0.688447  0.700274  0.576152  0.893212  0.800728  0.000000  0.792526  0.690286  0.774833  0.608507  0.608507  0.712788  0.668440  0.668440  0.048111  0.601428  0.449053  0.311579  0.060841  0.248175  0.020498  0.086944  0.078602  0.094347  0.087891  0.081460  0.063262  0.042026  0.049145  0.026243  0.059047  0.862927  0.870108  0.695038  0.129687  0.126145  0.089961  0.054067  0.051681  0.773341  0.155417  0.115864  0.170682  0.210115  0.269563  0.348056  0.394136  0.438125  0.448506  0.136489  0.241604  0.213202  0.452123  0.182645  0.057430  0.216274  0.128854  0.046188  0.084991  0.082147  0.036117  0.090623  0.040434  0.053777  0.026241  0.761328  0.636113  0.677818  0.540003  0.494072  0.572707  0.609640  0.585365  0.432395  0.297838  0.155267  0.245298  0.236670  0.217351  0.012718  0.328737  0.221098  0.807831  0.284110  0.013109  0.680727  0.356430  0.268571  0.420202  0.305683  0.021077  0.351407  0.335200  0.345352  0.379816
  0.409100  0.338580  0.453918  0.616068  0.300700  0.347464  0.033469  0.118762  0.101973  0.874970  0.087690  0.563211  0.619179  0.813650  0.170914  0.014807  0.519001  0.134806  0.081558  0.071158  0.073654  0.076039  0.071116  0.408583  0.375464  0.282713  0.112061  0.089667  0.019400  0.038813  0.022673  0.028282  0.462748  0.103120  0.689246  0.700986  0.573858  0.892693  0.801272  0.000000  0.794099  0.692848  0.777454  0.611151  0.611151  0.714635  0.671437  0.671437  0.048933  0.597685  0.451764  0.314068  0.061200  0.248152  0.020197  0.087208  0.079030  0.094267  0.088155  0.082224  0.064773  0.041495  0.049255  0.026346  0.059456  0.866317  0.870501  0.694886  0.131077  0.126888  0.090155  0.054826  0.052118  0.776348  0.157320  0.117500  0.173662  0.213021  0.273440  0.351634  0.396818  0.440508  0.450665  0.136826  0.246940  0.214978  0.454634  0.184800  0.057384  0.217640  0.139295  0.051329  0.093320  0.089782  0.038624  0.098999  0.041928  0.055853  0.028656  0.766495  0.636113  0.683116  0.551715  0.495732  0.572707  0.613900  0.589795  0.437246  0.300565  0.156422  0.248802  0.239235  0.220666  0.012865  0.329119  0.220827  0.812538  0.289649  0.013069  0.681086  0.351151  0.266173  0.417993  0.303615  0.021812  0.350656  0.334515  0.346286  0.381869
  0.411100  0.345054  0.461431  0.618524  0.303292  0.349780  0.033846  0.121583  0.098827  0.876305  0.090433  0.569059  0.621410  0.817960  0.173387  0.015330  0.525731  0.134649  0.081253  0.071324  0.073615  0.076281  0.071976  0.411704  0.378381  0.287488  0.112558  0.091469  0.019485  0.039599  0.022599  0.029418  0.465438  0.104380  0.693816  0.704330  0.579583  0.892920  0.802889  0.000000  0.795549  0.696760  0.779000  0.612848  0.612848  0.717741  0.672762  0.672762  0.048668  0.605993  0.455148  0.317683  0.060982  0.247492  0.020489  0.092783  0.080033  0.094075  0.088562  0.082195  0.062682  0.040930  0.050813  0.028265  0.060631  0.865511  0.872773  0.693739  0.128603  0.129032  0.091390  0.055419  0.052486  0.781470  0.159328  0.120051  0.177033  0.217445  0.277575  0.357199  0.402335  0.445746  0.455642  0.138276  0.247133  0.219243  0.458307  0.186894  0.058199  0.218249  0.150276  0.057433  0.102707  0.098379  0.041384  0.107597  0.043096  0.058472  0.030766  0.770064  0.641692  0.687731  0.550243  0.499145  0.582490  0.624583  0.594517  0.438415  0.304140  0.158204  0.252644  0.242505  0.226077  0.012501  0.332642  0.220897  0.816307  0.293359  0.013879  0.681380  0.346670  0.263788  0.415520  0.302705  0.021011  0.353073  0.329125  0.350224  0.381739
  0.412800  0.349731  0.465317  0.621777  0.304695  0.349277  0.033720  0.124398  0.101014  0.874904  0.091292  0.574219  0.622113  0.819864  0.181661  0.014675  0.530169  0.133497  0.081944  0.071383  0.073884  0.076566  0.071494  0.412010  0.379906  0.289183  0.111021  0.092047  0.020695  0.038623  0.024582  0.028247  0.466349  0.106020  0.697082  0.713882  0.580797  0.896738  0.805512  0.000000  0.794966  0.697879  0.782318  0.618794  0.618794  0.719062  0.678130  0.678130  0.049279  0.607819  0.455654  0.319729  0.062336  0.248177  0.020241  0.087665  0.079329  0.094899  0.088526  0.082507  0.062588  0.042575  0.050018  0.028469  0.059899  0.865642  0.872140  0.694332  0.132379  0.128559  0.091045  0.054289  0.051546  0.780528  0.161787  0.121491  0.179408  0.220595  0.280838  0.359462  0.405075  0.447613  0.457666  0.138227  0.251265  0.219784  0.459430  0.189120  0.057256  0.221904  0.156531  0.060406  0.106336  0.102736  0.043162  0.112512  0.043610  0.060511  0.031836  0.772736  0.645652  0.691674  0.552564  0.500814  0.588278  0.622955  0.602115  0.444869  0.305871  0.159352  0.254917  0.244694  0.227720  0.012526  0.333688  0.220263  0.811099  0.297699  0.013508  0.675892  0.341830  0.261380  0.411534  0.300968  0.021705  0.347542  0.333355  0.345044  0.381270
  0.415800  0.352630  0.470584  0.623786  0.308650  0.350922  0.035413  0.132053  0.105424  0.874772  0.093939  0.580593  0.624016  0.797783  0.184487  0.015271  0.537822  0.133352  0.080198  0.069831  0.072336  0.075000  0.070409  0.415210  0.381789  0.290937  0.112351  0.094152  0.021031  0.039942  0.023882  0.030155  0.466838  0.107126  0.696302  0.717826  0.584374  0.893246  0.805471  0.000000  0.800549  0.699593  0.784689  0.618879  0.618879  0.720144  0.675351  0.675351  0.049757  0.605472  0.458208  0.324776  0.062450  0.246541  0.020531  0.087620  0.079185  0.094943  0.088740  0.082950  0.063582  0.041708  0.049620  0.025369  0.059847  0.867590  0.871530  0.693350  0.134300  0.130968  0.091816  0.055661  0.052514  0.783059  0.164466  0.123372  0.182631  0.223812  0.285622  0.363634  0.408416  0.452073  0.463549  0.139055  0.256431  0.223747  0.463420  0.191468  0.057345  0.223324  0.164311  0.065981  0.112352  0.108222  0.044949  0.119418  0.045862  0.063954  0.034350  0.779044  0.649157  0.697424  0.560018  0.501911  0.589223  0.630050  0.607650  0.450245  0.309466  0.160743  0.259397  0.248519  0.233421  0.012636  0.331620  0.219425  0.818272  0.302056  0.013720  0.672940  0.334172  0.257516  0.408972  0.298363  0.021950  0.346555  0.332881  0.343802  0.383936
  0.418800  0.373084  0.490325  0.634284  0.310867  0.351785  0.035471  0.139865  0.106081  0.875001  0.096819  0.588395  0.628289  0.794084  0.189810  0.015287  0.547724  0.132851  0.080359  0.069708  0.072632  0.075194  0.070738  0.418357  0.386801  0.296562  0.114911  0.094386  0.020106  0.038477  0.025589  0.030332  0.465162  0.106145  0.698293  0.717780  0.585254  0.893469  0.806635  0.000000  0.802331  0.702868  0.785781  0.625785  0.625785  0.723185  0.684163  0.684163  0.049918  0.609499  0.461644  0.328069  0.063075  0.246107  0.020954  0.087370  0.081220  0.094615  0.088750  0.084420  0.063807  0.042227  0.050305  0.028458  0.060937  0.870966  0.872703  0.689649  0.135490  0.132652  0.093865  0.055349  0.052443  0.786173  0.166813  0.125907  0.185433  0.226944  0.288798  0.367916  0.413106  0.455517  0.466252  0.140057  0.256294  0.227158  0.466154  0.194641  0.056990  0.226516  0.166717  0.067967  0.114737  0.109750  0.044821  0.122238  0.045452  0.067471  0.034991  0.782327  0.651414  0.705169  0.570307  0.504059  0.598197  0.637550  0.615211  0.457549  0.314095  0.162063  0.264831  0.251798  0.237545  0.012726  0.335589  0.222368  0.820839  0.309855  0.014139  0.672001  0.328251  0.254508  0.404637  0.295819  0.022180  0.350179  0.329178  0.345107  0.386666
  0.421800  0.386543  0.503585  0.641108  0.314965  0.354161  0.036469  0.149600  0.111719  0.876321  0.100091  0.595779  0.630925  0.836536  0.191327  0.015546  0.553222  0.132286  0.079868  0.068785  0.071643  0.074361  0.069970  0.422379  0.389694  0.298495  0.116802  0.097388  0.020928  0.039488  0.027036  0.029306  0.465484  0.105060  0.702588  0.720828  0.585360  0.894029  0.808732  0.000000  0.800136  0.705556  0.788701  0.629375  0.629375  0.724346  0.685896  0.685896  0.050949  0.613201  0.463964  0.331776  0.063985  0.246401  0.020129  0.088182  0.079960  0.095517  0.089218  0.082376  0.063850  0.042288  0.050006  0.028542  0.060438  0.871175  0.873631  0.689858  0.135764  0.135692  0.093879  0.056347  0.052125  0.789014  0.168369  0.126202  0.186643  0.228364  0.290909  0.370820  0.415849  0.459525  0.471703  0.141779  0.261010  0.231364  0.470075  0.197887  0.056421  0.227024  0.166356  0.068591  0.114475  0.109094  0.044308  0.121857  0.045638  0.070869  0.034815  0.788750  0.655503  0.711500  0.572809  0.506111  0.605824  0.643853  0.622455  0.464296  0.317627  0.164161  0.268973  0.255567  0.243942  0.012635  0.337087  0.220448  0.819440  0.317300  0.014881  0.671338  0.322338  0.249768  0.401347  0.292256  0.022173  0.352546  0.335927  0.344725  0.391027
  0.424800  0.398064  0.514852  0.644224  0.318331  0.355262  0.038132  0.161625  0.115402  0.877815  0.104017  0.604834  0.635453  0.851047  0.192830  0.015329  0.560388  0.131025  0.078543  0.068367  0.071364  0.074416  0.069468  0.427775  0.392827  0.302566  0.116335  0.097976  0.020674  0.039414  0.027005  0.029878  0.464637  0.104446  0.703890  0.717187  0.588721  0.898034  0.808656  0.000000  0.804747  0.709280  0.790588  0.630933  0.630933  0.724753  0.689381  0.689381  0.051361  0.613346  0.466881  0.336149  0.064051  0.245224  0.021010  0.088122  0.080025  0.096658  0.089674  0.082715  0.064117  0.042241  0.050545  0.028441  0.060810  0.871918  0.875777  0.688469  0.138665  0.136973  0.096246  0.056399  0.052650  0.793494  0.169680  0.125086  0.185038  0.226862  0.289446  0.371137  0.416421  0.462231  0.475695  0.143246  0.266212  0.235707  0.471744  0.199914  0.056180  0.227244  0.163238  0.066753  0.110705  0.105567  0.042795  0.118699  0.044915  0.073553  0.033282  0.795006  0.660601  0.716699  0.585821  0.507070  0.608993  0.649443  0.629525  0.470527  0.322408  0.165096  0.272818  0.259423  0.248276  0.012774  0.337378  0.220440  0.824049  0.324970  0.015778  0.666929  0.316163  0.245721  0.397962  0.287947  0.023237  0.350775  0.331411  0.349532  0.390036
  0.427800  0.406135  0.522135  0.650396  0.322608  0.357564  0.039004  0.173534  0.118248  0.876539  0.107834  0.613492  0.638105  0.846937  0.193693  0.015680  0.567022  0.130351  0.078640  0.068940  0.071662  0.073776  0.068961  0.433076  0.395344  0.307554  0.119409  0.099344  0.024621  0.039282  0.028843  0.032864  0.465915  0.101583  0.705517  0.718002  0.590642  0.896381  0.810723  0.000000  0.805519  0.711682  0.791199  0.634294  0.634294  0.725702  0.691658  0.691658  0.052367  0.614965  0.469121  0.340250  0.064878  0.244482  0.020374  0.087954  0.079994  0.095276  0.088988  0.083104  0.063876  0.042978  0.050259  0.026628  0.060750  0.873442  0.875644  0.688069  0.141102  0.139731  0.096854  0.056313  0.053525  0.796303  0.170070  0.124968  0.184215  0.226426  0.290045  0.372206  0.418789  0.465674  0.479694  0.142788  0.270954  0.239752  0.475275  0.203153  0.055955  0.228322  0.155830  0.061908  0.104528  0.099227  0.039484  0.112848  0.042709  0.076747  0.030637  0.799211  0.663109  0.722153  0.589845  0.509012  0.613280  0.654185  0.635750  0.478104  0.326677  0.167271  0.276950  0.262339  0.255033  0.012638  0.340894  0.221177  0.823272  0.334144  0.015981  0.662339  0.311108  0.243133  0.396463  0.284113  0.023189  0.348267  0.330712  0.348533  0.388432
  0.430800  0.413231  0.531344  0.653990  0.327357  0.359454  0.041333  0.187069  0.126667  0.877546  0.113409  0.622918  0.642930  0.852687  0.194212  0.015112  0.573823  0.129764  0.077883  0.067689  0.070552  0.072961  0.068701  0.438586  0.402563  0.311798  0.121066  0.101176  0.022916  0.039954  0.028131  0.032768  0.468582  0.100223  0.710330  0.715678  0.589712  0.893750  0.811056  0.000000  0.806700  0.715415  0.793388  0.638469  0.638469  0.727903  0.695158  0.695158  0.052162  0.617919  0.473796  0.344809  0.065909  0.244116  0.020628  0.088101  0.080136  0.095522  0.088705  0.083157  0.065605  0.042627  0.049869  0.027931  0.061158  0.873819  0.876734  0.687041  0.141833  0.141179  0.098901  0.056013  0.053158  0.798369  0.173115  0.128623  0.189789  0.232327  0.296057  0.378417  0.424650  0.470883  0.484836  0.145350  0.273971  0.244847  0.477702  0.205531  0.055963  0.225752  0.143984  0.055887  0.095266  0.089766  0.036070  0.102540  0.041331  0.078760  0.028157  0.805050  0.665396  0.729399  0.599224  0.511689  0.619867  0.662180  0.644060  0.487273  0.330814  0.168839  0.281756  0.267723  0.260145  0.012824  0.343405  0.219774  0.823673  0.338562  0.017329  0.661198  0.305240  0.239152  0.395140  0.281128  0.023692  0.345808  0.328535  0.345808  0.392665
  0.433800  0.419620  0.536789  0.655891  0.332191  0.362706  0.042966  0.201087  0.130151  0.877810  0.119011  0.632741  0.645915  0.858371  0.193040  0.015664  0.579631  0.129350  0.077722  0.067731  0.070316  0.073243  0.068982  0.443687  0.402844  0.315642  0.119573  0.101271  0.023240  0.039367  0.031058  0.033489  0.472830  0.098380  0.712802  0.715314  0.593697  0.898197  0.812742  0.000000  0.806951  0.718418  0.796428  0.646437  0.646437  0.727543  0.701921  0.701921  0.053052  0.618296  0.477645  0.348715  0.065651  0.243767  0.020968  0.087692  0.079673  0.095366  0.088899  0.082329  0.063695  0.042794  0.050287  0.028534  0.060545  0.872549  0.877460  0.683565  0.142791  0.144427  0.100077  0.056811  0.053207  0.800053  0.174624  0.132129  0.195720  0.239524  0.304021  0.386719  0.431430  0.476140  0.489659  0.144641  0.276096  0.249379  0.480928  0.208384  0.055347  0.227732  0.134406  0.051102  0.088581  0.081819  0.033037  0.095495  0.039423  0.080410  0.026825  0.809358  0.667675  0.734389  0.603744  0.512186  0.621570  0.667391  0.649801  0.495284  0.335776  0.170894  0.284910  0.271722  0.268448  0.012748  0.343796  0.220511  0.825473  0.346453  0.017972  0.654764  0.300844  0.236595  0.394437  0.277039  0.024529  0.343793  0.327245  0.344678  0.395826
  0.436800  0.425168  0.541534  0.657699  0.336555  0.364151  0.044811  0.213455  0.133682  0.878053  0.124846  0.642175  0.651130  0.858314  0.191542  0.015821  0.584599  0.128802  0.076445  0.066799  0.069735  0.072566  0.068092  0.448938  0.408118  0.323091  0.123489  0.103267  0.026625  0.039893  0.032986  0.036878  0.477778  0.101957  0.714672  0.723317  0.598228  0.896845  0.812974  0.000000  0.809095  0.721649  0.798657  0.650787  0.650787  0.729364  0.705270  0.705270  0.053866  0.624872  0.480508  0.350592  0.066319  0.242902  0.020706  0.087896  0.079719  0.095055  0.088672  0.082893  0.063554  0.042585  0.050127  0.028490  0.061405  0.874091  0.879116  0.684037  0.145127  0.145548  0.102100  0.057692  0.054202  0.803550  0.176655  0.135012  0.200001  0.243832  0.308594  0.391116  0.436155  0.480514  0.494570  0.145944  0.282762  0.253767  0.484736  0.211867  0.055102  0.223997  0.134977  0.051891  0.089589  0.080524  0.032815  0.096127  0.039228  0.081860  0.026193  0.814909  0.672722  0.740517  0.613630  0.516140  0.628852  0.674962  0.656244  0.504432  0.340682  0.172118  0.288248  0.275168  0.275635  0.012768  0.346505  0.219754  0.828439  0.355978  0.018952  0.654574  0.296254  0.233362  0.393354  0.273910  0.024829  0.342729  0.331231  0.346974  0.399423
  0.439800  0.429699  0.544731  0.661366  0.342283  0.367858  0.046627  0.225204  0.137878  0.879018  0.131208  0.651392  0.655091  0.857578  0.189271  0.015842  0.591638  0.127965  0.076695  0.067043  0.069980  0.072345  0.067938  0.453609  0.413245  0.330330  0.124343  0.101969  0.027180  0.040568  0.033946  0.038357  0.482944  0.104463  0.720528  0.729206  0.601450  0.900634  0.815817  0.000000  0.813742  0.723090  0.800621  0.650787  0.650787  0.731857  0.708729  0.708729  0.054008  0.626636  0.483104  0.353514  0.066752  0.242812  0.020280  0.088618  0.079420  0.095953  0.089049  0.082457  0.063465  0.042618  0.049319  0.028831  0.060645  0.875750  0.879977  0.681444  0.144599  0.146534  0.101176  0.056781  0.053760  0.807646  0.177473  0.136694  0.202374  0.246866  0.312394  0.394948  0.439970  0.484614  0.498764  0.148769  0.281791  0.258648  0.486922  0.213475  0.055130  0.233135  0.143847  0.055839  0.096394  0.085896  0.034557  0.104060  0.040513  0.084513  0.028148  0.820115  0.678708  0.745962  0.624805  0.517932  0.634518  0.679174  0.661658  0.513933  0.345436  0.174591  0.291746  0.279507  0.281002  0.012833  0.349606  0.222406  0.832344  0.363952  0.020187  0.655312  0.292935  0.231791  0.393111  0.271878  0.025803  0.346704  0.329524  0.347501  0.404001
  0.442800  0.431022  0.547714  0.661802  0.345604  0.369723  0.048253  0.234040  0.144263  0.879095  0.137798  0.659560  0.657496  0.859358  0.185404  0.016270  0.595221  0.126926  0.075982  0.066465  0.069404  0.072266  0.067368  0.458405  0.416189  0.333084  0.123904  0.104601  0.029814  0.041259  0.035913  0.038158  0.489979  0.111288  0.719985  0.739145  0.605727  0.896490  0.816109  0.000000  0.813148  0.727187  0.802475  0.650787  0.650787  0.733064  0.677662  0.677662  0.054729  0.629837  0.486762  0.355258  0.068189  0.242202  0.020782  0.086973  0.079035  0.094307  0.087835  0.082434  0.065005  0.042425  0.050195  0.025510  0.060830  0.876618  0.881081  0.680244  0.147405  0.146249  0.099845  0.058082  0.053813  0.808563  0.177134  0.136704  0.202605  0.247623  0.313297  0.396751  0.442450  0.487014  0.501768  0.147525  0.284300  0.262092  0.489942  0.216765  0.054957  0.239020  0.156765  0.063508  0.107545  0.096377  0.038490  0.115226  0.042824  0.087548  0.031588  0.823272  0.679162  0.751433  0.628933  0.520527  0.637955  0.683615  0.667480  0.523389  0.350742  0.175869  0.295124  0.283087  0.287752  0.012803  0.350457  0.221122  0.830951  0.367848  0.020983  0.651143  0.289775  0.229257  0.392730  0.269906  0.026956  0.348184  0.336449  0.350037  0.402715
  0.445800  0.431811  0.548497  0.663579  0.349985  0.371827  0.049434  0.238605  0.148489  0.879845  0.143322  0.667541  0.660932  0.861825  0.182964  0.016263  0.599914  0.126909  0.075622  0.065617  0.068835  0.071704  0.067506  0.462797  0.419506  0.339608  0.124498  0.103437  0.030816  0.040575  0.036183  0.040068  0.494400  0.113624  0.723732  0.749971  0.607908  0.895955  0.819029  0.000000  0.811966  0.729944  0.805080  0.647735  0.647735  0.735808  0.696814  0.696814  0.055305  0.632288  0.490056  0.358227  0.067689  0.242563  0.020455  0.086307  0.078556  0.093722  0.087601  0.081626  0.062735  0.042171  0.049454  0.028489  0.060184  0.878662  0.881245  0.680013  0.150047  0.146936  0.099901  0.057603  0.054275  0.811380  0.175481  0.136487  0.202429  0.247476  0.313645  0.398514  0.444091  0.489213  0.503901  0.148827  0.288383  0.265487  0.493728  0.218452  0.054907  0.243715  0.171006  0.072796  0.121321  0.108120  0.042782  0.127464  0.046561  0.092178  0.035736  0.826993  0.686928  0.755384  0.639498  0.522260  0.643763  0.688735  0.672267  0.530519  0.353811  0.176727  0.299624  0.287400  0.292345  0.012841  0.354564  0.218816  0.834456  0.377666  0.022210  0.653291  0.287767  0.228269  0.392100  0.267470  0.027127  0.351585  0.334372  0.355998  0.409579
  0.448800  0.431904  0.546773  0.664718  0.353784  0.374751  0.049157  0.239541  0.143844  0.879623  0.147973  0.676057  0.666202  0.861514  0.182685  0.016093  0.604219  0.126658  0.075055  0.065590  0.067974  0.070757  0.066761  0.467397  0.424417  0.343234  0.125352  0.105610  0.031259  0.040693  0.036402  0.040257  0.499390  0.113743  0.721744  0.758782  0.609782  0.903220  0.820196  0.000000  0.814600  0.733711  0.806876  0.668259  0.668259  0.737256  0.720099  0.720099  0.055860  0.636235  0.493347  0.360888  0.068064  0.241525  0.020383  0.085703  0.079174  0.092690  0.086832  0.081069  0.064271  0.042210  0.049254  0.028684  0.059902  0.874329  0.883100  0.680613  0.148351  0.149450  0.100856  0.056307  0.053173  0.814204  0.175912  0.137475  0.204300  0.249077  0.315901  0.401061  0.446520  0.492888  0.508950  0.146893  0.293701  0.268699  0.496295  0.221307  0.054882  0.244677  0.185831  0.082938  0.135919  0.120213  0.048561  0.142065  0.049209  0.097424  0.041109  0.830833  0.690729  0.759607  0.646906  0.524897  0.649062  0.692502  0.674412  0.536584  0.357366  0.179132  0.303504  0.290908  0.298839  0.012871  0.354486  0.221381  0.830114  0.380829  0.022471  0.651238  0.286278  0.227972  0.393168  0.266299  0.028255  0.358634  0.342534  0.360846  0.415959
  0.451300  0.430884  0.546637  0.663796  0.355152  0.375810  0.047867  0.236445  0.142185  0.880856  0.151023  0.681051  0.669334  0.864102  0.183919  0.016545  0.610725  0.126369  0.075118  0.065653  0.068457  0.071584  0.067027  0.471940  0.427415  0.345275  0.127709  0.106896  0.030812  0.040202  0.036744  0.041147  0.502582  0.115139  0.723880  0.764357  0.611690  0.904252  0.820079  0.000000  0.817884  0.734648  0.808326  0.673087  0.673087  0.738617  0.725975  0.725975  0.055926  0.643093  0.496220  0.362696  0.068545  0.241634  0.020164  0.085487  0.076886  0.092915  0.086790  0.080198  0.060736  0.042420  0.049548  0.027519  0.060220  0.879230  0.884508  0.682144  0.150304  0.150376  0.101900  0.057703  0.053993  0.817623  0.178681  0.139001  0.206022  0.251739  0.318912  0.403977  0.449467  0.495639  0.511560  0.149117  0.292928  0.272217  0.499129  0.223395  0.054261  0.249062  0.199037  0.093735  0.149202  0.132061  0.052549  0.153120  0.052374  0.102196  0.046840  0.833946  0.695892  0.763852  0.651861  0.528076  0.654274  0.699494  0.681204  0.542737  0.359982  0.180512  0.308121  0.294315  0.304110  0.012718  0.354048  0.218625  0.839627  0.385359  0.023309  0.654348  0.284842  0.228183  0.393100  0.265843  0.028227  0.361878  0.343953  0.363742  0.413791
  0.453300  0.432559  0.548625  0.664623  0.358499  0.377992  0.044449  0.225892  0.140704  0.880000  0.153557  0.683820  0.670637  0.862771  0.187065  0.017317  0.611681  0.125995  0.074079  0.064607  0.067624  0.070704  0.066214  0.473628  0.429813  0.348976  0.125193  0.107279  0.031802  0.040052  0.038407  0.038733  0.505048  0.115395  0.727084  0.765883  0.612726  0.901271  0.823214  0.000000  0.819698  0.737733  0.811641  0.672161  0.672161  0.738606  0.724456  0.724456  0.056687  0.639884  0.498761  0.366100  0.069118  0.242730  0.020644  0.084573  0.079974  0.093970  0.085652  0.080259  0.062181  0.041894  0.050218  0.026906  0.059718  0.874093  0.884310  0.681917  0.150173  0.151791  0.103334  0.057997  0.054161  0.818909  0.180458  0.139386  0.207185  0.252359  0.320690  0.406179  0.451656  0.498197  0.512774  0.150705  0.294192  0.274467  0.501315  0.225231  0.054845  0.251308  0.209774  0.101374  0.159213  0.140779  0.056433  0.164176  0.055864  0.107089  0.050334  0.835393  0.694296  0.766603  0.656385  0.527735  0.656111  0.701453  0.684368  0.545527  0.362365  0.179717  0.309213  0.296991  0.307534  0.012871  0.357418  0.221439  0.836016  0.387102  0.024191  0.648820  0.285668  0.226330  0.393833  0.264697  0.027824  0.359803  0.344811  0.359803  0.422063
  0.455300  0.434149  0.550097  0.666111  0.358312  0.379500  0.042400  0.214847  0.132340  0.880796  0.155645  0.686314  0.672701  0.862671  0.189788  0.016637  0.614947  0.125164  0.074161  0.064901  0.067146  0.070513  0.066444  0.476158  0.431388  0.351250  0.128003  0.109795  0.033050  0.040318  0.035994  0.039435  0.508574  0.116295  0.726546  0.769898  0.614086  0.904320  0.821859  0.000000  0.818601  0.739912  0.811893  0.678549  0.678549  0.740220  0.728132  0.728132  0.057058  0.640435  0.500835  0.367963  0.069742  0.243850  0.020459  0.085006  0.076974  0.091780  0.085825  0.079878  0.061902  0.042305  0.048386  0.026160  0.060233  0.879190  0.885848  0.682830  0.148479  0.153982  0.103065  0.059367  0.054574  0.820854  0.181285  0.140128  0.208026  0.253392  0.321214  0.406713  0.451851  0.499266  0.515349  0.150988  0.294058  0.277069  0.503429  0.226189  0.054110  0.254104  0.220010  0.109964  0.169507  0.148894  0.061109  0.173826  0.056647  0.109981  0.055614  0.836566  0.695135  0.767674  0.658400  0.528545  0.657551  0.702696  0.685288  0.547317  0.363714  0.180984  0.311751  0.299261  0.310912  0.012817  0.358092  0.219375  0.841905  0.390133  0.023001  0.652449  0.284376  0.226468  0.392187  0.264314  0.028581  0.359081  0.343289  0.356523  0.424986
  0.457300  0.434557  0.547398  0.666475  0.358743  0.379769  0.041020  0.209209  0.130522  0.881660  0.156101  0.688351  0.675027  0.856562  0.197491  0.016718  0.616031  0.124574  0.073992  0.064381  0.067327  0.070533  0.065061  0.478389  0.434937  0.354783  0.128845  0.107997  0.031321  0.040781  0.036314  0.040387  0.508412  0.116465  0.731982  0.773249  0.615742  0.903848  0.822722  0.000000  0.820857  0.742183  0.812904  0.675591  0.675591  0.739893  0.730404  0.730404  0.057264  0.646110  0.501960  0.370801  0.071148  0.242869  0.020505  0.084430  0.077070  0.091522  0.085446  0.079879  0.061239  0.041788  0.048849  0.025744  0.058737  0.881612  0.885469  0.682935  0.150837  0.153366  0.104790  0.057438  0.054573  0.822043  0.182941  0.141859  0.209573  0.256488  0.323215  0.408921  0.454393  0.500548  0.516339  0.150626  0.302048  0.278443  0.504241  0.227774  0.054592  0.257091  0.228702  0.118015  0.179727  0.156978  0.064694  0.183728  0.060586  0.115184  0.059930  0.837166  0.697658  0.772163  0.662056  0.530261  0.661027  0.707960  0.685898  0.548787  0.363988  0.181472  0.314086  0.299454  0.313993  0.012888  0.359229  0.221538  0.844225  0.391677  0.025127  0.654949  0.284274  0.226813  0.394605  0.263091  0.028216  0.358097  0.341767  0.357391  0.425885
  0.459300  0.434574  0.550447  0.667124  0.360334  0.381278  0.042688  0.210541  0.133530  0.880186  0.157056  0.691412  0.675216  0.848414  0.199466  0.015996  0.618464  0.125055  0.073280  0.064077  0.067589  0.069978  0.066746  0.481688  0.435052  0.355230  0.131681  0.108245  0.033148  0.039144  0.037437  0.042604  0.510319  0.114735  0.732642  0.772870  0.617633  0.904344  0.825827  0.000000  0.821297  0.744956  0.814427  0.676361  0.676361  0.739557  0.732475  0.732475  0.057039  0.648481  0.503542  0.373186  0.070180  0.242077  0.019765  0.083583  0.076171  0.091902  0.085387  0.079614  0.058481  0.040937  0.047539  0.025068  0.059070  0.879572  0.887019  0.681799  0.150514  0.156213  0.104260  0.058183  0.054375  0.822862  0.183898  0.142528  0.211812  0.257243  0.324780  0.411310  0.456740  0.502323  0.518428  0.150888  0.304830  0.279676  0.505107  0.229875  0.054024  0.256720  0.237429  0.125805  0.189449  0.164044  0.069484  0.191584  0.062736  0.117929  0.064877  0.840140  0.698860  0.772752  0.656543  0.529998  0.663480  0.708895  0.689307  0.550634  0.365468  0.181100  0.317258  0.302906  0.317724  0.012846  0.358898  0.221797  0.842276  0.393948  0.024070  0.653466  0.284404  0.227111  0.393678  0.263205  0.028789  0.360767  0.348415  0.366855  0.426586
  0.461300  0.436113  0.551092  0.665869  0.360243  0.382146  0.043471  0.218694  0.137267  0.880776  0.158043  0.692570  0.677923  0.849587  0.205819  0.017347  0.620745  0.124308  0.073484  0.063726  0.066183  0.069012  0.065853  0.482391  0.437624  0.357872  0.131774  0.106624  0.032929  0.039929  0.038165  0.043858  0.512919  0.119407  0.732772  0.778673  0.618398  0.897022  0.823813  0.000000  0.820068  0.746006  0.814817  0.677019  0.677019  0.740862  0.725685  0.725685  0.058140  0.641682  0.506135  0.375434  0.071809  0.242659  0.020806  0.082550  0.073144  0.091300  0.085164  0.078779  0.060122  0.041016  0.048304  0.027609  0.058722  0.879017  0.886275  0.677403  0.149440  0.157495  0.105916  0.059084  0.054109  0.824627  0.186900  0.143982  0.212591  0.259194  0.327119  0.413167  0.457866  0.503936  0.520155  0.153175  0.305058  0.282844  0.507786  0.231158  0.053909  0.257983  0.243994  0.133498  0.198294  0.170914  0.072520  0.199509  0.064368  0.122342  0.068671  0.838961  0.697099  0.776395  0.666453  0.531375  0.660359  0.712623  0.693379  0.554444  0.366633  0.182474  0.318344  0.303248  0.320767  0.012956  0.361605  0.221040  0.839459  0.391676  0.023738  0.656405  0.284402  0.228205  0.395412  0.263717  0.028143  0.358634  0.347673  0.370120  0.425713
  0.463300  0.436880  0.550855  0.667043  0.361161  0.384236  0.045295  0.223153  0.139138  0.882700  0.158878  0.695149  0.681170  0.845473  0.209886  0.017714  0.622324  0.123922  0.074432  0.064449  0.067683  0.069771  0.065694  0.485321  0.437241  0.358312  0.132780  0.110192  0.032105  0.040295  0.037672  0.043317  0.513941  0.118675  0.735203  0.779501  0.620491  0.904071  0.824970  0.000000  0.821382  0.748465  0.817909  0.680520  0.680520  0.742858  0.728103  0.728103  0.058732  0.647300  0.507554  0.378624  0.071612  0.242296  0.020219  0.085296  0.075826  0.090216  0.084512  0.078101  0.060627  0.041730  0.048225  0.024498  0.059671  0.882115  0.888286  0.678575  0.153484  0.158593  0.105855  0.061568  0.054587  0.827636  0.186230  0.144257  0.214529  0.261274  0.330023  0.415216  0.460744  0.505815  0.521650  0.151723  0.307349  0.283004  0.508978  0.231460  0.053619  0.257909  0.250078  0.140912  0.206856  0.177399  0.076562  0.206918  0.067058  0.126734  0.073657  0.841685  0.700963  0.778600  0.664933  0.532006  0.667479  0.712941  0.695621  0.555515  0.367223  0.182683  0.319919  0.304371  0.321037  0.012906  0.360036  0.219950  0.847077  0.392987  0.023962  0.656237  0.285288  0.228308  0.396359  0.263223  0.029033  0.368854  0.346384  0.371233  0.437672
  0.465300  0.438211  0.551648  0.667368  0.362156  0.385277  0.045630  0.223092  0.139672  0.880813  0.159436  0.696801  0.681113  0.761137  0.215324  0.016817  0.624909  0.124085  0.072905  0.064246  0.066780  0.070737  0.065105  0.486153  0.437989  0.360354  0.135149  0.106829  0.033115  0.041416  0.036651  0.041811  0.517177  0.118241  0.735749  0.782504  0.620633  0.904260  0.826562  0.000000  0.823293  0.749954  0.819059  0.680130  0.680130  0.742414  0.734228  0.734228  0.059520  0.644681  0.508367  0.380923  0.072274  0.241564  0.019792  0.082172  0.075613  0.090153  0.084154  0.080620  0.062797  0.041077  0.047449  0.026905  0.058598  0.884689  0.887820  0.685164  0.153691  0.159891  0.107189  0.061217  0.054622  0.828723  0.186879  0.145637  0.215497  0.261943  0.330734  0.416915  0.462598  0.507519  0.524297  0.152948  0.309630  0.285940  0.510640  0.233194  0.054218  0.265096  0.255375  0.146783  0.214346  0.183097  0.079442  0.212526  0.068990  0.130494  0.077450  0.840966  0.702385  0.780434  0.669211  0.532192  0.669223  0.714931  0.698727  0.557551  0.367594  0.183170  0.322441  0.305870  0.323837  0.012978  0.361734  0.221516  0.841168  0.390725  0.023663  0.653095  0.286145  0.229582  0.397290  0.263810  0.029560  0.371116  0.358449  0.380176  0.447732
  0.467300  0.438226  0.551562  0.669134  0.362662  0.386921  0.044118  0.219150  0.135828  0.880728  0.161219  0.699427  0.682404  0.708179  0.216899  0.017531  0.625059  0.123097  0.072514  0.063708  0.066596  0.069266  0.065250  0.488300  0.440071  0.360719  0.136115  0.110370  0.034317  0.040234  0.037044  0.042482  0.517729  0.119481  0.740922  0.786527  0.623233  0.904297  0.827523  0.000000  0.823694  0.753899  0.820810  0.679014  0.679014  0.743190  0.733026  0.733026  0.058061  0.651745  0.509476  0.382306  0.072632  0.242929  0.020391  0.082642  0.075235  0.090109  0.083685  0.078434  0.060309  0.040407  0.047835  0.028739  0.058600  0.882125  0.888279  0.689371  0.151506  0.161332  0.107598  0.059629  0.055500  0.829080  0.186724  0.145460  0.216157  0.262984  0.331165  0.418488  0.462340  0.508938  0.525335  0.153541  0.312281  0.286822  0.512428  0.233872  0.053687  0.263221  0.260717  0.153661  0.222041  0.188672  0.082916  0.218094  0.072017  0.134008  0.080902  0.841861  0.706900  0.783822  0.666661  0.533966  0.671977  0.718116  0.700784  0.561696  0.368887  0.183413  0.324389  0.307070  0.325414  0.013004  0.363583  0.221356  0.845508  0.391540  0.023788  0.657049  0.286607  0.229194  0.399720  0.264519  0.029068  0.382567  0.364182  0.390836  0.456811
  0.469300  0.438734  0.551669  0.669650  0.363755  0.389494  0.043378  0.215620  0.136063  0.881791  0.161491  0.700421  0.685617  0.776124  0.222614  0.017173  0.626902  0.122873  0.072640  0.064033  0.066150  0.069592  0.065007  0.490974  0.441007  0.364315  0.136465  0.108365  0.034133  0.040243  0.038460  0.042795  0.520670  0.121285  0.743801  0.786319  0.623069  0.904174  0.828388  0.000000  0.825080  0.754447  0.820500  0.677823  0.677823  0.744511  0.732548  0.732548  0.059251  0.645375  0.511038  0.385587  0.072700  0.242314  0.019674  0.082206  0.075410  0.089702  0.083543  0.077152  0.060057  0.040918  0.047065  0.026397  0.058311  0.884229  0.889536  0.692086  0.151871  0.161930  0.108551  0.060945  0.055461  0.832457  0.188010  0.146415  0.216699  0.263861  0.333230  0.419006  0.464718  0.509972  0.526761  0.153742  0.314225  0.289749  0.513367  0.235070  0.054028  0.262509  0.264838  0.159345  0.229344  0.193292  0.086272  0.223536  0.073078  0.139058  0.085284  0.843823  0.703344  0.785839  0.669747  0.535356  0.670281  0.719856  0.701399  0.561498  0.368796  0.184546  0.325605  0.308287  0.327374  0.013130  0.361851  0.218163  0.845315  0.388700  0.023346  0.655182  0.286278  0.230513  0.398787  0.264278  0.029286  0.385962  0.376140  0.397100  0.459190
  0.471300  0.438468  0.551549  0.668605  0.364979  0.391940  0.043919  0.210687  0.133876  0.881567  0.161921  0.701154  0.686032  0.851022  0.225237  0.017620  0.628341  0.122758  0.072280  0.062961  0.066420  0.069371  0.064076  0.491768  0.442120  0.366139  0.138277  0.111289  0.033169  0.040679  0.038941  0.044877  0.522043  0.121410  0.742461  0.787174  0.624685  0.903740  0.828142  0.000000  0.828047  0.757302  0.822031  0.681753  0.681753  0.742414  0.732819  0.732819  0.060489  0.648499  0.512483  0.388434  0.073828  0.241977  0.019954  0.081908  0.074819  0.089342  0.083659  0.077613  0.059633  0.041083  0.048403  0.026132  0.058356  0.882720  0.889770  0.693626  0.153933  0.163287  0.109062  0.060435  0.056028  0.832465  0.187517  0.147693  0.218645  0.265463  0.334429  0.421343  0.465641  0.511542  0.529261  0.154387  0.315519  0.291070  0.514177  0.237268  0.053224  0.263426  0.269278  0.165632  0.236445  0.200035  0.088574  0.229064  0.075519  0.142308  0.089137  0.844944  0.703338  0.788898  0.669379  0.534304  0.673067  0.723357  0.704471  0.562870  0.370289  0.184198  0.328277  0.310046  0.328463  0.013023  0.362399  0.218554  0.849135  0.388010  0.024709  0.659577  0.287110  0.231068  0.400270  0.264950  0.028748  0.399313  0.388082  0.411947  0.469155
  0.473300  0.437895  0.550658  0.668607  0.366377  0.393857  0.042599  0.209136  0.133216  0.883045  0.163308  0.703535  0.687403  0.838129  0.229418  0.018096  0.628835  0.122230  0.072245  0.063138  0.065538  0.069202  0.064754  0.494878  0.448431  0.369088  0.139767  0.110174  0.033389  0.039889  0.039008  0.044315  0.525299  0.123706  0.750463  0.790735  0.625947  0.904829  0.828817  0.000000  0.828231  0.759334  0.826352  0.684431  0.684431  0.742341  0.736186  0.736186  0.059868  0.652569  0.514278  0.390153  0.073663  0.241960  0.020899  0.080886  0.076135  0.088810  0.083128  0.077514  0.059502  0.040637  0.047288  0.024641  0.058211  0.882860  0.889917  0.696633  0.153955  0.164925  0.110934  0.061968  0.055308  0.833654  0.188448  0.149043  0.220876  0.267693  0.337002  0.423140  0.468810  0.514862  0.530851  0.153957  0.318979  0.293286  0.516102  0.237128  0.053156  0.267132  0.274024  0.171350  0.242906  0.204787  0.092627  0.233072  0.077058  0.147515  0.091830  0.847159  0.708020  0.790319  0.676274  0.536399  0.679062  0.723583  0.707804  0.565019  0.370670  0.184757  0.329961  0.310427  0.331636  0.013161  0.363988  0.219030  0.843059  0.382460  0.023994  0.659272  0.287279  0.231491  0.400842  0.264969  0.030196  0.405325  0.388689  0.427594  0.475300
  0.475300  0.437131  0.552879  0.668897  0.368358  0.396064  0.042637  0.210491  0.134293  0.881589  0.163843  0.706136  0.687902  0.849580  0.231141  0.018863  0.631847  0.122190  0.071710  0.063227  0.065772  0.068946  0.064775  0.495745  0.444087  0.366428  0.141082  0.111520  0.034611  0.040362  0.040091  0.044502  0.526244  0.122562  0.743912  0.786755  0.626545  0.901683  0.829804  0.000000  0.827064  0.760171  0.825768  0.679771  0.679771  0.742319  0.733977  0.733977  0.059661  0.649247  0.514243  0.392667  0.075458  0.242150  0.020185  0.081708  0.073141  0.089034  0.082415  0.079519  0.059411  0.040768  0.048373  0.024252  0.057937  0.886393  0.890058  0.697472  0.154534  0.166534  0.112009  0.059818  0.056206  0.835171  0.188773  0.149805  0.222172  0.269600  0.338830  0.426037  0.469947  0.515845  0.532981  0.153547  0.317431  0.295346  0.517384  0.238337  0.053516  0.268818  0.278002  0.177281  0.250167  0.209954  0.095978  0.239166  0.079886  0.152264  0.096768  0.845739  0.708014  0.791743  0.674321  0.536207  0.675473  0.725549  0.709259  0.566528  0.371429  0.185328  0.332679  0.312400  0.332958  0.013140  0.364620  0.218821  0.847361  0.379595  0.024683  0.660785  0.286871  0.231222  0.401983  0.265499  0.029743  0.413037  0.404442  0.434176  0.483646
  0.477300  0.436249  0.549770  0.669631  0.368764  0.398754  0.043682  0.214671  0.136344  0.881923  0.165566  0.707335  0.690382  0.853514  0.233558  0.017623  0.632389  0.121454  0.071608  0.062346  0.064962  0.068745  0.065139  0.498631  0.449107  0.369870  0.142923  0.106809  0.033609  0.041616  0.039086  0.045775  0.529468  0.125226  0.746522  0.788611  0.627219  0.905642  0.830856  0.000000  0.828708  0.763177  0.827101  0.682479  0.682479  0.742809  0.736712  0.736712  0.060973  0.649746  0.516083  0.396434  0.074901  0.242271  0.020077  0.081334  0.073987  0.088561  0.082473  0.076885  0.059630  0.041185  0.048099  0.027303  0.058473  0.885039  0.890577  0.698956  0.155472  0.167230  0.112474  0.060343  0.055205  0.836541  0.188397  0.151033  0.222768  0.270923  0.340743  0.428096  0.471887  0.517133  0.534588  0.154005  0.323908  0.296370  0.519970  0.241169  0.053509  0.266640  0.281981  0.182729  0.256647  0.214924  0.099535  0.243013  0.081519  0.156492  0.099147  0.847477  0.707489  0.795495  0.680940  0.536580  0.680548  0.727112  0.712022  0.569307  0.373922  0.185681  0.333840  0.312555  0.335327  0.013269  0.365749  0.219529  0.848267  0.376963  0.023995  0.660340  0.287528  0.232237  0.401785  0.265507  0.029533  0.420527  0.409733  0.437201  0.491346
  0.479300  0.434671  0.549928  0.668495  0.370842  0.401376  0.044468  0.220575  0.138742  0.882757  0.167531  0.709328  0.691703  0.857649  0.237312  0.017984  0.634846  0.121825  0.071979  0.061932  0.065536  0.069253  0.064863  0.500000  0.449792  0.371989  0.143932  0.109727  0.035465  0.040231  0.038020  0.044567  0.533211  0.128116  0.751659  0.791120  0.629602  0.906496  0.829407  0.000000  0.830945  0.765296  0.828880  0.684264  0.684264  0.740981  0.739602  0.739602  0.061823  0.655716  0.517538  0.397384  0.075469  0.241931  0.020127  0.081547  0.074300  0.088346  0.082272  0.077138  0.058943  0.040023  0.047736  0.027167  0.057953  0.885637  0.890931  0.699231  0.154886  0.169317  0.113753  0.060498  0.056098  0.837851  0.188923  0.150876  0.223917  0.271233  0.341672  0.428342  0.472672  0.519222  0.535377  0.153244  0.323071  0.298532  0.520652  0.241097  0.054298  0.270701  0.286785  0.188810  0.264299  0.220692  0.103611  0.247913  0.085031  0.161114  0.103437  0.847931  0.709473  0.798129  0.685067  0.537237  0.682243  0.729541  0.713321  0.571226  0.372754  0.185886  0.336004  0.314811  0.337119  0.013210  0.365555  0.221975  0.850478  0.371385  0.024932  0.663357  0.286851  0.231393  0.402651  0.265440  0.029908  0.425754  0.416970  0.445869  0.497343
  0.481300  0.433757  0.547708  0.670642  0.372453  0.403807  0.046695  0.229564  0.142098  0.883087  0.168114  0.713048  0.693980  0.865674  0.239642  0.018389  0.635748  0.120985  0.070887  0.062537  0.065297  0.068828  0.063945  0.502381  0.447626  0.374023  0.145089  0.110240  0.034836  0.040885  0.039532  0.046963  0.534491  0.130591  0.749685  0.789673  0.629414  0.902636  0.830851  0.000000  0.828643  0.766967  0.830302  0.684880  0.684880  0.741597  0.740021  0.740021  0.060979  0.651689  0.519144  0.399831  0.075941  0.242464  0.020435  0.080981  0.073928  0.087948  0.083258  0.076205  0.059141  0.039680  0.046616  0.027163  0.057580  0.886465  0.891353  0.698808  0.156888  0.171196  0.114192  0.059426  0.056466  0.839497  0.189173  0.151192  0.224614  0.272235  0.342135  0.429491  0.474279  0.520369  0.537595  0.156009  0.327250  0.300184  0.522655  0.242460  0.052977  0.270548  0.290482  0.194072  0.271206  0.226135  0.106675  0.252961  0.086498  0.165898  0.106581  0.849193  0.709729  0.799640  0.682552  0.537944  0.684616  0.730058  0.715572  0.573216  0.374572  0.186890  0.338585  0.316742  0.340073  0.013314  0.366970  0.220205  0.849740  0.365049  0.024850  0.662755  0.287537  0.232860  0.402907  0.266243  0.030207  0.429982  0.422606  0.450879  0.499699
  0.483300  0.433953  0.547121  0.667455  0.375079  0.405886  0.048587  0.239323  0.146503  0.882505  0.170298  0.716368  0.695079  0.872444  0.244623  0.018589  0.635971  0.120869  0.070876  0.062803  0.065282  0.068412  0.063596  0.503502  0.452994  0.379348  0.146642  0.110141  0.034529  0.041156  0.042500  0.046227  0.535699  0.132953  0.756705  0.795849  0.630078  0.910117  0.832612  0.000000  0.832672  0.769536  0.830859  0.688210  0.688210  0.741674  0.742325  0.742325  0.061623  0.657902  0.520185  0.401946  0.076633  0.242710  0.021067  0.080866  0.073441  0.088988  0.081849  0.078684  0.057523  0.039984  0.047480  0.027757  0.057741  0.890612  0.892449  0.699476  0.155867  0.172065  0.114921  0.060501  0.056593  0.841411  0.189283  0.153542  0.226901  0.275322  0.345689  0.433015  0.477752  0.523334  0.540216  0.154230  0.331279  0.302417  0.525800  0.242943  0.053287  0.272881  0.294670  0.199922  0.278679  0.231415  0.110800  0.257408  0.090311  0.170818  0.111327  0.850611  0.713335  0.800377  0.689484  0.540246  0.688913  0.733550  0.720702  0.576786  0.375697  0.187365  0.339441  0.317504  0.342044  0.013403  0.366577  0.219647  0.850680  0.361007  0.025091  0.663549  0.287688  0.232473  0.403674  0.267354  0.030074  0.430636  0.423345  0.459012  0.503990
  0.485300  0.432071  0.546725  0.670787  0.377730  0.409513  0.051154  0.250547  0.151032  0.882166  0.172068  0.717798  0.697249  0.871814  0.248379  0.019087  0.639925  0.120745  0.070680  0.062241  0.065432  0.068701  0.063596  0.504529  0.449387  0.377194  0.147037  0.109440  0.035939  0.040364  0.042438  0.045907  0.538489  0.131624  0.755011  0.793184  0.632477  0.906410  0.833154  0.000000  0.829574  0.771914  0.833462  0.687259  0.687259  0.744992  0.739943  0.739943  0.061882  0.655087  0.521903  0.404384  0.076570  0.243077  0.020100  0.080655  0.073644  0.087528  0.081189  0.076688  0.060821  0.040970  0.046846  0.026604  0.057946  0.886740  0.892492  0.701814  0.157678  0.173160  0.115356  0.060763  0.056518  0.842390  0.191160  0.154777  0.229530  0.278188  0.348105  0.435445  0.479959  0.525624  0.541740  0.153950  0.330130  0.304692  0.528042  0.244671  0.053413  0.273216  0.298454  0.204685  0.284882  0.236251  0.114687  0.261990  0.091230  0.176310  0.115082  0.851961  0.714083  0.803960  0.694506  0.540274  0.688486  0.735404  0.720486  0.579579  0.377211  0.188519  0.341435  0.319683  0.345154  0.013441  0.368188  0.217234  0.853850  0.353530  0.026146  0.665907  0.286885  0.233119  0.403718  0.267226  0.031316  0.435498  0.425417  0.461445  0.512288
  0.487300  0.430836  0.543677  0.668703  0.379263  0.411563  0.054004  0.262149  0.159406  0.881480  0.174672  0.720431  0.696725  0.873068  0.248528  0.018583  0.640732  0.120470  0.070404  0.061674  0.064305  0.067830  0.063929  0.506365  0.454239  0.381113  0.148390  0.107220  0.038123  0.041180  0.043472  0.048085  0.539165  0.133765  0.757210  0.792614  0.633059  0.899929  0.832627  0.000000  0.835476  0.775201  0.833946  0.688923  0.688923  0.746389  0.744041  0.744041  0.062447  0.657377  0.522811  0.406125  0.077225  0.243309  0.020656  0.080615  0.073266  0.087371  0.082623  0.077970  0.058626  0.040135  0.047236  0.027463  0.058207  0.887953  0.892171  0.701898  0.158992  0.174262  0.116002  0.057171  0.056569  0.843342  0.191995  0.156469  0.231220  0.279723  0.350944  0.438204  0.482639  0.526538  0.544036  0.157261  0.333859  0.306621  0.530564  0.245436  0.053208  0.273782  0.302536  0.211118  0.291847  0.242154  0.119013  0.267249  0.094843  0.180859  0.119243  0.853269  0.714423  0.806067  0.694370  0.540479  0.688485  0.737308  0.721368  0.582643  0.379577  0.188868  0.344199  0.321890  0.348661  0.013346  0.368635  0.217280  0.855840  0.347831  0.027049  0.666688  0.287813  0.233286  0.404900  0.266743  0.030784  0.439011  0.426042  0.467577  0.514896
  0.489300  0.428617  0.541209  0.668231  0.381228  0.412592  0.057048  0.274700  0.165538  0.882493  0.177855  0.722542  0.698679  0.868343  0.251065  0.018264  0.642017  0.120114  0.070297  0.062264  0.064904  0.068303  0.063761  0.507032  0.456649  0.382037  0.149394  0.109998  0.037771  0.042302  0.042958  0.046865  0.543246  0.135144  0.757180  0.794806  0.634143  0.907467  0.834776  0.000000  0.836032  0.776878  0.836689  0.692775  0.692775  0.748801  0.744718  0.744718  0.062633  0.657651  0.523715  0.407204  0.076805  0.243240  0.020942  0.079672  0.073132  0.089646  0.081268  0.076532  0.060846  0.040302  0.047198  0.025829  0.057468  0.893311  0.893735  0.702446  0.160608  0.175109  0.116424  0.062849  0.056885  0.845015  0.193552  0.157112  0.233072  0.282150  0.353118  0.440291  0.483840  0.528463  0.545821  0.156492  0.336709  0.308399  0.531931  0.246668  0.053268  0.277243  0.306547  0.216407  0.299145  0.247059  0.122776  0.271429  0.096436  0.185455  0.123013  0.852868  0.718616  0.808802  0.699590  0.542293  0.692075  0.740208  0.724591  0.586800  0.379318  0.189514  0.344156  0.323816  0.350008  0.013426  0.369092  0.218722  0.856433  0.343431  0.025923  0.668432  0.288489  0.233983  0.404249  0.267225  0.031061  0.442959  0.435164  0.468186  0.509530
  0.491300  0.426656  0.540383  0.668334  0.384148  0.415594  0.060752  0.286241  0.169773  0.882449  0.181071  0.727074  0.700316  0.875727  0.253094  0.019117  0.644582  0.119569  0.069961  0.060998  0.064071  0.067229  0.063539  0.508020  0.460428  0.385077  0.149587  0.108675  0.038082  0.041439  0.044559  0.048245  0.545698  0.140788  0.758790  0.795426  0.634548  0.908317  0.834641  0.000000  0.834216  0.777831  0.836495  0.694915  0.694915  0.754463  0.743838  0.743838  0.063141  0.658968  0.526414  0.408248  0.077391  0.244123  0.020204  0.080073  0.073469  0.087073  0.081590  0.077754  0.057279  0.041037  0.046705  0.025613  0.057237  0.889894  0.895004  0.701870  0.159727  0.176475  0.116730  0.059647  0.057315  0.847234  0.193686  0.158734  0.234768  0.283614  0.354963  0.442210  0.485987  0.530532  0.546968  0.155413  0.337813  0.311183  0.535285  0.247068  0.053853  0.274771  0.311461  0.223294  0.306943  0.253150  0.126733  0.276801  0.100211  0.192245  0.127811  0.855354  0.715694  0.810128  0.700290  0.543977  0.695704  0.741934  0.725985  0.589082  0.381766  0.189575  0.346538  0.325083  0.355454  0.013587  0.369082  0.220298  0.856174  0.331937  0.027727  0.668201  0.288563  0.234179  0.403843  0.268730  0.032596  0.443550  0.435922  0.474324  0.520003
  0.493300  0.424565  0.538259  0.667217  0.386964  0.418452  0.065571  0.298388  0.179772  0.884196  0.184463  0.729208  0.702782  0.877144  0.258845  0.019623  0.646064  0.119389  0.070028  0.060888  0.063494  0.067507  0.063956  0.508698  0.462026  0.389759  0.151246  0.107361  0.040222  0.042940  0.046622  0.049709  0.550809  0.142673  0.756221  0.793076  0.636297  0.909717  0.835336  0.000000  0.836784  0.782114  0.837804  0.697274  0.697274  0.754789  0.748282  0.748282  0.063509  0.662919  0.527117  0.410822  0.077700  0.243349  0.020785  0.080345  0.072282  0.086321  0.082388  0.076093  0.060778  0.039952  0.046719  0.026848  0.057520  0.892544  0.895235  0.702341  0.162570  0.177229  0.114701  0.061426  0.056647  0.848217  0.196260  0.158967  0.236222  0.285880  0.356984  0.444309  0.487510  0.532018  0.549236  0.158621  0.337156  0.312656  0.537174  0.249139  0.053006  0.276632  0.315836  0.229329  0.315096  0.259014  0.130856  0.282002  0.102852  0.196811  0.131341  0.857832  0.719623  0.812760  0.709221  0.544664  0.694645  0.744031  0.728509  0.595104  0.382915  0.190914  0.347456  0.327691  0.357292  0.013513  0.371287  0.218786  0.855632  0.327177  0.028410  0.670057  0.287732  0.233315  0.404153  0.268577  0.031719  0.445043  0.436454  0.480012  0.528652
  0.495300  0.422305  0.536842  0.666654  0.391315  0.421038  0.068444  0.309330  0.185026  0.883980  0.188557  0.732474  0.704324  0.877107  0.261473  0.019711  0.646824  0.119226  0.069794  0.061207  0.064041  0.067976  0.062862  0.510267  0.461903  0.391252  0.151057  0.106296  0.041254  0.042287  0.045477  0.050005  0.554474  0.142735  0.758346  0.791631  0.636923  0.908084  0.834730  0.000000  0.835751  0.784385  0.840193  0.696168  0.696168  0.757122  0.751512  0.751512  0.064376  0.660090  0.529707  0.413666  0.079506  0.244750  0.020700  0.082489  0.073135  0.087158  0.081134  0.075870  0.058076  0.040084  0.046293  0.027166  0.057083  0.895400  0.894347  0.701685  0.164533  0.177729  0.114041  0.060538  0.057287  0.849636  0.196428  0.160374  0.237534  0.286538  0.358774  0.447243  0.490092  0.534865  0.551482  0.155248  0.341166  0.315910  0.539561  0.249816  0.052920  0.276835  0.319943  0.234791  0.322001  0.263873  0.135335  0.286138  0.105139  0.201470  0.135954  0.857448  0.718236  0.814882  0.711820  0.545558  0.700985  0.747055  0.731176  0.596729  0.385665  0.192563  0.349025  0.329444  0.361554  0.013590  0.369245  0.221067  0.855372  0.318916  0.028541  0.670615  0.287808  0.234127  0.402572  0.268916  0.032848  0.450452  0.445110  0.486092  0.530051
  0.497300  0.420224  0.533800  0.665377  0.393058  0.424399  0.073451  0.320845  0.189616  0.882339  0.192215  0.737207  0.704633  0.877066  0.268522  0.019336  0.648083  0.118876  0.070256  0.060383  0.063148  0.066908  0.063497  0.510861  0.467535  0.395057  0.151881  0.107474  0.041294  0.042720  0.049478  0.049572  0.556859  0.148020  0.765491  0.794290  0.640452  0.910130  0.836054  0.000000  0.838528  0.787515  0.840230  0.703179  0.703179  0.760557  0.750748  0.750748  0.064441  0.665790  0.530950  0.417113  0.078920  0.244045  0.020442  0.079274  0.072966  0.086817  0.080905  0.075727  0.057682  0.040284  0.046124  0.026075  0.057419  0.892826  0.895606  0.703019  0.163031  0.178840  0.114540  0.060833  0.057874  0.850478  0.197357  0.161427  0.238817  0.287820  0.360133  0.448370  0.491603  0.535530  0.552454  0.157420  0.341145  0.317678  0.542617  0.251386  0.053126  0.279864  0.323993  0.241109  0.330032  0.269556  0.139556  0.291296  0.108577  0.207467  0.140100  0.858740  0.722048  0.816904  0.714412  0.547131  0.700019  0.748383  0.731727  0.600812  0.386640  0.191696  0.350290  0.330524  0.364953  0.013660  0.374580  0.221464  0.858201  0.310344  0.029371  0.670441  0.287198  0.234085  0.403186  0.268131  0.033117  0.453310  0.448219  0.489557  0.531333
  0.499300  0.417686  0.531492  0.663575  0.396589  0.427354  0.077218  0.330853  0.201000  0.882367  0.197634  0.740334  0.707509  0.877034  0.267883  0.019866  0.649679  0.118928  0.069389  0.060799  0.063695  0.067133  0.062877  0.512079  0.464099  0.396932  0.154924  0.106630  0.042062  0.042179  0.049121  0.050189  0.558958  0.148920  0.763507  0.794248  0.639879  0.908238  0.837926  0.000000  0.836161  0.788927  0.842141  0.703928  0.703928  0.762517  0.756340  0.756340  0.065265  0.660004  0.531903  0.420576  0.079757  0.244492  0.021143  0.079804  0.072930  0.086031  0.080873  0.077104  0.058380  0.039854  0.046905  0.027756  0.057569  0.888770  0.896964  0.703211  0.164499  0.180115  0.115440  0.060342  0.058265  0.852366  0.197676  0.161603  0.239752  0.288643  0.361095  0.450100  0.494064  0.537719  0.555736  0.156835  0.346145  0.320009  0.545209  0.253228  0.053321  0.276289  0.327904  0.246302  0.337040  0.274955  0.144177  0.296543  0.110402  0.210870  0.145189  0.861283  0.720203  0.818390  0.720646  0.548426  0.700603  0.750859  0.734817  0.605448  0.388386  0.192242  0.352980  0.334141  0.369314  0.013689  0.373668  0.218729  0.859717  0.303009  0.031477  0.670483  0.285156  0.232989  0.401239  0.267563  0.033325  0.454031  0.449744  0.492968  0.526830
  0.501300  0.415553  0.529887  0.664207  0.399381  0.431017  0.082406  0.341052  0.205788  0.884849  0.202933  0.745919  0.709197  0.878973  0.274726  0.020171  0.651873  0.118701  0.069874  0.061304  0.062721  0.066735  0.062351  0.513198  0.470920  0.399985  0.154602  0.108209  0.045535  0.043019  0.048743  0.051535  0.562678  0.151152  0.764528  0.794940  0.641945  0.909873  0.840061  0.000000  0.835589  0.791915  0.842068  0.707474  0.707474  0.764552  0.757789  0.757789  0.064725  0.667678  0.534951  0.422120  0.079802  0.243941  0.020477  0.079021  0.072644  0.087954  0.080576  0.075902  0.058086  0.040046  0.046243  0.027003  0.057066  0.893773  0.897364  0.705480  0.165921  0.181545  0.116281  0.059641  0.057468  0.853045  0.199441  0.161802  0.239019  0.289060  0.361735  0.449807  0.493458  0.538033  0.556510  0.158328  0.344226  0.322624  0.548326  0.253095  0.053370  0.277454  0.332646  0.252530  0.345671  0.280445  0.150000  0.301841  0.114532  0.215827  0.149274  0.863926  0.725093  0.821570  0.724697  0.549146  0.702303  0.755215  0.738022  0.611965  0.391034  0.193911  0.353989  0.335615  0.374312  0.013827  0.375006  0.219840  0.862322  0.295184  0.033359  0.668978  0.284344  0.232633  0.400295  0.267330  0.034933  0.459407  0.452657  0.496222  0.539875
  0.503300  0.413761  0.528322  0.664461  0.403446  0.434436  0.086482  0.351545  0.209947  0.883193  0.207472  0.748550  0.709955  0.878308  0.276416  0.020770  0.652680  0.118379  0.068660  0.060340  0.062726  0.066338  0.062149  0.513966  0.470731  0.404306  0.154609  0.107447  0.046656  0.043857  0.052635  0.052863  0.563567  0.154129  0.765565  0.792135  0.640307  0.905829  0.837746  0.000000  0.839088  0.794278  0.845085  0.706057  0.706057  0.765611  0.761089  0.761089  0.066106  0.663780  0.537225  0.423687  0.080373  0.246143  0.021811  0.079567  0.070559  0.086186  0.080258  0.074416  0.058219  0.039909  0.046065  0.024426  0.057642  0.894939  0.898044  0.705966  0.165736  0.182012  0.117382  0.060139  0.057533  0.854528  0.199514  0.161004  0.238734  0.288240  0.361420  0.451025  0.495134  0.540090  0.558366  0.157574  0.348967  0.326112  0.550034  0.254694  0.053915  0.278577  0.337813  0.258887  0.353848  0.286559  0.154280  0.305970  0.117358  0.220578  0.153878  0.863327  0.724139  0.821733  0.725318  0.551108  0.703262  0.756326  0.741398  0.613517  0.391606  0.194209  0.356644  0.338101  0.378154  0.013748  0.372547  0.216393  0.858754  0.285539  0.032654  0.669177  0.281910  0.232019  0.399385  0.266868  0.035024  0.465144  0.458068  0.501569  0.542362
  0.505300  0.411893  0.526044  0.663269  0.406914  0.435726  0.090748  0.360026  0.217205  0.882656  0.212481  0.753954  0.712329  0.878348  0.280070  0.020674  0.653350  0.117908  0.069044  0.060867  0.062327  0.066800  0.062626  0.516190  0.471477  0.404469  0.157515  0.104829  0.046596  0.044911  0.055101  0.055952  0.565138  0.155190  0.764680  0.793214  0.642514  0.908699  0.839785  0.000000  0.840774  0.797021  0.844442  0.706659  0.706659  0.767095  0.759107  0.759107  0.065819  0.665711  0.539265  0.426320  0.080412  0.245346  0.020796  0.078475  0.072353  0.086191  0.080595  0.077164  0.056593  0.039298  0.045994  0.025370  0.057441  0.895160  0.897886  0.706059  0.164969  0.183401  0.117338  0.061146  0.058110  0.856160  0.198724  0.150689  0.224249  0.272209  0.344843  0.438450  0.485254  0.535296  0.558197  0.157334  0.349975  0.328168  0.552516  0.255874  0.053073  0.281673  0.341967  0.265165  0.361768  0.293045  0.159398  0.311471  0.121851  0.225824  0.158804  0.865135  0.724345  0.823715  0.727247  0.552842  0.703871  0.757501  0.740171  0.618002  0.393731  0.194685  0.357679  0.340990  0.382712  0.013913  0.374355  0.217630  0.862844  0.280756  0.035572  0.669261  0.280721  0.230862  0.396712  0.266213  0.036613  0.462190  0.464717  0.508017  0.544697
  0.507300  0.410121  0.524561  0.663454  0.410017  0.435804  0.094664  0.367411  0.222419  0.884278  0.218008  0.757838  0.713644  0.878890  0.283455  0.020321  0.653415  0.117739  0.069733  0.060368  0.062629  0.066153  0.062279  0.517607  0.474382  0.408976  0.156330  0.107462  0.048243  0.044275  0.056291  0.053001  0.566721  0.158975  0.767025  0.791392  0.643227  0.910567  0.840376  0.000000  0.839419  0.799014  0.847677  0.713409  0.713409  0.768337  0.766853  0.766853  0.066679  0.673260  0.541573  0.429845  0.081210  0.245890  0.021076  0.079649  0.072535  0.086089  0.080296  0.075091  0.057989  0.040127  0.046572  0.026069  0.056890  0.893597  0.898744  0.706936  0.165095  0.184705  0.117383  0.060366  0.058613  0.858716  0.198968  0.147457  0.219464  0.266774  0.340711  0.433788  0.483182  0.534583  0.557582  0.158327  0.351981  0.330737  0.556539  0.256623  0.053383  0.281291  0.346494  0.270867  0.369292  0.297776  0.163922  0.316257  0.124072  0.231133  0.162948  0.866646  0.729941  0.827828  0.731140  0.553368  0.712884  0.760231  0.743655  0.623137  0.396234  0.196202  0.360154  0.341998  0.386460  0.013914  0.374233  0.217167  0.864545  0.274080  0.035999  0.663379  0.278829  0.230020  0.395908  0.264663  0.036971  0.471028  0.462369  0.508553  0.547215
  0.509300  0.409363  0.522933  0.662203  0.413020  0.442902  0.097898  0.375211  0.229754  0.884314  0.223776  0.762685  0.714674  0.879510  0.282842  0.021293  0.654751  0.117486  0.068836  0.059485  0.061988  0.066219  0.062024  0.520649  0.475924  0.413112  0.157459  0.104541  0.051397  0.045247  0.055343  0.055358  0.569704  0.161225  0.769472  0.794308  0.647598  0.911932  0.841416  0.000000  0.840866  0.801344  0.847966  0.715556  0.715556  0.770669  0.765918  0.765918  0.067544  0.672801  0.542351  0.429440  0.081633  0.245833  0.021428  0.078486  0.074329  0.084109  0.080047  0.073234  0.057504  0.039825  0.046359  0.027050  0.057647  0.891164  0.899319  0.707054  0.168593  0.185062  0.118270  0.061009  0.057801  0.857363  0.201405  0.164298  0.242472  0.292556  0.366795  0.455928  0.499761  0.544675  0.562887  0.158375  0.354019  0.333605  0.557784  0.258624  0.053192  0.280839  0.351219  0.276892  0.377432  0.303947  0.169939  0.322021  0.127410  0.234115  0.168854  0.866036  0.731207  0.828584  0.739820  0.555970  0.709698  0.762525  0.745363  0.627130  0.397756  0.196548  0.362898  0.344096  0.390963  0.013964  0.375949  0.217467  0.860514  0.266440  0.037648  0.663799  0.276948  0.228877  0.393186  0.263422  0.037942  0.478786  0.475988  0.512536  0.549782
  0.511300  0.408347  0.521236  0.659622  0.415973  0.446723  0.101785  0.381828  0.232187  0.883306  0.229820  0.766732  0.716969  0.880112  0.288326  0.021801  0.655876  0.118069  0.068457  0.059334  0.062675  0.066644  0.061954  0.521677  0.477436  0.416274  0.159252  0.105739  0.053410  0.045236  0.059259  0.056574  0.571908  0.165681  0.773197  0.796504  0.650707  0.909944  0.841190  0.000000  0.837524  0.803653  0.849055  0.718097  0.718097  0.772889  0.768698  0.768698  0.066960  0.670637  0.544960  0.431570  0.082147  0.246750  0.021292  0.079367  0.070642  0.088367  0.080187  0.077166  0.056507  0.040956  0.046328  0.027246  0.056927  0.895615  0.899252  0.707556  0.164929  0.185608  0.117926  0.063592  0.058106  0.860124  0.203027  0.167362  0.247143  0.298117  0.371487  0.460150  0.503168  0.547422  0.565804  0.159750  0.354643  0.336711  0.559722  0.258609  0.053050  0.282137  0.355573  0.283492  0.386356  0.310288  0.175802  0.326910  0.130291  0.238521  0.172903  0.870648  0.730311  0.831034  0.744599  0.558436  0.711205  0.763636  0.748275  0.632379  0.399259  0.196992  0.363850  0.347637  0.395814  0.014018  0.374302  0.219690  0.863429  0.256618  0.039631  0.663174  0.275043  0.226990  0.391367  0.262013  0.037384  0.473031  0.473729  0.524330  0.554691
  0.513300  0.405946  0.518796  0.661735  0.418473  0.449038  0.105195  0.387456  0.238819  0.883521  0.236055  0.770900  0.718446  0.880063  0.290596  0.021440  0.655474  0.116912  0.068659  0.059409  0.062242  0.065861  0.061279  0.524311  0.482010  0.420303  0.159517  0.105930  0.054644  0.045554  0.061432  0.056510  0.574873  0.167342  0.779659  0.799018  0.652414  0.911481  0.844313  0.000000  0.840963  0.805208  0.851699  0.723849  0.723849  0.774081  0.774759  0.774759  0.068323  0.672501  0.546602  0.433612  0.082799  0.246324  0.021907  0.079074  0.074054  0.085949  0.079566  0.074899  0.057397  0.039559  0.046246  0.025071  0.057879  0.900030  0.899629  0.708286  0.167990  0.186483  0.118553  0.062283  0.059466  0.860545  0.202789  0.168835  0.250865  0.301564  0.374873  0.463693  0.506521  0.549503  0.566789  0.160492  0.360656  0.338665  0.562280  0.259406  0.052994  0.281319  0.360569  0.288976  0.393368  0.315786  0.180213  0.333036  0.134110  0.241997  0.178965  0.869837  0.733033  0.833787  0.748034  0.558333  0.712827  0.766590  0.751926  0.636424  0.401098  0.198140  0.366363  0.349134  0.401379  0.014123  0.378791  0.216788  0.868527  0.250448  0.040958  0.663840  0.273649  0.226010  0.389985  0.261136  0.038630  0.481633  0.480233  0.526594  0.561234
  0.515300  0.405642  0.519153  0.660922  0.423322  0.452618  0.108931  0.393151  0.237526  0.884557  0.243979  0.776158  0.720302  0.881380  0.293000  0.021861  0.656488  0.117033  0.067674  0.059559  0.062617  0.066188  0.062331  0.527602  0.483841  0.422594  0.160500  0.104826  0.058143  0.046187  0.062876  0.059190  0.576902  0.171636  0.776841  0.797903  0.653548  0.909013  0.843429  0.000000  0.842557  0.808392  0.851699  0.725638  0.725638  0.776788  0.772355  0.772355  0.067990  0.673158  0.547976  0.435789  0.084206  0.246533  0.021495  0.080990  0.072078  0.086037  0.080076  0.074700  0.057445  0.039792  0.046259  0.025115  0.057251  0.897682  0.899443  0.710983  0.171370  0.188003  0.118961  0.061364  0.059524  0.861764  0.204496  0.171218  0.252985  0.304226  0.377646  0.466524  0.508645  0.552002  0.569082  0.160853  0.360462  0.341761  0.564473  0.260826  0.053253  0.284769  0.365961  0.296012  0.402831  0.321186  0.185753  0.338941  0.137676  0.246502  0.185019  0.870676  0.732449  0.835268  0.750542  0.560508  0.716208  0.769782  0.751663  0.644332  0.402914  0.198437  0.366482  0.350381  0.406087  0.014249  0.380989  0.217954  0.864607  0.245158  0.043144  0.663637  0.272214  0.224844  0.387580  0.259724  0.039566  0.479917  0.482536  0.528118  0.568548
  0.517300  0.403813  0.517731  0.661750  0.427051  0.454328  0.111407  0.398148  0.244438  0.884284  0.250398  0.778974  0.721625  0.879980  0.296560  0.022775  0.658036  0.116492  0.067847  0.059825  0.061725  0.066246  0.060932  0.530186  0.488320  0.428369  0.160967  0.105175  0.060277  0.047081  0.063948  0.060679  0.579912  0.172394  0.779138  0.791209  0.656750  0.915933  0.844543  0.000000  0.843680  0.810507  0.855465  0.729338  0.729338  0.777580  0.778368  0.778368  0.069032  0.669120  0.549422  0.436615  0.083905  0.246833  0.022201  0.077721  0.072062  0.087813  0.080283  0.075099  0.059813  0.039576  0.046588  0.026803  0.056382  0.897252  0.901132  0.710310  0.168437  0.188542  0.119992  0.062971  0.059425  0.862714  0.205332  0.171399  0.254401  0.306335  0.379908  0.468088  0.509821  0.552791  0.570025  0.160616  0.363052  0.344507  0.565960  0.261416  0.053231  0.283443  0.371610  0.302756  0.410333  0.328485  0.192224  0.344707  0.142572  0.250580  0.189394  0.872180  0.737903  0.837074  0.756931  0.560253  0.716753  0.770308  0.753487  0.647387  0.404698  0.200129  0.369299  0.353289  0.411499  0.014306  0.378637  0.217699  0.872042  0.239656  0.045271  0.663032  0.269832  0.223711  0.385680  0.258686  0.041074  0.489867  0.492052  0.539859  0.568613
  0.519300  0.404987  0.516591  0.659888  0.429805  0.457968  0.114364  0.402596  0.248905  0.883752  0.257099  0.783849  0.723033  0.879133  0.295867  0.022637  0.658154  0.116219  0.067613  0.058921  0.061923  0.065418  0.061730  0.532586  0.487993  0.431064  0.163408  0.104460  0.062771  0.047455  0.066798  0.061835  0.579765  0.176372  0.774652  0.795990  0.656880  0.913241  0.844202  0.000000  0.843160  0.813156  0.854862  0.734354  0.734354  0.778718  0.779054  0.779054  0.070115  0.677408  0.551552  0.437604  0.084136  0.247087  0.021789  0.081188  0.071841  0.086111  0.079964  0.074902  0.057399  0.039939  0.046140  0.026933  0.057372  0.894278  0.900951  0.710145  0.170049  0.190083  0.118935  0.062268  0.058842  0.863988  0.205537  0.172396  0.255855  0.306857  0.381275  0.469988  0.511254  0.554452  0.571375  0.161796  0.366696  0.347242  0.569516  0.262547  0.053333  0.282742  0.376942  0.309094  0.418802  0.334576  0.197932  0.349676  0.145659  0.253747  0.194742  0.874828  0.739428  0.838350  0.763177  0.562052  0.718084  0.774113  0.754627  0.651590  0.407049  0.200660  0.370417  0.354884  0.415538  0.014389  0.378250  0.219371  0.862820  0.233672  0.047974  0.662358  0.268757  0.222516  0.382714  0.257630  0.041508  0.496597  0.494672  0.542958  0.571825
  0.521300  0.403417  0.516576  0.661441  0.433124  0.460598  0.117375  0.407448  0.252384  0.884251  0.265312  0.789145  0.724964  0.878469  0.297625  0.023349  0.661120  0.116395  0.067253  0.059299  0.060873  0.065615  0.061709  0.535067  0.492679  0.429673  0.163888  0.103753  0.064031  0.048948  0.070509  0.065566  0.582464  0.177567  0.777052  0.792260  0.658511  0.912580  0.844957  0.000000  0.845373  0.815348  0.855416  0.734950  0.734950  0.780858  0.783894  0.783894  0.070101  0.679462  0.553599  0.439770  0.084616  0.247784  0.022046  0.078402  0.072620  0.086220  0.080292  0.075519  0.057759  0.040327  0.046774  0.026733  0.057401  0.896541  0.901253  0.711315  0.169799  0.191071  0.119113  0.057765  0.059499  0.866460  0.206769  0.173027  0.256400  0.308141  0.382388  0.471794  0.512940  0.555322  0.572492  0.162342  0.363636  0.350159  0.570404  0.264031  0.053481  0.283785  0.381940  0.315415  0.428522  0.340713  0.204675  0.356190  0.150057  0.257766  0.200679  0.875322  0.737654  0.841492  0.766371  0.565389  0.720293  0.775561  0.757697  0.656901  0.407703  0.200587  0.372466  0.356563  0.420452  0.014458  0.380582  0.217882  0.870564  0.227579  0.050409  0.659358  0.267063  0.221770  0.381342  0.255400  0.043083  0.493718  0.497731  0.545280  0.575466
  0.523300  0.402919  0.517609  0.661228  0.437059  0.462550  0.119580  0.410510  0.254005  0.885059  0.273624  0.792484  0.726185  0.873553  0.299098  0.024241  0.660525  0.116382  0.067028  0.059761  0.061749  0.064940  0.061041  0.537571  0.494151  0.435901  0.162859  0.102216  0.067216  0.048789  0.072472  0.065097  0.584334  0.179053  0.777908  0.797163  0.660331  0.917274  0.844438  0.000000  0.842868  0.816905  0.856990  0.735653  0.735653  0.781951  0.784051  0.784051  0.071418  0.680966  0.555538  0.441834  0.085039  0.248127  0.022551  0.079058  0.072778  0.086010  0.080317  0.075262  0.060080  0.039861  0.047022  0.026867  0.058678  0.897235  0.902620  0.712061  0.170451  0.190814  0.118528  0.061591  0.059554  0.867073  0.206454  0.174147  0.257037  0.308815  0.383656  0.473047  0.514299  0.557021  0.574203  0.162062  0.367783  0.352445  0.572867  0.264739  0.053538  0.284596  0.387330  0.322592  0.436959  0.347362  0.210643  0.362225  0.153715  0.261146  0.206171  0.876775  0.744040  0.842677  0.777460  0.565379  0.723423  0.777291  0.758832  0.661530  0.409992  0.201549  0.375248  0.359811  0.425814  0.014445  0.380851  0.219095  0.868869  0.219460  0.053382  0.661093  0.266297  0.219572  0.379501  0.254389  0.044111  0.496551  0.510004  0.545909  0.582775
  0.525300  0.404128  0.517806  0.663445  0.440324  0.464336  0.121473  0.414325  0.256898  0.883741  0.282024  0.796666  0.727783  0.862445  0.300030  0.023984  0.660265  0.116276  0.067962  0.058607  0.060819  0.064791  0.061542  0.540247  0.498613  0.443142  0.163610  0.105012  0.069780  0.050404  0.077032  0.066423  0.585553  0.181428  0.779032  0.799028  0.661740  0.911698  0.846227  0.000000  0.848333  0.819840  0.857483  0.740351  0.740351  0.784328  0.792000  0.792000  0.070847  0.683992  0.558058  0.441529  0.085221  0.249360  0.022250  0.079661  0.072483  0.086339  0.080341  0.075008  0.057714  0.040102  0.046224  0.026471  0.057472  0.894835  0.902900  0.713298  0.170429  0.191524  0.119211  0.060669  0.060289  0.868766  0.207396  0.174017  0.258220  0.309918  0.384911  0.474144  0.514775  0.557805  0.575141  0.160097  0.368344  0.354868  0.574878  0.266206  0.053392  0.283663  0.393803  0.329568  0.445195  0.354500  0.217945  0.367079  0.158229  0.264489  0.212967  0.877990  0.742184  0.843310  0.776977  0.568553  0.724996  0.779202  0.759987  0.666238  0.412770  0.202891  0.378335  0.361789  0.431393  0.014518  0.381739  0.219484  0.871189  0.217956  0.055796  0.660591  0.265110  0.219522  0.378243  0.251745  0.044771  0.502699  0.511511  0.553388  0.583923
  0.527300  0.405615  0.520103  0.663195  0.443917  0.466384  0.122987  0.416769  0.257427  0.883014  0.290838  0.800734  0.728431  0.841767  0.302373  0.024851  0.661336  0.116505  0.068012  0.058493  0.062060  0.066035  0.060634  0.541778  0.499778  0.443170  0.165677  0.104130  0.074185  0.050406  0.076076  0.067014  0.586130  0.185618  0.776548  0.798017  0.661674  0.912164  0.846260  0.000000  0.847168  0.822258  0.859089  0.744556  0.744556  0.786157  0.786763  0.786763  0.071395  0.684559  0.558875  0.444298  0.085994  0.248671  0.022346  0.079341  0.074986  0.085525  0.080385  0.075262  0.057954  0.040266  0.046401  0.027100  0.057826  0.898390  0.902710  0.713822  0.172374  0.192315  0.118797  0.058716  0.059288  0.868524  0.208801  0.174461  0.258496  0.310776  0.385828  0.475130  0.516412  0.559010  0.576824  0.160702  0.371493  0.357309  0.576070  0.267491  0.053693  0.284039  0.398562  0.335749  0.453200  0.359899  0.224323  0.372581  0.162223  0.267753  0.218249  0.878945  0.741939  0.844811  0.779499  0.568011  0.724673  0.782028  0.765470  0.671554  0.411540  0.202732  0.378599  0.362805  0.435221  0.014676  0.380657  0.216978  0.873961  0.209884  0.058483  0.660955  0.263660  0.218379  0.376290  0.250401  0.045965  0.501428  0.508753  0.558635  0.583575
  0.529300  0.406075  0.519275  0.663566  0.447996  0.468943  0.124684  0.419977  0.258563  0.885725  0.300358  0.806175  0.730450  0.844305  0.303513  0.024237  0.663539  0.115536  0.067116  0.058785  0.061041  0.064895  0.060383  0.543904  0.499152  0.448028  0.165358  0.105065  0.076478  0.052589  0.082321  0.067301  0.585960  0.187015  0.781500  0.799695  0.662711  0.913311  0.847639  0.000000  0.848424  0.823659  0.860480  0.745508  0.745508  0.787267  0.792173  0.792173  0.071474  0.680507  0.561004  0.445985  0.086764  0.250533  0.022415  0.079711  0.072662  0.088348  0.080531  0.075553  0.057340  0.040317  0.046043  0.025873  0.058109  0.901335  0.903159  0.715207  0.172270  0.192710  0.118974  0.059538  0.059752  0.869816  0.209045  0.175202  0.258620  0.310670  0.386032  0.475260  0.517008  0.558833  0.577422  0.162980  0.371842  0.359107  0.577934  0.268011  0.053424  0.282339  0.404876  0.342183  0.461382  0.366781  0.231502  0.379411  0.166527  0.272665  0.224603  0.879298  0.741163  0.847499  0.780765  0.569132  0.723001  0.783740  0.764932  0.676929  0.414174  0.203266  0.381260  0.366666  0.441947  0.014671  0.382002  0.219058  0.872116  0.207807  0.063247  0.662051  0.264692  0.218370  0.375164  0.249945  0.048349  0.503668  0.514009  0.561543  0.586483
  0.531300  0.408121  0.521308  0.665033  0.451892  0.469958  0.125806  0.420652  0.258767  0.885527  0.310387  0.810934  0.732212  0.855436  0.303031  0.025568  0.663670  0.115565  0.067649  0.059211  0.060794  0.065514  0.060350  0.545032  0.501464  0.451512  0.166412  0.102958  0.079236  0.052436  0.082704  0.071663  0.587719  0.190217  0.781965  0.799153  0.662217  0.916975  0.847587  0.000000  0.847927  0.824296  0.861912  0.753279  0.753279  0.788828  0.795293  0.795293  0.072286  0.689474  0.562124  0.446842  0.087099  0.251631  0.023612  0.079805  0.072641  0.086400  0.080470  0.075533  0.058236  0.040291  0.046734  0.026278  0.058113  0.901517  0.904360  0.715987  0.167738  0.193362  0.118215  0.059795  0.060801  0.871683  0.209628  0.175355  0.259835  0.311996  0.386943  0.477004  0.517694  0.559779  0.578225  0.163624  0.370887  0.361936  0.578965  0.269340  0.053674  0.282695  0.410453  0.348821  0.469171  0.373060  0.237473  0.385026  0.172487  0.276089  0.230434  0.881339  0.744999  0.848980  0.787644  0.571339  0.728786  0.786057  0.767241  0.681531  0.415528  0.203836  0.383651  0.368412  0.447468  0.014712  0.382859  0.220640  0.869994  0.202098  0.066281  0.652799  0.263251  0.217055  0.375062  0.249330  0.049112  0.505033  0.520723  0.565526  0.590978
  0.533300  0.409482  0.522896  0.665794  0.453950  0.471153  0.126908  0.423265  0.263404  0.884214  0.320328  0.814984  0.733560  0.820685  0.304158  0.025441  0.668898  0.114947  0.066605  0.057438  0.059959  0.064499  0.059952  0.546393  0.508921  0.456842  0.165038  0.102155  0.084704  0.054387  0.084154  0.072787  0.588352  0.194832  0.782962  0.798626  0.664942  0.914349  0.849393  0.000000  0.845931  0.826632  0.861817  0.752747  0.752747  0.788982  0.802431  0.802431  0.071973  0.689118  0.564213  0.448230  0.087641  0.252031  0.022310  0.078209  0.072958  0.086995  0.080537  0.075683  0.060396  0.040394  0.047719  0.027518  0.057910  0.894667  0.904152  0.717973  0.170778  0.193671  0.117884  0.058206  0.060940  0.872165  0.209362  0.175508  0.258847  0.311359  0.386488  0.477031  0.517616  0.560060  0.578881  0.161947  0.374543  0.365233  0.580473  0.270273  0.054050  0.284214  0.416088  0.354984  0.476662  0.379732  0.244832  0.391827  0.176127  0.277409  0.236368  0.882828  0.746123  0.850981  0.793908  0.572381  0.731218  0.788903  0.768383  0.685613  0.416936  0.205519  0.385994  0.369831  0.452679  0.014855  0.383208  0.218651  0.868727  0.198212  0.070793  0.658847  0.262909  0.217625  0.374172  0.248241  0.050319  0.509996  0.520281  0.568657  0.593237
  0.535300  0.411851  0.525142  0.668421  0.457407  0.471837  0.128381  0.424751  0.264146  0.884865  0.330699  0.819879  0.733095  0.775084  0.303682  0.026339  0.669752  0.115459  0.066186  0.058741  0.061036  0.065425  0.060713  0.547915  0.508003  0.461082  0.166150  0.102679  0.087791  0.055643  0.089524  0.076054  0.587412  0.199503  0.785006  0.803096  0.666314  0.917155  0.851457  0.000000  0.849934  0.829030  0.862588  0.755023  0.755023  0.793194  0.801359  0.801359  0.073565  0.684954  0.567441  0.448663  0.087994  0.251930  0.024204  0.080071  0.072916  0.086743  0.081046  0.075220  0.055360  0.040411  0.046276  0.028135  0.057953  0.902713  0.903958  0.720656  0.175231  0.194612  0.117539  0.060685  0.060010  0.873658  0.211165  0.175183  0.259175  0.312688  0.387219  0.477106  0.519219  0.561176  0.579092  0.162236  0.374338  0.366966  0.583593  0.271575  0.054875  0.282120  0.422095  0.361461  0.484876  0.385351  0.252006  0.399002  0.181930  0.281712  0.243178  0.882356  0.749024  0.852843  0.796476  0.575473  0.727725  0.789663  0.770847  0.691009  0.419634  0.205037  0.387894  0.373856  0.457158  0.014940  0.383501  0.220097  0.868052  0.195161  0.075166  0.657803  0.261487  0.216366  0.374133  0.248059  0.052365  0.513172  0.514041  0.576895  0.598194
  0.537300  0.414262  0.528866  0.670455  0.460518  0.473696  0.129504  0.425386  0.263396  0.884979  0.341179  0.822577  0.735573  0.781013  0.306992  0.028656  0.671061  0.115766  0.065997  0.057865  0.060511  0.064606  0.060361  0.549444  0.515694  0.465053  0.166053  0.100790  0.092199  0.055198  0.092829  0.077223  0.589538  0.200056  0.788203  0.805891  0.668580  0.919490  0.849991  0.000000  0.848258  0.832066  0.863977  0.764293  0.764293  0.793840  0.804510  0.804510  0.075228  0.694503  0.570800  0.449610  0.088160  0.253758  0.023711  0.080164  0.072804  0.086085  0.080733  0.075838  0.057999  0.040832  0.047245  0.025681  0.059899  0.899492  0.905645  0.721168  0.172203  0.195385  0.117846  0.061450  0.060583  0.874148  0.210878  0.174231  0.258931  0.310821  0.386368  0.477505  0.518614  0.560886  0.580199  0.163043  0.375822  0.368625  0.585815  0.272358  0.053596  0.284377  0.429129  0.368942  0.494239  0.392522  0.259771  0.404354  0.185400  0.284244  0.248768  0.884514  0.750248  0.854382  0.803690  0.576041  0.732800  0.793453  0.771736  0.694605  0.420430  0.206418  0.389747  0.375170  0.462452  0.015054  0.384829  0.218552  0.873481  0.193642  0.079114  0.658140  0.262186  0.216877  0.371940  0.247828  0.052946  0.513222  0.528140  0.578563  0.603862
  0.539300  0.416683  0.531198  0.670978  0.465999  0.474990  0.128816  0.426638  0.268543  0.883657  0.352706  0.825354  0.737638  0.812688  0.306483  0.027234  0.673435  0.115080  0.067250  0.057504  0.061497  0.064894  0.060650  0.549536  0.514890  0.470058  0.167141  0.099528  0.096610  0.056010  0.099449  0.080599  0.591560  0.204057  0.786223  0.803429  0.670343  0.914332  0.851031  0.000000  0.855649  0.832899  0.866441  0.762406  0.762406  0.794933  0.804352  0.804352  0.074452  0.688652  0.573398  0.449785  0.088975  0.254578  0.024371  0.080146  0.073292  0.086819  0.081112  0.075740  0.057937  0.040030  0.046782  0.028190  0.059316  0.903760  0.904869  0.725814  0.171930  0.195015  0.118096  0.059170  0.060549  0.875084  0.211111  0.174371  0.258359  0.310754  0.386203  0.477099  0.518705  0.562794  0.581036  0.163497  0.375959  0.371553  0.586467  0.273676  0.053316  0.282330  0.435021  0.375356  0.500898  0.400047  0.267066  0.412135  0.190051  0.287766  0.255278  0.884407  0.748019  0.855431  0.803829  0.577782  0.731119  0.793959  0.774733  0.699812  0.421309  0.206745  0.392480  0.377163  0.469247  0.015144  0.384990  0.218839  0.876944  0.188493  0.085043  0.658397  0.262601  0.216117  0.371166  0.246747  0.054990  0.514886  0.519999  0.578239  0.594446
  0.541300  0.420480  0.532778  0.672396  0.469396  0.475971  0.130056  0.427619  0.265796  0.883016  0.363247  0.830835  0.736494  0.859757  0.309216  0.028835  0.676284  0.115334  0.066213  0.057868  0.060331  0.064633  0.059836  0.550840  0.516532  0.472614  0.167938  0.103266  0.099799  0.058011  0.102005  0.076399  0.589968  0.210402  0.791257  0.807161  0.670430  0.917185  0.851166  0.000000  0.853414  0.836507  0.867580  0.766666  0.766666  0.795585  0.809051  0.809051  0.075072  0.692927  0.573532  0.450086  0.089459  0.255494  0.025151  0.079834  0.073480  0.086791  0.081186  0.075615  0.060504  0.040761  0.046923  0.027786  0.060444  0.901475  0.904482  0.726616  0.172758  0.196687  0.117919  0.060287  0.060977  0.875386  0.210799  0.173773  0.256274  0.309516  0.384799  0.476381  0.519068  0.561987  0.582088  0.162749  0.377644  0.373518  0.588159  0.274050  0.053978  0.281364  0.441975  0.382860  0.511274  0.407540  0.274569  0.415838  0.194728  0.291149  0.262402  0.884134  0.749643  0.857321  0.803486  0.578739  0.734182  0.793433  0.777246  0.702165  0.423197  0.208073  0.394306  0.379640  0.473448  0.015282  0.386686  0.220978  0.874687  0.186073  0.089973  0.660145  0.261731  0.215575  0.370508  0.246069  0.055792  0.519217  0.535112  0.581839  0.609112
  0.543300  0.422542  0.538517  0.671933  0.472452  0.475984  0.130236  0.427967  0.264649  0.884131  0.374827  0.834229  0.738438  0.873507  0.308479  0.029182  0.678444  0.115202  0.066406  0.057924  0.060306  0.064404  0.060356  0.551593  0.517844  0.477488  0.167558  0.101816  0.104886  0.058426  0.104729  0.084185  0.592123  0.212272  0.786853  0.809210  0.671639  0.918845  0.855084  0.000000  0.849205  0.836970  0.868875  0.771847  0.771847  0.797217  0.812704  0.812704  0.076002  0.696653  0.577317  0.451571  0.090442  0.258128  0.024949  0.081263  0.073199  0.087105  0.081177  0.075973  0.058423  0.040132  0.047346  0.026810  0.059467  0.901156  0.906516  0.726802  0.172816  0.196476  0.117139  0.060035  0.060593  0.875843  0.211136  0.171722  0.255008  0.307586  0.382807  0.474779  0.518283  0.561322  0.581795  0.162578  0.378317  0.374913  0.590156  0.275770  0.053411  0.283701  0.447443  0.389052  0.518199  0.413447  0.281767  0.422679  0.199872  0.294199  0.268741  0.887004  0.752288  0.858557  0.812280  0.580719  0.734728  0.797902  0.776966  0.711228  0.424241  0.208554  0.395570  0.381559  0.478893  0.015351  0.384889  0.222280  0.875181  0.182105  0.095799  0.659347  0.261845  0.215871  0.370407  0.245886  0.057601  0.522707  0.538441  0.586079  0.614331
  0.545300  0.425061  0.539857  0.674645  0.475569  0.476277  0.130137  0.428702  0.269529  0.883816  0.386377  0.835734  0.740611  0.879735  0.308335  0.028663  0.679576  0.114771  0.066047  0.057099  0.059459  0.063636  0.061024  0.552442  0.524462  0.481833  0.169408  0.101862  0.109172  0.059840  0.108779  0.085907  0.590850  0.214212  0.789020  0.805056  0.672766  0.917763  0.852078  0.000000  0.855301  0.838151  0.869217  0.771822  0.771822  0.796541  0.813767  0.813767  0.075850  0.693305  0.579159  0.452379  0.090435  0.259326  0.025558  0.080098  0.073245  0.086934  0.080141  0.075635  0.060613  0.040234  0.048086  0.028601  0.057952  0.899316  0.906116  0.730319  0.174015  0.196964  0.117068  0.059105  0.061081  0.877118  0.210950  0.171324  0.253827  0.305828  0.382743  0.474559  0.518178  0.562573  0.583606  0.164505  0.379671  0.376753  0.592205  0.274510  0.053863  0.282548  0.454467  0.396042  0.527079  0.421112  0.289363  0.428699  0.205707  0.296687  0.274796  0.887995  0.751283  0.858250  0.816040  0.581849  0.733603  0.796081  0.777851  0.711296  0.425427  0.209052  0.396985  0.383173  0.481514  0.015275  0.383842  0.220981  0.876522  0.179359  0.104061  0.655741  0.261525  0.216405  0.368717  0.245843  0.060105  0.525438  0.533672  0.589136  0.614615
  0.547300  0.428616  0.544003  0.676836  0.478321  0.477708  0.130395  0.428204  0.270365  0.884479  0.396948  0.841219  0.741102  0.882572  0.309473  0.029550  0.682340  0.114791  0.065995  0.057363  0.060262  0.064754  0.060032  0.554950  0.527442  0.484749  0.169493  0.103277  0.112094  0.060011  0.114299  0.087454  0.590312  0.219101  0.787623  0.805070  0.675389  0.916282  0.853050  0.000000  0.855070  0.839823  0.870062  0.776017  0.776017  0.799949  0.816837  0.816837  0.076717  0.699328  0.580995  0.452204  0.090851  0.262702  0.026401  0.079917  0.073140  0.088844  0.080957  0.075444  0.056970  0.040466  0.047353  0.028256  0.059729  0.900729  0.907418  0.733197  0.174048  0.197710  0.117302  0.059839  0.062192  0.879182  0.211524  0.170144  0.252361  0.305286  0.381071  0.473594  0.517143  0.563404  0.583551  0.165242  0.383796  0.377126  0.591012  0.276421  0.054004  0.281734  0.460576  0.403160  0.534292  0.427696  0.296745  0.434903  0.210206  0.299365  0.280985  0.888185  0.751959  0.860920  0.816304  0.583659  0.736326  0.799684  0.779558  0.716516  0.426533  0.210272  0.398381  0.386964  0.489259  0.015415  0.383340  0.217493  0.877112  0.178536  0.108799  0.662123  0.261267  0.215457  0.368272  0.245381  0.061037  0.530315  0.541519  0.584597  0.616037
  0.549300  0.431992  0.546372  0.676885  0.480472  0.478276  0.129429  0.427598  0.268855  0.883079  0.407958  0.844908  0.741139  0.883199  0.309970  0.030812  0.681367  0.114572  0.065992  0.057694  0.060023  0.063670  0.060295  0.554982  0.531114  0.487968  0.170352  0.099785  0.119070  0.062337  0.118047  0.091205  0.590984  0.221982  0.793868  0.808169  0.676948  0.917742  0.854234  0.000000  0.854282  0.842414  0.871860  0.779690  0.779690  0.799074  0.817995  0.817995  0.078214  0.698056  0.582968  0.453332  0.091273  0.262925  0.027100  0.081575  0.072737  0.086914  0.080543  0.077242  0.058295  0.040568  0.047534  0.029570  0.058899  0.901512  0.907209  0.732931  0.172912  0.197869  0.116292  0.061584  0.061105  0.879003  0.212879  0.170480  0.252623  0.304650  0.381451  0.473350  0.516783  0.562151  0.582900  0.164303  0.383216  0.378901  0.592566  0.276923  0.054351  0.281368  0.468427  0.410182  0.542716  0.435394  0.303494  0.439212  0.214145  0.302580  0.286850  0.888643  0.752652  0.862258  0.821772  0.584659  0.738613  0.801220  0.781362  0.719207  0.427867  0.210666  0.399608  0.387754  0.491966  0.015409  0.386876  0.220204  0.879471  0.173070  0.116312  0.655995  0.262138  0.216262  0.368271  0.246192  0.062273  0.532446  0.551165  0.600995  0.616421
  0.551300  0.436364  0.550649  0.680310  0.484404  0.479419  0.128926  0.426754  0.265122  0.882058  0.419357  0.846904  0.740996  0.877873  0.309710  0.030545  0.684007  0.114555  0.065297  0.056614  0.060185  0.063763  0.059870  0.557093  0.532399  0.492218  0.170368  0.100797  0.123592  0.062594  0.122488  0.096064  0.590191  0.221925  0.798011  0.810033  0.678051  0.919401  0.855442  0.000000  0.857538  0.843882  0.873305  0.783659  0.783659  0.801115  0.819655  0.819655  0.077779  0.699959  0.587658  0.452387  0.091776  0.267511  0.027686  0.079898  0.073171  0.085765  0.080825  0.075602  0.058600  0.040353  0.046942  0.028735  0.059662  0.904075  0.908208  0.736268  0.173600  0.198475  0.116420  0.061611  0.061010  0.880695  0.213153  0.170692  0.253378  0.305792  0.382208  0.474804  0.519012  0.563219  0.584278  0.164587  0.382766  0.380025  0.595475  0.277353  0.054166  0.280986  0.473985  0.417593  0.549412  0.441660  0.311144  0.444800  0.218925  0.304354  0.293952  0.889289  0.757725  0.862549  0.821997  0.587184  0.742113  0.802669  0.781621  0.721139  0.428232  0.211956  0.401474  0.389538  0.495040  0.015459  0.386594  0.222006  0.881989  0.172653  0.123930  0.658769  0.261462  0.215524  0.366583  0.245826  0.064222  0.535334  0.549039  0.597871  0.620682
  0.553300  0.439987  0.554891  0.681670  0.487401  0.478417  0.128495  0.426464  0.268191  0.882888  0.430287  0.849909  0.742832  0.879765  0.307617  0.031655  0.686426  0.114193  0.066189  0.057061  0.060213  0.063344  0.059633  0.558289  0.537614  0.496557  0.170520  0.103736  0.128198  0.064254  0.124108  0.096578  0.588835  0.228804  0.796350  0.808426  0.680515  0.918927  0.855999  0.000000  0.855941  0.844999  0.871964  0.788507  0.788507  0.802716  0.823216  0.823216  0.079313  0.703296  0.589979  0.452773  0.092317  0.270114  0.029301  0.079879  0.072925  0.086344  0.080230  0.075497  0.059772  0.040437  0.047618  0.029805  0.059162  0.902349  0.907825  0.738681  0.173977  0.199278  0.115984  0.060694  0.061281  0.880681  0.213840  0.172041  0.255596  0.307924  0.384600  0.476579  0.519632  0.563844  0.584946  0.165589  0.385533  0.380584  0.596874  0.279277  0.053945  0.280326  0.480602  0.422909  0.555772  0.447885  0.318256  0.451510  0.224137  0.308418  0.298993  0.891317  0.759351  0.862583  0.824020  0.589117  0.740955  0.804191  0.781641  0.724450  0.430386  0.212325  0.403012  0.392087  0.500238  0.015382  0.385746  0.222605  0.878752  0.168392  0.130388  0.656858  0.262419  0.215642  0.367849  0.245495  0.065472  0.538600  0.553439  0.597606  0.627977
  0.555300  0.442950  0.557230  0.683240  0.489634  0.480426  0.127478  0.425252  0.267106  0.882441  0.440884  0.853998  0.744560  0.879095  0.309284  0.032460  0.687701  0.113618  0.065253  0.056590  0.059901  0.063433  0.058955  0.559204  0.538888  0.500553  0.170070  0.101393  0.133288  0.064823  0.131398  0.098716  0.589930  0.234229  0.796979  0.810376  0.682248  0.915256  0.857138  0.000000  0.857736  0.845704  0.873505  0.789300  0.789300  0.803093  0.825028  0.825028  0.078494  0.705907  0.592384  0.453817  0.091936  0.274418  0.031046  0.081553  0.072839  0.086970  0.080591  0.076960  0.058046  0.040815  0.047226  0.030603  0.060769  0.901050  0.909109  0.740712  0.174240  0.198805  0.115982  0.061135  0.062201  0.881913  0.215169  0.173684  0.258256  0.311134  0.387667  0.479584  0.522025  0.565084  0.586034  0.164081  0.380463  0.382663  0.597377  0.279568  0.053759  0.280231  0.487658  0.430425  0.565295  0.455688  0.325827  0.456442  0.228648  0.311508  0.305657  0.890950  0.756168  0.865412  0.831064  0.590972  0.740596  0.804884  0.785910  0.729161  0.430870  0.213012  0.405731  0.393990  0.504246  0.015464  0.388247  0.222931  0.882149  0.166050  0.138114  0.659830  0.262669  0.215988  0.366839  0.245545  0.067044  0.536696  0.552181  0.597944  0.624243
  0.557300  0.446601  0.560262  0.685797  0.492913  0.480088  0.127100  0.424843  0.266512  0.881500  0.452486  0.855481  0.744839  0.886696  0.308380  0.032872  0.691280  0.114022  0.065767  0.057247  0.059388  0.064099  0.059295  0.560108  0.538387  0.504563  0.168732  0.101614  0.137643  0.065337  0.135751  0.102008  0.589757  0.235979  0.796582  0.810756  0.683792  0.920313  0.858697  0.000000  0.859555  0.847332  0.875951  0.793445  0.793445  0.802878  0.825075  0.825075  0.080168  0.707306  0.594990  0.454234  0.092402  0.277914  0.032046  0.080205  0.072897  0.086130  0.080505  0.074357  0.058290  0.040609  0.047997  0.033089  0.059908  0.904492  0.909169  0.742338  0.175169  0.200021  0.115955  0.060658  0.060963  0.883397  0.216072  0.175982  0.260935  0.314117  0.391031  0.482322  0.524142  0.567198  0.587064  0.165489  0.385024  0.382115  0.598146  0.279958  0.054126  0.280434  0.492900  0.436602  0.573346  0.461909  0.331553  0.462416  0.233648  0.313432  0.311151  0.890283  0.759561  0.867311  0.839355  0.591286  0.741190  0.805998  0.785990  0.732835  0.433194  0.213369  0.407008  0.397111  0.507722  0.015600  0.386923  0.223335  0.880053  0.165472  0.145977  0.658836  0.262486  0.215867  0.366411  0.245995  0.067843  0.537889  0.555134  0.604703  0.629660
  0.559300  0.450268  0.564125  0.688750  0.496079  0.480215  0.126669  0.423519  0.269901  0.882570  0.461882  0.858286  0.745305  0.889521  0.308154  0.033655  0.690896  0.113957  0.065413  0.056649  0.059671  0.063165  0.059886  0.561463  0.544425  0.506902  0.169120  0.100310  0.142268  0.066129  0.140927  0.106068  0.589350  0.242389  0.801110  0.814828  0.684912  0.916577  0.856090  0.000000  0.858314  0.847914  0.876525  0.794050  0.794050  0.806135  0.827600  0.827600  0.078937  0.705938  0.599160  0.454179  0.093278  0.283708  0.033867  0.079741  0.072619  0.086854  0.080239  0.075110  0.057894  0.040661  0.048072  0.033051  0.060052  0.908790  0.909354  0.742383  0.174447  0.199870  0.114816  0.060939  0.062170  0.882688  0.217386  0.177063  0.263175  0.316048  0.393193  0.485103  0.526381  0.568819  0.588375  0.164988  0.384444  0.382801  0.598683  0.280057  0.053808  0.280315  0.499091  0.443853  0.578391  0.467407  0.338961  0.465892  0.238980  0.316207  0.316862  0.889565  0.756436  0.869400  0.838334  0.592179  0.742687  0.809349  0.787442  0.735381  0.433754  0.213763  0.407967  0.398536  0.512623  0.015620  0.385013  0.223104  0.881975  0.164194  0.155142  0.660039  0.263257  0.216918  0.366672  0.246020  0.070854  0.538187  0.558420  0.604768  0.633735
  0.561300  0.453493  0.568338  0.690044  0.498596  0.480461  0.125081  0.421866  0.263806  0.877136  0.472122  0.860466  0.746133  0.886150  0.308235  0.034594  0.693965  0.113179  0.064924  0.056797  0.058752  0.064215  0.058995  0.559852  0.548135  0.510848  0.168469  0.100819  0.146300  0.066427  0.146064  0.110830  0.590423  0.246521  0.801462  0.816830  0.687397  0.919968  0.860792  0.000000  0.861147  0.851419  0.876766  0.796642  0.796642  0.806375  0.828145  0.828145  0.081025  0.711050  0.601543  0.453014  0.093688  0.293315  0.036310  0.079397  0.072905  0.085269  0.079672  0.074350  0.058039  0.040842  0.049144  0.032275  0.060604  0.906076  0.910733  0.745876  0.174283  0.203518  0.114898  0.061432  0.061924  0.880577  0.217516  0.177415  0.264855  0.317227  0.394471  0.485851  0.526559  0.568889  0.586964  0.165856  0.383479  0.382898  0.603564  0.280706  0.053760  0.281058  0.501559  0.444936  0.580896  0.467772  0.344824  0.472853  0.243304  0.318500  0.323546  0.893789  0.756659  0.871868  0.843377  0.597557  0.745062  0.811078  0.788723  0.741690  0.437367  0.216305  0.411732  0.401883  0.515936  0.015731  0.387043  0.224844  0.881641  0.160489  0.163291  0.659991  0.264212  0.217598  0.368376  0.246807  0.071582  0.541856  0.559684  0.607716  0.637747
  0.563300  0.457496  0.571151  0.690289  0.501403  0.481117  0.124691  0.421440  0.265142  0.876399  0.482197  0.862383  0.747278  0.888074  0.308792  0.035416  0.695677  0.113812  0.065665  0.056860  0.059117  0.063587  0.059854  0.562320  0.552101  0.515004  0.168065  0.099921  0.152446  0.067958  0.149757  0.111787  0.589920  0.250808  0.802427  0.813717  0.688831  0.916706  0.861441  0.000000  0.866603  0.852700  0.877243  0.797586  0.797586  0.808305  0.832977  0.832977  0.081100  0.712044  0.604564  0.452591  0.094811  0.299567  0.038899  0.079646  0.071412  0.085441  0.080049  0.074580  0.056946  0.040960  0.048556  0.033995  0.060794  0.906946  0.911455  0.748611  0.175150  0.203317  0.114815  0.060582  0.061588  0.881334  0.217873  0.178849  0.265667  0.319425  0.396511  0.487577  0.528668  0.569760  0.589147  0.165874  0.382047  0.384133  0.604055  0.281868  0.054170  0.278953  0.506859  0.451125  0.586407  0.473615  0.351104  0.477915  0.247901  0.321703  0.328502  0.893781  0.756412  0.869689  0.842501  0.599491  0.743033  0.811481  0.788730  0.740567  0.437717  0.217025  0.411466  0.404384  0.519448  0.015841  0.388388  0.223791  0.884797  0.161306  0.171495  0.662513  0.265070  0.218411  0.368145  0.246872  0.073331  0.540874  0.561245  0.612432  0.631077
  0.565300  0.461170  0.574614  0.693545  0.504128  0.480784  0.123993  0.421869  0.266844  0.876891  0.491058  0.863175  0.748061  0.888066  0.310669  0.035656  0.697276  0.113854  0.065134  0.056236  0.058894  0.063759  0.059424  0.562070  0.552646  0.519678  0.166466  0.101562  0.156622  0.067929  0.154255  0.117496  0.588765  0.253117  0.802119  0.810985  0.690848  0.916969  0.862452  0.000000  0.861042  0.851906  0.878899  0.801655  0.801655  0.809813  0.835652  0.835652  0.082418  0.716187  0.607333  0.452308  0.095045  0.307855  0.042212  0.079671  0.072636  0.085908  0.079482  0.074723  0.057533  0.040532  0.048541  0.034157  0.060887  0.904428  0.911436  0.750080  0.174370  0.203921  0.114427  0.060464  0.062534  0.882191  0.218737  0.180045  0.267167  0.320383  0.397465  0.488217  0.529230  0.570705  0.589860  0.165398  0.385559  0.384546  0.605449  0.282418  0.054446  0.275928  0.511199  0.456461  0.592196  0.478361  0.356409  0.481682  0.253033  0.323956  0.334530  0.893686  0.760132  0.871970  0.841501  0.599608  0.745253  0.812607  0.790872  0.745169  0.439653  0.218117  0.413823  0.406473  0.522610  0.015969  0.384095  0.224582  0.886285  0.158752  0.179142  0.661312  0.265512  0.219299  0.369169  0.247821  0.074448  0.548365  0.567655  0.612985  0.639888
  0.567300  0.465070  0.577179  0.693812  0.507680  0.481521  0.124150  0.420733  0.262104  0.877363  0.500251  0.867190  0.749927  0.885986  0.310621  0.037505  0.699201  0.113566  0.065778  0.056858  0.059351  0.063091  0.059065  0.563968  0.556461  0.522355  0.168471  0.101012  0.161215  0.068859  0.158529  0.118867  0.588287  0.258857  0.804075  0.812138  0.691560  0.920556  0.864105  0.000000  0.861620  0.853752  0.880757  0.803802  0.803802  0.810053  0.836272  0.836272  0.083012  0.713560  0.610545  0.453286  0.094278  0.316732  0.044820  0.079628  0.071637  0.085774  0.079465  0.074452  0.056676  0.040651  0.049493  0.036699  0.060581  0.904284  0.912738  0.751501  0.174805  0.205001  0.114068  0.061610  0.061924  0.883316  0.220020  0.179968  0.267862  0.320924  0.398932  0.489298  0.530002  0.571014  0.590786  0.165372  0.385753  0.385234  0.605673  0.284089  0.054138  0.277886  0.515527  0.461296  0.597576  0.482996  0.361932  0.486285  0.258053  0.326974  0.339850  0.896383  0.757429  0.871216  0.849921  0.601005  0.746894  0.816797  0.792935  0.744353  0.441827  0.219576  0.414091  0.408026  0.524809  0.016163  0.389100  0.224186  0.883742  0.159872  0.186759  0.664496  0.267292  0.218846  0.370906  0.247659  0.076740  0.550175  0.565891  0.610278  0.637049
  0.569300  0.467960  0.582089  0.696288  0.510595  0.481089  0.122552  0.419331  0.264119  0.878061  0.507594  0.868590  0.750002  0.883067  0.310386  0.037919  0.700102  0.113858  0.065175  0.056865  0.059776  0.063217  0.059883  0.564726  0.559730  0.526408  0.168285  0.101587  0.162945  0.069620  0.165469  0.125405  0.587478  0.263477  0.809559  0.817646  0.693858  0.918560  0.863753  0.000000  0.859097  0.856210  0.879941  0.803439  0.803439  0.810433  0.835924  0.835924  0.083710  0.714340  0.614155  0.450958  0.094820  0.325484  0.050013  0.079723  0.072364  0.085502  0.079182  0.074476  0.057817  0.041167  0.049644  0.038447  0.061711  0.905628  0.912082  0.754849  0.173435  0.204478  0.113356  0.060971  0.062859  0.884655  0.221156  0.181493  0.268604  0.322758  0.400043  0.491100  0.531096  0.572872  0.590975  0.165589  0.378626  0.384883  0.606799  0.283788  0.054142  0.279248  0.520871  0.467239  0.603234  0.488283  0.366761  0.490242  0.261719  0.329836  0.344187  0.894538  0.758631  0.873309  0.847599  0.602122  0.746740  0.816119  0.793277  0.745876  0.441485  0.219062  0.415426  0.411294  0.527607  0.016146  0.385162  0.223362  0.882757  0.155690  0.194474  0.664455  0.268525  0.220479  0.370626  0.249172  0.077148  0.552860  0.566647  0.614556  0.644802
  0.571300  0.472454  0.585014  0.698327  0.513171  0.482336  0.121607  0.417787  0.264346  0.878826  0.516706  0.869996  0.751047  0.884615  0.310197  0.038187  0.701599  0.113767  0.065264  0.056711  0.058892  0.062946  0.059093  0.566050  0.562169  0.528842  0.168883  0.100798  0.166317  0.070430  0.166947  0.126076  0.586323  0.268053  0.806699  0.814788  0.695681  0.920092  0.862150  0.000000  0.858512  0.857262  0.882636  0.806311  0.806311  0.812336  0.838882  0.838882  0.083056  0.719227  0.617674  0.451056  0.095484  0.337620  0.053676  0.079628  0.072677  0.085550  0.079834  0.076307  0.057574  0.040797  0.050081  0.039036  0.061419  0.905761  0.912246  0.758296  0.176081  0.205112  0.112834  0.058369  0.063104  0.884289  0.220643  0.181686  0.269798  0.323021  0.401000  0.491742  0.531505  0.573047  0.592232  0.167917  0.379009  0.385068  0.607715  0.283921  0.054256  0.278650  0.524128  0.470910  0.606298  0.491107  0.371063  0.493905  0.265776  0.333349  0.349300  0.895644  0.759832  0.874461  0.848036  0.603661  0.748255  0.815763  0.792421  0.749341  0.443536  0.220790  0.416492  0.413096  0.531416  0.016256  0.389062  0.225424  0.878986  0.155056  0.202215  0.664871  0.270216  0.221820  0.371605  0.249100  0.079111  0.553092  0.572185  0.615122  0.644928
  0.573300  0.475220  0.589786  0.700851  0.514903  0.483065  0.121362  0.417285  0.262866  0.877833  0.523946  0.871223  0.751206  0.890005  0.313251  0.039305  0.697912  0.113821  0.064674  0.056652  0.059077  0.062973  0.058718  0.566226  0.568082  0.535279  0.168625  0.102515  0.170255  0.071059  0.171441  0.132868  0.585544  0.273176  0.812976  0.817824  0.698106  0.925620  0.865508  0.000000  0.863539  0.858067  0.881807  0.809182  0.809182  0.813054  0.839978  0.839978  0.083996  0.726568  0.620254  0.451079  0.094929  0.349667  0.058791  0.080934  0.072690  0.087331  0.078486  0.074081  0.057697  0.041390  0.050589  0.041313  0.062880  0.906222  0.913351  0.759050  0.175077  0.205356  0.112529  0.060915  0.062385  0.884876  0.221871  0.182278  0.270230  0.323837  0.401578  0.492083  0.531689  0.572687  0.592489  0.167786  0.381840  0.384951  0.609150  0.284793  0.054355  0.275034  0.526955  0.476038  0.611182  0.495441  0.375630  0.498061  0.270849  0.335711  0.354496  0.895190  0.760911  0.875887  0.853184  0.605355  0.753818  0.819641  0.795254  0.751373  0.444778  0.221849  0.417286  0.414624  0.532859  0.016512  0.386177  0.226395  0.885671  0.156502  0.210056  0.667039  0.272235  0.222896  0.374141  0.250491  0.079741  0.554507  0.577604  0.617829  0.646723
  0.575300  0.478940  0.592893  0.702725  0.518191  0.481995  0.120389  0.416709  0.264516  0.879424  0.531332  0.873325  0.752594  0.887306  0.309375  0.041027  0.685717  0.114081  0.065148  0.056825  0.059523  0.063168  0.058978  0.568570  0.565489  0.535686  0.166336  0.100579  0.177078  0.072108  0.175185  0.134333  0.584717  0.274807  0.807792  0.815869  0.699088  0.922098  0.864061  0.000000  0.863046  0.857065  0.882426  0.813871  0.813871  0.813429  0.840538  0.840538  0.085837  0.725644  0.621614  0.450882  0.095257  0.360114  0.063999  0.079731  0.070453  0.085173  0.079525  0.074006  0.057998  0.041836  0.052549  0.044198  0.061699  0.906421  0.913166  0.762693  0.172819  0.206282  0.113220  0.060373  0.062759  0.886368  0.222368  0.182691  0.271017  0.324895  0.402152  0.492955  0.532667  0.574314  0.592893  0.167948  0.380181  0.384731  0.609352  0.285556  0.054367  0.274645  0.528946  0.479069  0.614443  0.497534  0.379546  0.501178  0.275817  0.339977  0.357938  0.896395  0.762441  0.876368  0.857268  0.606006  0.755688  0.819632  0.796027  0.752681  0.447733  0.222479  0.419935  0.417826  0.534484  0.016577  0.387776  0.227235  0.881184  0.153418  0.217143  0.664858  0.274452  0.224593  0.373896  0.251008  0.081579  0.559406  0.580619  0.624429  0.652915
  0.577300  0.482170  0.596414  0.704399  0.521766  0.483069  0.119629  0.415591  0.260249  0.880023  0.537815  0.876672  0.753587  0.887001  0.309651  0.042016  0.685243  0.114044  0.066439  0.055898  0.059079  0.064263  0.059819  0.569593  0.571626  0.540024  0.164442  0.100398  0.179652  0.071681  0.179573  0.139986  0.584584  0.279993  0.813668  0.822581  0.702537  0.921298  0.865424  0.000000  0.862533  0.859261  0.883032  0.811693  0.811693  0.814972  0.843182  0.843182  0.084466  0.725879  0.625569  0.450166  0.095854  0.373189  0.069581  0.078649  0.072736  0.082963  0.077901  0.073991  0.057334  0.042251  0.051992  0.045301  0.063434  0.907663  0.912974  0.762493  0.175218  0.205463  0.111603  0.060526  0.062296  0.886395  0.222990  0.183087  0.271944  0.326142  0.403911  0.494086  0.534249  0.574879  0.593875  0.167126  0.380717  0.385031  0.609981  0.286178  0.054647  0.274159  0.532428  0.482620  0.617610  0.499851  0.383697  0.504441  0.279542  0.341407  0.362397  0.897424  0.762039  0.879226  0.855261  0.605819  0.751917  0.821728  0.800843  0.755636  0.448158  0.224179  0.419629  0.418987  0.536110  0.016742  0.385518  0.229429  0.887869  0.152416  0.223929  0.671722  0.277455  0.226168  0.376522  0.253004  0.082738  0.558056  0.580720  0.626050  0.652780
  0.579300  0.486228  0.599801  0.706074  0.522115  0.482366  0.118924  0.414668  0.262630  0.879387  0.544299  0.876430  0.754639  0.884156  0.309004  0.043035  0.686518  0.114142  0.065069  0.056916  0.059284  0.064522  0.059025  0.571250  0.574255  0.540047  0.163116  0.100426  0.182145  0.072984  0.180406  0.144605  0.584957  0.282155  0.813628  0.819288  0.703390  0.922165  0.865765  0.000000  0.863167  0.861737  0.884686  0.812907  0.812907  0.816905  0.844914  0.844914  0.086349  0.728649  0.629626  0.449519  0.095530  0.386582  0.075826  0.082922  0.071108  0.085080  0.077987  0.073026  0.058288  0.042536  0.053081  0.046281  0.063841  0.903474  0.913265  0.767063  0.173214  0.205796  0.111984  0.059171  0.063148  0.887344  0.223685  0.183771  0.272156  0.326582  0.403880  0.494281  0.533279  0.575998  0.594140  0.167375  0.380977  0.384052  0.611092  0.286450  0.054434  0.273179  0.534415  0.485941  0.620570  0.501740  0.387073  0.509187  0.283553  0.344668  0.365943  0.897809  0.759445  0.881328  0.865436  0.607824  0.753476  0.823719  0.799816  0.756480  0.450296  0.225852  0.421025  0.421484  0.538257  0.016881  0.388837  0.226113  0.887667  0.152508  0.229372  0.670170  0.279784  0.228115  0.379346  0.254304  0.084569  0.559874  0.583490  0.624667  0.648716
  0.581300  0.490126  0.603439  0.709308  0.523676  0.482801  0.118138  0.413826  0.261238  0.878908  0.549804  0.878461  0.753688  0.854771  0.308254  0.043869  0.688355  0.114265  0.065695  0.057809  0.058500  0.063429  0.059838  0.571859  0.575396  0.540562  0.163435  0.100140  0.184826  0.073250  0.186486  0.146318  0.584813  0.286402  0.808106  0.819395  0.704412  0.920101  0.866482  0.000000  0.866268  0.863358  0.884671  0.815132  0.815132  0.817616  0.843297  0.843297  0.086316  0.727701  0.631456  0.448755  0.095781  0.399930  0.082811  0.078504  0.073255  0.084423  0.078117  0.073813  0.058633  0.043384  0.054672  0.052586  0.064824  0.908966  0.912147  0.769202  0.174388  0.205965  0.112106  0.060841  0.063573  0.887986  0.224368  0.183585  0.272973  0.326357  0.404959  0.494967  0.535936  0.574733  0.594286  0.167113  0.377371  0.383436  0.611689  0.287376  0.054108  0.274388  0.535444  0.488847  0.621504  0.503202  0.389273  0.511866  0.287948  0.347545  0.369601  0.899374  0.761395  0.880569  0.862238  0.608146  0.756989  0.825243  0.799728  0.758835  0.452360  0.227270  0.423447  0.424641  0.539591  0.017079  0.385929  0.228103  0.890780  0.150667  0.236243  0.676416  0.283088  0.230231  0.380995  0.256862  0.084691  0.558281  0.579794  0.625755  0.649341
  0.583300  0.492655  0.606242  0.710520  0.525929  0.482630  0.117477  0.412930  0.259512  0.879013  0.555125  0.878457  0.755095  0.877668  0.308504  0.045346  0.690394  0.114244  0.064811  0.055912  0.058715  0.064681  0.059248  0.572640  0.576357  0.545336  0.162388  0.100340  0.186920  0.073170  0.188738  0.151101  0.583428  0.292305  0.816591  0.825501  0.706665  0.921832  0.868947  0.000000  0.865881  0.863043  0.885137  0.812456  0.812456  0.819865  0.844163  0.844163  0.087098  0.728481  0.632935  0.447738  0.097250  0.413151  0.089305  0.082221  0.073330  0.084581  0.077690  0.072953  0.058441  0.043715  0.054247  0.053594  0.065369  0.907787  0.913266  0.772444  0.174506  0.206910  0.110930  0.059358  0.063183  0.889859  0.225551  0.184313  0.273153  0.328368  0.405404  0.495487  0.535636  0.575552  0.595821  0.165881  0.378755  0.382486  0.614252  0.288803  0.054696  0.271975  0.537430  0.492395  0.624276  0.505223  0.393535  0.515178  0.291403  0.350709  0.373218  0.899383  0.766495  0.879621  0.861912  0.610146  0.759324  0.824613  0.805733  0.758963  0.454752  0.229240  0.424856  0.427153  0.542648  0.017315  0.386950  0.230910  0.888811  0.149046  0.241973  0.679516  0.286399  0.232255  0.383877  0.258808  0.085348  0.564763  0.586707  0.631891  0.658760
  0.585300  0.495515  0.609388  0.710501  0.528131  0.482779  0.116652  0.411576  0.258157  0.879314  0.559945  0.879172  0.756242  0.888111  0.306952  0.046379  0.690471  0.114355  0.064814  0.056648  0.058708  0.062733  0.058801  0.572893  0.577688  0.548787  0.161641  0.100174  0.184227  0.072951  0.189594  0.156209  0.582881  0.293427  0.810023  0.821293  0.709256  0.921835  0.868309  0.000000  0.864542  0.865935  0.885591  0.817729  0.817729  0.819353  0.844771  0.844771  0.087685  0.731161  0.635544  0.446853  0.096695  0.427037  0.096145  0.083308  0.073979  0.085040  0.078163  0.074468  0.059326  0.043960  0.054992  0.056885  0.066403  0.904792  0.914484  0.774086  0.174441  0.205564  0.111619  0.060681  0.062934  0.890437  0.226266  0.184591  0.274980  0.329415  0.406991  0.496836  0.536129  0.575965  0.595922  0.166410  0.374436  0.381863  0.615339  0.288207  0.054669  0.270886  0.539354  0.495848  0.627171  0.506750  0.395586  0.516426  0.295713  0.353650  0.375766  0.899678  0.766238  0.881438  0.865067  0.611224  0.760622  0.826476  0.802811  0.759940  0.456293  0.229063  0.423596  0.428370  0.544502  0.017324  0.383399  0.228862  0.890586  0.149659  0.245810  0.678284  0.289349  0.233941  0.386599  0.261046  0.087568  0.567961  0.576428  0.636559  0.656775
  0.587300  0.497751  0.611756  0.711898  0.529893  0.482251  0.116012  0.411058  0.257310  0.879492  0.564158  0.882622  0.756314  0.885334  0.304551  0.047121  0.693120  0.114363  0.064787  0.055902  0.057805  0.063115  0.059167  0.573228  0.578227  0.545186  0.158688  0.099448  0.192436  0.073506  0.192436  0.159859  0.582503  0.298749  0.811448  0.817895  0.710505  0.922826  0.868963  0.000000  0.869442  0.866578  0.887038  0.820280  0.820280  0.819830  0.845464  0.845464  0.088097  0.734208  0.638729  0.446465  0.096770  0.440880  0.103331  0.081302  0.076577  0.084690  0.077494  0.074690  0.058361  0.045136  0.056767  0.058608  0.067460  0.911350  0.914202  0.777510  0.174408  0.206701  0.110328  0.060000  0.063836  0.891733  0.226915  0.184990  0.274921  0.329392  0.406907  0.497071  0.536566  0.575751  0.595692  0.168753  0.377669  0.381835  0.615929  0.289013  0.055476  0.271430  0.543137  0.500181  0.630997  0.509674  0.397608  0.520302  0.297966  0.356889  0.379775  0.900134  0.765256  0.884204  0.864515  0.612531  0.760081  0.829316  0.803845  0.762936  0.458719  0.231962  0.425128  0.429168  0.545307  0.017443  0.385349  0.230330  0.892372  0.149738  0.250432  0.683309  0.293147  0.237095  0.389598  0.262729  0.087557  0.564908  0.589401  0.632783  0.653913
  0.589300  0.503595  0.615530  0.713111  0.533193  0.482080  0.115758  0.410846  0.256821  0.879226  0.568761  0.881212  0.756979  0.870629  0.304691  0.048624  0.697981  0.114076  0.065363  0.055383  0.059923  0.063643  0.059600  0.573033  0.584998  0.552829  0.160657  0.096271  0.192615  0.073350  0.196629  0.158611  0.581727  0.304772  0.818992  0.823033  0.712344  0.919972  0.868997  0.000000  0.866075  0.867676  0.888136  0.816184  0.816184  0.821184  0.845100  0.845100  0.089543  0.737182  0.641143  0.445580  0.096683  0.453525  0.110555  0.081498  0.074256  0.084824  0.077719  0.075482  0.060252  0.045544  0.058535  0.061764  0.068407  0.907005  0.913902  0.779293  0.174826  0.206634  0.109903  0.058867  0.064428  0.892666  0.227749  0.185310  0.275154  0.330597  0.408405  0.498094  0.536765  0.577066  0.596868  0.169104  0.376164  0.381728  0.616662  0.289063  0.055715  0.269046  0.545175  0.504210  0.634691  0.512284  0.400967  0.522491  0.302410  0.359915  0.382607  0.899569  0.764205  0.883635  0.863150  0.612806  0.756890  0.829640  0.806499  0.762874  0.461978  0.234881  0.427227  0.431175  0.546308  0.017591  0.388258  0.229198  0.886540  0.147277  0.254237  0.683542  0.297140  0.239606  0.393257  0.266157  0.089036  0.564203  0.589677  0.637095  0.663257
  0.591300  0.505431  0.616880  0.714674  0.535147  0.482484  0.115359  0.409568  0.256877  0.878758  0.572154  0.883248  0.757159  0.879076  0.308824  0.050140  0.699673  0.114622  0.065119  0.056645  0.059008  0.063713  0.059015  0.571988  0.586107  0.552791  0.160681  0.098257  0.194888  0.073189  0.200335  0.167099  0.582074  0.306641  0.822554  0.828215  0.713042  0.926626  0.869568  0.000000  0.871224  0.868438  0.888863  0.819455  0.819455  0.821981  0.853481  0.853481  0.090043  0.739833  0.642288  0.444481  0.097516  0.465673  0.117165  0.081943  0.074671  0.085249  0.077292  0.074714  0.060273  0.046003  0.059628  0.066449  0.069909  0.914644  0.912978  0.783318  0.175546  0.207318  0.109722  0.063749  0.063173  0.892572  0.228352  0.186261  0.276724  0.331624  0.409197  0.499117  0.539029  0.578010  0.597811  0.167019  0.376005  0.380099  0.618463  0.289529  0.054865  0.271222  0.547987  0.507823  0.637567  0.514567  0.401717  0.525105  0.304756  0.362687  0.386649  0.899569  0.767900  0.885637  0.869286  0.613420  0.765568  0.831505  0.807865  0.765382  0.463894  0.235136  0.427096  0.434433  0.547701  0.017593  0.385228  0.231275  0.893329  0.148783  0.258099  0.690199  0.300693  0.242188  0.395362  0.268042  0.088826  0.572643  0.591124  0.645702  0.665824
  0.593300  0.506366  0.618911  0.713318  0.536351  0.482597  0.115151  0.409063  0.255531  0.878223  0.575567  0.884033  0.756455  0.864559  0.308060  0.050920  0.707609  0.114057  0.065595  0.057442  0.059074  0.063079  0.059714  0.571079  0.587815  0.556695  0.159493  0.100046  0.196148  0.073648  0.197486  0.169016  0.582440  0.310323  0.823032  0.831115  0.715515  0.926403  0.871117  0.000000  0.865407  0.871574  0.890386  0.822140  0.822140  0.822986  0.851155  0.851155  0.090676  0.737076  0.646238  0.443615  0.097560  0.478323  0.123489  0.082098  0.076846  0.086870  0.077215  0.074704  0.061408  0.047179  0.060462  0.069996  0.070560  0.906302  0.913887  0.783815  0.173342  0.207313  0.109958  0.060040  0.063172  0.893139  0.228132  0.186629  0.276637  0.331526  0.408742  0.498828  0.537746  0.577905  0.596046  0.169096  0.375211  0.378446  0.618744  0.290268  0.054898  0.269342  0.551391  0.513000  0.641228  0.517742  0.404061  0.528202  0.308888  0.365997  0.388604  0.901969  0.766693  0.887544  0.868176  0.614239  0.763077  0.833572  0.809927  0.767349  0.466307  0.237028  0.428193  0.437724  0.549069  0.017732  0.387399  0.231675  0.892146  0.147075  0.261095  0.689088  0.305435  0.245726  0.399784  0.271869  0.089754  0.574611  0.592605  0.639184  0.669920
  0.595300  0.509540  0.620875  0.716000  0.537519  0.481395  0.114211  0.407587  0.257154  0.879345  0.578822  0.886092  0.759506  0.881942  0.306303  0.052716  0.712260  0.114073  0.064858  0.055993  0.059447  0.063534  0.059872  0.571267  0.589223  0.555237  0.157474  0.099160  0.194300  0.074212  0.200848  0.173158  0.582240  0.316611  0.821647  0.825674  0.718520  0.920905  0.871328  0.000000  0.870532  0.870151  0.889748  0.820990  0.820990  0.825544  0.848247  0.848247  0.090763  0.738358  0.647400  0.442219  0.096877  0.488845  0.130474  0.082674  0.074407  0.084478  0.077126  0.075408  0.061456  0.047342  0.062527  0.073175  0.071805  0.913132  0.915923  0.785101  0.175209  0.207889  0.110476  0.061223  0.063426  0.895839  0.228999  0.187024  0.278117  0.331998  0.410144  0.499531  0.538915  0.578608  0.596672  0.167500  0.373951  0.375837  0.619290  0.290008  0.054710  0.269015  0.553680  0.516204  0.644382  0.519701  0.406077  0.530079  0.312539  0.368934  0.391992  0.901972  0.764068  0.887348  0.873002  0.614690  0.762778  0.831697  0.810582  0.767240  0.469018  0.239776  0.428147  0.437666  0.551623  0.017952  0.388388  0.230600  0.890254  0.149018  0.263193  0.693664  0.309509  0.248140  0.403708  0.274685  0.089753  0.576791  0.598889  0.649621  0.669483
  0.597300  0.510525  0.623294  0.716900  0.539282  0.481478  0.113423  0.407614  0.253225  0.877392  0.580449  0.884140  0.758487  0.885509  0.304484  0.053939  0.714023  0.114025  0.064953  0.056707  0.058577  0.062787  0.059182  0.570010  0.592641  0.560793  0.155729  0.100271  0.195514  0.074235  0.201669  0.174209  0.582723  0.320528  0.824279  0.829922  0.719914  0.919382  0.871373  0.000000  0.868925  0.871159  0.889135  0.821269  0.821269  0.824733  0.849657  0.849657  0.091882  0.737564  0.649561  0.441292  0.097722  0.497769  0.136751  0.082879  0.075228  0.085281  0.076904  0.074826  0.061132  0.048676  0.062240  0.075256  0.072927  0.912325  0.914693  0.789454  0.175708  0.207376  0.108916  0.060485  0.064521  0.894621  0.230071  0.187285  0.278150  0.332840  0.410924  0.500317  0.539049  0.578401  0.598077  0.170442  0.372813  0.375992  0.620331  0.290316  0.054866  0.268202  0.556968  0.521053  0.648319  0.523230  0.407286  0.532484  0.314016  0.371868  0.394172  0.901399  0.763636  0.888206  0.866918  0.615093  0.764236  0.835205  0.812380  0.771175  0.471116  0.240878  0.428654  0.440179  0.550668  0.017789  0.388536  0.231759  0.894965  0.148326  0.265574  0.696666  0.313936  0.251497  0.406794  0.278405  0.090496  0.573413  0.598799  0.647513  0.669211
  0.599300  0.514846  0.625208  0.717578  0.541597  0.481526  0.113863  0.406621  0.254102  0.876655  0.583863  0.886945  0.758396  0.886273  0.301461  0.055299  0.715461  0.113841  0.064623  0.057115  0.058968  0.063782  0.059701  0.569138  0.591466  0.562465  0.154196  0.099042  0.198726  0.073461  0.204068  0.177360  0.582874  0.326907  0.826378  0.833648  0.721395  0.924072  0.872022  0.000000  0.866743  0.872575  0.891361  0.822655  0.822655  0.825873  0.850884  0.850884  0.091466  0.741488  0.650583  0.440271  0.097475  0.508055  0.142104  0.083268  0.074414  0.084745  0.078205  0.075951  0.062803  0.048682  0.063854  0.077204  0.074165  0.910733  0.914665  0.789747  0.173982  0.207678  0.109171  0.058988  0.063509  0.896563  0.230845  0.187577  0.278677  0.333910  0.412073  0.500849  0.539892  0.579787  0.598069  0.168105  0.370572  0.374714  0.621552  0.290819  0.055502  0.267371  0.560323  0.525405  0.652632  0.525851  0.410224  0.535046  0.318339  0.374990  0.397849  0.901012  0.767915  0.889626  0.867582  0.615945  0.767571  0.834046  0.811506  0.769415  0.472886  0.243014  0.430167  0.440939  0.551223  0.017758  0.387900  0.228677  0.889523  0.149238  0.267077  0.693769  0.318870  0.255081  0.409717  0.281069  0.092358  0.573405  0.600518  0.646421  0.670617
  0.601100  0.514448  0.626794  0.717786  0.542344  0.481779  0.112869  0.406787  0.253849  0.876614  0.585507  0.887027  0.757834  0.891069  0.304584  0.056411  0.716641  0.113838  0.064587  0.055196  0.058850  0.063266  0.059748  0.567857  0.595935  0.563025  0.155521  0.097720  0.198834  0.076002  0.202370  0.181864  0.580113  0.328783  0.820578  0.833484  0.721773  0.922358  0.871149  0.000000  0.868295  0.873301  0.891243  0.825574  0.825574  0.827216  0.851915  0.851915  0.092421  0.742176  0.652696  0.439206  0.097887  0.517667  0.146698  0.083470  0.075502  0.085461  0.077032  0.077759  0.063551  0.049796  0.064544  0.079414  0.074773  0.908364  0.914756  0.792731  0.175579  0.207820  0.108884  0.060723  0.064156  0.896682  0.231716  0.187521  0.279245  0.333506  0.412459  0.501165  0.540487  0.579653  0.598153  0.170043  0.369200  0.373555  0.621740  0.291151  0.055467  0.266754  0.562919  0.528741  0.655205  0.528350  0.411528  0.538392  0.321431  0.377644  0.399058  0.900843  0.766200  0.893340  0.875194  0.616939  0.767316  0.837346  0.815205  0.770923  0.475542  0.243824  0.430707  0.442655  0.552925  0.017983  0.385695  0.232634  0.893437  0.146666  0.268798  0.695057  0.322859  0.257510  0.414016  0.284915  0.091797  0.579841  0.600348  0.646337  0.675252
  0.602700  0.515628  0.627611  0.719898  0.544191  0.482118  0.113905  0.406192  0.252550  0.876588  0.586314  0.887107  0.759812  0.892534  0.304550  0.056971  0.720161  0.113819  0.064601  0.056281  0.058458  0.064321  0.059227  0.568605  0.591339  0.562974  0.153863  0.099532  0.199879  0.073942  0.203814  0.184847  0.581405  0.332754  0.824380  0.836467  0.721875  0.924594  0.872158  0.000000  0.870438  0.874090  0.892037  0.823480  0.823480  0.826004  0.850987  0.850987  0.093469  0.743532  0.653190  0.438897  0.097739  0.523022  0.151104  0.083488  0.075365  0.085407  0.076926  0.075561  0.062831  0.050698  0.065327  0.082925  0.076184  0.911364  0.915663  0.794681  0.175245  0.207858  0.108000  0.060612  0.064601  0.899537  0.231836  0.187590  0.279255  0.333789  0.411994  0.502498  0.540323  0.579310  0.598107  0.169722  0.367953  0.373046  0.622869  0.290664  0.055394  0.263937  0.565273  0.532884  0.657821  0.531145  0.414185  0.539592  0.321413  0.381214  0.402942  0.901746  0.765382  0.892470  0.876228  0.617790  0.767182  0.837010  0.814571  0.771227  0.478594  0.246201  0.431010  0.444315  0.552940  0.017819  0.387907  0.232591  0.893262  0.150453  0.270873  0.702562  0.326599  0.260874  0.416520  0.287715  0.093270  0.578835  0.605571  0.645245  0.671809
  0.604300  0.517593  0.629240  0.720569  0.544071  0.481637  0.112605  0.406565  0.254030  0.876177  0.588043  0.887806  0.760448  0.893313  0.303378  0.058631  0.721013  0.113793  0.064468  0.056972  0.059521  0.062838  0.059155  0.567706  0.594656  0.566953  0.149324  0.101041  0.199648  0.074304  0.204523  0.185730  0.581061  0.337925  0.820865  0.835360  0.724223  0.921814  0.872624  0.000000  0.870943  0.874567  0.891707  0.823396  0.823396  0.828132  0.848855  0.848855  0.092932  0.740954  0.655254  0.437436  0.097646  0.527719  0.154441  0.083831  0.076072  0.084719  0.076644  0.078991  0.066588  0.051002  0.066227  0.084135  0.076635  0.907115  0.915754  0.796236  0.174406  0.207845  0.108121  0.062117  0.064037  0.897244  0.232305  0.188128  0.280032  0.334447  0.412902  0.502641  0.540593  0.580322  0.598719  0.169904  0.365907  0.371799  0.623183  0.291439  0.054930  0.264240  0.568513  0.536913  0.662417  0.534729  0.415017  0.541962  0.325327  0.383774  0.405742  0.901668  0.765302  0.892854  0.874573  0.617923  0.767780  0.838822  0.816629  0.771901  0.480815  0.246923  0.432987  0.445926  0.554357  0.018021  0.381839  0.231465  0.894533  0.146570  0.270449  0.703296  0.331593  0.263314  0.421142  0.290527  0.092038  0.575899  0.603237  0.642878  0.680041
  0.605900  0.518037  0.631219  0.720334  0.544986  0.482014  0.113374  0.406643  0.257421  0.875900  0.589743  0.888518  0.759530  0.893312  0.302943  0.059895  0.723286  0.113535  0.064353  0.055549  0.058288  0.063012  0.060402  0.567523  0.596043  0.562404  0.153255  0.097771  0.200967  0.073960  0.207284  0.188808  0.580886  0.340285  0.825003  0.833050  0.725729  0.922274  0.872838  0.000000  0.872413  0.874324  0.893093  0.823215  0.823215  0.828932  0.850200  0.850200  0.094184  0.743797  0.655796  0.435857  0.097954  0.533265  0.159061  0.084499  0.076290  0.089341  0.076903  0.077048  0.065003  0.051763  0.066497  0.082532  0.078229  0.914260  0.915756  0.797284  0.174438  0.207649  0.107728  0.060804  0.064209  0.897802  0.233005  0.187640  0.280008  0.334687  0.413462  0.503127  0.540507  0.579586  0.598662  0.171658  0.367458  0.371063  0.623830  0.291698  0.054694  0.263429  0.571480  0.539606  0.665150  0.535442  0.418041  0.543592  0.326732  0.385250  0.407688  0.899921  0.765316  0.893412  0.873591  0.618206  0.768134  0.841410  0.817370  0.774319  0.481311  0.249207  0.433358  0.447741  0.556247  0.017980  0.385407  0.234296  0.891363  0.148935  0.270707  0.708894  0.334909  0.265603  0.423163  0.294853  0.092959  0.581374  0.602638  0.651740  0.666599
  0.607500  0.520563  0.631088  0.719756  0.545722  0.481560  0.112691  0.406394  0.256534  0.874315  0.590984  0.887876  0.759231  0.892747  0.301441  0.061510  0.724711  0.114107  0.064567  0.056028  0.058581  0.063692  0.059140  0.567730  0.593868  0.564529  0.146867  0.098695  0.199805  0.073816  0.205928  0.189678  0.583096  0.344525  0.825608  0.832039  0.725535  0.923007  0.872116  0.000000  0.870367  0.878097  0.891973  0.822152  0.822152  0.829414  0.849697  0.849697  0.094502  0.743623  0.657785  0.435331  0.097473  0.536614  0.159912  0.084142  0.076340  0.084816  0.076579  0.076852  0.066620  0.052124  0.066438  0.086448  0.078231  0.904908  0.915810  0.799424  0.174999  0.207762  0.106866  0.060551  0.064639  0.899447  0.233269  0.188266  0.280022  0.334891  0.413991  0.502815  0.540860  0.580294  0.599124  0.169995  0.365268  0.369032  0.625001  0.292211  0.055234  0.263903  0.574544  0.542611  0.667686  0.538308  0.418733  0.546533  0.328794  0.387752  0.409288  0.900078  0.765693  0.894458  0.874204  0.618207  0.771510  0.839886  0.817716  0.772695  0.482761  0.251076  0.433306  0.448409  0.556218  0.018085  0.385867  0.232715  0.893133  0.147444  0.271462  0.704728  0.337827  0.268883  0.428030  0.297481  0.092671  0.579980  0.600254  0.650810  0.682204
  0.609100  0.520845  0.629582  0.720448  0.545898  0.482546  0.113390  0.406471  0.254446  0.874615  0.592139  0.888660  0.761568  0.891287  0.302158  0.061889  0.725284  0.114226  0.065655  0.055739  0.057963  0.063395  0.059205  0.567426  0.596950  0.567535  0.151297  0.097779  0.202246  0.075125  0.206179  0.191154  0.583016  0.344225  0.827594  0.838876  0.728033  0.924321  0.874110  0.000000  0.874438  0.875743  0.892871  0.824279  0.824279  0.830781  0.850102  0.850102  0.094237  0.743133  0.658379  0.435902  0.097773  0.542488  0.163066  0.083569  0.076154  0.089237  0.076188  0.077177  0.069898  0.052886  0.067269  0.087238  0.079438  0.911410  0.915823  0.800690  0.173297  0.207935  0.106550  0.060822  0.064291  0.899094  0.234428  0.188089  0.281320  0.335223  0.413802  0.503100  0.541272  0.579597  0.598490  0.171734  0.363828  0.368942  0.624855  0.291914  0.055059  0.264604  0.577174  0.546939  0.669774  0.541277  0.420446  0.546844  0.330904  0.390307  0.411168  0.899726  0.764253  0.894927  0.877661  0.619223  0.772633  0.840550  0.817026  0.773302  0.485264  0.251023  0.434863  0.449479  0.556242  0.018060  0.385953  0.231885  0.892531  0.149147  0.272081  0.707589  0.342003  0.271648  0.431050  0.301587  0.093277  0.579902  0.608974  0.652326  0.678918
  0.610700  0.522364  0.633367  0.721827  0.546351  0.481066  0.113609  0.407236  0.252180  0.874440  0.593334  0.887255  0.761660  0.886425  0.298203  0.063452  0.725342  0.114272  0.064589  0.055347  0.058889  0.063599  0.058688  0.567868  0.599948  0.569498  0.151611  0.098660  0.201175  0.073981  0.206695  0.193841  0.582870  0.352397  0.830456  0.844187  0.728822  0.924600  0.874234  0.000000  0.874146  0.877954  0.893446  0.826742  0.826742  0.830769  0.854848  0.854848  0.096034  0.749877  0.660005  0.433095  0.098447  0.546900  0.166288  0.088224  0.076447  0.084792  0.076447  0.076770  0.067113  0.053275  0.068589  0.090301  0.079974  0.915152  0.916805  0.802315  0.173654  0.208273  0.106673  0.059429  0.064159  0.899360  0.235568  0.188224  0.280915  0.335081  0.413749  0.502818  0.541574  0.580099  0.598745  0.170070  0.365898  0.367117  0.625775  0.292816  0.055855  0.260000  0.579110  0.549434  0.671794  0.543114  0.422654  0.550454  0.333001  0.393713  0.414498  0.899985  0.766415  0.895864  0.876746  0.620315  0.773699  0.839830  0.818200  0.772385  0.486156  0.253860  0.433274  0.451596  0.556450  0.018183  0.387725  0.236174  0.896226  0.149445  0.271707  0.714144  0.346077  0.274797  0.433002  0.305338  0.093983  0.584238  0.610973  0.653390  0.682610
  0.612300  0.524252  0.633857  0.723260  0.548620  0.481104  0.114004  0.407225  0.255056  0.874841  0.593978  0.890768  0.761512  0.869862  0.304437  0.064463  0.728581  0.114049  0.064724  0.055834  0.059541  0.062709  0.058788  0.567538  0.600095  0.572183  0.148097  0.098235  0.199725  0.074403  0.207598  0.195788  0.583047  0.352436  0.829845  0.838719  0.730325  0.926431  0.872108  0.000000  0.869608  0.879234  0.895553  0.825148  0.825148  0.829528  0.852522  0.852522  0.095942  0.743626  0.660480  0.432335  0.098367  0.550178  0.168203  0.084608  0.076530  0.084617  0.076530  0.082750  0.067872  0.053786  0.069535  0.091542  0.080051  0.910550  0.915960  0.804448  0.174136  0.207908  0.107166  0.060394  0.064007  0.899825  0.235128  0.188381  0.281231  0.335433  0.414271  0.503657  0.541690  0.580879  0.599125  0.170533  0.365269  0.366315  0.626148  0.294129  0.055203  0.262407  0.582374  0.552320  0.673915  0.545740  0.423850  0.551678  0.335202  0.396202  0.417341  0.901452  0.766808  0.896441  0.870942  0.618548  0.773822  0.841734  0.820261  0.776291  0.488259  0.254600  0.434033  0.452357  0.557857  0.018179  0.387691  0.236351  0.896378  0.147681  0.271759  0.716073  0.349204  0.277678  0.437298  0.308228  0.093544  0.583831  0.610521  0.658767  0.682633
  0.613900  0.523263  0.634964  0.721621  0.548840  0.481112  0.114129  0.407995  0.256438  0.872986  0.595019  0.889442  0.760208  0.883035  0.300494  0.065684  0.728076  0.114030  0.065493  0.056201  0.059012  0.063486  0.059306  0.568128  0.600486  0.573361  0.148928  0.098081  0.200506  0.074527  0.205388  0.197121  0.583922  0.356758  0.830210  0.843088  0.730640  0.925059  0.873911  0.000000  0.873556  0.879560  0.895056  0.829127  0.829127  0.830974  0.853710  0.853710  0.096596  0.748784  0.661889  0.431534  0.098392  0.553858  0.169756  0.084442  0.078533  0.087439  0.077324  0.077001  0.065796  0.054166  0.069365  0.090365  0.081032  0.911345  0.916933  0.804450  0.176101  0.207870  0.106359  0.059260  0.064274  0.899825  0.235559  0.188978  0.281369  0.336341  0.414797  0.504031  0.543143  0.581100  0.599655  0.173036  0.364285  0.364993  0.626527  0.292908  0.055027  0.259846  0.584732  0.555826  0.676453  0.547594  0.426731  0.555204  0.338728  0.399015  0.419995  0.900508  0.764287  0.897376  0.876932  0.620082  0.778848  0.842121  0.820154  0.775115  0.489298  0.255486  0.434407  0.453169  0.558763  0.018334  0.384986  0.233122  0.893238  0.146184  0.272409  0.714052  0.354030  0.280167  0.439845  0.313319  0.094529  0.581160  0.610196  0.660218  0.683687
  0.615500  0.524892  0.636573  0.724078  0.549311  0.481071  0.114223  0.408539  0.256942  0.873392  0.596198  0.891470  0.761464  0.886511  0.302499  0.067204  0.728100  0.114540  0.064603  0.056808  0.058850  0.064266  0.059752  0.568433  0.604364  0.573192  0.147286  0.098808  0.201895  0.073773  0.207089  0.198905  0.584972  0.363066  0.830480  0.843401  0.732389  0.923010  0.873646  0.000000  0.872431  0.879317  0.895624  0.825662  0.825662  0.832237  0.852351  0.852351  0.096676  0.748160  0.662676  0.429299  0.098105  0.556274  0.172117  0.088451  0.076019  0.084591  0.076308  0.077416  0.069006  0.054017  0.069783  0.094716  0.081172  0.911777  0.916036  0.804558  0.175691  0.208400  0.107017  0.059761  0.064746  0.901216  0.236821  0.189013  0.282107  0.336502  0.415440  0.504303  0.542310  0.581240  0.599629  0.170287  0.362446  0.365248  0.626001  0.294370  0.054915  0.262606  0.587764  0.559763  0.680444  0.550864  0.429532  0.558633  0.340041  0.400852  0.421496  0.900350  0.765012  0.898146  0.875251  0.620273  0.773737  0.842161  0.821454  0.776036  0.491674  0.257092  0.435363  0.454033  0.559527  0.018400  0.387945  0.234987  0.895252  0.151060  0.271825  0.716778  0.357194  0.284398  0.444517  0.316853  0.093691  0.585970  0.612403  0.660478  0.687424
  0.617100  0.525921  0.635531  0.723590  0.550329  0.481856  0.114112  0.408487  0.256907  0.873842  0.595796  0.889508  0.762173  0.890677  0.299069  0.068328  0.728902  0.114371  0.065258  0.056160  0.059272  0.063645  0.059874  0.569504  0.601246  0.570191  0.147981  0.097443  0.202413  0.074937  0.205949  0.200292  0.584189  0.362626  0.829889  0.843566  0.733768  0.922068  0.874550  0.000000  0.871834  0.878866  0.895161  0.822454  0.822454  0.832725  0.848932  0.848932  0.098182  0.744636  0.662727  0.428690  0.098517  0.559305  0.173680  0.084902  0.077969  0.085278  0.076476  0.077329  0.066131  0.055146  0.069696  0.096265  0.082050  0.908762  0.916946  0.809471  0.173656  0.208358  0.105982  0.060389  0.064040  0.902499  0.236562  0.189121  0.282366  0.337066  0.415924  0.504784  0.543174  0.581641  0.599798  0.172182  0.359121  0.363235  0.627460  0.293759  0.056075  0.259246  0.590750  0.562095  0.682297  0.552634  0.431298  0.558440  0.342221  0.403381  0.424588  0.901808  0.763366  0.898917  0.881041  0.618961  0.777074  0.845528  0.823438  0.777469  0.493227  0.258533  0.436540  0.455735  0.560221  0.018531  0.383945  0.235432  0.892262  0.149064  0.271870  0.717600  0.361106  0.286521  0.448401  0.320228  0.094797  0.582954  0.608922  0.654813  0.681206
  0.618700  0.526130  0.637867  0.723592  0.551382  0.480831  0.115491  0.409315  0.258106  0.874269  0.597458  0.889517  0.763081  0.894134  0.300790  0.069624  0.728737  0.114601  0.064734  0.055871  0.058494  0.064304  0.059905  0.570380  0.602446  0.574942  0.148314  0.097968  0.200157  0.074120  0.208332  0.201730  0.585148  0.367619  0.828748  0.846440  0.734641  0.923254  0.874299  0.000000  0.869026  0.882340  0.896197  0.823682  0.823682  0.833678  0.851474  0.851474  0.098145  0.745338  0.663400  0.428058  0.098423  0.562053  0.176170  0.084120  0.080228  0.088243  0.076267  0.081071  0.067588  0.055569  0.070394  0.096632  0.082047  0.910687  0.917034  0.808872  0.174296  0.208510  0.105932  0.058303  0.064304  0.901873  0.237676  0.189462  0.282558  0.337338  0.416354  0.505142  0.543688  0.581619  0.600392  0.172544  0.360436  0.362507  0.627163  0.294928  0.055262  0.258972  0.593311  0.564790  0.685732  0.554553  0.433250  0.560806  0.344417  0.405343  0.426886  0.902464  0.765883  0.898614  0.885344  0.619381  0.774834  0.845293  0.823062  0.776896  0.495227  0.260478  0.437026  0.457125  0.559794  0.018550  0.385041  0.236776  0.894966  0.151578  0.271745  0.717628  0.363886  0.290697  0.450697  0.324427  0.095041  0.581573  0.609279  0.656422  0.689073
  0.620300  0.526591  0.635729  0.722367  0.552182  0.481992  0.114873  0.410457  0.257708  0.873336  0.597871  0.892246  0.762956  0.894133  0.298313  0.071094  0.729308  0.114437  0.064535  0.056037  0.058407  0.063290  0.059760  0.570478  0.601669  0.577510  0.145629  0.097897  0.201295  0.074057  0.208204  0.202944  0.585097  0.372723  0.828925  0.846641  0.736250  0.926092  0.874122  0.000000  0.871143  0.880476  0.895958  0.828015  0.828015  0.834488  0.851509  0.851509  0.098579  0.746256  0.664951  0.427491  0.098679  0.564256  0.176756  0.087572  0.077955  0.084755  0.075870  0.077606  0.066798  0.055802  0.070657  0.095071  0.082765  0.911183  0.917084  0.811123  0.174523  0.208657  0.106060  0.061131  0.064034  0.903504  0.238377  0.190078  0.284102  0.337380  0.416720  0.505747  0.543879  0.581858  0.600002  0.172186  0.361381  0.361900  0.628695  0.295301  0.055401  0.260303  0.596324  0.566849  0.686704  0.557773  0.435566  0.563684  0.346375  0.408802  0.429775  0.900508  0.766418  0.899546  0.881699  0.620456  0.777524  0.844143  0.823633  0.777167  0.496507  0.261418  0.437012  0.458272  0.559503  0.018777  0.387179  0.236547  0.896266  0.150735  0.271078  0.718833  0.367344  0.291983  0.455377  0.328898  0.094891  0.583335  0.615287  0.661336  0.688589
  0.621900  0.528402  0.639451  0.723595  0.554950  0.481551  0.116327  0.410421  0.259691  0.874045  0.598439  0.892313  0.762681  0.894828  0.298651  0.071913  0.730124  0.114445  0.064612  0.056528  0.059220  0.063530  0.060022  0.572019  0.602690  0.574802  0.146752  0.096915  0.200170  0.074993  0.208336  0.202996  0.586901  0.375967  0.828851  0.848140  0.737725  0.924383  0.873618  0.000000  0.871126  0.881626  0.897914  0.829040  0.829040  0.834114  0.852876  0.852876  0.098676  0.749502  0.665815  0.426616  0.098423  0.567138  0.178413  0.084813  0.077416  0.084813  0.076027  0.077271  0.072354  0.056445  0.070447  0.097386  0.083253  0.914313  0.916261  0.810465  0.173316  0.208029  0.105280  0.060513  0.064826  0.902975  0.239209  0.190078  0.283641  0.338225  0.417181  0.507054  0.543648  0.582088  0.600770  0.172842  0.358818  0.361989  0.628801  0.295840  0.054759  0.259270  0.598738  0.569898  0.688480  0.558932  0.438246  0.565649  0.348758  0.411501  0.432402  0.900436  0.765734  0.901555  0.875721  0.620831  0.780173  0.847700  0.824692  0.778677  0.498301  0.262599  0.438644  0.458999  0.561315  0.018784  0.383011  0.235721  0.896253  0.150545  0.270961  0.722566  0.371377  0.295599  0.458456  0.332895  0.096330  0.591024  0.611614  0.658345  0.688247
  0.623500  0.527541  0.638975  0.724867  0.554960  0.481405  0.116411  0.412332  0.258694  0.873841  0.599983  0.892307  0.764934  0.892069  0.300671  0.073143  0.729231  0.115043  0.064922  0.055893  0.058535  0.062996  0.059487  0.571676  0.603856  0.576126  0.142648  0.098863  0.201557  0.074660  0.209106  0.204545  0.588563  0.375824  0.826824  0.844508  0.738967  0.924780  0.875306  0.000000  0.872524  0.882449  0.899550  0.826149  0.826149  0.834544  0.854695  0.854695  0.099452  0.751790  0.666330  0.425717  0.098480  0.569924  0.179552  0.085591  0.078575  0.084397  0.075813  0.077475  0.066921  0.056401  0.071917  0.098627  0.083741  0.914199  0.917164  0.813380  0.173564  0.208424  0.104947  0.059956  0.064922  0.902868  0.240286  0.190558  0.285041  0.338856  0.417732  0.506834  0.544428  0.582251  0.600702  0.171872  0.356750  0.360426  0.631089  0.294954  0.055376  0.259437  0.601910  0.574890  0.692519  0.561968  0.440752  0.568377  0.350925  0.413178  0.435443  0.901337  0.767174  0.901941  0.874897  0.621056  0.777773  0.849768  0.826836  0.778414  0.498730  0.264194  0.437973  0.460836  0.562049  0.019063  0.383724  0.238619  0.898473  0.151940  0.270781  0.720685  0.375703  0.299315  0.462192  0.337198  0.095353  0.587176  0.607945  0.665808  0.688286
  0.625100  0.528875  0.639484  0.726573  0.556808  0.480806  0.116815  0.413740  0.258468  0.874710  0.599826  0.892313  0.764798  0.894837  0.300611  0.074945  0.730853  0.114971  0.065712  0.056505  0.059462  0.063872  0.060156  0.572206  0.606534  0.576344  0.144430  0.096092  0.200784  0.073588  0.207920  0.205254  0.589113  0.385143  0.829778  0.851515  0.740094  0.929453  0.875686  0.000000  0.872458  0.884072  0.897916  0.827188  0.827188  0.835320  0.855063  0.855063  0.100162  0.753994  0.666802  0.424700  0.098760  0.570080  0.180328  0.086295  0.075189  0.085189  0.076780  0.082210  0.068228  0.056917  0.071404  0.098915  0.083683  0.911668  0.917240  0.811902  0.173101  0.208259  0.105091  0.059909  0.064638  0.903609  0.240508  0.191486  0.284662  0.339706  0.418659  0.507299  0.544815  0.583484  0.602243  0.171046  0.353483  0.359537  0.628386  0.295610  0.055207  0.258829  0.604060  0.575219  0.692748  0.562938  0.442599  0.570298  0.354236  0.417197  0.437603  0.902983  0.767162  0.901247  0.877784  0.619800  0.781784  0.847802  0.826186  0.778102  0.500958  0.265177  0.438778  0.461280  0.564030  0.019092  0.385817  0.237172  0.895200  0.152555  0.270681  0.726517  0.377959  0.300574  0.465527  0.340577  0.095425  0.586231  0.613507  0.659766  0.695935
  0.626700  0.529916  0.638065  0.725696  0.556119  0.482029  0.118250  0.415866  0.261544  0.875186  0.601026  0.890987  0.765920  0.894847  0.300471  0.076149  0.729962  0.114837  0.064861  0.056606  0.059685  0.064732  0.059377  0.572441  0.607638  0.579575  0.143188  0.096555  0.200183  0.073739  0.210341  0.205931  0.589517  0.385867  0.832385  0.846859  0.740408  0.922523  0.875410  0.000000  0.873530  0.883807  0.898465  0.825079  0.825079  0.835847  0.853589  0.853589  0.101166  0.747039  0.666794  0.423874  0.099059  0.571451  0.181746  0.085057  0.076906  0.084725  0.075628  0.077613  0.069811  0.056915  0.071892  0.099862  0.084265  0.914477  0.918163  0.814784  0.175221  0.208752  0.105601  0.058174  0.065076  0.902792  0.241200  0.191339  0.285205  0.340249  0.419740  0.507610  0.544357  0.582949  0.602015  0.172822  0.353350  0.359269  0.630334  0.296643  0.055693  0.256808  0.605375  0.577706  0.695059  0.565171  0.444634  0.572063  0.354625  0.418389  0.439700  0.901896  0.762869  0.902871  0.876290  0.622531  0.779293  0.848443  0.827319  0.780047  0.502158  0.265958  0.441417  0.464830  0.563000  0.019284  0.381501  0.236786  0.899516  0.151676  0.270007  0.728010  0.380792  0.304392  0.469350  0.344200  0.095076  0.584662  0.617001  0.658872  0.689935
  0.628300  0.528281  0.640577  0.726310  0.559431  0.481037  0.119456  0.416122  0.260343  0.875286  0.602116  0.895043  0.766919  0.896151  0.297222  0.076735  0.729640  0.114919  0.065088  0.056855  0.059096  0.063528  0.060986  0.572688  0.605396  0.580485  0.143496  0.099085  0.202669  0.074181  0.207070  0.207148  0.589802  0.390518  0.830882  0.847757  0.740312  0.925354  0.874421  0.000000  0.875336  0.884390  0.899042  0.827616  0.827616  0.839333  0.857125  0.857125  0.102486  0.749324  0.668191  0.424091  0.098704  0.573982  0.182812  0.087221  0.076667  0.084853  0.075517  0.078005  0.066744  0.057758  0.072635  0.099713  0.084551  0.912274  0.918221  0.815491  0.172725  0.208223  0.104466  0.061486  0.065518  0.905809  0.241589  0.191736  0.286062  0.340490  0.419749  0.508309  0.545671  0.583340  0.601713  0.170991  0.355387  0.358234  0.630591  0.296354  0.056394  0.255275  0.608213  0.580175  0.697354  0.567872  0.446960  0.576616  0.358017  0.420800  0.441525  0.902881  0.770304  0.903722  0.875920  0.621809  0.779856  0.848528  0.828937  0.781239  0.503349  0.267536  0.440351  0.463827  0.564590  0.019353  0.383390  0.237355  0.899699  0.149934  0.269323  0.729548  0.384162  0.306806  0.471772  0.348685  0.096376  0.584721  0.614060  0.663611  0.690306
  0.629900  0.530331  0.640171  0.728167  0.557369  0.481490  0.119547  0.418086  0.261885  0.875931  0.602022  0.893722  0.767009  0.895522  0.298464  0.079295  0.730448  0.114955  0.064800  0.055921  0.058969  0.064042  0.059992  0.573335  0.606587  0.580502  0.140028  0.098780  0.200725  0.074173  0.208645  0.208802  0.590984  0.392931  0.829874  0.853150  0.741915  0.926148  0.874904  0.000000  0.873244  0.887307  0.901153  0.825680  0.825680  0.838511  0.857861  0.857861  0.102020  0.753039  0.668852  0.421459  0.099099  0.577073  0.183671  0.084468  0.076949  0.084230  0.075791  0.077707  0.067403  0.058478  0.071983  0.100113  0.085881  0.912453  0.917307  0.815542  0.174454  0.208464  0.103650  0.060128  0.065015  0.903511  0.241162  0.191506  0.286234  0.340891  0.419345  0.508316  0.545854  0.583162  0.601739  0.174720  0.353387  0.356144  0.629542  0.296818  0.055130  0.254561  0.610040  0.582980  0.699279  0.570045  0.449979  0.575891  0.359315  0.422920  0.444766  0.903520  0.767209  0.902677  0.878816  0.622014  0.782062  0.850645  0.827482  0.780134  0.504056  0.268337  0.441245  0.465714  0.564763  0.019423  0.382284  0.237225  0.893633  0.154536  0.269032  0.725816  0.386233  0.309021  0.475646  0.351624  0.095780  0.587357  0.613563  0.663156  0.689276
  0.631700  0.530696  0.640806  0.727492  0.558940  0.480662  0.120688  0.419419  0.261937  0.875579  0.603264  0.893094  0.768115  0.896150  0.297529  0.079402  0.730706  0.115176  0.065737  0.056086  0.058754  0.064042  0.060321  0.573242  0.608256  0.582093  0.140796  0.096383  0.200568  0.074108  0.208969  0.210147  0.592550  0.397267  0.832607  0.854342  0.742710  0.926089  0.875650  0.000000  0.871922  0.885220  0.899870  0.828610  0.828610  0.838223  0.856035  0.856035  0.102047  0.751892  0.669624  0.420671  0.099433  0.577874  0.184770  0.084943  0.076822  0.084117  0.076592  0.078354  0.067638  0.057755  0.072699  0.102350  0.085557  0.908823  0.917372  0.817767  0.174660  0.208569  0.104730  0.061116  0.064736  0.905337  0.242547  0.192188  0.286601  0.341560  0.420161  0.508740  0.545892  0.584194  0.602156  0.171326  0.353178  0.355512  0.630538  0.296457  0.055259  0.255991  0.614390  0.586619  0.701747  0.572897  0.452998  0.579176  0.361901  0.425512  0.446109  0.904691  0.767099  0.904843  0.879274  0.621056  0.786492  0.850450  0.829681  0.782438  0.506057  0.269521  0.441958  0.466321  0.565307  0.019718  0.382848  0.239569  0.896261  0.155974  0.268597  0.730837  0.389509  0.311786  0.478954  0.355880  0.096932  0.587691  0.621607  0.662786  0.692858
  0.633700  0.530123  0.640007  0.725815  0.560328  0.482014  0.120975  0.420925  0.264481  0.876083  0.603985  0.895116  0.767261  0.896159  0.297932  0.081433  0.731757  0.115415  0.065225  0.056061  0.059383  0.064602  0.059791  0.572318  0.607951  0.581882  0.138940  0.098842  0.201593  0.073888  0.207323  0.210070  0.592671  0.400682  0.833888  0.853199  0.743548  0.920818  0.875251  0.000000  0.875086  0.887671  0.899878  0.817758  0.817758  0.839508  0.853587  0.853587  0.103603  0.753165  0.670470  0.419853  0.099316  0.578951  0.186064  0.085150  0.076557  0.084170  0.075195  0.077553  0.067684  0.058282  0.072550  0.103081  0.085329  0.911979  0.918364  0.818358  0.174119  0.207899  0.104031  0.061023  0.065154  0.903878  0.244400  0.192507  0.287379  0.342107  0.420784  0.509285  0.546128  0.584430  0.601701  0.173349  0.353178  0.354558  0.632377  0.297732  0.055429  0.255529  0.617401  0.589958  0.704515  0.575362  0.455192  0.581621  0.363907  0.427794  0.449751  0.903600  0.764994  0.906082  0.879363  0.622523  0.782951  0.852432  0.831398  0.781666  0.507594  0.271309  0.442083  0.467703  0.567299  0.019685  0.382708  0.240644  0.897850  0.156693  0.269202  0.729555  0.392276  0.315392  0.483130  0.361927  0.096513  0.584575  0.611893  0.663976  0.691975
  0.635700  0.530703  0.639820  0.726359  0.561893  0.481317  0.122644  0.422683  0.265993  0.875912  0.605202  0.893718  0.769837  0.896832  0.295883  0.082654  0.732188  0.115447  0.065256  0.056026  0.059184  0.063931  0.059986  0.572921  0.607745  0.587916  0.138944  0.097762  0.201461  0.074420  0.209155  0.214650  0.591898  0.407360  0.835214  0.858589  0.744652  0.927853  0.876870  0.000000  0.876255  0.889024  0.899603  0.829263  0.829263  0.840237  0.853587  0.853587  0.103987  0.756708  0.670676  0.417545  0.099072  0.579988  0.187391  0.085103  0.077376  0.083963  0.075521  0.079146  0.068287  0.058585  0.073454  0.102629  0.086581  0.907655  0.917461  0.818337  0.174143  0.208158  0.104277  0.058401  0.064754  0.905998  0.243587  0.192849  0.288183  0.343340  0.422004  0.510193  0.547605  0.585170  0.603376  0.171654  0.349289  0.351920  0.631608  0.297712  0.055833  0.255742  0.619174  0.591612  0.705782  0.576565  0.457663  0.584521  0.367999  0.429568  0.454040  0.904430  0.770280  0.906350  0.882441  0.624065  0.784877  0.851884  0.831800  0.781929  0.509343  0.271977  0.442853  0.469378  0.567357  0.019932  0.383310  0.240830  0.893525  0.155774  0.267439  0.731342  0.395623  0.318058  0.486249  0.364996  0.097046  0.587612  0.623121  0.668105  0.691665
  0.637700  0.529977  0.641369  0.727709  0.563237  0.481903  0.124356  0.425038  0.267664  0.876025  0.606168  0.895744  0.769033  0.897396  0.296220  0.084933  0.732203  0.115685  0.064923  0.056504  0.059539  0.063971  0.059905  0.572012  0.610533  0.585712  0.136694  0.097902  0.200614  0.075162  0.209238  0.215119  0.593506  0.407952  0.833355  0.855846  0.745463  0.923705  0.875746  0.000000  0.874044  0.889282  0.900677  0.829204  0.829204  0.842276  0.856387  0.856387  0.104562  0.752683  0.671072  0.417135  0.099434  0.583777  0.188733  0.085170  0.075836  0.083843  0.075513  0.076985  0.067940  0.058377  0.073135  0.104801  0.086575  0.911679  0.918438  0.821910  0.173250  0.208262  0.103514  0.058581  0.065138  0.907638  0.244831  0.192878  0.288443  0.343555  0.422079  0.509814  0.547348  0.584883  0.603382  0.172706  0.347412  0.351986  0.631551  0.298371  0.055635  0.255094  0.622370  0.595047  0.708344  0.579153  0.461452  0.586925  0.369730  0.432724  0.455164  0.903233  0.770578  0.907006  0.881607  0.622595  0.787535  0.853402  0.832897  0.782612  0.510053  0.272786  0.443805  0.470941  0.568756  0.020035  0.381339  0.241920  0.897566  0.158353  0.267844  0.732521  0.399337  0.320854  0.489873  0.370106  0.097356  0.593336  0.615320  0.661165  0.698147
  0.639700  0.529627  0.642324  0.725646  0.565516  0.483328  0.125168  0.426470  0.269652  0.876396  0.606249  0.895047  0.769383  0.898789  0.297897  0.086286  0.734653  0.115835  0.066073  0.057273  0.060645  0.064490  0.060330  0.569755  0.612663  0.588109  0.138098  0.098565  0.201062  0.074736  0.208036  0.214854  0.595273  0.416880  0.830181  0.858357  0.747361  0.926260  0.876885  0.000000  0.878029  0.889846  0.902052  0.830311  0.830311  0.841178  0.856386  0.856386  0.105895  0.755750  0.672171  0.416166  0.099742  0.585929  0.188982  0.087193  0.078159  0.083791  0.075012  0.077623  0.068615  0.059189  0.074013  0.104050  0.087400  0.908590  0.917584  0.821240  0.174654  0.208498  0.103734  0.059964  0.065858  0.906517  0.245008  0.193719  0.288896  0.343590  0.423403  0.512051  0.547925  0.585488  0.603464  0.173185  0.345622  0.350197  0.633183  0.299500  0.055270  0.254264  0.625442  0.597947  0.711575  0.582291  0.464140  0.589353  0.371859  0.435862  0.459515  0.904847  0.768873  0.908512  0.882069  0.624036  0.785745  0.854070  0.834164  0.782954  0.511896  0.274766  0.444721  0.472325  0.570021  0.020140  0.380072  0.240096  0.898403  0.158825  0.267403  0.732511  0.400889  0.322687  0.492622  0.375051  0.097219  0.591546  0.617791  0.660994  0.699765
  0.641700  0.530292  0.640517  0.726002  0.567552  0.481861  0.126297  0.428727  0.269813  0.876693  0.607658  0.895742  0.769968  0.897414  0.297507  0.087947  0.733524  0.116435  0.066135  0.056376  0.059285  0.064458  0.061234  0.567526  0.613255  0.587512  0.139351  0.098774  0.203313  0.074518  0.210943  0.217236  0.595979  0.419623  0.836330  0.859659  0.749063  0.923824  0.876820  0.000000  0.879946  0.891730  0.902310  0.827358  0.827358  0.842817  0.853218  0.853218  0.106572  0.753860  0.673620  0.413573  0.099778  0.586182  0.190599  0.085048  0.075889  0.083671  0.074656  0.077573  0.070701  0.059593  0.075206  0.106797  0.087597  0.915343  0.919416  0.822640  0.175940  0.208347  0.103394  0.059735  0.065275  0.907448  0.246064  0.193716  0.288807  0.344341  0.423302  0.511096  0.548733  0.587062  0.604421  0.174863  0.345711  0.349431  0.634154  0.299562  0.055370  0.256077  0.627859  0.601018  0.713667  0.584712  0.467574  0.593189  0.372915  0.438054  0.460787  0.905772  0.765940  0.907467  0.882628  0.623495  0.785931  0.854737  0.834750  0.784401  0.514176  0.276199  0.446276  0.474127  0.570477  0.020409  0.384211  0.243608  0.900398  0.159106  0.267119  0.735212  0.403695  0.325906  0.494677  0.378363  0.097590  0.581600  0.617243  0.663860  0.693038
  0.643700  0.531458  0.640462  0.728023  0.567543  0.482197  0.128158  0.430977  0.271924  0.876709  0.608985  0.896445  0.771975  0.895374  0.295121  0.089815  0.733877  0.116308  0.065400  0.056328  0.059171  0.064985  0.060474  0.563380  0.613334  0.588288  0.135131  0.097550  0.201484  0.073920  0.209009  0.217004  0.597176  0.422679  0.832648  0.857534  0.748802  0.923033  0.876363  0.000000  0.872903  0.891237  0.903439  0.830559  0.830559  0.843630  0.857588  0.857588  0.106907  0.753300  0.674209  0.413266  0.099409  0.589941  0.191848  0.086749  0.076518  0.083509  0.075123  0.077675  0.068728  0.060376  0.074078  0.106172  0.088292  0.908174  0.917660  0.822576  0.172483  0.208676  0.103850  0.060037  0.065400  0.905605  0.247423  0.194093  0.289587  0.344364  0.424340  0.511153  0.548644  0.585597  0.604189  0.172616  0.343630  0.348621  0.633502  0.300026  0.055946  0.252254  0.631734  0.603319  0.715790  0.587264  0.470493  0.595240  0.377399  0.439386  0.464828  0.904937  0.768939  0.909167  0.883837  0.623737  0.786618  0.855586  0.835430  0.784911  0.516749  0.277620  0.445719  0.474292  0.572177  0.020571  0.382226  0.239089  0.899552  0.164018  0.267210  0.733069  0.405288  0.327749  0.498898  0.382223  0.097477  0.592237  0.622750  0.659807  0.694739
  0.645700  0.529688  0.641468  0.727795  0.570176  0.482861  0.130792  0.434143  0.274663  0.876795  0.609202  0.897004  0.770876  0.897395  0.296140  0.091375  0.733955  0.116544  0.065994  0.056192  0.059629  0.064627  0.060588  0.559029  0.615066  0.590243  0.135552  0.098629  0.204350  0.075517  0.211739  0.221250  0.598515  0.427325  0.833334  0.859040  0.748622  0.924336  0.878059  0.000000  0.881598  0.891003  0.902387  0.828589  0.828589  0.843098  0.855521  0.855521  0.107410  0.754167  0.675032  0.412126  0.100117  0.590753  0.192843  0.084413  0.076006  0.083570  0.074917  0.077929  0.068961  0.060648  0.075080  0.106017  0.088401  0.915398  0.918566  0.823385  0.174088  0.209343  0.103155  0.059240  0.065421  0.908985  0.248001  0.194707  0.289958  0.345695  0.424494  0.512442  0.549420  0.587474  0.604464  0.174218  0.342888  0.347664  0.634758  0.300576  0.055709  0.251394  0.635759  0.605966  0.717353  0.588538  0.474030  0.598727  0.379905  0.441061  0.466968  0.904933  0.765211  0.911257  0.882069  0.623832  0.788490  0.858504  0.836978  0.785076  0.516372  0.280023  0.447408  0.476162  0.572339  0.020666  0.383141  0.241593  0.902035  0.163241  0.267761  0.733273  0.407689  0.329246  0.501851  0.386091  0.098214  0.588075  0.619679  0.666661  0.698095
  0.647700  0.529993  0.640750  0.727773  0.570166  0.483156  0.131339  0.436573  0.276381  0.877191  0.610457  0.899035  0.770633  0.897329  0.295833  0.092630  0.734801  0.116617  0.065206  0.056408  0.059520  0.064740  0.060323  0.553928  0.614060  0.594588  0.133702  0.097407  0.202907  0.074742  0.209108  0.220647  0.599112  0.430848  0.836295  0.862848  0.749329  0.928813  0.877436  0.000000  0.877040  0.891580  0.902147  0.832353  0.832353  0.844081  0.859792  0.859792  0.109061  0.757025  0.675277  0.410133  0.099909  0.593139  0.194772  0.087562  0.076630  0.083431  0.075023  0.077871  0.069268  0.060656  0.075352  0.108161  0.089218  0.913934  0.918637  0.825250  0.173157  0.208437  0.102420  0.059517  0.064776  0.909072  0.249124  0.194842  0.290634  0.346141  0.424711  0.513583  0.550101  0.587233  0.604762  0.174411  0.346899  0.346117  0.635298  0.301033  0.056416  0.251981  0.637712  0.610369  0.720280  0.592390  0.477335  0.602211  0.383965  0.443772  0.469562  0.905017  0.769467  0.908777  0.879469  0.624899  0.793241  0.856919  0.835751  0.785594  0.519733  0.281380  0.449824  0.478754  0.574377  0.020803  0.381660  0.245303  0.899019  0.162717  0.266209  0.735588  0.408684  0.331011  0.503990  0.389587  0.098117  0.595037  0.623072  0.663377  0.694991
  0.649700  0.529155  0.640583  0.728335  0.573106  0.483514  0.133686  0.438788  0.278630  0.876827  0.611650  0.899108  0.771548  0.899412  0.296387  0.094160  0.735043  0.116833  0.064887  0.057650  0.060609  0.064837  0.062006  0.549428  0.617194  0.593091  0.133934  0.097770  0.202830  0.074201  0.210682  0.222303  0.600526  0.433612  0.835324  0.859426  0.749632  0.924000  0.878169  0.000000  0.877397  0.891672  0.900606  0.827612  0.827612  0.845024  0.856121  0.856121  0.110047  0.752776  0.674429  0.409679  0.100165  0.595737  0.195695  0.084635  0.077214  0.085443  0.075265  0.077826  0.069486  0.061555  0.075011  0.108919  0.089537  0.915087  0.918639  0.827391  0.174405  0.208541  0.102002  0.058368  0.065173  0.909074  0.250257  0.195269  0.291304  0.347203  0.425400  0.513285  0.550346  0.587253  0.606322  0.174603  0.341430  0.344513  0.636349  0.301419  0.055800  0.249788  0.641659  0.611939  0.722372  0.595730  0.480428  0.605164  0.385264  0.446318  0.472930  0.905927  0.764824  0.913153  0.878253  0.625151  0.786970  0.858687  0.837922  0.787371  0.519238  0.281935  0.449676  0.479510  0.576495  0.020900  0.382417  0.243280  0.898598  0.167260  0.267446  0.736218  0.409986  0.332362  0.506280  0.392564  0.099136  0.587661  0.617018  0.665552  0.694824
  0.651700  0.528929  0.639122  0.727635  0.573615  0.483810  0.135715  0.441036  0.277407  0.876679  0.613324  0.899111  0.772223  0.897322  0.296036  0.096242  0.734528  0.117243  0.065330  0.056130  0.059385  0.064283  0.060389  0.545653  0.616922  0.593496  0.132373  0.098874  0.203029  0.074508  0.209304  0.222715  0.601548  0.440057  0.836615  0.861571  0.751238  0.925521  0.876913  0.000000  0.874785  0.893447  0.901578  0.833139  0.833139  0.844923  0.856617  0.856617  0.110033  0.756920  0.677491  0.408377  0.100159  0.597263  0.197065  0.087807  0.077078  0.082634  0.075062  0.078482  0.072747  0.061797  0.076831  0.109384  0.090453  0.914785  0.917806  0.828836  0.174010  0.208810  0.102688  0.058537  0.066118  0.908252  0.251172  0.195362  0.291386  0.347201  0.425927  0.513802  0.550858  0.586916  0.604983  0.174200  0.340775  0.344367  0.635521  0.302796  0.056716  0.249747  0.644736  0.614956  0.725017  0.598607  0.484161  0.607007  0.389101  0.448328  0.474697  0.905107  0.767128  0.911255  0.881135  0.625744  0.792477  0.857651  0.840209  0.787712  0.521925  0.283224  0.450020  0.480462  0.576468  0.021125  0.383309  0.244434  0.896746  0.167971  0.266948  0.734865  0.411364  0.334225  0.507300  0.395332  0.099102  0.585426  0.619452  0.666239  0.701201
  0.653700  0.527179  0.640408  0.726930  0.574575  0.484531  0.137244  0.443617  0.283079  0.876863  0.615019  0.899107  0.773495  0.898651  0.295689  0.098056  0.735493  0.116998  0.065338  0.056582  0.059964  0.063977  0.061096  0.542804  0.619162  0.599197  0.131456  0.098698  0.203977  0.074653  0.211278  0.225252  0.601971  0.442854  0.834194  0.865591  0.752255  0.927222  0.878787  0.000000  0.878985  0.895870  0.903189  0.828885  0.828885  0.845729  0.856617  0.856617  0.110844  0.758621  0.678739  0.407487  0.100717  0.600130  0.198881  0.085728  0.076654  0.083653  0.076382  0.078006  0.069739  0.063012  0.076945  0.111181  0.090838  0.913528  0.917807  0.827412  0.173673  0.208913  0.101306  0.058463  0.065123  0.910991  0.251870  0.195518  0.291705  0.347526  0.426489  0.514526  0.552201  0.587646  0.604946  0.174684  0.340775  0.342548  0.636780  0.302193  0.056082  0.249800  0.647953  0.617712  0.726890  0.601010  0.487058  0.611029  0.390967  0.449939  0.478247  0.906015  0.769849  0.913416  0.888388  0.626727  0.790095  0.858135  0.839169  0.788140  0.522413  0.285133  0.450595  0.482481  0.576876  0.021230  0.382695  0.244728  0.899397  0.170376  0.267317  0.737043  0.412725  0.335795  0.509682  0.398282  0.098369  0.593252  0.623961  0.666834  0.699159
  0.655700  0.528603  0.639287  0.726759  0.575537  0.484076  0.139453  0.446916  0.286435  0.876576  0.615213  0.899674  0.775197  0.897947  0.295986  0.098985  0.737171  0.118118  0.066095  0.057685  0.059938  0.066260  0.061337  0.542943  0.618498  0.597512  0.130428  0.098593  0.206252  0.074419  0.210175  0.225477  0.603888  0.445623  0.833184  0.865347  0.752070  0.923759  0.880117  0.000000  0.879434  0.895861  0.903993  0.834022  0.834022  0.847147  0.859053  0.859053  0.112032  0.757482  0.679605  0.406253  0.100411  0.601740  0.200411  0.088091  0.076391  0.083329  0.074877  0.078610  0.069044  0.062650  0.077884  0.112796  0.091059  0.913176  0.919613  0.829439  0.172981  0.209738  0.102404  0.058417  0.065593  0.910069  0.252554  0.195900  0.292693  0.348200  0.427080  0.515416  0.551473  0.587684  0.606366  0.175499  0.339194  0.341331  0.637206  0.303494  0.056152  0.247500  0.651700  0.620604  0.729009  0.603990  0.492357  0.613771  0.394713  0.451625  0.481514  0.907820  0.768550  0.912370  0.884297  0.627503  0.791878  0.860502  0.841030  0.790947  0.524387  0.285922  0.451346  0.484306  0.578319  0.021494  0.381545  0.246294  0.901405  0.173452  0.267178  0.733953  0.413030  0.335527  0.510511  0.400164  0.098672  0.594696  0.625516  0.664595  0.700524
  0.657700  0.527910  0.639779  0.727248  0.576580  0.484873  0.141019  0.449952  0.286690  0.876859  0.616992  0.899675  0.774463  0.897257  0.294780  0.100334  0.736448  0.117252  0.065802  0.057055  0.059846  0.065809  0.061059  0.541748  0.618874  0.598061  0.129639  0.097056  0.205534  0.074844  0.211107  0.227590  0.606949  0.448911  0.832071  0.863412  0.752702  0.925857  0.879310  0.000000  0.878613  0.897154  0.906106  0.834719  0.834719  0.846694  0.859420  0.859420  0.113195  0.759510  0.679785  0.405074  0.100362  0.605849  0.202322  0.085868  0.077460  0.083332  0.074814  0.078448  0.070746  0.063980  0.077434  0.112598  0.091464  0.915505  0.918765  0.829521  0.173901  0.209390  0.101824  0.059285  0.066233  0.910140  0.253734  0.196188  0.292745  0.348206  0.427173  0.514820  0.551231  0.587949  0.606001  0.174208  0.338743  0.340191  0.638438  0.302839  0.056179  0.247447  0.656369  0.624731  0.733463  0.608940  0.495970  0.618477  0.398751  0.454166  0.484481  0.905169  0.768283  0.914853  0.880577  0.626957  0.795794  0.861238  0.841919  0.788730  0.525808  0.287717  0.452603  0.485472  0.580207  0.021636  0.382531  0.245840  0.893526  0.173979  0.268612  0.737325  0.413341  0.336651  0.512577  0.402056  0.099600  0.592736  0.619907  0.669224  0.707042
  0.659700  0.527693  0.638393  0.725864  0.578243  0.484780  0.143207  0.452284  0.284563  0.876598  0.618234  0.900382  0.775029  0.899969  0.293187  0.102898  0.738133  0.117867  0.065839  0.056734  0.059932  0.064833  0.061068  0.543727  0.621312  0.601570  0.130495  0.098172  0.205094  0.075037  0.211679  0.228376  0.606697  0.452656  0.838074  0.867083  0.752341  0.925857  0.878794  0.000000  0.877590  0.895871  0.904003  0.836082  0.836082  0.847812  0.862827  0.862827  0.113557  0.760191  0.681023  0.403032  0.100106  0.606851  0.203849  0.085710  0.075736  0.083372  0.074920  0.081101  0.071017  0.063891  0.078343  0.113615  0.091864  0.916001  0.919679  0.831951  0.174131  0.210067  0.101770  0.059339  0.065983  0.911061  0.254103  0.196628  0.292743  0.349182  0.427919  0.515345  0.551869  0.589238  0.606539  0.176735  0.335932  0.339359  0.638771  0.303665  0.056425  0.246692  0.659194  0.627538  0.733783  0.609917  0.499891  0.621143  0.401776  0.453899  0.487222  0.906084  0.768368  0.914920  0.887842  0.627116  0.797924  0.860501  0.842900  0.789246  0.527722  0.288906  0.453719  0.487042  0.580525  0.021725  0.382743  0.246531  0.899539  0.176639  0.268387  0.733199  0.414018  0.337574  0.514060  0.404091  0.099973  0.597080  0.619055  0.666413  0.706019
  0.661700  0.526016  0.638582  0.727918  0.580252  0.486020  0.145302  0.454257  0.291400  0.877892  0.619825  0.901023  0.776048  0.899910  0.296265  0.104158  0.737638  0.117974  0.065625  0.055795  0.060068  0.065949  0.061410  0.544602  0.621336  0.599112  0.128535  0.098824  0.206317  0.074530  0.212908  0.228365  0.609601  0.457874  0.837782  0.864355  0.754034  0.925005  0.880385  0.000000  0.878266  0.896840  0.904981  0.834378  0.834378  0.850891  0.864531  0.864531  0.114227  0.761553  0.681166  0.402281  0.100319  0.610593  0.206116  0.085558  0.076866  0.083874  0.074613  0.078542  0.075591  0.064415  0.078443  0.114909  0.092675  0.916712  0.919686  0.830670  0.174618  0.210421  0.101530  0.059648  0.066200  0.911982  0.255275  0.196362  0.293238  0.350564  0.429050  0.516847  0.553012  0.588408  0.607722  0.176167  0.336358  0.337770  0.640063  0.304216  0.056505  0.246823  0.663393  0.629254  0.736630  0.614019  0.505501  0.623667  0.405889  0.456321  0.490924  0.906999  0.769390  0.917667  0.890434  0.629452  0.796049  0.862386  0.844185  0.788819  0.529731  0.290541  0.455949  0.488941  0.582686  0.021790  0.383551  0.246823  0.901020  0.180189  0.269293  0.735622  0.414005  0.338227  0.515081  0.406996  0.099591  0.596313  0.626806  0.671438  0.713770
  0.663700  0.526932  0.637560  0.726393  0.581696  0.485492  0.147527  0.456996  0.292598  0.876957  0.620530  0.899536  0.776287  0.899849  0.295784  0.105463  0.738449  0.117738  0.066213  0.057087  0.060148  0.064036  0.061413  0.546096  0.623536  0.602866  0.128650  0.096541  0.208880  0.075340  0.210998  0.230375  0.609288  0.460344  0.836756  0.867320  0.753767  0.925857  0.881280  0.000000  0.879069  0.897189  0.906951  0.834719  0.834719  0.849202  0.864531  0.864531  0.115038  0.761042  0.682748  0.401154  0.100364  0.612255  0.207819  0.085717  0.077230  0.084235  0.074923  0.079196  0.071970  0.065517  0.079558  0.117644  0.093951  0.916725  0.919675  0.833552  0.175068  0.210112  0.101857  0.059537  0.066788  0.912881  0.256067  0.196994  0.293400  0.349138  0.428323  0.515965  0.552021  0.588538  0.607912  0.177626  0.332780  0.337583  0.640341  0.305575  0.056883  0.245515  0.667667  0.633828  0.740028  0.618354  0.509687  0.628044  0.408565  0.458014  0.494349  0.906986  0.768367  0.915899  0.883646  0.628668  0.798605  0.863124  0.844908  0.789239  0.532406  0.292524  0.456129  0.489932  0.584399  0.021980  0.380692  0.247767  0.901820  0.182443  0.271280  0.735508  0.414673  0.338426  0.515892  0.406882  0.100348  0.595461  0.626891  0.668627  0.706871
  0.665700  0.525487  0.638628  0.726849  0.583889  0.486927  0.149410  0.460115  0.294263  0.877872  0.623394  0.902358  0.776377  0.899910  0.296479  0.106818  0.739359  0.118141  0.065969  0.057030  0.059854  0.065538  0.061636  0.548025  0.625410  0.603809  0.129233  0.099812  0.208836  0.075311  0.215041  0.231693  0.611184  0.465176  0.838438  0.869066  0.752918  0.927048  0.880552  0.000000  0.879317  0.899616  0.906125  0.835196  0.835196  0.851678  0.865643  0.865643  0.116330  0.762107  0.684166  0.399966  0.100107  0.615256  0.209852  0.086605  0.077485  0.082773  0.074862  0.082441  0.072247  0.066099  0.080126  0.117564  0.094101  0.918591  0.919675  0.832954  0.172468  0.210648  0.101613  0.059949  0.066257  0.913793  0.257497  0.197168  0.294560  0.350411  0.428955  0.516885  0.553195  0.589659  0.607584  0.176403  0.333464  0.335475  0.641186  0.305663  0.056524  0.245378  0.670479  0.635104  0.741226  0.621013  0.514656  0.630849  0.412338  0.460631  0.497881  0.907892  0.771403  0.917994  0.885972  0.628887  0.799035  0.867751  0.850039  0.790855  0.533314  0.293540  0.457049  0.492383  0.585945  0.022185  0.385133  0.248441  0.898169  0.185193  0.270433  0.736282  0.413654  0.338369  0.516360  0.408065  0.100463  0.599468  0.631706  0.676651  0.705819
  0.667700  0.525190  0.638027  0.727606  0.586227  0.487366  0.151553  0.462388  0.297301  0.875966  0.623650  0.902998  0.775837  0.899212  0.297742  0.108708  0.740020  0.118311  0.065203  0.056780  0.060862  0.064858  0.061459  0.550161  0.627007  0.607781  0.126324  0.100641  0.210163  0.074186  0.215262  0.234405  0.612514  0.469322  0.839705  0.872017  0.752426  0.924727  0.880308  0.000000  0.876708  0.897955  0.906094  0.832255  0.832255  0.851106  0.860982  0.860982  0.116615  0.759330  0.685359  0.397953  0.100934  0.617715  0.211387  0.085990  0.077766  0.083955  0.074914  0.079401  0.072351  0.066485  0.080524  0.118921  0.095078  0.912797  0.918832  0.834874  0.175721  0.210131  0.101207  0.060127  0.066065  0.912043  0.257700  0.197170  0.294588  0.351037  0.430357  0.517764  0.553959  0.589923  0.608406  0.177446  0.333514  0.334490  0.640999  0.306253  0.056837  0.246850  0.675819  0.639921  0.744362  0.625904  0.518687  0.634500  0.416804  0.459810  0.501095  0.907059  0.771739  0.920352  0.886893  0.629238  0.802677  0.864160  0.847218  0.793154  0.534348  0.295065  0.458825  0.494155  0.586715  0.022534  0.381761  0.251939  0.903382  0.188195  0.271561  0.734863  0.414278  0.338727  0.517588  0.408062  0.100848  0.598523  0.627506  0.670427  0.712924
  0.670200  0.525052  0.637751  0.726226  0.585035  0.487590  0.154244  0.465149  0.300166  0.877450  0.625620  0.901650  0.776867  0.900404  0.294678  0.110555  0.740112  0.118247  0.066038  0.056646  0.059415  0.066534  0.060745  0.554367  0.627319  0.606801  0.126748  0.098883  0.210341  0.075171  0.215280  0.235502  0.614183  0.471539  0.833470  0.870484  0.753683  0.926766  0.880573  0.000000  0.881128  0.900671  0.907182  0.836302  0.836302  0.852795  0.862088  0.862088  0.117309  0.761752  0.684991  0.396010  0.100661  0.621278  0.214048  0.086472  0.077705  0.083371  0.074953  0.079843  0.073232  0.066937  0.080773  0.119341  0.095685  0.914832  0.918844  0.835508  0.173973  0.210803  0.100772  0.057984  0.066254  0.912969  0.258946  0.197233  0.294568  0.350815  0.430068  0.517939  0.554103  0.589421  0.607965  0.176895  0.329942  0.331994  0.640815  0.306063  0.056619  0.244951  0.682999  0.644034  0.749013  0.631204  0.524887  0.638322  0.421065  0.461323  0.505174  0.907072  0.768220  0.920092  0.889784  0.629320  0.800984  0.866419  0.847507  0.793238  0.538693  0.297392  0.460153  0.495159  0.588719  0.022769  0.382233  0.248491  0.903075  0.192157  0.272518  0.730636  0.412182  0.337802  0.517263  0.410246  0.101563  0.601249  0.626439  0.666948  0.705585
  0.673200  0.523702  0.636249  0.726619  0.587047  0.487596  0.157318  0.469466  0.302964  0.877653  0.628586  0.905694  0.777717  0.900397  0.296494  0.113544  0.740842  0.118097  0.065630  0.056612  0.060859  0.065069  0.062046  0.560503  0.629605  0.611708  0.122521  0.099761  0.210576  0.075058  0.219391  0.237572  0.614960  0.477803  0.840420  0.871862  0.753497  0.926824  0.880134  0.000000  0.882631  0.900662  0.906360  0.835757  0.835757  0.852625  0.866453  0.866453  0.119411  0.760761  0.685694  0.394487  0.101065  0.624793  0.218126  0.086690  0.077731  0.083820  0.074538  0.079792  0.073005  0.068058  0.082486  0.124395  0.097425  0.921983  0.917950  0.836942  0.174608  0.211901  0.101616  0.059441  0.066134  0.912983  0.261159  0.197885  0.295599  0.351501  0.431043  0.518824  0.554553  0.590127  0.609070  0.178062  0.328640  0.331872  0.644485  0.306634  0.057482  0.244657  0.689505  0.648710  0.751509  0.637206  0.531404  0.643149  0.428579  0.464174  0.508707  0.908897  0.769349  0.919698  0.885318  0.629958  0.800299  0.866900  0.849443  0.793495  0.539421  0.299669  0.460891  0.497791  0.590356  0.022896  0.383451  0.251590  0.903094  0.197118  0.274093  0.735926  0.411578  0.337457  0.517549  0.410414  0.101832  0.598014  0.629050  0.678877  0.710338
  0.676200  0.523534  0.634683  0.727019  0.590970  0.490100  0.160346  0.474081  0.305330  0.875703  0.631979  0.905628  0.777485  0.899555  0.298222  0.116607  0.739426  0.118470  0.065677  0.056991  0.059483  0.065483  0.061205  0.567840  0.634359  0.617828  0.124076  0.101002  0.212460  0.075905  0.219053  0.242522  0.618818  0.483471  0.841245  0.879331  0.755313  0.925973  0.881914  0.000000  0.880185  0.901099  0.910063  0.837883  0.837883  0.853158  0.861351  0.861351  0.120319  0.763142  0.689143  0.392900  0.100336  0.628520  0.221435  0.086783  0.078164  0.083663  0.076093  0.080619  0.077423  0.069980  0.082984  0.126748  0.098487  0.916291  0.918838  0.838263  0.175255  0.210571  0.100608  0.058280  0.066614  0.913874  0.262345  0.198423  0.295828  0.352159  0.430992  0.519381  0.554675  0.590893  0.608925  0.177120  0.328810  0.329282  0.644215  0.306985  0.056415  0.245063  0.694432  0.652642  0.753656  0.641833  0.539827  0.648310  0.432071  0.464745  0.514805  0.908877  0.769179  0.921536  0.889223  0.631015  0.802765  0.868682  0.850609  0.797585  0.541701  0.302272  0.462213  0.500822  0.592205  0.023330  0.384942  0.252923  0.902162  0.203591  0.276184  0.734898  0.410065  0.337639  0.517511  0.410423  0.102481  0.603116  0.625989  0.676156  0.710423
  0.679200  0.523348  0.635266  0.726143  0.591081  0.492012  0.164063  0.476698  0.307662  0.877464  0.634067  0.908341  0.779063  0.899020  0.296482  0.118221  0.741409  0.118023  0.065192  0.057249  0.059801  0.064947  0.061567  0.576096  0.632361  0.614518  0.123455  0.100657  0.215985  0.075859  0.217555  0.243384  0.620655  0.487675  0.837361  0.872887  0.756799  0.924392  0.882249  0.000000  0.886834  0.904104  0.908178  0.835178  0.835178  0.854891  0.862427  0.862427  0.121180  0.762433  0.689745  0.391383  0.100229  0.633736  0.225632  0.087361  0.080457  0.084063  0.073954  0.081301  0.073230  0.070946  0.083975  0.127899  0.099832  0.918237  0.918852  0.841659  0.176025  0.212083  0.100725  0.058389  0.066778  0.914801  0.263959  0.198877  0.296369  0.352475  0.432087  0.519715  0.555244  0.591081  0.609577  0.177267  0.325956  0.327766  0.644940  0.309160  0.057321  0.243355  0.700175  0.655496  0.757161  0.647020  0.546008  0.654920  0.438176  0.466596  0.518350  0.908893  0.767356  0.923896  0.887647  0.632433  0.803856  0.868496  0.851876  0.794857  0.543815  0.304323  0.464257  0.501192  0.594389  0.023376  0.382645  0.254981  0.905676  0.208841  0.277945  0.732566  0.408980  0.336228  0.516364  0.409399  0.102959  0.604208  0.632899  0.668211  0.717189
  0.682200  0.524110  0.636645  0.727906  0.592333  0.492863  0.167936  0.480940  0.310211  0.877270  0.637166  0.908337  0.780493  0.900905  0.294557  0.121360  0.742136  0.118582  0.065786  0.057701  0.059728  0.065736  0.061978  0.583409  0.632318  0.617450  0.122202  0.101284  0.217811  0.076100  0.221194  0.245349  0.621637  0.493659  0.838854  0.876832  0.755971  0.925461  0.881816  0.000000  0.883844  0.904007  0.908901  0.839556  0.839556  0.855106  0.864161  0.864161  0.123815  0.766591  0.691129  0.389501  0.101579  0.638883  0.230607  0.087236  0.078478  0.083651  0.075312  0.081577  0.076660  0.072316  0.085210  0.131498  0.101706  0.917677  0.918846  0.841574  0.175166  0.213241  0.100623  0.060229  0.066147  0.913882  0.265358  0.198682  0.296633  0.353199  0.432653  0.519275  0.554879  0.591023  0.610058  0.177241  0.323698  0.325536  0.645343  0.308531  0.056616  0.241792  0.708169  0.660970  0.762665  0.654514  0.554454  0.659233  0.444829  0.469507  0.523507  0.908886  0.773232  0.923577  0.887274  0.632398  0.808820  0.870655  0.854437  0.796991  0.546057  0.306774  0.464628  0.503730  0.596293  0.023777  0.383073  0.253670  0.903515  0.216945  0.280547  0.736160  0.407091  0.334646  0.515831  0.410167  0.102931  0.605594  0.635562  0.666638  0.720020
  0.685200  0.520765  0.634721  0.728355  0.595595  0.493101  0.169741  0.483450  0.315450  0.876806  0.640907  0.908336  0.779849  0.898799  0.296436  0.123998  0.741274  0.118368  0.065279  0.057056  0.060359  0.064514  0.060994  0.590369  0.633745  0.615405  0.121925  0.100054  0.219818  0.075882  0.221312  0.248285  0.622759  0.495347  0.841300  0.878465  0.755929  0.927221  0.882787  0.000000  0.880761  0.904022  0.909730  0.839093  0.839093  0.855608  0.868526  0.868526  0.124196  0.764915  0.692157  0.387760  0.100818  0.643821  0.233775  0.088071  0.079085  0.083787  0.075287  0.081542  0.077796  0.074246  0.086803  0.134340  0.103151  0.919293  0.918842  0.842421  0.174995  0.212456  0.101849  0.058511  0.066649  0.913878  0.266881  0.198661  0.297527  0.353913  0.433469  0.520827  0.556744  0.592583  0.611275  0.179019  0.322231  0.323967  0.646642  0.309711  0.057695  0.240366  0.712931  0.663700  0.763628  0.659179  0.561364  0.663929  0.450617  0.469768  0.526603  0.909787  0.770785  0.924233  0.889323  0.634033  0.807873  0.871322  0.852974  0.795540  0.549236  0.309220  0.466495  0.506537  0.598732  0.023861  0.383461  0.253616  0.903566  0.222571  0.282814  0.734025  0.405721  0.333143  0.515666  0.408617  0.105095  0.609839  0.641654  0.676786  0.715236
  0.688200  0.522350  0.635504  0.727958  0.596742  0.493514  0.173024  0.486854  0.319726  0.877535  0.643419  0.908923  0.781863  0.901476  0.296753  0.125913  0.742000  0.118764  0.065751  0.056439  0.059880  0.066594  0.061430  0.597044  0.637293  0.621531  0.120300  0.102179  0.221492  0.076137  0.224795  0.250986  0.625053  0.499880  0.839208  0.879623  0.759074  0.925917  0.883856  0.000000  0.884281  0.906717  0.909165  0.840984  0.840984  0.857300  0.866345  0.866345  0.125801  0.766945  0.693328  0.385260  0.100528  0.648230  0.238703  0.088014  0.079195  0.084279  0.075358  0.082588  0.078469  0.076281  0.087800  0.138280  0.104388  0.916528  0.921504  0.843059  0.175560  0.213100  0.100948  0.058174  0.068491  0.917462  0.268668  0.198945  0.297197  0.353893  0.433066  0.521276  0.556962  0.591489  0.611341  0.179080  0.317688  0.323002  0.646638  0.311486  0.056668  0.239929  0.718708  0.666425  0.767380  0.664607  0.568533  0.668381  0.456007  0.471183  0.531352  0.909724  0.767966  0.926279  0.886261  0.634736  0.809071  0.875009  0.856210  0.797591  0.552711  0.311385  0.468284  0.508912  0.601749  0.024176  0.383513  0.254074  0.905517  0.230222  0.284834  0.730676  0.403886  0.332940  0.514341  0.406940  0.104266  0.612654  0.650354  0.680480  0.716905
  0.691200  0.522259  0.635168  0.727554  0.596677  0.494034  0.175186  0.489841  0.316735  0.877470  0.647735  0.912346  0.783869  0.900000  0.298371  0.129241  0.743230  0.118702  0.065712  0.055902  0.060298  0.065351  0.062091  0.602704  0.642370  0.625243  0.120609  0.102928  0.224684  0.076990  0.227275  0.253651  0.628190  0.506086  0.842617  0.883202  0.758812  0.927903  0.883057  0.000000  0.877424  0.907407  0.911492  0.842618  0.842618  0.857928  0.866498  0.866498  0.126859  0.770722  0.695748  0.383983  0.100380  0.654181  0.242704  0.087547  0.079212  0.084638  0.075806  0.083157  0.080008  0.077577  0.088845  0.140687  0.106108  0.915890  0.921415  0.843562  0.176013  0.213474  0.100701  0.058190  0.066146  0.918272  0.270228  0.198198  0.297220  0.354333  0.432207  0.520578  0.557161  0.591815  0.610647  0.180618  0.321525  0.321657  0.648341  0.311773  0.057598  0.240578  0.724089  0.670136  0.768814  0.667897  0.575399  0.672223  0.461072  0.471713  0.532943  0.910528  0.771575  0.928531  0.894389  0.635189  0.811489  0.872049  0.857501  0.798365  0.555295  0.313690  0.470273  0.511208  0.603944  0.024373  0.385303  0.258192  0.905684  0.238736  0.288030  0.730548  0.401947  0.330857  0.514378  0.406817  0.105328  0.610386  0.639980  0.681599  0.716396
  0.694200  0.522172  0.634678  0.728584  0.600289  0.495145  0.178943  0.493053  0.321558  0.877307  0.651469  0.910806  0.784355  0.900570  0.296938  0.131095  0.745570  0.118896  0.066340  0.056972  0.061207  0.065790  0.061222  0.608288  0.639958  0.623913  0.118175  0.102750  0.227852  0.076547  0.229508  0.258457  0.629555  0.510545  0.841249  0.880145  0.759245  0.923424  0.882968  0.000000  0.884752  0.907648  0.910917  0.840605  0.840605  0.859335  0.863904  0.863904  0.128079  0.765439  0.696157  0.383083  0.100294  0.658399  0.247779  0.088794  0.079040  0.084251  0.075800  0.084045  0.078963  0.079794  0.090620  0.144872  0.108158  0.916304  0.920519  0.845422  0.176660  0.214593  0.100943  0.058200  0.067643  0.917372  0.271436  0.198778  0.297186  0.353729  0.432980  0.520265  0.555952  0.591484  0.611335  0.181040  0.317161  0.319460  0.649580  0.311403  0.057766  0.235594  0.727227  0.672914  0.770709  0.673086  0.581603  0.675888  0.466349  0.473181  0.536205  0.909633  0.767139  0.929075  0.892331  0.637030  0.811185  0.873365  0.858795  0.800342  0.558186  0.316145  0.471945  0.514544  0.604453  0.024709  0.383371  0.259013  0.908416  0.248518  0.290978  0.732280  0.399778  0.329648  0.513909  0.405304  0.106880  0.606178  0.647587  0.685341  0.720373
  0.697200  0.521447  0.634862  0.727714  0.601475  0.496534  0.180991  0.495236  0.324484  0.876968  0.653104  0.912773  0.785157  0.900568  0.296448  0.133897  0.746307  0.118009  0.066865  0.057078  0.059968  0.065430  0.062301  0.611955  0.640530  0.624589  0.115586  0.103577  0.229892  0.077224  0.231702  0.259483  0.632921  0.512835  0.838628  0.877471  0.758788  0.929043  0.884017  0.000000  0.880277  0.907308  0.913033  0.849301  0.849301  0.859645  0.870925  0.870925  0.129799  0.768875  0.695977  0.380790  0.100186  0.663644  0.252562  0.089576  0.080172  0.085397  0.076079  0.083836  0.082737  0.082274  0.092379  0.148200  0.109760  0.914905  0.920483  0.844608  0.176611  0.215851  0.100695  0.058387  0.067661  0.917331  0.272668  0.198351  0.297914  0.353071  0.432675  0.520092  0.556219  0.592423  0.611918  0.180081  0.316747  0.317427  0.651820  0.312854  0.057811  0.235433  0.732444  0.672820  0.772134  0.675651  0.585271  0.679851  0.471200  0.474346  0.537085  0.909591  0.772123  0.929220  0.884956  0.637473  0.818789  0.876024  0.859722  0.803865  0.560611  0.319152  0.474844  0.515582  0.608398  0.024960  0.382443  0.259790  0.902313  0.257122  0.293900  0.725157  0.397445  0.327003  0.511499  0.402983  0.107722  0.614434  0.646655  0.690672  0.722295
  0.700200  0.522885  0.636636  0.729674  0.602809  0.497755  0.183655  0.498963  0.325164  0.881400  0.658087  0.913584  0.786991  0.901146  0.299173  0.137118  0.745688  0.118688  0.064532  0.055723  0.060711  0.064778  0.061842  0.620724  0.642725  0.629474  0.117317  0.101815  0.232954  0.077219  0.234452  0.263866  0.630510  0.519563  0.844824  0.884658  0.759965  0.927961  0.881552  0.000000  0.883601  0.909715  0.912170  0.841385  0.841385  0.859756  0.865756  0.865756  0.131133  0.768443  0.697202  0.377961  0.099416  0.667466  0.258389  0.089033  0.079606  0.083555  0.075373  0.084877  0.082886  0.084062  0.092980  0.152678  0.112117  0.918298  0.920036  0.848030  0.176650  0.214870  0.100854  0.060202  0.067576  0.920569  0.274551  0.198698  0.295490  0.352126  0.431509  0.520177  0.555922  0.592442  0.611862  0.180393  0.312814  0.316985  0.646691  0.314061  0.057508  0.239503  0.740544  0.679835  0.777651  0.685345  0.592091  0.680853  0.475611  0.476161  0.538701  0.911016  0.767932  0.928105  0.882157  0.636994  0.814032  0.876592  0.861138  0.803700  0.559550  0.320435  0.475450  0.517587  0.608629  0.025283  0.387294  0.262184  0.909623  0.265127  0.297187  0.729357  0.394807  0.325899  0.509737  0.402796  0.107378  0.615914  0.642244  0.686384  0.720810
  0.702000  0.523862  0.637521  0.730097  0.603501  0.497494  0.184907  0.500822  0.329997  0.881648  0.659796  0.913586  0.787580  0.902300  0.296554  0.138635  0.745222  0.119068  0.065490  0.056275  0.060495  0.065048  0.062061  0.622750  0.643856  0.625748  0.115311  0.104693  0.234163  0.077090  0.236059  0.265839  0.632248  0.522459  0.842964  0.882753  0.759221  0.925448  0.882541  0.000000  0.882224  0.907166  0.913720  0.845329  0.845329  0.859590  0.873178  0.873178  0.131261  0.770864  0.697373  0.377268  0.100522  0.669874  0.260582  0.092145  0.080622  0.085195  0.076454  0.087753  0.083705  0.085729  0.094701  0.153985  0.113354  0.916192  0.919119  0.847483  0.176103  0.214414  0.102030  0.058845  0.068172  0.921461  0.275371  0.197595  0.295839  0.351658  0.432716  0.520663  0.556275  0.592507  0.612791  0.181445  0.314824  0.315260  0.646901  0.313679  0.058390  0.236952  0.742722  0.680922  0.779544  0.687987  0.591562  0.682483  0.478238  0.476989  0.539666  0.910097  0.771807  0.930058  0.895465  0.638628  0.817651  0.876666  0.862027  0.802261  0.561310  0.321568  0.475509  0.517739  0.609328  0.025441  0.378598  0.263911  0.905132  0.274055  0.298936  0.725502  0.394285  0.325564  0.507452  0.402036  0.107758  0.616366  0.648242  0.689373  0.726049
  0.704000  0.524655  0.637468  0.729954  0.604903  0.498538  0.186704  0.502721  0.329968  0.882177  0.662462  0.917043  0.788750  0.902242  0.297106  0.140187  0.744902  0.118399  0.065432  0.056486  0.059961  0.065701  0.062218  0.626253  0.642183  0.624803  0.114781  0.104530  0.236651  0.077187  0.237045  0.266825  0.633860  0.525073  0.843755  0.882738  0.760394  0.930079  0.883245  0.000000  0.884885  0.908168  0.913088  0.848053  0.848053  0.860738  0.872592  0.872592  0.132544  0.769203  0.699382  0.375951  0.100021  0.674375  0.264156  0.090371  0.080500  0.085135  0.076003  0.086244  0.084344  0.087018  0.094869  0.157473  0.114627  0.915610  0.920858  0.847238  0.176539  0.214985  0.101929  0.058970  0.067464  0.923208  0.276687  0.197827  0.295004  0.351807  0.431781  0.520124  0.556546  0.592581  0.612420  0.180560  0.312229  0.314350  0.647233  0.314343  0.057802  0.234327  0.744529  0.681388  0.779913  0.688462  0.593586  0.683618  0.480525  0.478324  0.539789  0.910925  0.773407  0.929511  0.894157  0.638070  0.817165  0.875339  0.860722  0.800703  0.563334  0.322754  0.476025  0.520642  0.612134  0.025761  0.385421  0.262265  0.900641  0.278013  0.301778  0.725977  0.392985  0.325260  0.506101  0.400412  0.108967  0.613989  0.651827  0.690781  0.724586
  0.706000  0.524775  0.638516  0.730446  0.606290  0.499727  0.187886  0.503243  0.329319  0.882068  0.664512  0.915616  0.790554  0.902228  0.297497  0.142233  0.747769  0.118684  0.065202  0.057180  0.059462  0.064977  0.062383  0.630036  0.644490  0.628415  0.114583  0.105362  0.237480  0.077628  0.238587  0.267586  0.634434  0.526607  0.842993  0.882774  0.760558  0.928820  0.882698  0.000000  0.884560  0.908988  0.911448  0.847945  0.847945  0.860794  0.875647  0.875647  0.133639  0.769203  0.701105  0.374854  0.100088  0.675705  0.267779  0.090567  0.081364  0.085535  0.076823  0.086948  0.086345  0.088068  0.097022  0.157830  0.115869  0.915377  0.919888  0.849186  0.176162  0.215652  0.101753  0.058402  0.068908  0.923138  0.277191  0.196476  0.294121  0.350738  0.431165  0.519969  0.556033  0.592330  0.612805  0.181427  0.312694  0.313341  0.647806  0.314611  0.058182  0.235632  0.744625  0.680723  0.778750  0.690559  0.594846  0.686183  0.482586  0.477954  0.540770  0.910850  0.774789  0.932387  0.890692  0.639169  0.819300  0.879822  0.863449  0.802783  0.565938  0.325272  0.478127  0.521968  0.612993  0.025815  0.384575  0.263398  0.905105  0.286709  0.303230  0.727472  0.391055  0.323607  0.506239  0.397707  0.109165  0.614239  0.659694  0.688682  0.730192
  0.708000  0.525081  0.639055  0.730067  0.605451  0.501927  0.189878  0.505618  0.331798  0.882426  0.667872  0.919019  0.791808  0.902799  0.298001  0.144149  0.745933  0.118108  0.065972  0.056920  0.060715  0.064409  0.061072  0.631942  0.644010  0.630203  0.114355  0.106774  0.239086  0.077970  0.238611  0.268699  0.637289  0.529974  0.840895  0.882319  0.760387  0.928707  0.882160  0.000000  0.885522  0.908926  0.912208  0.849754  0.849754  0.861146  0.875442  0.875442  0.133537  0.773379  0.700808  0.372940  0.099999  0.680523  0.271122  0.090093  0.081239  0.085618  0.075944  0.087329  0.088106  0.089488  0.097014  0.159667  0.118068  0.914027  0.918980  0.849236  0.177324  0.217096  0.103420  0.058608  0.067718  0.923134  0.278614  0.195578  0.293200  0.349803  0.429669  0.519537  0.556136  0.591649  0.612197  0.182524  0.313493  0.312717  0.648596  0.315391  0.058289  0.234565  0.745793  0.681265  0.778994  0.691011  0.596674  0.686529  0.483094  0.479568  0.539812  0.910846  0.775698  0.932024  0.888336  0.639781  0.820029  0.881061  0.864649  0.806516  0.566068  0.327363  0.478157  0.524534  0.614214  0.025955  0.384679  0.264780  0.910860  0.295384  0.305976  0.726684  0.390021  0.323219  0.505006  0.397657  0.110546  0.620971  0.650868  0.691934  0.726815
  0.710000  0.526596  0.640170  0.732501  0.607390  0.501295  0.191203  0.506475  0.334919  0.879174  0.671150  0.917535  0.790295  0.901323  0.298236  0.146567  0.747995  0.118785  0.065949  0.056962  0.058948  0.066255  0.061153  0.633603  0.648114  0.632392  0.113725  0.107607  0.244006  0.077812  0.242659  0.273251  0.636908  0.533090  0.843296  0.882398  0.762897  0.927163  0.882424  0.000000  0.884628  0.908528  0.913459  0.846357  0.846357  0.861570  0.871464  0.871464  0.135377  0.771293  0.701998  0.372044  0.100229  0.683169  0.274469  0.091395  0.081453  0.088288  0.077224  0.087857  0.088547  0.091568  0.098131  0.164909  0.118946  0.914745  0.918153  0.848289  0.177432  0.216101  0.101464  0.059388  0.068133  0.922303  0.279252  0.195379  0.292867  0.349573  0.429971  0.519147  0.556355  0.592321  0.612906  0.182414  0.310197  0.311166  0.648667  0.315631  0.058383  0.234777  0.745825  0.679537  0.776961  0.690275  0.598108  0.687077  0.486055  0.479156  0.539989  0.910929  0.769665  0.932941  0.896168  0.640289  0.818937  0.877707  0.866487  0.804003  0.568238  0.327821  0.480274  0.524427  0.616170  0.026222  0.385112  0.264999  0.910782  0.303527  0.308221  0.728495  0.388840  0.321863  0.504070  0.396443  0.110852  0.618937  0.651499  0.688945  0.730676
  0.712000  0.526673  0.639404  0.731102  0.608307  0.502223  0.192617  0.508655  0.334821  0.881136  0.673830  0.916810  0.792000  0.901251  0.298438  0.147568  0.748736  0.118251  0.065596  0.056420  0.060178  0.065370  0.061176  0.638327  0.649398  0.635379  0.114237  0.107415  0.244892  0.078268  0.243387  0.274606  0.639106  0.536188  0.842809  0.881931  0.763589  0.927105  0.885166  0.000000  0.887426  0.909861  0.914794  0.849832  0.849832  0.862506  0.873932  0.873932  0.136388  0.769214  0.702088  0.371133  0.100172  0.686932  0.278090  0.091434  0.081234  0.085339  0.077563  0.089096  0.090742  0.093772  0.099600  0.167002  0.120821  0.917537  0.919822  0.849590  0.177937  0.217183  0.102593  0.059786  0.067781  0.923980  0.280520  0.194260  0.292062  0.347838  0.428240  0.517885  0.555095  0.591450  0.612891  0.182125  0.310979  0.310313  0.650367  0.316814  0.058562  0.234620  0.745604  0.678918  0.776742  0.690976  0.598107  0.688370  0.486268  0.479490  0.538522  0.911681  0.771787  0.935122  0.891275  0.640732  0.819815  0.881440  0.866720  0.805244  0.568972  0.329666  0.480013  0.525842  0.616684  0.026359  0.387093  0.266814  0.908028  0.309074  0.310951  0.725941  0.387941  0.320276  0.502293  0.395011  0.111405  0.617670  0.651118  0.687996  0.729591
  0.714000  0.527559  0.639802  0.730930  0.608598  0.503881  0.193915  0.509179  0.336262  0.880752  0.676292  0.920223  0.793268  0.903248  0.299968  0.149355  0.747428  0.118323  0.065956  0.056583  0.059800  0.065605  0.060150  0.640843  0.647596  0.632846  0.112546  0.106180  0.246546  0.078209  0.246943  0.276539  0.638190  0.535957  0.844470  0.883584  0.763867  0.925789  0.882328  0.000000  0.882914  0.908461  0.915041  0.849427  0.849427  0.862348  0.873451  0.873451  0.137252  0.768860  0.702344  0.369211  0.099968  0.688474  0.281041  0.090556  0.081388  0.086362  0.077505  0.091162  0.091248  0.094535  0.100396  0.166643  0.122025  0.914653  0.920661  0.850230  0.178227  0.218572  0.102496  0.058381  0.067925  0.923912  0.281184  0.193813  0.290280  0.346481  0.426624  0.516640  0.554884  0.591730  0.613185  0.180843  0.308625  0.309665  0.649081  0.317542  0.058367  0.232985  0.745202  0.677970  0.774483  0.690522  0.598413  0.689041  0.487023  0.479586  0.536935  0.911607  0.771262  0.934970  0.890428  0.641321  0.821198  0.880481  0.864826  0.802379  0.571920  0.330249  0.481366  0.526873  0.619066  0.026397  0.385169  0.268758  0.907512  0.316610  0.312997  0.727551  0.386527  0.320017  0.502034  0.393483  0.111759  0.622226  0.659378  0.689923  0.725359
  0.716000  0.528598  0.641996  0.732475  0.608655  0.504911  0.194942  0.511374  0.336679  0.880114  0.678258  0.920834  0.794086  0.902474  0.300000  0.151282  0.748020  0.118201  0.065395  0.056460  0.060092  0.065227  0.061909  0.642871  0.650265  0.633613  0.113072  0.108868  0.247775  0.078159  0.246192  0.278881  0.639456  0.541782  0.843397  0.886660  0.763544  0.926013  0.884097  0.000000  0.883586  0.907874  0.915280  0.853205  0.853205  0.863027  0.874376  0.874376  0.138013  0.774460  0.702405  0.368656  0.100482  0.692287  0.283872  0.092141  0.081644  0.086680  0.078038  0.088587  0.091794  0.096215  0.101549  0.168230  0.123434  0.917621  0.919757  0.849462  0.177570  0.218163  0.103030  0.059684  0.068021  0.923913  0.281654  0.192914  0.288920  0.345357  0.425116  0.515447  0.553228  0.591164  0.612853  0.181844  0.310421  0.308488  0.650899  0.318421  0.058316  0.232167  0.744047  0.675984  0.772698  0.688189  0.597577  0.690182  0.488317  0.480253  0.536065  0.911609  0.772222  0.936142  0.894304  0.642417  0.824461  0.881534  0.866798  0.806902  0.573340  0.333546  0.482441  0.529441  0.619631  0.026715  0.388903  0.269145  0.905748  0.323364  0.315951  0.724812  0.385807  0.318474  0.501404  0.392888  0.112147  0.623768  0.659827  0.693219  0.730913
  0.718000  0.529028  0.641301  0.731935  0.613236  0.505649  0.195931  0.511604  0.339052  0.879094  0.680381  0.919449  0.794790  0.903748  0.301311  0.152632  0.747074  0.118251  0.065839  0.056680  0.059845  0.065510  0.061790  0.644303  0.649124  0.636559  0.111942  0.108639  0.251357  0.079070  0.250246  0.282314  0.639421  0.542079  0.842245  0.884671  0.764441  0.932387  0.883629  0.000000  0.887636  0.908897  0.914662  0.851471  0.851471  0.863805  0.878960  0.878960  0.139186  0.771503  0.703660  0.368114  0.100060  0.695960  0.287235  0.091954  0.082438  0.086831  0.077948  0.090652  0.093083  0.097685  0.102132  0.172457  0.124603  0.914625  0.918844  0.851423  0.177776  0.219210  0.103850  0.058894  0.068398  0.923905  0.283079  0.191878  0.288102  0.344044  0.424529  0.514753  0.553944  0.590953  0.613548  0.180614  0.307205  0.307873  0.649492  0.318735  0.058461  0.232368  0.742303  0.674023  0.770532  0.687518  0.596369  0.689229  0.489976  0.481158  0.534051  0.911600  0.774433  0.938646  0.894792  0.641544  0.826740  0.883074  0.868312  0.807010  0.573639  0.332902  0.482834  0.529246  0.620076  0.026762  0.385791  0.268022  0.909068  0.330813  0.318945  0.724836  0.383692  0.317842  0.500601  0.392026  0.112914  0.623459  0.654912  0.694723  0.730744
  0.720000  0.529629  0.642611  0.731056  0.610869  0.505600  0.197293  0.512475  0.338700  0.878624  0.682626  0.920725  0.796256  0.903765  0.300395  0.154780  0.747182  0.118208  0.065504  0.056798  0.059985  0.065138  0.061417  0.647127  0.650423  0.638421  0.112684  0.107179  0.253541  0.078442  0.249733  0.282576  0.640902  0.546321  0.840501  0.880509  0.765050  0.931822  0.883900  0.000000  0.886113  0.909642  0.916236  0.854357  0.854357  0.862809  0.875688  0.875688  0.139846  0.775338  0.704295  0.366440  0.100131  0.698610  0.289242  0.092387  0.082118  0.085408  0.079373  0.092993  0.094378  0.099140  0.103076  0.174529  0.126333  0.919431  0.919688  0.850654  0.177861  0.220638  0.103515  0.060811  0.067989  0.923841  0.283652  0.190289  0.285741  0.341408  0.422690  0.513471  0.552477  0.590782  0.612270  0.183236  0.307009  0.307087  0.649311  0.319099  0.058819  0.231810  0.742184  0.671800  0.770479  0.685964  0.595182  0.689347  0.488012  0.481338  0.532124  0.911531  0.775597  0.933391  0.894133  0.642251  0.825944  0.878842  0.864642  0.804552  0.575011  0.335032  0.483758  0.531126  0.622412  0.026970  0.386248  0.271899  0.905152  0.339375  0.320474  0.723964  0.383028  0.316945  0.499820  0.390324  0.113602  0.622049  0.663156  0.696491  0.727840
  0.722000  0.530561  0.644906  0.734029  0.611549  0.505564  0.198938  0.515202  0.342762  0.878400  0.684846  0.921392  0.798315  0.901562  0.303060  0.157155  0.748344  0.118041  0.065663  0.056475  0.059379  0.065678  0.061325  0.650427  0.651849  0.639886  0.110927  0.109755  0.254731  0.078392  0.252426  0.284378  0.641514  0.549105  0.844883  0.888307  0.767416  0.929231  0.885234  0.000000  0.888686  0.910396  0.915346  0.854098  0.854098  0.863231  0.874824  0.874824  0.140879  0.773092  0.705785  0.364866  0.099939  0.701722  0.293191  0.092241  0.082817  0.086861  0.078592  0.091373  0.095249  0.100571  0.104303  0.176679  0.128164  0.918889  0.918702  0.851921  0.179223  0.220009  0.103922  0.059863  0.068662  0.925587  0.283652  0.189089  0.284156  0.339995  0.420791  0.511724  0.552902  0.591506  0.613030  0.183664  0.304591  0.305671  0.650528  0.319846  0.058580  0.231451  0.739582  0.670603  0.767969  0.684128  0.592349  0.690063  0.488328  0.482196  0.529388  0.911444  0.773265  0.936296  0.899760  0.643462  0.826376  0.882496  0.870347  0.805266  0.576028  0.336586  0.484616  0.532930  0.622565  0.027220  0.388611  0.272171  0.906172  0.345739  0.322947  0.726144  0.381846  0.316541  0.498511  0.388818  0.114530  0.623172  0.661429  0.693382  0.729826
  0.724000  0.532916  0.646301  0.733808  0.610924  0.506519  0.199319  0.515288  0.341653  0.878407  0.687876  0.922059  0.796964  0.903573  0.300693  0.158774  0.748196  0.118555  0.065659  0.056552  0.059168  0.065534  0.061065  0.652011  0.650246  0.638243  0.110526  0.110184  0.257025  0.078773  0.254175  0.285443  0.641931  0.549895  0.845394  0.887036  0.767415  0.928138  0.885047  0.000000  0.883573  0.907593  0.915848  0.855950  0.855950  0.864814  0.879608  0.879608  0.142138  0.774662  0.705498  0.364214  0.100235  0.702710  0.296089  0.092918  0.085915  0.087089  0.078476  0.091700  0.095354  0.102315  0.104877  0.177232  0.128906  0.909696  0.918706  0.852434  0.178499  0.221134  0.104195  0.060693  0.068223  0.924678  0.284591  0.187729  0.281703  0.337744  0.418762  0.510628  0.550668  0.590631  0.613032  0.182401  0.307386  0.305863  0.651741  0.320493  0.058899  0.231208  0.736757  0.667382  0.765845  0.680636  0.590964  0.688357  0.486744  0.482578  0.528026  0.913263  0.777348  0.938754  0.891232  0.642878  0.833765  0.883073  0.868108  0.807294  0.577879  0.337491  0.485119  0.534207  0.624748  0.027250  0.386426  0.271707  0.904154  0.351858  0.325551  0.722404  0.379877  0.315571  0.498028  0.387671  0.114892  0.626645  0.659490  0.688001  0.733585
  0.726000  0.533734  0.646702  0.735043  0.613042  0.507412  0.201182  0.517435  0.340666  0.878025  0.689931  0.922727  0.797796  0.904213  0.303793  0.159534  0.749063  0.118212  0.065603  0.056916  0.059388  0.065610  0.061604  0.654195  0.652094  0.640288  0.111440  0.110242  0.259971  0.078957  0.255602  0.287216  0.643320  0.552392  0.847645  0.884542  0.768976  0.927676  0.884864  0.000000  0.885179  0.909679  0.917119  0.855543  0.855543  0.864093  0.879992  0.879992  0.143452  0.775953  0.705652  0.363210  0.100442  0.706849  0.299686  0.093061  0.083093  0.087223  0.079250  0.091405  0.096982  0.104127  0.106186  0.178712  0.131475  0.914569  0.919550  0.852236  0.179268  0.221610  0.104271  0.059350  0.069051  0.925527  0.285588  0.186386  0.279732  0.335427  0.417211  0.508916  0.549692  0.589529  0.613198  0.183443  0.304919  0.303785  0.650387  0.321098  0.058669  0.230902  0.735073  0.664528  0.763569  0.679870  0.588474  0.687989  0.487982  0.483400  0.524871  0.912287  0.779421  0.939323  0.898826  0.644030  0.829967  0.884427  0.870399  0.808445  0.579849  0.339985  0.486474  0.535698  0.625412  0.027432  0.388696  0.274112  0.907420  0.362120  0.328087  0.724012  0.378389  0.314479  0.496938  0.386581  0.115350  0.625271  0.665586  0.693503  0.733211
  0.728000  0.535159  0.648862  0.735907  0.616203  0.508817  0.202536  0.518896  0.344467  0.876395  0.691918  0.922623  0.796426  0.902728  0.302813  0.161855  0.748339  0.118533  0.065152  0.056362  0.059821  0.065372  0.061106  0.654415  0.654980  0.641752  0.111200  0.111240  0.262060  0.079176  0.257453  0.288586  0.643140  0.557202  0.846511  0.887595  0.767231  0.926868  0.885382  0.000000  0.881620  0.909675  0.912982  0.855577  0.855577  0.865218  0.876626  0.876626  0.143464  0.774584  0.706053  0.361201  0.099574  0.708758  0.301642  0.092337  0.083060  0.087001  0.079163  0.089983  0.098480  0.105852  0.107005  0.180098  0.131325  0.911800  0.917801  0.852140  0.178033  0.222829  0.104802  0.059616  0.068676  0.923767  0.286309  0.184658  0.278149  0.333696  0.414748  0.507535  0.549156  0.590386  0.613074  0.184858  0.308378  0.303729  0.651744  0.321497  0.059138  0.231164  0.730364  0.660213  0.758837  0.675156  0.585985  0.687592  0.486568  0.482483  0.522693  0.911452  0.775797  0.939941  0.896349  0.644306  0.826818  0.885009  0.870535  0.810372  0.580485  0.340176  0.487118  0.537615  0.626690  0.027680  0.387773  0.274302  0.907829  0.367530  0.329754  0.721905  0.377766  0.313557  0.495853  0.384624  0.115889  0.629230  0.660415  0.695237  0.728068
  0.730000  0.537238  0.649411  0.734975  0.616275  0.508075  0.203406  0.518978  0.345215  0.877619  0.694510  0.923288  0.798228  0.902003  0.304798  0.163550  0.747994  0.118391  0.065776  0.056649  0.059479  0.065225  0.061646  0.657701  0.657407  0.645333  0.108739  0.109750  0.263833  0.079151  0.260261  0.292173  0.643746  0.559255  0.850263  0.885581  0.764724  0.927560  0.885550  0.000000  0.882864  0.909104  0.915719  0.854519  0.854519  0.864919  0.881530  0.881530  0.145502  0.774356  0.707501  0.360101  0.099735  0.709366  0.303217  0.092573  0.086003  0.087006  0.079101  0.092660  0.099204  0.105835  0.107699  0.181830  0.132678  0.911442  0.917655  0.851330  0.179528  0.223843  0.105826  0.059397  0.069083  0.925449  0.286650  0.182846  0.275400  0.330165  0.412548  0.505258  0.547349  0.589127  0.612833  0.182787  0.305539  0.303217  0.652772  0.322578  0.059235  0.228329  0.728655  0.659384  0.757377  0.675026  0.583852  0.686859  0.485543  0.482879  0.519475  0.912202  0.776614  0.940560  0.900486  0.643802  0.834370  0.885592  0.871458  0.809946  0.582142  0.342143  0.488872  0.538511  0.628042  0.027798  0.388525  0.274818  0.903503  0.373858  0.331859  0.720049  0.376692  0.312135  0.495248  0.383449  0.116260  0.629577  0.667791  0.692457  0.736142
  0.732000  0.538806  0.651312  0.737693  0.614232  0.508498  0.204260  0.520680  0.344187  0.875795  0.695851  0.924628  0.798792  0.901939  0.305617  0.165957  0.746268  0.118544  0.065336  0.056380  0.059294  0.065123  0.061428  0.659394  0.656325  0.648984  0.109643  0.112397  0.267749  0.079024  0.262562  0.293361  0.644116  0.561967  0.852959  0.885951  0.769203  0.929354  0.885304  0.000000  0.885885  0.909781  0.913923  0.855509  0.855509  0.863601  0.875554  0.875554  0.145608  0.776197  0.707902  0.359675  0.099697  0.712291  0.304998  0.092552  0.083070  0.087127  0.079529  0.093076  0.099967  0.107469  0.108454  0.184049  0.134473  0.913013  0.916753  0.853298  0.179500  0.223700  0.105591  0.060318  0.068868  0.925456  0.287625  0.181028  0.272253  0.327098  0.409405  0.503056  0.545148  0.588023  0.612589  0.183484  0.304665  0.302475  0.651499  0.323347  0.058974  0.231797  0.723984  0.655304  0.753186  0.670756  0.579359  0.684772  0.483183  0.482737  0.516023  0.912210  0.777846  0.939481  0.900485  0.644952  0.830257  0.885398  0.875802  0.810292  0.581879  0.342701  0.488244  0.538246  0.628140  0.027795  0.388360  0.277409  0.909024  0.380812  0.335837  0.726064  0.375120  0.311781  0.494255  0.382859  0.117146  0.625470  0.661915  0.687253  0.729946
  0.734000  0.540190  0.652738  0.735855  0.616363  0.508761  0.205949  0.522886  0.350617  0.875756  0.697852  0.923854  0.799686  0.903884  0.305627  0.167097  0.746159  0.117743  0.065197  0.056255  0.059839  0.065234  0.061172  0.660332  0.656146  0.643974  0.108819  0.113959  0.268365  0.079401  0.263662  0.295627  0.645050  0.562471  0.849664  0.888318  0.769018  0.927965  0.885836  0.000000  0.886785  0.910305  0.915277  0.859150  0.859150  0.864132  0.881046  0.881046  0.147109  0.777823  0.709768  0.357688  0.099950  0.713685  0.306897  0.092069  0.082705  0.087182  0.079581  0.092768  0.099662  0.107952  0.108883  0.186419  0.134067  0.913888  0.916675  0.851846  0.182353  0.223835  0.106336  0.060335  0.068435  0.926296  0.287981  0.178749  0.268872  0.324307  0.405817  0.501029  0.542919  0.587080  0.612370  0.185140  0.305586  0.301771  0.651928  0.323400  0.058966  0.228318  0.720862  0.651496  0.750463  0.666153  0.576194  0.682154  0.480671  0.482791  0.512628  0.911217  0.774782  0.938148  0.899436  0.643946  0.834647  0.885786  0.872347  0.809164  0.584801  0.344635  0.488746  0.540703  0.630214  0.027992  0.389641  0.276677  0.905917  0.388175  0.336568  0.723053  0.374843  0.311323  0.493942  0.382203  0.117008  0.624378  0.666519  0.693715  0.734205
  0.736000  0.542156  0.653999  0.738521  0.616996  0.509025  0.206839  0.522073  0.348007  0.874192  0.700598  0.924523  0.799229  0.903110  0.305726  0.168195  0.738543  0.118086  0.065828  0.056563  0.059401  0.064995  0.061538  0.662636  0.657826  0.646769  0.109666  0.116027  0.269221  0.080643  0.264831  0.298040  0.644720  0.564830  0.849183  0.888791  0.769386  0.927965  0.886715  0.000000  0.891019  0.911885  0.915203  0.854979  0.854979  0.866048  0.879308  0.879308  0.148528  0.777301  0.708007  0.356833  0.099815  0.713786  0.308692  0.093435  0.082789  0.086136  0.079887  0.094047  0.100600  0.108730  0.109735  0.185479  0.135715  0.912573  0.915764  0.852431  0.181408  0.225487  0.107399  0.059339  0.068997  0.924464  0.288897  0.176100  0.266064  0.321264  0.402146  0.498218  0.541830  0.585207  0.611123  0.184629  0.305412  0.301251  0.653543  0.324768  0.059279  0.228160  0.718732  0.648954  0.746770  0.663254  0.571805  0.682476  0.479035  0.482747  0.508997  0.911216  0.781298  0.940466  0.895072  0.646265  0.834474  0.887149  0.873427  0.808660  0.586063  0.346599  0.490294  0.543118  0.630339  0.028006  0.393119  0.278826  0.907784  0.393357  0.338456  0.722577  0.372940  0.310709  0.492939  0.380911  0.118086  0.631416  0.664607  0.690674  0.732902
  0.738000  0.543185  0.654061  0.737041  0.616193  0.509505  0.207576  0.523949  0.353136  0.874253  0.702797  0.925197  0.801503  0.903826  0.304400  0.169414  0.734889  0.118127  0.065606  0.056607  0.059875  0.065525  0.061210  0.664896  0.657303  0.646033  0.110345  0.114541  0.270027  0.079548  0.266271  0.297592  0.645332  0.563607  0.849220  0.887060  0.770026  0.925704  0.885193  0.000000  0.885336  0.909654  0.915461  0.859234  0.859234  0.864797  0.881332  0.881332  0.149334  0.778583  0.709712  0.355512  0.100682  0.715698  0.309662  0.091989  0.083813  0.086900  0.079013  0.094525  0.100471  0.109740  0.110153  0.185652  0.135494  0.910904  0.915690  0.853707  0.182377  0.225957  0.106619  0.059115  0.069147  0.927141  0.289924  0.174621  0.262700  0.317367  0.399956  0.495800  0.540114  0.584820  0.611723  0.183941  0.302333  0.300697  0.652754  0.325974  0.059755  0.229542  0.713221  0.644849  0.743661  0.659062  0.568503  0.679529  0.476506  0.482533  0.505430  0.912958  0.776756  0.940005  0.900470  0.646555  0.838005  0.888414  0.873374  0.811289  0.585063  0.346222  0.491653  0.542563  0.631701  0.028538  0.391149  0.277994  0.905311  0.397787  0.340306  0.720503  0.371867  0.310337  0.492930  0.379296  0.118274  0.628678  0.662522  0.693930  0.723162
  0.740000  0.545307  0.658883  0.740425  0.616776  0.510092  0.208060  0.524140  0.348104  0.873444  0.703147  0.925874  0.801713  0.902256  0.306702  0.171758  0.733354  0.117885  0.065918  0.055864  0.059644  0.064900  0.061135  0.666330  0.660422  0.646224  0.108999  0.115532  0.272984  0.079722  0.267464  0.296906  0.645428  0.568298  0.847889  0.889164  0.770648  0.927675  0.886801  0.000000  0.888792  0.910908  0.916724  0.859954  0.859954  0.864606  0.883168  0.883168  0.149684  0.779492  0.710323  0.355686  0.100166  0.716714  0.311040  0.093579  0.083652  0.089990  0.082356  0.095680  0.101807  0.109336  0.110932  0.187458  0.136497  0.913594  0.914791  0.852139  0.180017  0.226175  0.107625  0.060864  0.069535  0.926235  0.289534  0.172129  0.259646  0.314432  0.395748  0.492997  0.538600  0.584203  0.611282  0.183609  0.305618  0.300251  0.652544  0.325735  0.059253  0.229602  0.709980  0.640773  0.739946  0.655613  0.564978  0.676267  0.474159  0.483404  0.501292  0.912970  0.780713  0.939289  0.891958  0.647333  0.840668  0.886765  0.873547  0.811570  0.586565  0.347589  0.491155  0.543394  0.634081  0.028512  0.391708  0.279461  0.907994  0.404515  0.342337  0.725259  0.370644  0.308431  0.491246  0.377597  0.118771  0.626159  0.667787  0.697633  0.737253
  0.742000  0.546434  0.658966  0.740057  0.617584  0.510148  0.209478  0.525948  0.355698  0.872403  0.705422  0.925773  0.800351  0.904995  0.307025  0.173772  0.734697  0.118597  0.065072  0.057243  0.059897  0.065376  0.061990  0.667495  0.658426  0.648205  0.108698  0.114273  0.276628  0.080302  0.268774  0.299626  0.646056  0.567258  0.848510  0.883955  0.770894  0.927385  0.886081  0.000000  0.891427  0.908947  0.914764  0.855197  0.855197  0.864587  0.878621  0.878621  0.151012  0.776652  0.709888  0.354869  0.100004  0.717200  0.311192  0.093898  0.088375  0.085824  0.079932  0.094512  0.102753  0.110469  0.111951  0.188559  0.137213  0.915467  0.915629  0.853454  0.183751  0.227734  0.108099  0.061961  0.069065  0.926167  0.289399  0.169136  0.255621  0.311078  0.392221  0.489467  0.535734  0.582707  0.611378  0.186880  0.301553  0.299825  0.652436  0.327060  0.059066  0.228387  0.704725  0.636167  0.737419  0.651622  0.559742  0.674919  0.471793  0.482952  0.498517  0.911073  0.778916  0.941615  0.899999  0.645512  0.839610  0.889011  0.874983  0.811244  0.588777  0.349260  0.492576  0.545040  0.634156  0.028717  0.390126  0.281801  0.909056  0.410053  0.344313  0.725787  0.370247  0.308354  0.490748  0.376228  0.118745  0.627748  0.664408  0.690880  0.727279
  0.744000  0.550084  0.660832  0.740456  0.618573  0.510128  0.211076  0.526225  0.352475  0.872835  0.706694  0.924999  0.803001  0.904154  0.306966  0.174443  0.731738  0.118119  0.065377  0.056566  0.059400  0.065444  0.060842  0.670514  0.659526  0.649285  0.107933  0.116747  0.276597  0.080314  0.270986  0.301208  0.645722  0.570168  0.848648  0.891593  0.771126  0.929829  0.886350  0.000000  0.889785  0.908012  0.917166  0.855792  0.855792  0.864928  0.883556  0.883556  0.151453  0.779659  0.711378  0.353188  0.100485  0.716748  0.311446  0.092577  0.083188  0.092139  0.077370  0.093367  0.101704  0.111356  0.112733  0.188816  0.136668  0.912231  0.914645  0.854826  0.183445  0.228305  0.108575  0.059925  0.069661  0.927935  0.290055  0.166991  0.252587  0.306321  0.388849  0.487662  0.533292  0.582620  0.611257  0.185913  0.304268  0.299409  0.651427  0.327216  0.060234  0.228426  0.702362  0.634395  0.734509  0.647578  0.554506  0.673930  0.470432  0.482304  0.492055  0.914645  0.779397  0.943324  0.897334  0.648007  0.835711  0.892428  0.874527  0.810293  0.588364  0.350915  0.494158  0.546811  0.635481  0.028762  0.390171  0.280868  0.909826  0.415685  0.346025  0.722880  0.369318  0.307956  0.489953  0.376597  0.119451  0.628704  0.673493  0.690343  0.727711
  0.746000  0.551234  0.662211  0.740971  0.619030  0.509444  0.212103  0.528140  0.351275  0.870892  0.707895  0.924947  0.802625  0.901272  0.309004  0.175833  0.729750  0.118235  0.065706  0.055799  0.059780  0.064818  0.061052  0.670216  0.665325  0.651833  0.108538  0.118220  0.277934  0.080059  0.270952  0.301289  0.646454  0.571630  0.847499  0.890539  0.771381  0.928548  0.886698  0.000000  0.891269  0.910716  0.917378  0.857598  0.857598  0.864985  0.878804  0.878804  0.153303  0.779491  0.711916  0.352063  0.099777  0.718535  0.311645  0.093780  0.081338  0.088073  0.079441  0.095361  0.102737  0.110991  0.112324  0.187724  0.138284  0.913742  0.914640  0.854088  0.183952  0.229893  0.109949  0.060434  0.069257  0.927012  0.291982  0.163733  0.248545  0.302124  0.383553  0.482842  0.531857  0.580637  0.610612  0.186813  0.302563  0.299383  0.655245  0.329464  0.060083  0.225656  0.697967  0.629836  0.730017  0.644144  0.549497  0.670471  0.466163  0.484121  0.489472  0.910992  0.778706  0.941315  0.901480  0.646326  0.835257  0.889507  0.875107  0.811972  0.589346  0.350759  0.493681  0.546568  0.636420  0.029153  0.389727  0.283512  0.904913  0.418306  0.347874  0.724171  0.368124  0.305291  0.489289  0.375151  0.120381  0.631744  0.663772  0.698156  0.729922
  0.748000  0.553671  0.665643  0.741528  0.620311  0.509563  0.213118  0.530135  0.353729  0.870586  0.708719  0.928481  0.802997  0.905448  0.309903  0.176884  0.725655  0.117651  0.065418  0.056606  0.059373  0.065048  0.061319  0.672593  0.661762  0.652821  0.106736  0.116446  0.278911  0.079919  0.272252  0.300413  0.646382  0.573094  0.848703  0.887614  0.772311  0.926277  0.885782  0.000000  0.890503  0.913992  0.918159  0.858641  0.858641  0.866048  0.879963  0.879963  0.153559  0.775451  0.713388  0.351482  0.100220  0.718822  0.312086  0.092659  0.082234  0.090288  0.081215  0.094416  0.103380  0.111279  0.112761  0.188412  0.136993  0.914572  0.914568  0.853361  0.183036  0.232025  0.109143  0.059539  0.069635  0.926026  0.290024  0.160798  0.243709  0.298274  0.379216  0.478741  0.528897  0.579446  0.609760  0.185435  0.303312  0.299023  0.654027  0.329281  0.059233  0.226616  0.691451  0.623546  0.723186  0.637720  0.545487  0.667633  0.462993  0.482098  0.485033  0.912741  0.775538  0.942401  0.903322  0.647809  0.838368  0.888825  0.878286  0.811712  0.589652  0.351181  0.495097  0.548070  0.637183  0.029460  0.390869  0.283328  0.907352  0.423325  0.349629  0.722261  0.368089  0.306707  0.488784  0.374151  0.120093  0.633276  0.673561  0.689639  0.731234
  0.750500  0.555771  0.667345  0.742727  0.619460  0.508991  0.214339  0.530358  0.349140  0.869834  0.710177  0.928436  0.802156  0.903884  0.309205  0.178068  0.726830  0.117717  0.065923  0.056395  0.059181  0.064945  0.060966  0.673207  0.664299  0.652100  0.105476  0.116885  0.281329  0.080594  0.272341  0.302517  0.644961  0.573015  0.851265  0.887779  0.772420  0.929659  0.886494  0.000000  0.890069  0.913643  0.917814  0.860416  0.860416  0.868637  0.883264  0.883264  0.154703  0.780581  0.713112  0.349939  0.100253  0.719069  0.311252  0.093848  0.083529  0.087856  0.079864  0.094641  0.101339  0.111649  0.112404  0.188152  0.137293  0.910935  0.914560  0.850972  0.183658  0.231488  0.110011  0.059888  0.071258  0.925099  0.290250  0.157288  0.238306  0.291609  0.373178  0.474116  0.524033  0.578045  0.608752  0.188957  0.302008  0.298098  0.653897  0.329937  0.059812  0.228294  0.685351  0.618457  0.718646  0.631917  0.538205  0.664719  0.457424  0.481580  0.479607  0.912733  0.782332  0.944652  0.901089  0.647493  0.838269  0.890899  0.877240  0.814058  0.589177  0.352336  0.494612  0.547863  0.637621  0.029633  0.390207  0.285222  0.910935  0.427234  0.350503  0.717599  0.366793  0.306005  0.487476  0.373113  0.120088  0.626513  0.672646  0.693655  0.724031
  0.753500  0.560629  0.670420  0.745257  0.618807  0.509628  0.216821  0.532825  0.358056  0.869726  0.711851  0.928385  0.803373  0.903756  0.310664  0.180754  0.732433  0.117708  0.065115  0.056314  0.059493  0.065271  0.060941  0.675628  0.664962  0.652581  0.106179  0.119878  0.280579  0.080354  0.274868  0.301732  0.645205  0.577218  0.851500  0.888059  0.773006  0.927733  0.886759  0.000000  0.890244  0.914924  0.919101  0.861993  0.861993  0.869607  0.883848  0.883848  0.156365  0.780630  0.712530  0.347974  0.100065  0.717155  0.309791  0.091530  0.082412  0.087421  0.078779  0.094264  0.102464  0.110312  0.113082  0.185027  0.137516  0.908743  0.915410  0.855966  0.184625  0.233363  0.111173  0.060761  0.070105  0.925039  0.291439  0.152062  0.231797  0.285137  0.365974  0.466981  0.519297  0.574055  0.606831  0.186285  0.303949  0.298357  0.655035  0.331326  0.059698  0.226327  0.678103  0.613085  0.713131  0.625622  0.531622  0.661354  0.453508  0.481318  0.472882  0.910840  0.781946  0.944399  0.902496  0.647272  0.840841  0.890610  0.876060  0.813541  0.590518  0.353638  0.496328  0.549813  0.638467  0.030261  0.391988  0.286070  0.907134  0.434845  0.352281  0.721500  0.366771  0.304825  0.486528  0.372197  0.120827  0.631947  0.676885  0.698477  0.735077
  0.756500  0.564553  0.673131  0.745802  0.620274  0.508880  0.218793  0.533511  0.358674  0.868711  0.713096  0.930433  0.803830  0.902232  0.311219  0.181764  0.738166  0.117555  0.065619  0.055845  0.059398  0.064296  0.060981  0.676833  0.662733  0.652858  0.106501  0.119850  0.284187  0.080245  0.275712  0.302671  0.645387  0.578174  0.850440  0.886122  0.774319  0.929317  0.887201  0.000000  0.893509  0.915124  0.920141  0.863226  0.863226  0.870214  0.883555  0.883555  0.158118  0.781471  0.714452  0.347598  0.100307  0.716243  0.308593  0.093132  0.083025  0.089425  0.079176  0.094280  0.101872  0.110611  0.112620  0.186036  0.136448  0.912880  0.916323  0.854974  0.184906  0.235604  0.111906  0.060290  0.069989  0.925039  0.290372  0.148046  0.224764  0.276936  0.357758  0.460128  0.514826  0.572049  0.605830  0.187282  0.303348  0.298317  0.655171  0.332155  0.060321  0.226493  0.670685  0.604518  0.705802  0.616675  0.523457  0.657069  0.447263  0.480321  0.467758  0.909926  0.786047  0.944565  0.906243  0.648937  0.840433  0.895129  0.877915  0.813914  0.591449  0.354829  0.497182  0.552089  0.639719  0.030232  0.391730  0.288316  0.908037  0.442551  0.353002  0.724652  0.364920  0.303960  0.486733  0.370887  0.120899  0.636089  0.671907  0.701652  0.732365
  0.759500  0.566526  0.677711  0.746843  0.621463  0.507506  0.219289  0.535291  0.362730  0.868840  0.713546  0.931117  0.805232  0.904266  0.314399  0.183454  0.742424  0.117386  0.064904  0.056417  0.058953  0.064673  0.061564  0.679588  0.665258  0.653618  0.106795  0.120055  0.282876  0.079750  0.277070  0.302634  0.645496  0.580952  0.855569  0.888825  0.772598  0.931188  0.885212  0.000000  0.890371  0.915346  0.921203  0.860471  0.860471  0.870019  0.880237  0.880237  0.159636  0.780529  0.714193  0.346335  0.100558  0.717873  0.306637  0.093142  0.080599  0.086994  0.078715  0.094280  0.099422  0.110302  0.112975  0.184167  0.136174  0.915371  0.917101  0.857090  0.185054  0.235983  0.112551  0.060281  0.070824  0.924905  0.290372  0.143074  0.217803  0.268201  0.349881  0.452653  0.508580  0.567273  0.605506  0.186325  0.301231  0.299343  0.655518  0.334217  0.059910  0.226519  0.663238  0.598550  0.700183  0.610785  0.515238  0.652262  0.440250  0.479697  0.460848  0.910693  0.783692  0.946456  0.907480  0.648735  0.839299  0.893384  0.879408  0.815190  0.591630  0.356529  0.497914  0.552046  0.640217  0.030345  0.393477  0.288293  0.908920  0.446020  0.355763  0.723840  0.363762  0.303848  0.485253  0.369398  0.120212  0.634965  0.669753  0.698391  0.733355
  0.762500  0.571627  0.680608  0.748075  0.620246  0.505465  0.221884  0.537212  0.363567  0.868083  0.713846  0.929653  0.804567  0.904138  0.314646  0.184612  0.745216  0.117593  0.065084  0.055759  0.059203  0.065040  0.061148  0.679826  0.665141  0.653823  0.106530  0.119133  0.282908  0.079725  0.277664  0.302432  0.643138  0.578848  0.856282  0.884574  0.774837  0.932261  0.886818  0.000000  0.889119  0.917762  0.923626  0.864877  0.864877  0.871791  0.885515  0.885515  0.160497  0.783028  0.714768  0.344739  0.100488  0.716370  0.303253  0.092646  0.082939  0.086499  0.077943  0.093266  0.100972  0.108058  0.113113  0.184240  0.134915  0.914129  0.918007  0.853790  0.185934  0.238468  0.113791  0.061989  0.070481  0.924896  0.289393  0.138180  0.210573  0.260654  0.340722  0.445553  0.502597  0.564309  0.603235  0.188684  0.304286  0.297271  0.655526  0.334795  0.060594  0.226190  0.656267  0.592554  0.694416  0.603957  0.506268  0.646564  0.434714  0.480566  0.454096  0.910682  0.784263  0.945949  0.903478  0.648374  0.844062  0.893692  0.880052  0.815306  0.592894  0.358128  0.499647  0.553830  0.643554  0.030843  0.392703  0.290265  0.909288  0.450314  0.354559  0.723165  0.362868  0.302889  0.484586  0.368178  0.120650  0.632738  0.680012  0.695976  0.732755
  0.765500  0.576223  0.686217  0.749009  0.621420  0.505103  0.223681  0.539582  0.361154  0.868242  0.713178  0.931704  0.805776  0.902634  0.316882  0.186528  0.745453  0.117396  0.064940  0.055577  0.058974  0.064917  0.060766  0.682235  0.669347  0.658406  0.106321  0.122285  0.283325  0.080514  0.277594  0.300761  0.645348  0.585240  0.853682  0.888761  0.774015  0.923282  0.886436  0.000000  0.890272  0.917622  0.923497  0.857045  0.857045  0.870577  0.881115  0.881115  0.162601  0.776752  0.716019  0.343556  0.100344  0.713916  0.301701  0.092442  0.082073  0.086345  0.078155  0.096076  0.098913  0.107510  0.112633  0.182585  0.134303  0.915296  0.917940  0.855788  0.186136  0.239598  0.115007  0.061889  0.070957  0.926674  0.289043  0.133384  0.202911  0.252008  0.331988  0.437070  0.495907  0.560366  0.601385  0.187544  0.305360  0.298628  0.654906  0.335385  0.060183  0.226009  0.650061  0.585672  0.687482  0.595721  0.498811  0.641766  0.428835  0.479012  0.446536  0.909693  0.782198  0.946582  0.900275  0.649378  0.840793  0.892517  0.880818  0.815496  0.593090  0.357927  0.500216  0.555643  0.643424  0.031090  0.392891  0.290488  0.908838  0.452680  0.355693  0.723662  0.362632  0.302297  0.483855  0.367337  0.120009  0.638479  0.677220  0.696019  0.728523
  0.768500  0.578710  0.688927  0.751867  0.622191  0.503186  0.224781  0.540559  0.368352  0.869308  0.713387  0.930970  0.806777  0.905268  0.318473  0.186604  0.747599  0.117230  0.065497  0.056620  0.059004  0.064794  0.061170  0.684509  0.668604  0.659495  0.106222  0.123113  0.283550  0.080021  0.277731  0.299877  0.643592  0.582867  0.854031  0.885785  0.773934  0.925615  0.887094  0.000000  0.887311  0.918974  0.922333  0.861996  0.861996  0.871861  0.880702  0.880702  0.163892  0.780729  0.716490  0.343098  0.100806  0.712435  0.298705  0.091100  0.082273  0.085186  0.080060  0.089772  0.098625  0.106505  0.112568  0.180337  0.132771  0.913983  0.918780  0.855729  0.186803  0.241608  0.115512  0.060894  0.071130  0.927522  0.289261  0.128245  0.195580  0.243801  0.322636  0.429070  0.490060  0.556364  0.598953  0.189301  0.305833  0.299510  0.655420  0.337243  0.060081  0.226804  0.640914  0.578329  0.679973  0.589539  0.491179  0.637376  0.422488  0.478471  0.438723  0.909699  0.785670  0.943757  0.905382  0.648620  0.844525  0.891523  0.878243  0.814323  0.593612  0.359687  0.501382  0.556587  0.644364  0.031152  0.393528  0.295075  0.909134  0.457000  0.354378  0.722994  0.362263  0.302597  0.483716  0.365751  0.119696  0.639813  0.680843  0.701932  0.735375
  0.771500  0.584931  0.692960  0.753456  0.622144  0.501473  0.227213  0.543376  0.366109  0.867900  0.712655  0.931613  0.807451  0.905267  0.319714  0.188764  0.749431  0.117453  0.065348  0.055746  0.058984  0.064286  0.060966  0.686574  0.668042  0.660279  0.106443  0.124034  0.284227  0.079615  0.276614  0.298238  0.643906  0.584403  0.853767  0.886321  0.774645  0.926438  0.888978  0.000000  0.889931  0.918331  0.925057  0.858169  0.858169  0.872276  0.884929  0.884929  0.165805  0.781157  0.718818  0.342602  0.099996  0.709983  0.295575  0.090436  0.084765  0.085874  0.077541  0.091235  0.097270  0.104814  0.112001  0.177323  0.131677  0.915847  0.918719  0.855654  0.188419  0.243552  0.116107  0.062346  0.071614  0.928387  0.288169  0.123584  0.188009  0.235196  0.314158  0.419971  0.483602  0.552317  0.596485  0.188904  0.305751  0.299241  0.656423  0.338453  0.060657  0.224139  0.633494  0.572578  0.674871  0.580848  0.481895  0.632732  0.417588  0.476950  0.433235  0.909079  0.782482  0.946962  0.903715  0.649797  0.846246  0.894600  0.880577  0.814015  0.594690  0.361054  0.503020  0.557317  0.645354  0.031532  0.391790  0.293253  0.909368  0.460617  0.354757  0.725608  0.361305  0.301600  0.484122  0.364470  0.119846  0.640823  0.684186  0.697257  0.735321
  0.774500  0.587738  0.696262  0.754598  0.622239  0.500224  0.228852  0.544401  0.367163  0.868127  0.713148  0.932944  0.808263  0.904391  0.322086  0.189415  0.748343  0.117314  0.064952  0.056661  0.059133  0.065693  0.060690  0.688469  0.671444  0.664074  0.107496  0.125962  0.283662  0.079645  0.276210  0.295893  0.643049  0.587350  0.854122  0.887626  0.774929  0.925615  0.886813  0.000000  0.889109  0.919938  0.924988  0.859790  0.859790  0.872279  0.882379  0.882379  0.166511  0.781170  0.715343  0.341071  0.100552  0.710448  0.291815  0.091965  0.079653  0.085183  0.077283  0.095516  0.096315  0.102707  0.111053  0.177071  0.130145  0.915028  0.919558  0.856173  0.188005  0.245346  0.117988  0.060274  0.070883  0.929235  0.287703  0.118342  0.180434  0.226626  0.303586  0.410837  0.474918  0.546869  0.594969  0.188501  0.306185  0.299526  0.656542  0.340250  0.060916  0.228193  0.624943  0.565913  0.667747  0.574249  0.474154  0.627202  0.410281  0.475853  0.426547  0.909632  0.785052  0.947173  0.908725  0.650729  0.843201  0.895687  0.881395  0.813575  0.594171  0.361192  0.504530  0.558363  0.645656  0.031598  0.392185  0.295200  0.908548  0.462745  0.354093  0.723472  0.361349  0.300464  0.484620  0.363533  0.119411  0.634077  0.692050  0.697785  0.732286
  0.777500  0.592131  0.698714  0.755866  0.621768  0.498021  0.230817  0.546452  0.373758  0.867282  0.711290  0.932158  0.807331  0.904205  0.322744  0.190042  0.748660  0.117509  0.065164  0.055863  0.058953  0.064211  0.061428  0.688727  0.671145  0.662657  0.106275  0.123692  0.281464  0.079632  0.274474  0.297640  0.641877  0.589465  0.857026  0.892320  0.775788  0.929154  0.888505  0.000000  0.892395  0.919558  0.922929  0.864042  0.864042  0.873499  0.886783  0.886783  0.168204  0.786583  0.715869  0.341233  0.101290  0.706071  0.288461  0.090979  0.080972  0.084670  0.076856  0.090088  0.095346  0.102563  0.110601  0.175551  0.129306  0.918405  0.919553  0.856750  0.188476  0.246766  0.117809  0.061941  0.071906  0.930155  0.286330  0.113506  0.173133  0.217734  0.293739  0.401465  0.466737  0.541867  0.591477  0.189145  0.305573  0.300365  0.656689  0.342024  0.060381  0.227367  0.618914  0.559604  0.662968  0.569319  0.466646  0.622676  0.403373  0.474507  0.420556  0.907605  0.789603  0.948109  0.908975  0.649505  0.853028  0.901773  0.883238  0.817031  0.594070  0.362612  0.505350  0.559419  0.647073  0.032045  0.394427  0.295853  0.909464  0.468011  0.353094  0.726088  0.360543  0.301366  0.482468  0.362691  0.119384  0.648010  0.693934  0.707969  0.741547
  0.781000  0.596044  0.702705  0.756975  0.621655  0.495258  0.233209  0.547411  0.377237  0.868008  0.709582  0.934236  0.806813  0.903336  0.323291  0.191249  0.749291  0.117452  0.064595  0.056142  0.058445  0.065008  0.060560  0.690804  0.673339  0.663683  0.105319  0.123193  0.279586  0.079199  0.273652  0.291616  0.643090  0.588115  0.856298  0.887365  0.776792  0.926904  0.887960  0.000000  0.884265  0.917752  0.922816  0.864518  0.864518  0.873670  0.883002  0.883002  0.169261  0.783113  0.717453  0.339654  0.101083  0.704261  0.284921  0.090875  0.080582  0.084769  0.076494  0.089536  0.094624  0.100248  0.109831  0.172208  0.127207  0.915966  0.919493  0.857534  0.189197  0.248890  0.119327  0.062091  0.071248  0.931025  0.283890  0.108128  0.163789  0.207744  0.282515  0.389298  0.456823  0.534859  0.588609  0.190151  0.308020  0.301049  0.656494  0.342472  0.060588  0.227319  0.610196  0.550854  0.655223  0.560790  0.457109  0.616627  0.393279  0.473339  0.413231  0.907443  0.786668  0.948027  0.905791  0.651033  0.846566  0.898036  0.883039  0.815999  0.594228  0.362850  0.505966  0.559946  0.646498  0.032501  0.394956  0.296842  0.911902  0.471337  0.351638  0.722508  0.359720  0.300400  0.481883  0.362136  0.118502  0.648033  0.690779  0.705797  0.733525
  0.785000  0.602182  0.706995  0.758026  0.621498  0.490840  0.235120  0.549486  0.376789  0.868047  0.708213  0.934922  0.808268  0.905338  0.324549  0.191496  0.747991  0.117146  0.065342  0.055900  0.059141  0.064613  0.060697  0.692141  0.674824  0.665637  0.108197  0.122700  0.276531  0.079408  0.272705  0.291669  0.640146  0.590205  0.857884  0.886540  0.774942  0.925188  0.888483  0.000000  0.887783  0.919113  0.925025  0.861170  0.861170  0.873891  0.881237  0.881237  0.172216  0.781526  0.717088  0.339637  0.101126  0.700275  0.280607  0.093074  0.079198  0.085823  0.076158  0.087290  0.092717  0.097813  0.109561  0.168442  0.125242  0.913829  0.920333  0.855669  0.190011  0.251275  0.119852  0.060321  0.072492  0.930023  0.281566  0.101956  0.154316  0.196556  0.269080  0.375793  0.445368  0.527376  0.582925  0.191895  0.308810  0.301409  0.656565  0.345213  0.061039  0.229226  0.599045  0.542257  0.645371  0.550315  0.445400  0.610418  0.385437  0.472551  0.405558  0.908178  0.786498  0.948625  0.903556  0.650272  0.845721  0.899450  0.882552  0.817731  0.593851  0.363771  0.507992  0.561336  0.649070  0.032303  0.393201  0.298590  0.913015  0.473580  0.349745  0.724348  0.359739  0.300793  0.482384  0.360261  0.117146  0.650917  0.691227  0.706854  0.726121
  0.789000  0.606191  0.711661  0.760590  0.622257  0.486831  0.237230  0.551681  0.376887  0.868090  0.706088  0.934792  0.809329  0.905936  0.329085  0.192132  0.746301  0.117704  0.064518  0.056296  0.058766  0.065218  0.060106  0.694492  0.676382  0.664662  0.105480  0.123450  0.276297  0.078778  0.271309  0.289709  0.642688  0.588694  0.856565  0.887762  0.776017  0.925356  0.889126  0.000000  0.892592  0.919505  0.923737  0.863309  0.863309  0.874066  0.884437  0.884437  0.173549  0.784948  0.717691  0.338063  0.101756  0.698805  0.275541  0.089149  0.079412  0.084088  0.077863  0.087931  0.090913  0.096287  0.107886  0.165485  0.123435  0.919580  0.921127  0.856998  0.192963  0.253857  0.121243  0.061682  0.071927  0.930829  0.279161  0.096612  0.145784  0.185856  0.256979  0.362747  0.433791  0.519363  0.578353  0.192355  0.308987  0.301915  0.655923  0.346233  0.061164  0.228497  0.590601  0.533820  0.637747  0.541906  0.434969  0.602894  0.376716  0.470903  0.396357  0.909044  0.786731  0.947647  0.904317  0.649808  0.850828  0.900175  0.884501  0.815622  0.594067  0.363880  0.508687  0.562909  0.648405  0.033192  0.395147  0.299996  0.913855  0.479439  0.347431  0.727969  0.358689  0.300353  0.482039  0.359472  0.117102  0.652741  0.693125  0.707746  0.731548
  0.793000  0.613026  0.718448  0.762798  0.623557  0.482122  0.239395  0.555153  0.380305  0.868602  0.703773  0.933961  0.809599  0.907141  0.330794  0.191962  0.744465  0.117316  0.064703  0.056085  0.058884  0.064899  0.060401  0.697447  0.676461  0.669344  0.106958  0.125364  0.271826  0.078301  0.270764  0.286946  0.641430  0.588604  0.862257  0.889368  0.776842  0.928388  0.891418  0.000000  0.890610  0.920559  0.925644  0.862419  0.862419  0.874869  0.881343  0.881343  0.175595  0.785916  0.718034  0.337486  0.102246  0.695899  0.270983  0.089209  0.079628  0.086876  0.074012  0.091416  0.088348  0.094556  0.107226  0.162634  0.121045  0.917581  0.921052  0.858897  0.192302  0.254856  0.121768  0.062775  0.072415  0.931686  0.275567  0.090880  0.136695  0.175395  0.244318  0.348743  0.420705  0.510417  0.573503  0.192568  0.314402  0.304177  0.657179  0.348975  0.060937  0.230567  0.579732  0.525163  0.629699  0.532771  0.424458  0.595557  0.368812  0.468027  0.389072  0.908217  0.787344  0.948247  0.908850  0.651053  0.846618  0.901597  0.886077  0.818704  0.594375  0.365713  0.510317  0.563431  0.649545  0.032877  0.394295  0.300887  0.912678  0.480648  0.343589  0.727557  0.358903  0.299973  0.480933  0.358608  0.115882  0.653978  0.702272  0.707538  0.736818
  0.797000  0.616116  0.718990  0.764098  0.623114  0.478246  0.241943  0.555512  0.383463  0.868835  0.701935  0.933086  0.808541  0.905468  0.330647  0.192507  0.736784  0.117182  0.064524  0.055303  0.058772  0.064441  0.060919  0.698223  0.676803  0.669690  0.105493  0.126144  0.269272  0.078333  0.266897  0.284993  0.639594  0.589925  0.859365  0.885615  0.777577  0.931259  0.890570  0.000000  0.892467  0.919888  0.925829  0.861078  0.861078  0.874369  0.885637  0.885637  0.177628  0.786147  0.716987  0.338437  0.101882  0.693005  0.266457  0.088324  0.078749  0.081394  0.074912  0.086109  0.088763  0.093326  0.105762  0.160862  0.120427  0.914575  0.921851  0.857204  0.193368  0.257281  0.123077  0.062621  0.072589  0.931567  0.273057  0.085966  0.128092  0.165413  0.231726  0.335759  0.409360  0.502021  0.567854  0.191362  0.313527  0.305315  0.656891  0.349987  0.061445  0.229967  0.570985  0.518445  0.623308  0.525013  0.415436  0.588792  0.359305  0.466922  0.381396  0.907237  0.792332  0.946709  0.906528  0.650117  0.850950  0.898298  0.883685  0.815102  0.593332  0.366086  0.511396  0.564008  0.649376  0.034098  0.391972  0.301942  0.916213  0.484455  0.340084  0.727068  0.358561  0.299912  0.481703  0.358084  0.114461  0.658783  0.700371  0.711844  0.746710
  0.801500  0.621240  0.724254  0.765809  0.622361  0.471973  0.243960  0.557667  0.380236  0.867350  0.698772  0.934433  0.810121  0.903060  0.330144  0.192247  0.723764  0.117078  0.064520  0.056011  0.058221  0.064459  0.060356  0.700713  0.675186  0.664525  0.107110  0.125482  0.267879  0.077941  0.264428  0.281190  0.640635  0.586768  0.858623  0.882314  0.775865  0.931623  0.889654  0.000000  0.888003  0.919250  0.926045  0.861167  0.861167  0.875442  0.885311  0.885311  0.179759  0.784968  0.717594  0.339210  0.102363  0.691781  0.261720  0.091089  0.078862  0.082547  0.075276  0.085728  0.087404  0.090908  0.105504  0.158349  0.117790  0.917583  0.921709  0.857050  0.192777  0.259468  0.123059  0.061686  0.072566  0.932364  0.269078  0.081146  0.120211  0.155105  0.218796  0.320590  0.396073  0.491690  0.561156  0.192970  0.316285  0.306609  0.657307  0.351789  0.061330  0.228695  0.559389  0.508459  0.612640  0.514033  0.404489  0.582119  0.350831  0.463497  0.373674  0.908733  0.792148  0.949627  0.905408  0.650155  0.849859  0.905479  0.886469  0.818265  0.593537  0.366888  0.513301  0.565266  0.651254  0.033551  0.392016  0.302645  0.915940  0.486282  0.336429  0.731472  0.358305  0.299490  0.481416  0.356360  0.113747  0.654200  0.699345  0.709218  0.744670
  0.806500  0.627092  0.729990  0.768019  0.620561  0.465232  0.245851  0.560030  0.388806  0.867492  0.695027  0.934304  0.810675  0.905688  0.334726  0.191438  0.722513  0.117001  0.064507  0.055767  0.058956  0.063998  0.060444  0.701057  0.677841  0.670953  0.107598  0.126801  0.263317  0.078198  0.258564  0.276838  0.641154  0.586258  0.857944  0.882605  0.778243  0.933785  0.890735  0.000000  0.891572  0.919591  0.926407  0.858741  0.858741  0.875484  0.881299  0.881299  0.182984  0.786662  0.718687  0.338285  0.102703  0.687047  0.257345  0.086948  0.078130  0.081470  0.074709  0.085179  0.083735  0.088799  0.103204  0.154415  0.115512  0.914515  0.922563  0.858964  0.193666  0.261194  0.124215  0.062402  0.072655  0.932294  0.263825  0.076150  0.110859  0.144121  0.203977  0.303363  0.379529  0.477870  0.552670  0.194799  0.317613  0.308069  0.657010  0.352820  0.061401  0.231834  0.549056  0.499571  0.602979  0.503874  0.392684  0.573958  0.340241  0.462645  0.364597  0.908461  0.789538  0.950449  0.909612  0.649385  0.852989  0.903513  0.887898  0.817495  0.593913  0.368322  0.513519  0.567351  0.651451  0.034347  0.394137  0.303773  0.915335  0.488168  0.330929  0.725965  0.359117  0.300292  0.481946  0.356161  0.112141  0.653200  0.705416  0.709011  0.742894
  0.811500  0.630733  0.733791  0.768974  0.619966  0.458759  0.248408  0.561393  0.388499  0.868186  0.691188  0.936410  0.810812  0.905492  0.338417  0.192010  0.731327  0.117453  0.064555  0.055627  0.058251  0.064989  0.060342  0.703431  0.680049  0.671532  0.108448  0.125997  0.259593  0.077452  0.258027  0.274180  0.640742  0.585421  0.856870  0.884126  0.776348  0.933253  0.891734  0.000000  0.895513  0.919801  0.926624  0.856577  0.856577  0.877177  0.881776  0.881776  0.184892  0.786200  0.718439  0.340259  0.102797  0.684965  0.252472  0.087313  0.076889  0.081898  0.074195  0.082603  0.085116  0.087702  0.102441  0.150804  0.114053  0.920238  0.922249  0.856388  0.193495  0.261873  0.125057  0.061877  0.072205  0.933108  0.258967  0.071239  0.103214  0.133578  0.190681  0.287009  0.363604  0.465810  0.543774  0.195294  0.322364  0.309065  0.657260  0.356543  0.061625  0.235271  0.536318  0.489328  0.593825  0.492640  0.382008  0.565405  0.331548  0.460422  0.356493  0.909330  0.795290  0.950154  0.912803  0.650810  0.851807  0.900793  0.887322  0.816897  0.593724  0.369183  0.516523  0.567564  0.651545  0.034285  0.393254  0.306136  0.916117  0.492829  0.326336  0.731423  0.358678  0.300602  0.481717  0.355988  0.110913  0.654627  0.698005  0.709794  0.738413
  0.816500  0.634739  0.738172  0.770518  0.620116  0.450792  0.250336  0.562916  0.389097  0.868866  0.686955  0.936985  0.808783  0.904476  0.341224  0.191914  0.738864  0.117053  0.064648  0.056341  0.058652  0.064473  0.060521  0.705396  0.681807  0.673085  0.107272  0.125672  0.255892  0.076853  0.255892  0.270655  0.641758  0.586208  0.866164  0.879846  0.776294  0.932129  0.891922  0.000000  0.894623  0.917407  0.925095  0.858426  0.858426  0.876878  0.881729  0.881729  0.186897  0.786981  0.716585  0.341533  0.103336  0.681587  0.249007  0.086885  0.077894  0.081681  0.073753  0.083861  0.084515  0.086359  0.101438  0.149836  0.112403  0.921839  0.921645  0.859875  0.193957  0.264627  0.124757  0.062665  0.073268  0.933916  0.253425  0.066815  0.095871  0.124023  0.178311  0.271722  0.347547  0.452251  0.534772  0.195174  0.319652  0.309730  0.657956  0.356614  0.061473  0.237074  0.527282  0.482638  0.585300  0.485619  0.372324  0.558647  0.322944  0.456322  0.348729  0.908422  0.790774  0.954494  0.912099  0.649465  0.852284  0.905362  0.891648  0.819448  0.593811  0.370138  0.516357  0.569366  0.652479  0.035346  0.395104  0.306764  0.916890  0.495551  0.322186  0.730673  0.359123  0.300146  0.482046  0.355030  0.110035  0.659987  0.703884  0.708581  0.729355
  0.822000  0.638492  0.740382  0.771347  0.619938  0.442784  0.252461  0.564913  0.387210  0.866669  0.682727  0.934555  0.811406  0.905503  0.341072  0.190298  0.743644  0.117036  0.064499  0.055140  0.058583  0.064018  0.059949  0.705913  0.681901  0.672068  0.107126  0.127251  0.251013  0.076805  0.249772  0.266742  0.640531  0.582457  0.855907  0.877284  0.775831  0.928938  0.892198  0.000000  0.894659  0.916694  0.925252  0.858426  0.858426  0.877205  0.874720  0.874720  0.189172  0.786164  0.716782  0.342839  0.104112  0.678241  0.244021  0.086734  0.077252  0.081533  0.073536  0.086534  0.083027  0.084120  0.099913  0.146788  0.111745  0.917011  0.922083  0.855925  0.194555  0.266698  0.125128  0.063955  0.072530  0.934657  0.246650  0.063264  0.088870  0.115173  0.166240  0.255992  0.332148  0.438087  0.525006  0.195938  0.324044  0.311027  0.657682  0.357921  0.062076  0.237780  0.515710  0.472614  0.576457  0.475500  0.361957  0.550975  0.314910  0.453024  0.340622  0.908354  0.791857  0.956426  0.910029  0.649538  0.850593  0.905599  0.889841  0.819065  0.591062  0.370780  0.517922  0.568686  0.651576  0.034992  0.395316  0.308237  0.915355  0.501187  0.316246  0.732237  0.358921  0.301733  0.483361  0.353676  0.107570  0.660558  0.706644  0.709174  0.737006
  0.828000  0.640049  0.743297  0.772224  0.618187  0.433128  0.253759  0.565728  0.392095  0.864528  0.678329  0.933579  0.809575  0.904211  0.342389  0.189773  0.745567  0.116989  0.063710  0.055249  0.057985  0.064085  0.060062  0.707216  0.681450  0.672956  0.105510  0.127961  0.248904  0.076294  0.245996  0.263772  0.643061  0.580899  0.857587  0.873888  0.775146  0.933069  0.890695  0.000000  0.895983  0.916421  0.925868  0.858426  0.858426  0.877515  0.874720  0.874720  0.192533  0.787652  0.717434  0.345028  0.103965  0.675884  0.239224  0.085280  0.076914  0.079877  0.073431  0.081723  0.081696  0.083204  0.099553  0.144740  0.109178  0.920072  0.920211  0.857009  0.195991  0.265996  0.124346  0.062771  0.072615  0.934026  0.240885  0.059701  0.082331  0.106467  0.153443  0.238892  0.314217  0.422020  0.512247  0.195399  0.321027  0.311711  0.656983  0.358670  0.061520  0.239350  0.506588  0.461632  0.566445  0.467569  0.350371  0.541797  0.304983  0.449425  0.333234  0.908585  0.793381  0.956288  0.907820  0.648815  0.850593  0.905091  0.894394  0.818056  0.591068  0.372213  0.518549  0.569081  0.651735  0.034140  0.392517  0.308586  0.915919  0.506988  0.309771  0.736830  0.360423  0.301058  0.484172  0.352961  0.106642  0.656422  0.709260  0.711351  0.736179
  0.835000  0.645602  0.748142  0.773628  0.618366  0.422877  0.255152  0.566747  0.395781  0.863614  0.673755  0.934550  0.807647  0.905807  0.345020  0.188972  0.747456  0.116663  0.064477  0.055825  0.058524  0.063667  0.059820  0.707497  0.681837  0.678625  0.109335  0.128804  0.241229  0.075411  0.240896  0.258704  0.641527  0.577320  0.854499  0.872902  0.777753  0.935045  0.890232  0.000000  0.892476  0.917695  0.928924  0.854611  0.854611  0.877854  0.874720  0.874720  0.194971  0.788162  0.718062  0.346629  0.104521  0.674817  0.234913  0.085906  0.074007  0.080439  0.073024  0.080669  0.080632  0.081339  0.098558  0.142285  0.108853  0.913280  0.919176  0.858276  0.193879  0.267902  0.125067  0.061690  0.072866  0.930835  0.232477  0.055591  0.075176  0.097435  0.141301  0.222184  0.295811  0.405069  0.498508  0.197726  0.326672  0.312184  0.659150  0.361805  0.061850  0.245538  0.493176  0.452051  0.557160  0.454844  0.340276  0.532022  0.296871  0.446130  0.324795  0.906753  0.793381  0.957474  0.915789  0.647796  0.850593  0.906752  0.890488  0.816977  0.590797  0.372878  0.519108  0.570585  0.652515  0.034898  0.393524  0.309429  0.912448  0.505689  0.304325  0.734949  0.363118  0.303614  0.485827  0.353257  0.105482  0.659559  0.708368  0.706083  0.739810
  0.843000  0.648388  0.748586  0.775687  0.614907  0.411788  0.256028  0.567387  0.396867  0.861231  0.667345  0.934236  0.807425  0.907758  0.345020  0.188414  0.748739  0.116692  0.065157  0.054382  0.057687  0.064467  0.059300  0.708787  0.681837  0.678625  0.109335  0.128804  0.237976  0.074567  0.234714  0.256214  0.641873  0.577320  0.854499  0.872902  0.777866  0.935045  0.891628  0.000000  0.893191  0.916033  0.925598  0.854611  0.854611  0.876403  0.874720  0.874720  0.198344  0.788162  0.717260  0.349551  0.103373  0.673008  0.230933  0.085019  0.074733  0.079927  0.072505  0.080222  0.080453  0.081729  0.097205  0.141518  0.106837  0.911596  0.917369  0.859031  0.193879  0.268198  0.124062  0.061883  0.073016  0.932546  0.223509  0.052092  0.069447  0.088676  0.127853  0.204653  0.275073  0.385898  0.482899  0.199973  0.326672  0.312521  0.657368  0.361273  0.061245  0.245538  0.480106  0.441630  0.545952  0.443833  0.328746  0.524358  0.286115  0.442034  0.315071  0.905856  0.793381  0.958417  0.921201  0.649988  0.850593  0.907400  0.891042  0.817289  0.591255  0.376174  0.520289  0.572137  0.650711  0.035052  0.393524  0.309429  0.911596  0.511289  0.295073  0.738674  0.363598  0.305020  0.486102  0.352815  0.103504  0.653148  0.709348  0.706083  0.739810
  0.851000  0.652359  0.754600  0.778997  0.615322  0.397333  0.258491  0.574058  0.397780  0.859626  0.657885  0.934567  0.809862  0.908528  0.344458  0.186495  0.751681  0.116692  0.066440  0.057537  0.060467  0.063637  0.061350  0.709466  0.687649  0.679660  0.106728  0.129896  0.230287  0.076629  0.221105  0.250729  0.651905  0.574377  0.858268  0.876200  0.778677  0.934561  0.887127  0.000000  0.899153  0.919534  0.923123  0.847049  0.847049  0.875732  0.874848  0.874848  0.204896  0.787884  0.722154  0.353159  0.104830  0.667849  0.233991  0.089601  0.078474  0.084033  0.072669  0.081376  0.085225  0.081729  0.098175  0.141936  0.107226  0.911280  0.915840  0.856187  0.191828  0.265494  0.122929  0.065721  0.076073  0.932782  0.214962  0.049202  0.065200  0.079726  0.119976  0.190521  0.253492  0.361054  0.465382  0.198927  0.330663  0.315002  0.657368  0.362054  0.062850  0.247075  0.470666  0.438374  0.539175  0.437166  0.319740  0.514893  0.281915  0.437528  0.306610  0.907947  0.796938  0.954422  0.922245  0.648963  0.856834  0.908930  0.895646  0.823314  0.591004  0.376960  0.519206  0.573247  0.650064  0.035052  0.396708  0.313832  0.912146  0.527474  0.285183  0.745492  0.365784  0.305021  0.486491  0.353818  0.103392  0.661417  0.699720  0.706083  0.739810
  0.859000  0.658255  0.751279  0.777094  0.613213  0.386690  0.261333  0.570347  0.399223  0.856133  0.654653  0.934615  0.809632  0.909146  0.344459  0.185793  0.749692  0.116692  0.067260  0.055417  0.057498  0.065536  0.061295  0.708928  0.680444  0.678493  0.108383  0.127641  0.227211  0.075386  0.217724  0.248970  0.652863  0.568035  0.854287  0.870244  0.781956  0.924269  0.889710  0.799235  0.903917  0.922181  0.919488  0.844695  0.844695  0.871627  0.882066  0.882066  0.206528  0.784991  0.723694  0.356073  0.108566  0.668810  0.232238  0.088570  0.075413  0.083409  0.077548  0.085389  0.080229  0.076967  0.099000  0.141828  0.106872  0.922195  0.917172  0.855770  0.191910  0.265063  0.124552  0.067107  0.073876  0.932865  0.204785  0.045778  0.059279  0.073801  0.107626  0.174578  0.238553  0.344554  0.452681  0.200687  0.328690  0.310553  0.659414  0.364246  0.065074  0.247387  0.459894  0.437732  0.531746  0.429332  0.306820  0.507477  0.270795  0.433385  0.300203  0.906100  0.793194  0.954930  0.918926  0.646497  0.857091  0.905866  0.896508  0.820368  0.591060  0.377206  0.519165  0.571303  0.646861  0.036028  0.394801  0.314584  0.915232  0.528356  0.280517  0.751865  0.368574  0.304895  0.485820  0.352537  0.099850  0.640790  0.692928  0.706083  0.739810
  0.871000  0.651130  0.760573  0.779706  0.609759  0.373451  0.258514  0.574214  0.398679  0.852089  0.645279  0.938374  0.810305  0.910199  0.349089  0.184135  0.745269  0.116692  0.065214  0.056571  0.055926  0.062436  0.061418  0.710082  0.681751  0.680948  0.104228  0.130595  0.225295  0.076245  0.215939  0.251440  0.655090  0.563911  0.855212  0.873575  0.780823  0.926092  0.888647  0.785459  0.903060  0.917961  0.924248  0.842963  0.842963  0.870084  0.868303  0.868303  0.209120  0.784171  0.720381  0.358810  0.110643  0.669975  0.230572  0.087627  0.078169  0.082852  0.075959  0.085966  0.082761  0.083592  0.100232  0.146422  0.104291  0.924046  0.914668  0.856122  0.191490  0.263169  0.120814  0.064008  0.072743  0.930843  0.194170  0.042224  0.057065  0.066948  0.099426  0.158467  0.218106  0.322728  0.431696  0.201999  0.325591  0.307273  0.656890  0.363893  0.063730  0.251573  0.452714  0.432089  0.532481  0.425619  0.296127  0.495465  0.264709  0.429008  0.290357  0.903404  0.788272  0.958622  0.918022  0.645504  0.855633  0.914799  0.899918  0.817841  0.590416  0.380664  0.520177  0.573339  0.646182  0.037369  0.391601  0.312454  0.914427  0.530556  0.266631  0.752134  0.376455  0.309258  0.489206  0.355544  0.100997  0.653643  0.689920  0.719636  0.749169
  0.883000  0.657205  0.759401  0.780101  0.608272  0.362559  0.260611  0.573409  0.400302  0.848018  0.640685  0.934380  0.811522  0.912170  0.347953  0.180720  0.746275  0.116692  0.064839  0.058812  0.058160  0.061325  0.059496  0.710220  0.684951  0.676584  0.101747  0.131293  0.222352  0.073553  0.209468  0.244986  0.655236  0.564340  0.854073  0.875347  0.777727  0.926279  0.891474  0.782969  0.899111  0.917499  0.921999  0.838287  0.838287  0.871295  0.867829  0.867829  0.214375  0.785292  0.720307  0.360167  0.106274  0.668645  0.234424  0.090479  0.077718  0.080803  0.074814  0.080740  0.080712  0.080257  0.102789  0.145831  0.107808  0.916521  0.916579  0.856156  0.191013  0.258697  0.119827  0.059865  0.068473  0.932275  0.186520  0.040133  0.051388  0.064126  0.092774  0.148706  0.202337  0.308488  0.416090  0.203388  0.320880  0.304089  0.656968  0.364312  0.062716  0.250663  0.444502  0.425671  0.525868  0.414695  0.291251  0.487208  0.258184  0.424860  0.286311  0.901942  0.786746  0.953038  0.916083  0.640422  0.856467  0.909801  0.902792  0.813951  0.594110  0.384089  0.520536  0.575403  0.644736  0.036976  0.388935  0.308966  0.909557  0.533135  0.260836  0.752773  0.379022  0.309231  0.494404  0.357778  0.097008  0.640032  0.686573  0.702936  0.746931
  0.894000  0.657868  0.759444  0.781326  0.610624  0.356804  0.259930  0.572415  0.398320  0.844850  0.638691  0.935910  0.813480  0.915817  0.350214  0.181834  0.749245  0.116352  0.064082  0.056247  0.058085  0.064695  0.060598  0.711288  0.683056  0.680474  0.100515  0.135698  0.218285  0.076261  0.205245  0.246713  0.655050  0.565907  0.848543  0.864121  0.784152  0.920336  0.887087  0.774512  0.902284  0.915510  0.920021  0.835851  0.835851  0.870161  0.867226  0.867226  0.220147  0.782650  0.718834  0.359559  0.105647  0.673708  0.236836  0.085828  0.075833  0.083207  0.071819  0.083543  0.086638  0.085437  0.101811  0.156214  0.110775  0.915324  0.916442  0.854619  0.188554  0.263127  0.124227  0.061812  0.074113  0.931164  0.181159  0.041157  0.050539  0.061347  0.088577  0.141722  0.197429  0.296883  0.408043  0.201082  0.319935  0.305434  0.657483  0.368207  0.064585  0.250690  0.436872  0.424323  0.526131  0.410560  0.284447  0.484395  0.251428  0.420879  0.281697  0.899987  0.791744  0.955769  0.919962  0.644764  0.861133  0.910165  0.900425  0.812677  0.594744  0.390734  0.520095  0.579429  0.644832  0.037296  0.390659  0.315585  0.910977  0.534639  0.253249  0.753887  0.383070  0.314996  0.498037  0.357641  0.097897  0.640325  0.684523  0.722992  0.760823
  0.904000  0.655277  0.756540  0.781625  0.604109  0.354654  0.255997  0.569712  0.398230  0.836146  0.637384  0.935887  0.816137  0.910122  0.349103  0.178717  0.748152  0.116916  0.064760  0.055916  0.060346  0.064507  0.060427  0.708881  0.683702  0.679874  0.101825  0.136655  0.222416  0.073015  0.205856  0.245425  0.651239  0.568875  0.847040  0.870806  0.781668  0.918801  0.885953  0.773943  0.901180  0.902898  0.916428  0.837859  0.837859  0.867993  0.869306  0.869306  0.224124  0.785538  0.718438  0.356441  0.102636  0.679620  0.241409  0.087736  0.079429  0.080221  0.077616  0.087272  0.084812  0.091544  0.105012  0.161407  0.112047  0.911638  0.915121  0.855035  0.191563  0.260312  0.122483  0.064334  0.074606  0.931859  0.178164  0.042082  0.051612  0.060707  0.085503  0.138438  0.190691  0.293576  0.400724  0.203082  0.317934  0.302616  0.656007  0.368646  0.066893  0.250299  0.435735  0.426286  0.528191  0.411554  0.282475  0.482807  0.249507  0.418675  0.278586  0.898287  0.791007  0.954604  0.916569  0.642155  0.863016  0.910609  0.898858  0.818154  0.597756  0.392514  0.519720  0.581494  0.644231  0.037895  0.389621  0.312696  0.913382  0.542188  0.249053  0.758420  0.384457  0.316405  0.500956  0.362301  0.098624  0.630035  0.684543  0.708242  0.759925
  0.914000  0.653851  0.750762  0.781551  0.599730  0.354579  0.254278  0.566331  0.397420  0.826679  0.635171  0.934239  0.812935  0.908273  0.347008  0.177080  0.746039  0.116082  0.063228  0.054689  0.056035  0.063090  0.059338  0.706161  0.685594  0.683362  0.100748  0.139884  0.219420  0.073311  0.206792  0.248446  0.651212  0.569786  0.843280  0.870066  0.782039  0.914953  0.882844  0.771829  0.898855  0.897326  0.909975  0.830726  0.830726  0.859810  0.862800  0.862800  0.226351  0.781299  0.715541  0.352005  0.102300  0.684253  0.248650  0.085866  0.074351  0.082100  0.074287  0.084908  0.091445  0.093725  0.104005  0.167857  0.114789  0.912885  0.911637  0.853231  0.190043  0.257517  0.120782  0.061382  0.073072  0.926822  0.176043  0.040267  0.048769  0.059698  0.083266  0.137014  0.188968  0.287749  0.396016  0.204205  0.318007  0.298439  0.654702  0.369406  0.063512  0.248701  0.434775  0.427554  0.530067  0.409146  0.277661  0.477407  0.247929  0.418408  0.276867  0.894338  0.782026  0.958215  0.916777  0.641895  0.856894  0.909803  0.897130  0.816078  0.600938  0.398105  0.520305  0.580251  0.642121  0.037915  0.387899  0.314596  0.909378  0.548351  0.245238  0.763020  0.392005  0.319217  0.504814  0.363827  0.095852  0.635106  0.682989  0.713245  0.748317
  0.924000  0.647208  0.746456  0.779950  0.599145  0.354916  0.248982  0.562897  0.397151  0.817580  0.635364  0.931839  0.813069  0.911910  0.348699  0.178529  0.747356  0.114592  0.064093  0.055551  0.056459  0.061998  0.058094  0.706141  0.685865  0.685238  0.099430  0.142161  0.219066  0.072060  0.204844  0.254270  0.647715  0.576194  0.852701  0.878774  0.776645  0.913553  0.881065  0.774079  0.900942  0.892827  0.904491  0.832560  0.832560  0.857159  0.862921  0.862921  0.229536  0.783747  0.714802  0.348957  0.104181  0.693905  0.254919  0.085568  0.076743  0.079922  0.074221  0.086116  0.093827  0.097847  0.107510  0.175960  0.118445  0.904453  0.905214  0.854158  0.188778  0.256550  0.122799  0.065053  0.069351  0.927675  0.175378  0.039049  0.049058  0.060323  0.084874  0.137567  0.190003  0.289829  0.397610  0.205090  0.310972  0.296145  0.652805  0.371664  0.062992  0.245569  0.431758  0.430336  0.533562  0.409813  0.277421  0.477331  0.246631  0.419649  0.278307  0.893888  0.784656  0.961111  0.921203  0.639513  0.858376  0.908579  0.900265  0.815939  0.602774  0.399514  0.518988  0.582669  0.640771  0.037721  0.385763  0.312231  0.907087  0.551532  0.244046  0.765567  0.394900  0.323091  0.507060  0.364933  0.095549  0.628488  0.667121  0.708481  0.749477
  0.933000  0.645996  0.748015  0.782715  0.597648  0.361057  0.245478  0.562253  0.390399  0.813972  0.636258  0.931751  0.814835  0.912508  0.350490  0.177984  0.748234  0.115018  0.062791  0.055767  0.059427  0.061579  0.059514  0.706779  0.684255  0.682558  0.099229  0.145964  0.221181  0.073635  0.208440  0.256768  0.647300  0.579965  0.841672  0.873281  0.780570  0.914824  0.885261  0.771262  0.903494  0.886426  0.902621  0.822437  0.822437  0.854397  0.861075  0.861075  0.232673  0.782261  0.715247  0.346396  0.101806  0.699633  0.268748  0.086847  0.078171  0.081133  0.074125  0.085854  0.094320  0.103979  0.112450  0.182694  0.126374  0.901737  0.900339  0.850892  0.190866  0.256981  0.121556  0.064139  0.070183  0.926442  0.180452  0.041353  0.052240  0.062769  0.087295  0.141988  0.193348  0.295641  0.403488  0.205258  0.310371  0.296055  0.655168  0.372711  0.063313  0.249236  0.432387  0.433609  0.537852  0.411620  0.277955  0.479923  0.250348  0.418685  0.279096  0.894294  0.779637  0.954131  0.911861  0.640548  0.855736  0.907928  0.898542  0.814429  0.608194  0.407506  0.518903  0.587049  0.642027  0.038236  0.387409  0.313792  0.905252  0.554561  0.242886  0.770283  0.402303  0.328161  0.514194  0.371144  0.095084  0.625175  0.668790  0.706976  0.752852
  0.941000  0.643702  0.743666  0.780178  0.590627  0.367216  0.244000  0.559793  0.390494  0.803437  0.635262  0.927828  0.814584  0.912342  0.349238  0.178451  0.748206  0.114068  0.063608  0.054655  0.058091  0.063955  0.060152  0.704455  0.679963  0.684693  0.096241  0.145227  0.220426  0.071477  0.210160  0.259035  0.644172  0.581799  0.843630  0.877720  0.780223  0.909163  0.883030  0.770969  0.900550  0.856169  0.887308  0.818519  0.818519  0.837056  0.856265  0.856265  0.236727  0.782951  0.713058  0.343918  0.100638  0.709158  0.277698  0.087959  0.081971  0.082309  0.076495  0.090027  0.095413  0.106622  0.114287  0.196120  0.130423  0.889143  0.890214  0.849395  0.190855  0.252911  0.124751  0.062280  0.072035  0.924329  0.182983  0.043229  0.053406  0.063317  0.091733  0.146634  0.202475  0.303383  0.411046  0.206990  0.310132  0.295019  0.652584  0.373773  0.062953  0.243845  0.431437  0.436730  0.540464  0.410567  0.278800  0.478339  0.249252  0.419403  0.282177  0.891847  0.779866  0.954131  0.912142  0.638246  0.854904  0.904283  0.895079  0.811148  0.609839  0.410936  0.518843  0.588988  0.641740  0.038048  0.386148  0.312382  0.893530  0.556847  0.246526  0.764455  0.408223  0.330088  0.516729  0.371557  0.095651  0.626978  0.675430  0.709365  0.751557
  0.949000  0.641706  0.744358  0.778499  0.586982  0.374412  0.240055  0.556432  0.387700  0.787364  0.636009  0.923004  0.813553  0.908209  0.348710  0.175386  0.745882  0.112820  0.061625  0.053744  0.057836  0.061580  0.057241  0.700738  0.685040  0.686835  0.096912  0.145003  0.221369  0.071325  0.209052  0.259112  0.640321  0.584805  0.845846  0.878869  0.778571  0.901904  0.879916  0.765058  0.895903  0.839220  0.879199  0.812893  0.812893  0.821299  0.850276  0.850276  0.236764  0.779866  0.707950  0.340223  0.099680  0.716108  0.285776  0.090106  0.079082  0.082760  0.074985  0.091894  0.101567  0.111879  0.118463  0.202717  0.135175  0.877428  0.877155  0.841982  0.189081  0.251299  0.123669  0.064898  0.069554  0.916296  0.186958  0.042249  0.055279  0.066586  0.095955  0.154848  0.209711  0.311551  0.418363  0.207368  0.309406  0.291774  0.646499  0.373462  0.062082  0.243181  0.431512  0.441285  0.545630  0.413392  0.280724  0.480194  0.253945  0.418645  0.284350  0.885693  0.772698  0.947232  0.909854  0.632751  0.848189  0.895307  0.887733  0.807885  0.612930  0.413552  0.516317  0.589378  0.640136  0.038066  0.383518  0.310662  0.887106  0.552697  0.244071  0.764287  0.404772  0.332291  0.519490  0.371819  0.094474  0.619174  0.671438  0.699384  0.753281
  0.957000  0.636840  0.735036  0.777938  0.588749  0.384441  0.239799  0.554133  0.386178  0.769241  0.636509  0.918139  0.814346  0.912765  0.349053  0.178880  0.749472  0.112731  0.062722  0.054834  0.055584  0.061416  0.057425  0.695633  0.679052  0.683622  0.094049  0.145229  0.226056  0.071560  0.210031  0.265061  0.637455  0.586764  0.841857  0.880565  0.778458  0.893287  0.880848  0.772268  0.902871  0.838941  0.879655  0.810311  0.810311  0.821215  0.848677  0.848677  0.240241  0.778912  0.708637  0.337876  0.099866  0.727445  0.299720  0.088621  0.080933  0.083469  0.078918  0.096664  0.105601  0.121924  0.119952  0.213641  0.142310  0.857351  0.863674  0.842035  0.191806  0.250037  0.125026  0.064437  0.070785  0.911178  0.191212  0.043985  0.057487  0.071359  0.100801  0.163167  0.222359  0.324787  0.429359  0.205429  0.308108  0.290948  0.645946  0.375397  0.063365  0.241800  0.432822  0.445254  0.553268  0.417232  0.283598  0.483483  0.253670  0.421997  0.288186  0.880372  0.765429  0.945667  0.911934  0.633331  0.843700  0.897062  0.884842  0.806143  0.617553  0.417607  0.517724  0.590842  0.639267  0.037630  0.381534  0.309270  0.877338  0.557376  0.246775  0.769568  0.405656  0.337854  0.519549  0.374772  0.093491  0.615040  0.660464  0.702631  0.751313
  0.964000  0.636351  0.738580  0.779472  0.585242  0.394184  0.236263  0.555265  0.385368  0.751025  0.638280  0.911836  0.815773  0.911094  0.355803  0.179313  0.749295  0.114345  0.062770  0.054970  0.054715  0.061237  0.059403  0.693759  0.677102  0.686623  0.096303  0.149880  0.228599  0.075347  0.212785  0.270506  0.637730  0.593027  0.845251  0.887199  0.776047  0.888528  0.876189  0.766971  0.901750  0.820944  0.872007  0.802901  0.802901  0.810931  0.845216  0.845216  0.245183  0.780973  0.709383  0.337775  0.100260  0.734777  0.315167  0.092202  0.081442  0.085396  0.077024  0.092384  0.111517  0.131379  0.125748  0.224118  0.152040  0.847894  0.848483  0.841357  0.191436  0.248282  0.124633  0.064941  0.070888  0.909874  0.197906  0.045787  0.061414  0.076251  0.107873  0.174169  0.237035  0.340725  0.443472  0.208066  0.308257  0.290830  0.641909  0.377148  0.065465  0.246308  0.436117  0.450369  0.557259  0.418506  0.288381  0.489607  0.261821  0.424511  0.294008  0.878891  0.760858  0.940244  0.909236  0.633691  0.838330  0.886672  0.883666  0.800939  0.619062  0.422127  0.518144  0.593785  0.641649  0.038095  0.386101  0.312239  0.872143  0.558761  0.247243  0.776380  0.408030  0.343316  0.522853  0.378731  0.094567  0.619958  0.664085  0.697068  0.749169
  0.970000  0.624277  0.725033  0.774830  0.590399  0.401585  0.234576  0.552796  0.382607  0.735713  0.639708  0.911777  0.815377  0.908724  0.354299  0.179683  0.748715  0.113485  0.062765  0.054169  0.057268  0.058988  0.057103  0.690602  0.674372  0.683499  0.094715  0.150879  0.230282  0.074340  0.215388  0.270116  0.636872  0.592229  0.846623  0.880536  0.775781  0.880619  0.876558  0.762778  0.902786  0.838073  0.882411  0.822522  0.822522  0.816166  0.855292  0.855292  0.247095  0.781582  0.710497  0.335650  0.100084  0.740946  0.325390  0.091719  0.081425  0.082611  0.079739  0.100562  0.120438  0.140404  0.129464  0.233895  0.158254  0.845503  0.842636  0.844608  0.190889  0.245437  0.126826  0.064998  0.071640  0.907615  0.202007  0.048340  0.066398  0.080220  0.118462  0.186372  0.248451  0.353487  0.455695  0.206651  0.306914  0.291876  0.646934  0.379086  0.063059  0.242000  0.438809  0.455402  0.564532  0.422012  0.293615  0.490793  0.262941  0.425013  0.298901  0.873350  0.768420  0.947273  0.910286  0.632600  0.851298  0.891384  0.885549  0.804042  0.623863  0.427886  0.517272  0.596085  0.641932  0.038124  0.381618  0.306964  0.866565  0.560056  0.248027  0.780640  0.416707  0.344384  0.527844  0.382436  0.096149  0.614463  0.671652  0.700701  0.757163
  0.976000  0.606822  0.711076  0.769986  0.597385  0.413165  0.231195  0.550858  0.381081  0.725213  0.640880  0.917256  0.815000  0.910120  0.354095  0.180707  0.749655  0.112442  0.060787  0.054413  0.056378  0.063157  0.057278  0.686650  0.672386  0.686478  0.097738  0.151175  0.234022  0.073112  0.216943  0.275314  0.634394  0.595012  0.847329  0.886554  0.774564  0.872867  0.871743  0.760802  0.903755  0.874634  0.894684  0.827137  0.827137  0.843641  0.859620  0.859620  0.249738  0.782677  0.711057  0.336572  0.100217  0.748766  0.337140  0.089508  0.082233  0.088634  0.081632  0.100333  0.129195  0.147586  0.133358  0.240450  0.164883  0.859030  0.845312  0.843765  0.190354  0.245679  0.128256  0.063380  0.072553  0.896345  0.210562  0.050168  0.070170  0.087246  0.124573  0.196997  0.263156  0.368187  0.468070  0.209606  0.310222  0.290702  0.650652  0.381768  0.062540  0.243061  0.441570  0.463113  0.572156  0.427889  0.296160  0.494751  0.267189  0.427298  0.302639  0.864785  0.784401  0.954165  0.913876  0.640329  0.861616  0.904363  0.897079  0.810676  0.627052  0.431867  0.519331  0.599594  0.644142  0.037536  0.380922  0.309035  0.865193  0.561537  0.250355  0.781289  0.425401  0.346926  0.532004  0.387494  0.098224  0.621895  0.673432  0.706097  0.753007
  0.982000  0.608831  0.712276  0.771443  0.596887  0.423292  0.232272  0.551603  0.379257  0.719341  0.645374  0.914884  0.815020  0.908407  0.360875  0.181700  0.747144  0.110891  0.060787  0.053952  0.056414  0.059650  0.056437  0.682106  0.674427  0.687990  0.092770  0.152370  0.235098  0.072929  0.217408  0.276110  0.632627  0.596286  0.845619  0.890079  0.773839  0.860922  0.866441  0.750910  0.897188  0.884448  0.900795  0.827111  0.827111  0.849542  0.858481  0.858481  0.251422  0.779558  0.710907  0.335425  0.101008  0.754886  0.348914  0.090779  0.083759  0.084707  0.087014  0.107582  0.136393  0.155174  0.133160  0.247067  0.170705  0.863568  0.848608  0.847268  0.189861  0.241927  0.129516  0.067027  0.072138  0.893425  0.215208  0.054330  0.074725  0.091965  0.134850  0.210927  0.278684  0.384008  0.479126  0.209283  0.308731  0.288952  0.650760  0.380753  0.062547  0.246447  0.442642  0.466102  0.575242  0.430300  0.300517  0.498380  0.272938  0.431274  0.307185  0.859452  0.780914  0.963683  0.912626  0.637871  0.859024  0.911442  0.897037  0.811974  0.632452  0.436370  0.517663  0.601259  0.646368  0.037851  0.381483  0.307882  0.863833  0.562931  0.252892  0.783745  0.431685  0.351505  0.538490  0.389778  0.096263  0.619723  0.664383  0.704974  0.754697
  0.988000  0.616463  0.721869  0.772786  0.600067  0.428985  0.229304  0.550100  0.377966  0.717776  0.646734  0.922751  0.814295  0.911493  0.359745  0.183716  0.748014  0.112984  0.060740  0.053292  0.056036  0.060363  0.058483  0.677479  0.673104  0.688623  0.089986  0.149702  0.239444  0.072347  0.223031  0.280653  0.630937  0.595504  0.844720  0.891100  0.773766  0.858742  0.864541  0.737784  0.901344  0.891913  0.905070  0.831872  0.831872  0.856611  0.863371  0.863371  0.252495  0.785213  0.710427  0.333567  0.098911  0.760654  0.360318  0.095110  0.083070  0.090446  0.086685  0.107523  0.139561  0.165393  0.137669  0.255680  0.179611  0.870283  0.855743  0.847083  0.189587  0.241858  0.128182  0.066790  0.072555  0.894024  0.224490  0.054841  0.079799  0.098668  0.145755  0.226119  0.294476  0.398684  0.490541  0.210078  0.307095  0.289989  0.652919  0.381584  0.062479  0.242852  0.445520  0.472856  0.583322  0.435728  0.305433  0.502060  0.279552  0.430976  0.312191  0.849794  0.784214  0.963877  0.914433  0.639352  0.864461  0.912397  0.899436  0.817652  0.634188  0.437631  0.518826  0.606931  0.645993  0.038079  0.379752  0.305201  0.871254  0.566291  0.254318  0.786983  0.435470  0.357333  0.540420  0.392519  0.097465  0.619365  0.674103  0.709324  0.749629
  0.994000  0.623277  0.727722  0.775790  0.601151  0.437435  0.230191  0.547642  0.376758  0.718158  0.650708  0.924237  0.818289  0.910611  0.361521  0.183840  0.748652  0.111551  0.060161  0.053857  0.054297  0.060570  0.058171  0.673367  0.666237  0.686144  0.091241  0.154045  0.238835  0.074112  0.224365  0.284097  0.628929  0.595304  0.846125  0.887375  0.768339  0.849993  0.861791  0.727183  0.904886  0.896760  0.906205  0.831698  0.831698  0.858544  0.861767  0.861767  0.255942  0.780708  0.712302  0.333473  0.099321  0.767661  0.373817  0.094228  0.086829  0.087585  0.088542  0.116464  0.145899  0.174787  0.140351  0.262745  0.187764  0.876123  0.862696  0.848243  0.190220  0.238965  0.128510  0.065938  0.073168  0.898183  0.231051  0.060612  0.086107  0.108333  0.157503  0.240826  0.312394  0.416484  0.503154  0.209738  0.304857  0.286430  0.651349  0.383113  0.062160  0.243868  0.450895  0.478435  0.588901  0.441001  0.311703  0.505290  0.283132  0.435924  0.316173  0.848597  0.784240  0.962331  0.917192  0.639599  0.864847  0.912210  0.902459  0.814427  0.637795  0.443170  0.517427  0.605901  0.646825  0.037794  0.377015  0.304219  0.879299  0.564581  0.257904  0.788598  0.438784  0.359687  0.544709  0.396686  0.096512  0.617411  0.667315  0.701369  0.752450
  1.000000  0.624903  0.725961  0.776335  0.600267  0.446440  0.228598  0.548720  0.375296  0.722029  0.655245  0.928203  0.816907  0.909686  0.361191  0.183841  0.747869  0.111764  0.061006  0.052769  0.054225  0.060254  0.056856  0.671952  0.669335  0.690345  0.093181  0.155233  0.240962  0.073370  0.226673  0.284796  0.629134  0.595801  0.845674  0.894338  0.767687  0.856369  0.860366  0.717710  0.898305  0.902238  0.908788  0.831576  0.831576  0.860556  0.861256  0.861256  0.257527  0.782803  0.712375  0.333729  0.099086  0.776675  0.386904  0.094654  0.089597  0.090263  0.092554  0.119846  0.154348  0.184196  0.142865  0.268480  0.194676  0.879783  0.870917  0.846301  0.190071  0.238453  0.128398  0.064618  0.071634  0.912457  0.238024  0.064347  0.093413  0.118579  0.172348  0.258585  0.331422  0.433635  0.517380  0.209346  0.308018  0.286620  0.652374  0.383960  0.060960  0.243752  0.453081  0.484874  0.595435  0.446254  0.317141  0.511771  0.290022  0.438134  0.321338  0.838012  0.783346  0.966617  0.920928  0.641397  0.862251  0.912490  0.901811  0.814824  0.640397  0.445219  0.517763  0.609690  0.648937  0.037513  0.380729  0.305075  0.885075  0.565356  0.260896  0.789732  0.446041  0.364807  0.548278  0.401371  0.097609  0.610245  0.665260  0.696298  0.747151
  1.006000  0.619550  0.722860  0.774787  0.603076  0.456287  0.227296  0.546245  0.373071  0.724487  0.658164  0.929732  0.818995  0.911161  0.366058  0.184535  0.749208  0.110923  0.060947  0.054191  0.054279  0.060023  0.056942  0.667591  0.682815  0.692880  0.094590  0.154535  0.246452  0.073689  0.229378  0.292986  0.627748  0.597628  0.844833  0.894167  0.764014  0.861075  0.863223  0.705285  0.900226  0.901007  0.907643  0.832352  0.832352  0.862555  0.862525  0.862525  0.260484  0.782969  0.712744  0.336173  0.100832  0.782329  0.400358  0.097027  0.088639  0.093924  0.098853  0.127331  0.162381  0.194602  0.145345  0.275116  0.202172  0.890495  0.878961  0.848966  0.191603  0.236979  0.132294  0.064643  0.072344  0.916285  0.246850  0.068222  0.101562  0.129638  0.186221  0.279036  0.350645  0.449642  0.528377  0.211252  0.304996  0.286040  0.651973  0.385357  0.062070  0.247353  0.457900  0.491253  0.603555  0.451575  0.325945  0.516231  0.296638  0.441465  0.330343  0.834058  0.784690  0.961142  0.924590  0.639468  0.861982  0.911761  0.901995  0.815556  0.642692  0.448278  0.517081  0.611026  0.649218  0.038144  0.378868  0.303875  0.888726  0.570774  0.263528  0.794154  0.447739  0.367741  0.552394  0.405425  0.097317  0.612258  0.666262  0.699154  0.749171
  1.012000  0.616568  0.722527  0.774456  0.602171  0.462202  0.224963  0.548056  0.373010  0.728034  0.660784  0.932080  0.818577  0.911089  0.364868  0.186219  0.746744  0.111166  0.057627  0.051610  0.054614  0.059650  0.055604  0.664826  0.691673  0.695722  0.091961  0.156701  0.247160  0.072656  0.231332  0.295883  0.627455  0.592246  0.845268  0.894666  0.759839  0.868441  0.867213  0.694862  0.900715  0.903322  0.906052  0.835669  0.835669  0.862532  0.863099  0.863099  0.262390  0.781624  0.711616  0.335310  0.099365  0.786645  0.412832  0.097527  0.089264  0.095699  0.098349  0.131163  0.170832  0.203097  0.144649  0.279171  0.209854  0.894525  0.883031  0.847802  0.189949  0.234076  0.132316  0.065481  0.070837  0.922164  0.253768  0.074221  0.111477  0.142280  0.202595  0.299219  0.370462  0.466914  0.540652  0.210624  0.306168  0.285279  0.648508  0.384991  0.061154  0.244566  0.463142  0.499556  0.610838  0.458042  0.332586  0.521622  0.303521  0.444737  0.333557  0.830566  0.784068  0.967040  0.925995  0.639909  0.861379  0.912381  0.903789  0.816043  0.645461  0.453638  0.515885  0.611317  0.650544  0.037922  0.377295  0.302962  0.891872  0.566466  0.266826  0.791332  0.451887  0.370842  0.553961  0.408479  0.098668  0.614599  0.657147  0.706304  0.747766
  1.018000  0.620273  0.721352  0.773019  0.603674  0.470982  0.227166  0.544873  0.372971  0.733204  0.665384  0.929757  0.818827  0.911851  0.366668  0.187758  0.747482  0.109972  0.060533  0.053076  0.051531  0.058665  0.054797  0.665318  0.694029  0.696364  0.092011  0.159043  0.251106  0.071817  0.237700  0.299224  0.626069  0.589966  0.843165  0.894792  0.755618  0.878514  0.870869  0.680755  0.903452  0.903570  0.905939  0.836633  0.836633  0.863514  0.864373  0.864373  0.263071  0.784326  0.715624  0.334289  0.099042  0.793244  0.424056  0.098578  0.090421  0.097206  0.100498  0.134058  0.176580  0.211512  0.145625  0.288127  0.217740  0.900788  0.888534  0.847028  0.190914  0.235061  0.132797  0.066091  0.070167  0.922956  0.261486  0.080074  0.122172  0.154628  0.220831  0.319577  0.390601  0.483148  0.551589  0.209853  0.304412  0.284949  0.648956  0.384533  0.062556  0.242942  0.467685  0.504369  0.616969  0.463508  0.341339  0.526011  0.312087  0.446497  0.339936  0.831196  0.785505  0.966572  0.921416  0.637971  0.862469  0.909968  0.905304  0.818066  0.646819  0.456337  0.515736  0.612753  0.651329  0.038153  0.374792  0.299148  0.897237  0.573550  0.270997  0.798515  0.456666  0.372153  0.557096  0.410708  0.100921  0.616891  0.652246  0.705187  0.759850
  1.023500  0.623786  0.724982  0.773712  0.605704  0.476269  0.227331  0.547500  0.369517  0.741892  0.670313  0.936004  0.821613  0.910272  0.370342  0.191557  0.748482  0.111154  0.062192  0.052236  0.055464  0.061064  0.055922  0.664569  0.699977  0.702140  0.091094  0.162672  0.256299  0.073758  0.237203  0.300594  0.628987  0.594695  0.848975  0.897109  0.755354  0.885776  0.877083  0.673850  0.901617  0.906303  0.909034  0.838045  0.838045  0.865333  0.866575  0.866575  0.265965  0.781258  0.712291  0.335763  0.100113  0.795852  0.435844  0.101802  0.090762  0.097320  0.103082  0.137839  0.182292  0.217872  0.148207  0.291045  0.224638  0.902501  0.894044  0.849387  0.190256  0.236295  0.133740  0.068778  0.071467  0.926470  0.267871  0.085897  0.133380  0.167333  0.237306  0.337528  0.407846  0.497899  0.563219  0.211452  0.306761  0.283041  0.650590  0.388274  0.062953  0.245680  0.472471  0.513577  0.625165  0.470329  0.347053  0.533283  0.317535  0.450567  0.346688  0.836579  0.784337  0.964967  0.924241  0.643999  0.862137  0.915575  0.902495  0.814596  0.651269  0.458857  0.516763  0.615030  0.652036  0.038432  0.378683  0.300845  0.898081  0.573963  0.274190  0.795169  0.461351  0.376802  0.560767  0.415662  0.098819  0.615424  0.662702  0.705541  0.751460
  1.028500  0.627585  0.725552  0.776909  0.604547  0.485543  0.225834  0.544713  0.369767  0.746876  0.672324  0.935317  0.818716  0.911767  0.371117  0.192180  0.748709  0.109839  0.061332  0.053098  0.055402  0.059926  0.055677  0.665839  0.704658  0.703308  0.090227  0.162957  0.257119  0.073735  0.239205  0.304951  0.624578  0.586937  0.844788  0.902208  0.752304  0.891617  0.881088  0.666663  0.898257  0.906193  0.908918  0.839515  0.839515  0.867713  0.866427  0.866427  0.269341  0.783699  0.714149  0.335666  0.100069  0.801570  0.443065  0.104777  0.092881  0.102032  0.105967  0.142112  0.189331  0.221724  0.149404  0.294185  0.230889  0.901787  0.895826  0.848738  0.192697  0.237296  0.134725  0.065299  0.072798  0.925807  0.272439  0.092691  0.142492  0.179219  0.251469  0.354167  0.421858  0.508300  0.569626  0.212228  0.303186  0.283317  0.649897  0.388232  0.063173  0.244937  0.477107  0.518315  0.631841  0.476597  0.355013  0.537550  0.323891  0.451004  0.353218  0.837299  0.786870  0.965412  0.927561  0.640917  0.862893  0.915082  0.905474  0.817260  0.652164  0.460321  0.516751  0.616079  0.655331  0.037847  0.375657  0.298937  0.900022  0.571025  0.278452  0.795975  0.466934  0.381354  0.565311  0.419543  0.103838  0.609272  0.657296  0.698252  0.744736
  1.033500  0.627002  0.730125  0.776702  0.603803  0.493502  0.228062  0.546466  0.368191  0.755454  0.676183  0.936811  0.821927  0.914969  0.371305  0.195178  0.748064  0.111809  0.060216  0.051917  0.056923  0.059559  0.057132  0.665865  0.703329  0.705756  0.091142  0.164386  0.259782  0.075203  0.245977  0.312524  0.627087  0.586303  0.846691  0.899182  0.750740  0.892933  0.881471  0.663259  0.898878  0.907809  0.908720  0.836559  0.836559  0.867714  0.866239  0.866239  0.269227  0.781362  0.715775  0.333562  0.101467  0.801235  0.454401  0.103925  0.094785  0.101275  0.109409  0.145788  0.193135  0.228965  0.147735  0.295798  0.235958  0.906843  0.899814  0.848503  0.189872  0.238387  0.136320  0.067150  0.073176  0.924178  0.278726  0.098590  0.152615  0.193414  0.267624  0.369491  0.437260  0.518341  0.573999  0.214676  0.300419  0.283823  0.649231  0.388046  0.062954  0.246369  0.480969  0.524625  0.636417  0.481785  0.362741  0.543286  0.333417  0.454992  0.360869  0.839576  0.782900  0.967044  0.920926  0.641302  0.861353  0.913208  0.903702  0.818423  0.654792  0.464217  0.517090  0.618519  0.653448  0.038222  0.375615  0.296613  0.903303  0.575879  0.283477  0.796669  0.470235  0.385574  0.567373  0.421834  0.102036  0.615769  0.662280  0.702637  0.747157
  1.038500  0.627529  0.728930  0.776552  0.605102  0.495370  0.227068  0.546860  0.371960  0.763360  0.678965  0.935966  0.821070  0.913251  0.372675  0.195955  0.750463  0.109887  0.059309  0.051055  0.054942  0.058169  0.054090  0.667976  0.706317  0.707848  0.089490  0.166660  0.264172  0.075266  0.250103  0.314167  0.625649  0.578465  0.845251  0.898501  0.745146  0.898449  0.883288  0.658947  0.898884  0.908999  0.908088  0.836340  0.836340  0.868863  0.863914  0.863914  0.274218  0.781102  0.714088  0.334063  0.100966  0.815171  0.459884  0.102442  0.095033  0.103448  0.111863  0.151742  0.202506  0.235251  0.150749  0.301690  0.239324  0.909503  0.901595  0.849521  0.191791  0.240412  0.139620  0.067476  0.074472  0.926232  0.286113  0.106297  0.164560  0.207504  0.282720  0.386595  0.451656  0.530487  0.582382  0.214563  0.304305  0.282532  0.651343  0.388350  0.063041  0.246175  0.485414  0.531665  0.642444  0.487252  0.370850  0.547884  0.336852  0.457333  0.364708  0.843885  0.782820  0.967711  0.926750  0.642076  0.861202  0.914111  0.904050  0.819627  0.656999  0.466136  0.516035  0.619479  0.658247  0.037347  0.374982  0.297081  0.905963  0.573255  0.286908  0.802523  0.474478  0.388420  0.571308  0.425616  0.103075  0.613491  0.662219  0.700099  0.751088
  1.043500  0.628046  0.728519  0.778093  0.606741  0.499847  0.228570  0.544175  0.367735  0.766639  0.684403  0.938346  0.822809  0.911541  0.376025  0.196072  0.747936  0.110726  0.059241  0.052151  0.055455  0.060368  0.055155  0.668963  0.707784  0.703817  0.092420  0.167881  0.266981  0.074873  0.253064  0.320430  0.625875  0.576848  0.842959  0.901123  0.740599  0.902181  0.883013  0.659671  0.903149  0.909091  0.909091  0.843566  0.843566  0.867635  0.869970  0.869970  0.274129  0.784951  0.713851  0.333640  0.102926  0.811339  0.468972  0.104584  0.095724  0.106045  0.112348  0.153542  0.203322  0.242781  0.149422  0.302968  0.245818  0.908467  0.902656  0.849195  0.188623  0.244133  0.138478  0.064580  0.074873  0.927578  0.289372  0.114456  0.176142  0.220598  0.297534  0.401866  0.467688  0.540661  0.588304  0.213966  0.302330  0.281972  0.649092  0.389285  0.064688  0.244277  0.489469  0.534248  0.646652  0.491407  0.376904  0.553479  0.345263  0.460076  0.373075  0.846389  0.788217  0.967288  0.926512  0.641260  0.865433  0.911479  0.900336  0.817765  0.656764  0.467318  0.516839  0.620583  0.656668  0.037657  0.373621  0.296670  0.906694  0.575447  0.291086  0.802277  0.475218  0.390305  0.573846  0.428352  0.103187  0.615639  0.663002  0.699387  0.750925
  1.048500  0.626719  0.728993  0.776347  0.607579  0.505467  0.227841  0.548628  0.371244  0.775675  0.687336  0.940691  0.822966  0.913124  0.376022  0.199592  0.748704  0.110933  0.059161  0.052466  0.055380  0.058022  0.056408  0.670445  0.706867  0.709120  0.090239  0.167712  0.271951  0.075530  0.253780  0.324957  0.627019  0.573303  0.843224  0.898921  0.735838  0.905152  0.885490  0.659864  0.900487  0.909547  0.910458  0.839218  0.839218  0.870589  0.868834  0.868834  0.275755  0.784151  0.714967  0.334175  0.101927  0.814058  0.476378  0.106027  0.098440  0.107672  0.114527  0.158766  0.206387  0.248523  0.149862  0.303950  0.249134  0.912011  0.905462  0.848301  0.190847  0.248590  0.139593  0.067054  0.074727  0.929443  0.293476  0.121384  0.186434  0.231926  0.314208  0.417857  0.479719  0.549766  0.593104  0.216259  0.304948  0.279450  0.648600  0.391173  0.063040  0.245523  0.494332  0.540482  0.652485  0.497600  0.383373  0.559193  0.352548  0.462011  0.378649  0.849346  0.786144  0.965209  0.931033  0.640385  0.863219  0.912745  0.900588  0.819148  0.658660  0.471762  0.515298  0.623179  0.658276  0.038190  0.375598  0.295631  0.908465  0.576868  0.296495  0.808569  0.480880  0.394856  0.577438  0.432599  0.102665  0.607179  0.651920  0.697386  0.745931
  1.053500  0.625623  0.731062  0.777031  0.607564  0.508869  0.230715  0.550232  0.371518  0.781226  0.690560  0.942205  0.822553  0.913935  0.375425  0.202155  0.748845  0.110201  0.060097  0.051701  0.055101  0.059229  0.056863  0.670574  0.710450  0.708377  0.090977  0.170386  0.276482  0.076280  0.260363  0.325898  0.625997  0.571698  0.841089  0.900232  0.735285  0.904926  0.887469  0.661228  0.899680  0.908012  0.909835  0.841499  0.841499  0.870654  0.868229  0.868229  0.277356  0.785774  0.715779  0.334230  0.102961  0.814987  0.481143  0.105892  0.097937  0.109367  0.119426  0.159936  0.215533  0.251654  0.150616  0.308806  0.254328  0.910307  0.907507  0.850374  0.190755  0.252279  0.144042  0.069065  0.074756  0.930040  0.301640  0.129776  0.198745  0.246704  0.327814  0.433032  0.491669  0.556160  0.598265  0.215657  0.303092  0.280527  0.649480  0.391332  0.062988  0.245057  0.498675  0.547125  0.657693  0.503061  0.388962  0.563781  0.358208  0.465257  0.384094  0.850935  0.784505  0.969306  0.923623  0.642410  0.862249  0.916269  0.903009  0.821076  0.661305  0.473746  0.514828  0.625502  0.659769  0.038149  0.375158  0.289775  0.909421  0.578383  0.300582  0.803326  0.481441  0.397622  0.580675  0.435038  0.105389  0.607271  0.651761  0.694982  0.750164
  1.058500  0.627392  0.728162  0.777609  0.608193  0.513925  0.230330  0.549902  0.371162  0.783956  0.694947  0.940641  0.823721  0.912170  0.380871  0.203598  0.749783  0.109945  0.059652  0.052292  0.053857  0.058839  0.056696  0.669070  0.715275  0.714009  0.089047  0.172735  0.281037  0.075753  0.262086  0.329653  0.625897  0.563848  0.845908  0.897981  0.728854  0.905846  0.888275  0.664806  0.900565  0.906523  0.906523  0.841298  0.841298  0.870608  0.867334  0.867334  0.279506  0.781722  0.715187  0.335052  0.103051  0.821843  0.489603  0.107555  0.099056  0.107372  0.118520  0.163754  0.219130  0.257236  0.150660  0.312562  0.258570  0.911192  0.907658  0.848772  0.190269  0.257241  0.145823  0.066106  0.075512  0.931229  0.303558  0.136481  0.212486  0.260743  0.343210  0.447566  0.503148  0.563900  0.602419  0.216706  0.301587  0.280033  0.648769  0.392170  0.060605  0.246983  0.504094  0.553715  0.663166  0.507974  0.398614  0.569316  0.364237  0.466184  0.388607  0.852945  0.785067  0.964977  0.928803  0.642658  0.862453  0.912250  0.901742  0.822149  0.662752  0.474583  0.514980  0.625713  0.660545  0.038652  0.374286  0.293812  0.911192  0.575127  0.306349  0.808114  0.488180  0.402351  0.584260  0.438352  0.106815  0.606248  0.657145  0.702166  0.747097
  1.063500  0.626699  0.728388  0.780600  0.608322  0.516850  0.232448  0.552835  0.370812  0.789219  0.699971  0.941439  0.822308  0.913773  0.381284  0.204188  0.748213  0.109594  0.059656  0.051405  0.052896  0.059231  0.056544  0.669622  0.713136  0.712956  0.090236  0.174613  0.283638  0.075355  0.270431  0.339391  0.625062  0.560300  0.841959  0.900548  0.725826  0.905680  0.889005  0.673372  0.902243  0.906746  0.907658  0.843822  0.843822  0.870951  0.868909  0.868909  0.282190  0.784953  0.715613  0.334484  0.102268  0.822069  0.496833  0.108734  0.099947  0.112121  0.120633  0.166579  0.223509  0.261676  0.148851  0.315724  0.263144  0.911107  0.907474  0.847440  0.193493  0.261728  0.145837  0.067166  0.076237  0.930684  0.306953  0.144099  0.220766  0.272882  0.356355  0.458520  0.511411  0.571539  0.605307  0.215646  0.299689  0.280397  0.648194  0.392194  0.062353  0.243885  0.509003  0.561687  0.669811  0.515129  0.402890  0.573018  0.371171  0.470822  0.396057  0.855780  0.783684  0.967441  0.926579  0.642271  0.862750  0.914721  0.901816  0.819899  0.663412  0.477981  0.514626  0.626383  0.661110  0.038085  0.374922  0.292453  0.909334  0.576143  0.311715  0.810148  0.491602  0.405253  0.586285  0.444212  0.107910  0.601643  0.658157  0.698551  0.750084
  1.068500  0.624610  0.727143  0.774700  0.608832  0.520455  0.233846  0.553704  0.371187  0.789738  0.702644  0.942187  0.824799  0.912851  0.380696  0.209110  0.747183  0.108880  0.060614  0.052107  0.052308  0.058254  0.056327  0.668842  0.714779  0.710904  0.090593  0.179251  0.290977  0.077233  0.273809  0.342837  0.627745  0.554181  0.839958  0.897997  0.722471  0.908391  0.888165  0.685405  0.906358  0.904266  0.909189  0.845356  0.845356  0.868969  0.871530  0.871530  0.284289  0.784042  0.716727  0.335710  0.103580  0.826301  0.504008  0.109324  0.101456  0.111977  0.123961  0.168148  0.227064  0.262560  0.150411  0.317040  0.265418  0.916143  0.907664  0.849311  0.192327  0.267783  0.147918  0.067517  0.076590  0.930272  0.310959  0.150173  0.232390  0.284874  0.368212  0.469993  0.521616  0.576427  0.608056  0.220496  0.298420  0.278944  0.646935  0.392908  0.063180  0.243981  0.513704  0.565929  0.673749  0.519019  0.410198  0.576457  0.377951  0.470779  0.399965  0.854784  0.784948  0.966990  0.926844  0.641778  0.861749  0.914843  0.901944  0.821712  0.664695  0.480247  0.514489  0.628534  0.662969  0.038297  0.371920  0.291745  0.915253  0.580343  0.317964  0.813313  0.494275  0.407167  0.589113  0.447812  0.108238  0.600643  0.648734  0.699452  0.751890
  1.073500  0.624888  0.726492  0.776864  0.607761  0.522088  0.236123  0.556241  0.373414  0.790087  0.707675  0.942936  0.824675  0.914386  0.380844  0.209530  0.747315  0.107667  0.059149  0.052087  0.053114  0.058248  0.055440  0.669845  0.711544  0.715417  0.089140  0.177684  0.294233  0.076210  0.279486  0.349754  0.628459  0.549887  0.837989  0.896618  0.717033  0.906243  0.888056  0.690734  0.901586  0.905673  0.907315  0.844651  0.844651  0.871629  0.870517  0.870517  0.285277  0.782878  0.715756  0.335870  0.102256  0.828734  0.510676  0.109140  0.099900  0.111336  0.126522  0.172813  0.228161  0.271158  0.149107  0.320883  0.271370  0.911358  0.906976  0.849654  0.192874  0.273239  0.150200  0.067450  0.076932  0.929396  0.314756  0.156592  0.242742  0.295466  0.379377  0.480603  0.529709  0.580796  0.612241  0.218646  0.299458  0.278046  0.646997  0.395337  0.062346  0.242422  0.517748  0.569206  0.677432  0.522241  0.415470  0.580620  0.382478  0.475154  0.405488  0.857346  0.781793  0.966070  0.928367  0.641744  0.861744  0.914107  0.903037  0.818140  0.668742  0.482622  0.515625  0.629216  0.664233  0.038144  0.372353  0.290514  0.909581  0.578677  0.322417  0.813730  0.498896  0.412992  0.592279  0.450898  0.110316  0.604162  0.657975  0.693972  0.737837
  1.078500  0.625092  0.725951  0.778961  0.608672  0.524077  0.239249  0.557775  0.374612  0.792417  0.711730  0.943773  0.824539  0.910375  0.384327  0.213089  0.747792  0.108887  0.059004  0.052305  0.053920  0.058180  0.054750  0.666709  0.713512  0.715407  0.088619  0.182525  0.300868  0.074483  0.284887  0.353692  0.628334  0.544137  0.837498  0.901928  0.713940  0.906080  0.887777  0.699668  0.902971  0.906052  0.908790  0.847728  0.847728  0.869728  0.873461  0.873461  0.288523  0.783216  0.713484  0.337079  0.103997  0.831479  0.517840  0.110304  0.101341  0.112956  0.129511  0.174968  0.236705  0.274937  0.149744  0.322530  0.274593  0.909185  0.907960  0.848127  0.193356  0.279541  0.154110  0.069206  0.077881  0.928000  0.317474  0.162883  0.252973  0.306474  0.389661  0.490192  0.536618  0.584251  0.613591  0.220445  0.297919  0.277097  0.646744  0.394823  0.062649  0.244730  0.522555  0.575392  0.682191  0.526745  0.421175  0.584098  0.388194  0.477255  0.412619  0.858770  0.786931  0.967674  0.928004  0.643306  0.863675  0.913711  0.900175  0.821608  0.668962  0.483106  0.513986  0.632712  0.665030  0.038229  0.373251  0.288946  0.910073  0.579813  0.329778  0.812504  0.502318  0.414134  0.595694  0.454948  0.110332  0.603993  0.657089  0.695598  0.743439
  1.083500  0.622954  0.726657  0.776553  0.609249  0.524330  0.238486  0.559684  0.377749  0.790224  0.715488  0.944457  0.825508  0.911922  0.383873  0.216704  0.746366  0.108731  0.059524  0.051221  0.052024  0.057419  0.055797  0.667497  0.715523  0.715253  0.088141  0.184791  0.304581  0.074925  0.288088  0.359111  0.630560  0.536374  0.835256  0.897193  0.709254  0.905748  0.888230  0.703677  0.897322  0.904485  0.909774  0.847838  0.847838  0.870081  0.871725  0.871725  0.288298  0.784499  0.714543  0.336308  0.103076  0.836563  0.526327  0.109881  0.103472  0.114735  0.130759  0.177275  0.238901  0.280839  0.149298  0.323821  0.277864  0.906189  0.907677  0.848612  0.194899  0.284652  0.152093  0.068202  0.078458  0.931647  0.321949  0.169345  0.259447  0.314543  0.398868  0.497591  0.543461  0.588297  0.616232  0.218942  0.300046  0.278324  0.647809  0.394493  0.062188  0.244154  0.525505  0.580796  0.687186  0.531433  0.427574  0.589829  0.394470  0.479885  0.416899  0.857244  0.783051  0.967873  0.929111  0.642937  0.862858  0.913848  0.903409  0.821181  0.669685  0.486861  0.514789  0.631585  0.666614  0.038967  0.371020  0.288536  0.907962  0.578563  0.337412  0.814418  0.505870  0.419392  0.599819  0.456559  0.112345  0.602444  0.658635  0.695553  0.743419
  1.088500  0.623837  0.724100  0.777167  0.609965  0.526175  0.243135  0.562474  0.377876  0.786880  0.720135  0.944497  0.825518  0.913469  0.384488  0.219132  0.746376  0.109246  0.060041  0.051497  0.054720  0.058133  0.056244  0.664925  0.717917  0.716836  0.087897  0.187832  0.309498  0.076775  0.297163  0.365407  0.629687  0.530577  0.833203  0.896521  0.704820  0.901763  0.887093  0.704521  0.899906  0.906485  0.906211  0.846437  0.846437  0.870378  0.870213  0.870213  0.291759  0.781528  0.715593  0.337716  0.103988  0.836324  0.533603  0.109964  0.104292  0.117191  0.134299  0.181047  0.243256  0.280947  0.149815  0.327868  0.282105  0.911443  0.906630  0.847633  0.193068  0.291646  0.158836  0.071294  0.078865  0.931557  0.323305  0.175596  0.268730  0.324870  0.408864  0.508121  0.548479  0.592546  0.619883  0.219366  0.299503  0.277860  0.645919  0.396817  0.062734  0.244434  0.528655  0.584810  0.690382  0.535802  0.432009  0.593195  0.399291  0.481568  0.422992  0.857157  0.784059  0.966986  0.932539  0.642671  0.860268  0.914108  0.901483  0.820428  0.671933  0.488993  0.513455  0.633177  0.668384  0.038443  0.369470  0.285414  0.907005  0.579277  0.343384  0.811607  0.510455  0.420669  0.601712  0.461825  0.116720  0.601718  0.647190  0.689408  0.742384
  1.093500  0.623388  0.724530  0.776510  0.609671  0.529832  0.245280  0.564832  0.380779  0.787096  0.725788  0.944475  0.825827  0.912651  0.387535  0.220270  0.747384  0.109279  0.060699  0.051007  0.054506  0.058880  0.056411  0.663714  0.717692  0.719768  0.088056  0.191208  0.316913  0.077429  0.302156  0.371232  0.630216  0.525950  0.833640  0.900141  0.702178  0.902878  0.886348  0.704114  0.905970  0.904182  0.907835  0.848216  0.848216  0.870207  0.876317  0.876317  0.293434  0.785214  0.714962  0.337547  0.104593  0.839473  0.541185  0.112839  0.105512  0.119800  0.135736  0.182447  0.246011  0.287226  0.149783  0.328470  0.286292  0.909526  0.905111  0.850527  0.197164  0.297062  0.160353  0.068578  0.080727  0.931187  0.325541  0.179956  0.275861  0.332747  0.418121  0.513680  0.555892  0.594565  0.620635  0.218627  0.302138  0.274609  0.646345  0.397364  0.061275  0.243435  0.532823  0.591020  0.693733  0.539051  0.437241  0.597828  0.401547  0.483647  0.427959  0.858039  0.784488  0.969023  0.933291  0.644530  0.863173  0.913794  0.901430  0.822571  0.670238  0.490040  0.516619  0.634544  0.668415  0.038173  0.368802  0.285754  0.906859  0.582104  0.350195  0.817336  0.514953  0.425489  0.604223  0.465497  0.116920  0.604819  0.653861  0.694654  0.739073
  1.098500  0.621750  0.723158  0.776637  0.609208  0.530211  0.248802  0.567958  0.383016  0.781502  0.731692  0.945253  0.824461  0.913412  0.390631  0.223179  0.747011  0.108357  0.059126  0.052298  0.052193  0.058097  0.055330  0.661830  0.721858  0.720503  0.087594  0.192428  0.322390  0.077392  0.309314  0.379410  0.631275  0.520375  0.833351  0.901385  0.697271  0.898535  0.886174  0.703873  0.901927  0.901375  0.907582  0.847997  0.847997  0.870511  0.873628  0.873628  0.296416  0.784056  0.714249  0.340498  0.103835  0.840073  0.548340  0.113077  0.105758  0.118840  0.138052  0.187455  0.249116  0.290559  0.150205  0.329595  0.290246  0.908154  0.903091  0.848634  0.195541  0.302729  0.162567  0.069662  0.081172  0.930995  0.326871  0.184907  0.282916  0.339944  0.423630  0.518878  0.558478  0.598251  0.620941  0.218873  0.302682  0.275597  0.644078  0.396825  0.062326  0.244263  0.536571  0.595745  0.699989  0.541988  0.440760  0.599574  0.408273  0.485741  0.435260  0.856871  0.784780  0.967921  0.931659  0.642741  0.861945  0.913487  0.901502  0.821452  0.674855  0.492352  0.515093  0.637241  0.669290  0.037957  0.374583  0.284198  0.903706  0.584716  0.358049  0.819289  0.518966  0.429420  0.607880  0.469712  0.118813  0.604095  0.656353  0.695842  0.746198
  1.103500  0.620490  0.722616  0.777240  0.610583  0.535207  0.252914  0.570718  0.386017  0.778738  0.734911  0.942909  0.826684  0.911822  0.392865  0.225596  0.745743  0.108153  0.058596  0.051284  0.055185  0.057593  0.054658  0.659546  0.720140  0.722399  0.088812  0.197463  0.329095  0.077506  0.314242  0.384416  0.631387  0.514486  0.829111  0.898054  0.692012  0.894612  0.887236  0.700544  0.903739  0.899362  0.904932  0.848261  0.848261  0.867275  0.875511  0.875511  0.297091  0.783623  0.713468  0.340137  0.104046  0.845946  0.557070  0.114530  0.106931  0.123319  0.140622  0.190243  0.252864  0.293604  0.148865  0.333542  0.294802  0.902850  0.900328  0.848010  0.195328  0.307838  0.164217  0.068873  0.082735  0.929479  0.328348  0.189734  0.287990  0.346148  0.430318  0.524080  0.563745  0.600213  0.622595  0.220555  0.297299  0.274691  0.644073  0.399001  0.062715  0.243052  0.540287  0.601342  0.704668  0.545800  0.446713  0.603578  0.411738  0.488754  0.437013  0.855259  0.784257  0.966778  0.934274  0.643596  0.861026  0.912579  0.901959  0.822219  0.676070  0.495841  0.514075  0.638259  0.670696  0.038926  0.374154  0.285701  0.901071  0.582842  0.364727  0.822803  0.520918  0.431658  0.610140  0.471604  0.120379  0.598490  0.652899  0.694361  0.747864
  1.108500  0.622420  0.722851  0.776555  0.609837  0.535958  0.257389  0.572244  0.388261  0.774911  0.737223  0.942093  0.826408  0.912590  0.391073  0.229750  0.746175  0.108295  0.058721  0.051517  0.052805  0.059115  0.056410  0.657628  0.720431  0.722147  0.087738  0.198377  0.335612  0.078111  0.321559  0.390666  0.633167  0.509533  0.832475  0.898799  0.687950  0.890292  0.885150  0.698743  0.903763  0.899323  0.905075  0.846152  0.846152  0.868611  0.873920  0.873920  0.298603  0.782929  0.716073  0.340404  0.104086  0.848647  0.565974  0.114114  0.109813  0.124821  0.143031  0.194186  0.258701  0.299149  0.148805  0.335434  0.297981  0.904652  0.898811  0.847843  0.198555  0.312252  0.165524  0.069440  0.082136  0.930265  0.331772  0.191793  0.292980  0.349617  0.435609  0.528507  0.565632  0.601808  0.623305  0.221002  0.300382  0.276223  0.645388  0.401323  0.063229  0.244963  0.542248  0.604835  0.706527  0.547966  0.450314  0.608869  0.417651  0.490961  0.444596  0.856520  0.782205  0.968185  0.934453  0.645674  0.861348  0.913919  0.901840  0.821493  0.676440  0.497737  0.516346  0.640181  0.672507  0.038939  0.371132  0.281919  0.900205  0.583044  0.371774  0.822649  0.524691  0.435841  0.613707  0.476728  0.122623  0.602934  0.650601  0.692479  0.743493
  1.113500  0.620592  0.724173  0.778354  0.610046  0.537788  0.261394  0.577545  0.390884  0.769454  0.743513  0.942123  0.824575  0.911760  0.394294  0.233573  0.747829  0.107983  0.059328  0.051639  0.053617  0.057494  0.055523  0.654897  0.721703  0.724414  0.088308  0.204281  0.343088  0.077901  0.329626  0.399876  0.635802  0.503671  0.834063  0.896164  0.685473  0.889766  0.883486  0.697357  0.902237  0.899954  0.905432  0.848302  0.848302  0.867539  0.875734  0.875734  0.299490  0.783208  0.715422  0.339353  0.104534  0.850592  0.574710  0.116351  0.108851  0.126047  0.143609  0.196114  0.260601  0.300940  0.149181  0.340770  0.300244  0.899562  0.895706  0.848701  0.198843  0.316931  0.168148  0.069361  0.081681  0.929353  0.333078  0.195375  0.296582  0.355475  0.439411  0.532846  0.569028  0.604606  0.624295  0.222484  0.301116  0.277495  0.644097  0.400793  0.062558  0.245143  0.546318  0.610807  0.713211  0.552757  0.453613  0.610485  0.418859  0.493408  0.447401  0.854676  0.784294  0.965934  0.932045  0.642951  0.860524  0.912240  0.900075  0.821318  0.676655  0.499103  0.516273  0.641356  0.671475  0.038299  0.371968  0.282566  0.895996  0.582099  0.380625  0.821378  0.526839  0.439024  0.615841  0.479680  0.123668  0.601688  0.650304  0.694304  0.748533
  1.118500  0.621358  0.723025  0.777817  0.610250  0.538767  0.265563  0.579578  0.393680  0.763402  0.747978  0.941339  0.825383  0.914213  0.395826  0.235712  0.746803  0.108505  0.057945  0.051600  0.053836  0.058630  0.055606  0.653714  0.724588  0.724226  0.088115  0.206922  0.351435  0.079715  0.337269  0.406407  0.636419  0.497915  0.829206  0.897958  0.679631  0.889014  0.882424  0.694383  0.907215  0.896514  0.906472  0.851697  0.851697  0.867511  0.877058  0.877058  0.302907  0.783945  0.714530  0.340478  0.104019  0.854237  0.582585  0.116018  0.108687  0.126099  0.146627  0.200695  0.264203  0.308741  0.147670  0.340031  0.304913  0.895633  0.893209  0.850374  0.199527  0.320861  0.169543  0.069776  0.083334  0.929803  0.334019  0.199455  0.302025  0.360006  0.444428  0.536887  0.570328  0.605670  0.626235  0.223735  0.300897  0.276904  0.643810  0.401659  0.062846  0.244681  0.549766  0.616671  0.717743  0.555291  0.456740  0.611785  0.424986  0.495658  0.452887  0.850770  0.782858  0.967737  0.936348  0.644766  0.862294  0.912110  0.900014  0.821568  0.680305  0.500578  0.515931  0.639044  0.673300  0.038189  0.370559  0.282445  0.898306  0.583263  0.389186  0.824980  0.531903  0.442645  0.619372  0.482663  0.125795  0.595907  0.644818  0.694183  0.744725
  1.123500  0.618933  0.722320  0.775815  0.609991  0.539208  0.269298  0.580633  0.398091  0.759565  0.753141  0.942883  0.827452  0.914022  0.397712  0.239971  0.747838  0.107673  0.060515  0.051442  0.054807  0.058119  0.054078  0.651693  0.720813  0.725424  0.089166  0.211001  0.353804  0.077324  0.342497  0.414522  0.635883  0.495167  0.829116  0.899359  0.676728  0.884239  0.881180  0.692469  0.901066  0.896026  0.905712  0.849308  0.849308  0.864749  0.876185  0.876185  0.305005  0.782250  0.714557  0.340699  0.103899  0.858453  0.591024  0.116856  0.111819  0.129220  0.147993  0.204132  0.270986  0.314211  0.146897  0.342319  0.309601  0.892163  0.890065  0.849823  0.199961  0.326244  0.172397  0.069462  0.084006  0.931776  0.334345  0.202900  0.304240  0.363334  0.447828  0.539407  0.574310  0.607399  0.627011  0.221969  0.299633  0.276282  0.644161  0.402746  0.063684  0.243575  0.550421  0.617909  0.719805  0.556547  0.461924  0.615501  0.428562  0.497828  0.457157  0.849314  0.784241  0.968001  0.936897  0.642823  0.861525  0.913236  0.901606  0.819825  0.680108  0.501575  0.517116  0.643462  0.676463  0.039006  0.370650  0.281363  0.896615  0.583588  0.398537  0.824234  0.536163  0.447085  0.623699  0.487620  0.129489  0.604787  0.654741  0.687953  0.746775
  1.128500  0.619064  0.722055  0.778567  0.611900  0.541461  0.273330  0.586301  0.401339  0.751796  0.756308  0.939729  0.827137  0.913246  0.398407  0.242425  0.747226  0.108131  0.057278  0.051397  0.052090  0.057724  0.054646  0.649617  0.721314  0.725384  0.088614  0.214331  0.363569  0.077758  0.351007  0.422908  0.637744  0.489128  0.827412  0.900496  0.674273  0.882909  0.880445  0.687462  0.903678  0.891619  0.903490  0.847988  0.847988  0.864480  0.875109  0.875109  0.306269  0.782410  0.714363  0.341704  0.103368  0.861360  0.599694  0.119001  0.112044  0.130168  0.150581  0.205962  0.270864  0.314528  0.147054  0.345839  0.312875  0.886393  0.885607  0.848843  0.201323  0.330171  0.173388  0.070332  0.085734  0.931808  0.334800  0.204091  0.307600  0.367526  0.451319  0.542462  0.575927  0.608787  0.627724  0.222528  0.303404  0.276486  0.644220  0.404172  0.062189  0.242742  0.554301  0.623661  0.724528  0.560132  0.464964  0.619651  0.432035  0.500250  0.462986  0.846595  0.782954  0.969397  0.940723  0.644029  0.862048  0.912368  0.897447  0.824857  0.683272  0.503989  0.515608  0.644285  0.677414  0.038713  0.371638  0.279826  0.890314  0.581858  0.406536  0.825896  0.538622  0.449422  0.625848  0.492495  0.131817  0.604540  0.652704  0.697602  0.744223
  1.133500  0.618109  0.721112  0.777752  0.610190  0.541319  0.278115  0.592065  0.403589  0.742607  0.760422  0.935637  0.826346  0.911627  0.401117  0.247532  0.747587  0.107349  0.058616  0.050601  0.053871  0.057437  0.055915  0.645645  0.724478  0.726924  0.087269  0.219867  0.371412  0.079640  0.357213  0.431601  0.641186  0.482478  0.829849  0.901878  0.669545  0.876971  0.879034  0.685142  0.903024  0.888911  0.903731  0.849292  0.849292  0.861160  0.875615  0.875615  0.308541  0.782083  0.714278  0.343281  0.104818  0.863120  0.610400  0.118816  0.114688  0.132395  0.155608  0.208364  0.276260  0.318556  0.147284  0.347747  0.315780  0.875520  0.877605  0.850589  0.202186  0.333907  0.175897  0.069537  0.087050  0.931643  0.337602  0.205884  0.311171  0.369126  0.453770  0.544461  0.577282  0.607858  0.627464  0.223663  0.301490  0.278298  0.643524  0.405817  0.062179  0.243650  0.556847  0.629613  0.729565  0.564410  0.468471  0.621541  0.437101  0.502609  0.467200  0.845029  0.783711  0.968881  0.934893  0.644576  0.858428  0.914289  0.901261  0.825017  0.681207  0.507009  0.516217  0.644852  0.676987  0.038566  0.372424  0.280344  0.883378  0.583682  0.414371  0.829619  0.542256  0.453254  0.628928  0.495240  0.133528  0.598186  0.656168  0.696693  0.743911
  1.138500  0.618988  0.722148  0.778752  0.611499  0.542743  0.281248  0.593630  0.408179  0.729895  0.762446  0.927611  0.826047  0.911542  0.401645  0.250823  0.748607  0.107911  0.059308  0.051770  0.053407  0.057342  0.053811  0.643425  0.721611  0.726314  0.088190  0.223611  0.377423  0.078567  0.366475  0.438842  0.642927  0.478878  0.826338  0.898959  0.664971  0.873357  0.876697  0.686916  0.902861  0.883942  0.899400  0.845731  0.845731  0.859201  0.878520  0.878520  0.310832  0.782054  0.710521  0.342635  0.104232  0.865414  0.621941  0.120308  0.112434  0.133950  0.157572  0.212325  0.278888  0.321096  0.146188  0.344934  0.319614  0.859423  0.867269  0.848603  0.201625  0.337036  0.176917  0.070181  0.086064  0.931882  0.337407  0.208371  0.314914  0.373555  0.457316  0.548527  0.580143  0.610980  0.628563  0.226045  0.303981  0.277226  0.643519  0.406327  0.061092  0.243289  0.559022  0.631482  0.730513  0.566176  0.471810  0.624877  0.441032  0.504633  0.472476  0.841961  0.784953  0.967775  0.939596  0.643041  0.862307  0.910917  0.900754  0.821464  0.683872  0.509262  0.516177  0.644686  0.679454  0.038874  0.371106  0.277836  0.875089  0.584020  0.424928  0.829515  0.546232  0.458805  0.634025  0.498349  0.136207  0.601713  0.650262  0.691385  0.745642
  1.143500  0.619665  0.718741  0.779507  0.607821  0.543408  0.286713  0.595484  0.411118  0.713249  0.762479  0.918775  0.825998  0.911373  0.404340  0.254568  0.746682  0.107727  0.057495  0.050431  0.052413  0.058669  0.055052  0.640288  0.726158  0.730416  0.088501  0.225195  0.386674  0.078729  0.372528  0.445661  0.643246  0.475553  0.824642  0.900839  0.662465  0.866973  0.876605  0.682324  0.899761  0.879639  0.898950  0.845820  0.845820  0.854431  0.877958  0.877958  0.311812  0.779005  0.707492  0.342808  0.105276  0.868510  0.630876  0.121691  0.114721  0.135538  0.159931  0.213211  0.282723  0.326373  0.146986  0.350108  0.322547  0.838372  0.850926  0.848320  0.202419  0.339913  0.179821  0.071358  0.086623  0.930119  0.338540  0.208338  0.315864  0.374774  0.457647  0.548132  0.579966  0.610329  0.629014  0.227204  0.303667  0.276510  0.643015  0.408088  0.061253  0.245061  0.561727  0.636640  0.736693  0.567757  0.475440  0.627436  0.443200  0.505358  0.476544  0.840859  0.784996  0.969308  0.938080  0.642824  0.863614  0.912269  0.902273  0.821390  0.686395  0.511967  0.517247  0.645500  0.679003  0.038273  0.371547  0.275594  0.860614  0.584542  0.431852  0.830187  0.551815  0.459196  0.635517  0.503851  0.138820  0.602251  0.647551  0.696937  0.748048
  1.148500  0.616245  0.718654  0.778216  0.607728  0.544108  0.290107  0.600550  0.413170  0.691339  0.760173  0.906735  0.825661  0.911424  0.408112  0.258754  0.746068  0.107058  0.059015  0.050889  0.052338  0.058061  0.053446  0.637840  0.724018  0.728908  0.088312  0.232224  0.393371  0.078869  0.385082  0.455584  0.646324  0.471311  0.822439  0.900035  0.658768  0.856316  0.870345  0.676713  0.903106  0.871868  0.895292  0.845165  0.845165  0.847694  0.881064  0.881064  0.314241  0.779169  0.702779  0.342858  0.104657  0.872102  0.638598  0.122827  0.115591  0.137665  0.160655  0.217168  0.283665  0.333034  0.146318  0.351837  0.326618  0.819324  0.829017  0.847075  0.206555  0.344075  0.182606  0.072708  0.088373  0.933521  0.339646  0.210630  0.316713  0.376368  0.461096  0.550061  0.582137  0.611619  0.629083  0.225874  0.302512  0.278685  0.642398  0.408622  0.061807  0.245133  0.563077  0.641132  0.740465  0.570544  0.478975  0.629687  0.445707  0.508780  0.480373  0.837358  0.785878  0.967228  0.938246  0.642972  0.862027  0.910623  0.901006  0.822877  0.684680  0.513081  0.515959  0.647368  0.677774  0.038549  0.372100  0.276190  0.849539  0.582416  0.440473  0.832248  0.554201  0.464337  0.639023  0.507865  0.142497  0.601125  0.650804  0.697218  0.747894
  1.153500  0.617966  0.719123  0.778765  0.606592  0.545977  0.296605  0.604625  0.418466  0.667515  0.757384  0.897776  0.825986  0.911207  0.406991  0.262794  0.747214  0.106649  0.056978  0.051037  0.052544  0.056700  0.054072  0.631373  0.724235  0.727585  0.088932  0.236461  0.402231  0.078274  0.393567  0.466806  0.647232  0.465750  0.825457  0.900965  0.655744  0.840984  0.864835  0.671845  0.902399  0.866080  0.893081  0.840803  0.840803  0.840561  0.875127  0.875127  0.315909  0.775958  0.701052  0.344567  0.104074  0.874217  0.649663  0.123023  0.115598  0.138516  0.162808  0.221112  0.286198  0.330476  0.145700  0.352393  0.328699  0.805759  0.810072  0.849057  0.206540  0.346686  0.183872  0.071789  0.087464  0.930387  0.339808  0.211367  0.318432  0.377846  0.461648  0.551762  0.581945  0.611435  0.629683  0.226140  0.304931  0.278254  0.642353  0.410888  0.061407  0.242937  0.565068  0.645476  0.744298  0.574275  0.483380  0.633561  0.449107  0.509897  0.485898  0.831834  0.784200  0.967134  0.932726  0.643022  0.861089  0.910114  0.901313  0.822384  0.685147  0.515349  0.516788  0.647158  0.678239  0.038758  0.372241  0.273719  0.833715  0.584614  0.450896  0.831840  0.556579  0.467053  0.639867  0.510410  0.146308  0.601983  0.655417  0.693544  0.741997
  1.158500  0.617191  0.719840  0.778585  0.607038  0.544701  0.301235  0.608473  0.419753  0.641083  0.758996  0.897687  0.823701  0.911116  0.410631  0.265537  0.746490  0.107203  0.058521  0.051145  0.052957  0.056711  0.054360  0.624499  0.728160  0.731519  0.089108  0.239709  0.407387  0.080149  0.399891  0.474315  0.646894  0.463280  0.826287  0.901267  0.652384  0.822059  0.855927  0.665212  0.901496  0.858786  0.889985  0.838261  0.838261  0.835977  0.875101  0.875101  0.317029  0.778340  0.700416  0.344920  0.106175  0.878930  0.660098  0.123837  0.117879  0.140061  0.166827  0.222100  0.291764  0.337228  0.144856  0.353041  0.331697  0.797445  0.792450  0.846858  0.206067  0.350858  0.186918  0.071871  0.089569  0.930108  0.339410  0.212260  0.320407  0.379671  0.462901  0.552706  0.583073  0.612835  0.630485  0.226352  0.306484  0.277742  0.642302  0.411018  0.062413  0.244423  0.570315  0.650392  0.749515  0.579633  0.485038  0.633616  0.453038  0.512048  0.490964  0.828303  0.783862  0.966129  0.934284  0.641443  0.859804  0.910306  0.900865  0.822768  0.688032  0.515729  0.516881  0.648004  0.679105  0.038740  0.373728  0.274015  0.823056  0.582650  0.460282  0.831355  0.559964  0.469694  0.643684  0.513877  0.150040  0.607719  0.651619  0.692984  0.741319
  1.163500  0.616461  0.719015  0.778112  0.605137  0.547380  0.304868  0.611274  0.424719  0.621614  0.763144  0.896790  0.819698  0.911703  0.411079  0.271230  0.746935  0.106770  0.058576  0.050824  0.052041  0.057548  0.055195  0.617784  0.721668  0.732541  0.090161  0.242551  0.418577  0.080421  0.410519  0.483222  0.650432  0.456562  0.823688  0.897258  0.649882  0.800527  0.845605  0.656224  0.906454  0.858623  0.890145  0.840567  0.840567  0.834341  0.876168  0.876168  0.319158  0.780054  0.703854  0.343153  0.104660  0.881966  0.669665  0.123429  0.120313  0.142580  0.166954  0.225782  0.294414  0.337940  0.146218  0.354201  0.333487  0.798743  0.784466  0.847456  0.209781  0.352989  0.187108  0.073544  0.090171  0.928649  0.340443  0.213066  0.320160  0.379368  0.463037  0.553103  0.583701  0.611101  0.629685  0.229229  0.308090  0.277856  0.639421  0.413001  0.061318  0.246090  0.569047  0.651748  0.750173  0.578645  0.489929  0.636749  0.455518  0.514526  0.494646  0.818453  0.784583  0.968552  0.940526  0.643144  0.860859  0.909450  0.899095  0.822766  0.688279  0.515670  0.517206  0.649303  0.679927  0.038306  0.372307  0.273724  0.817904  0.585292  0.470127  0.833036  0.563786  0.473533  0.646519  0.519779  0.153587  0.602501  0.660568  0.693723  0.748439
  1.168500  0.616681  0.720853  0.777660  0.607818  0.547372  0.309436  0.614242  0.429571  0.606114  0.768881  0.903042  0.820074  0.910048  0.412661  0.275514  0.747604  0.106172  0.058109  0.051077  0.051552  0.056587  0.054152  0.609177  0.725842  0.730915  0.087521  0.246819  0.421369  0.079641  0.415917  0.490545  0.653082  0.451797  0.818066  0.897788  0.645945  0.784583  0.834033  0.644923  0.905602  0.862173  0.890448  0.842643  0.842643  0.837472  0.875523  0.875523  0.319926  0.781956  0.706522  0.346939  0.105917  0.884853  0.677937  0.124422  0.120574  0.144945  0.166935  0.226763  0.294380  0.339183  0.144940  0.353622  0.336123  0.806574  0.785228  0.847450  0.209640  0.356341  0.191574  0.072690  0.089802  0.927485  0.339768  0.214296  0.321549  0.381538  0.466112  0.555966  0.585138  0.613877  0.631450  0.226973  0.308507  0.280544  0.641001  0.413966  0.061333  0.244157  0.571323  0.655147  0.754286  0.581941  0.492241  0.639759  0.460745  0.518107  0.498213  0.808969  0.783043  0.968440  0.934711  0.641670  0.860306  0.910169  0.899174  0.823037  0.690222  0.518556  0.517213  0.650304  0.681010  0.038729  0.371722  0.272875  0.817746  0.585819  0.477746  0.835979  0.566264  0.476138  0.649824  0.523063  0.155446  0.607504  0.660129  0.698444  0.749167
  1.173500  0.616355  0.717602  0.776322  0.607054  0.547500  0.315286  0.618320  0.433076  0.597417  0.775996  0.907737  0.819822  0.909041  0.413825  0.279606  0.745048  0.106650  0.056728  0.049358  0.052793  0.056607  0.054825  0.599427  0.725883  0.733498  0.089075  0.252049  0.430069  0.081411  0.427478  0.500187  0.652931  0.449455  0.822528  0.899228  0.643134  0.767162  0.826737  0.633151  0.904193  0.864606  0.892348  0.845144  0.845144  0.839456  0.878938  0.878938  0.322682  0.778458  0.707314  0.346134  0.104761  0.886343  0.688918  0.125434  0.121121  0.143877  0.168836  0.229947  0.297390  0.343819  0.144823  0.357628  0.338259  0.813442  0.793122  0.848984  0.211228  0.358781  0.193495  0.068142  0.089878  0.929493  0.342400  0.215139  0.322985  0.382360  0.467962  0.556766  0.586194  0.613891  0.631202  0.227844  0.308130  0.282492  0.641502  0.414859  0.061808  0.243653  0.574946  0.661509  0.760030  0.585779  0.496345  0.643510  0.463807  0.518801  0.504546  0.798673  0.782614  0.968053  0.935869  0.642172  0.860053  0.911163  0.900060  0.826837  0.690057  0.520669  0.518174  0.653396  0.681899  0.038855  0.371261  0.271486  0.824696  0.582453  0.489017  0.839970  0.569813  0.479706  0.650901  0.525422  0.158902  0.604875  0.660627  0.694693  0.746741
  1.178500  0.614116  0.717106  0.777596  0.606537  0.549478  0.320543  0.621657  0.436160  0.590034  0.780501  0.910708  0.820185  0.909812  0.418423  0.283983  0.744935  0.106813  0.058256  0.050074  0.052686  0.055325  0.054519  0.592330  0.726496  0.732028  0.089491  0.255527  0.441090  0.081422  0.439748  0.512399  0.653239  0.445902  0.820360  0.899986  0.641246  0.761045  0.820899  0.616764  0.908398  0.865536  0.893091  0.847034  0.847034  0.840384  0.877990  0.877990  0.325273  0.782135  0.708624  0.346632  0.105705  0.889956  0.698817  0.126557  0.121792  0.145802  0.171553  0.228096  0.300402  0.342557  0.143323  0.361908  0.340180  0.822774  0.802672  0.845649  0.209986  0.362215  0.196125  0.074858  0.091901  0.927652  0.342381  0.216565  0.323762  0.383239  0.467873  0.557866  0.586999  0.614403  0.631866  0.230967  0.308745  0.282533  0.640187  0.417259  0.061926  0.247201  0.578745  0.666707  0.764704  0.589702  0.501118  0.644963  0.466230  0.522672  0.507784  0.787743  0.783674  0.970486  0.937708  0.641334  0.862874  0.908536  0.899097  0.822209  0.690967  0.522163  0.519191  0.652912  0.684065  0.037987  0.371422  0.269510  0.831721  0.586302  0.497699  0.839058  0.572743  0.482538  0.652720  0.526730  0.162834  0.607804  0.661479  0.694698  0.753714
  1.183500  0.616198  0.716790  0.781261  0.606427  0.550681  0.327536  0.628370  0.443363  0.584858  0.785046  0.913142  0.822850  0.910442  0.416841  0.289896  0.746750  0.107689  0.059015  0.050615  0.051703  0.055996  0.053918  0.583902  0.727211  0.732465  0.091342  0.257948  0.445366  0.082482  0.443318  0.518588  0.655213  0.437768  0.824326  0.898974  0.640931  0.758128  0.820033  0.603050  0.901086  0.866422  0.893704  0.844582  0.844582  0.841713  0.877737  0.877737  0.327466  0.778815  0.707489  0.348280  0.104824  0.890194  0.709648  0.124676  0.120825  0.146127  0.173996  0.233217  0.299680  0.344692  0.145838  0.360386  0.342979  0.827775  0.810314  0.846413  0.212073  0.365421  0.197805  0.074911  0.093274  0.925817  0.343921  0.216463  0.325204  0.386181  0.467888  0.557886  0.585957  0.613682  0.631561  0.230614  0.311761  0.283114  0.641818  0.418334  0.062678  0.246346  0.579337  0.668864  0.766976  0.590375  0.504654  0.648408  0.472034  0.523611  0.515837  0.778926  0.783603  0.972654  0.932688  0.644015  0.859850  0.910317  0.902157  0.823593  0.693286  0.525706  0.519670  0.653714  0.685812  0.038496  0.373351  0.270624  0.832318  0.586465  0.508136  0.839445  0.577432  0.487055  0.657260  0.532368  0.167041  0.614308  0.657219  0.700762  0.745570
  1.188500  0.615926  0.717847  0.779661  0.607997  0.550903  0.332889  0.631969  0.445444  0.578320  0.791137  0.913028  0.822072  0.912787  0.419097  0.295108  0.747103  0.107138  0.058773  0.049723  0.055010  0.058088  0.054671  0.578702  0.725441  0.730853  0.090381  0.268067  0.454192  0.083367  0.455711  0.530143  0.657292  0.439393  0.817994  0.897376  0.636526  0.757404  0.820755  0.588964  0.905609  0.866324  0.894408  0.848072  0.848072  0.845687  0.880045  0.880045  0.328768  0.781045  0.709161  0.349372  0.105713  0.894768  0.720785  0.129246  0.124113  0.146570  0.175719  0.231634  0.307532  0.349605  0.142627  0.361889  0.343802  0.831088  0.815859  0.848901  0.213918  0.371437  0.201501  0.075116  0.093278  0.924447  0.343635  0.219100  0.325815  0.387215  0.470928  0.559569  0.587675  0.617856  0.633336  0.229074  0.311856  0.284863  0.643653  0.421558  0.060608  0.245628  0.583090  0.674150  0.772364  0.593821  0.510864  0.652345  0.478970  0.526329  0.520010  0.767586  0.785121  0.966135  0.941852  0.644035  0.863289  0.911687  0.901696  0.822957  0.696488  0.526816  0.523077  0.659199  0.687861  0.038852  0.371155  0.267819  0.838057  0.585721  0.518260  0.842525  0.581449  0.492855  0.662075  0.538105  0.173619  0.602699  0.663476  0.698892  0.753781
  1.193500  0.617719  0.720685  0.781490  0.609215  0.551246  0.340519  0.634080  0.450289  0.569533  0.796211  0.917581  0.821027  0.911808  0.423404  0.300758  0.747520  0.106512  0.058835  0.052236  0.054065  0.057511  0.054972  0.571158  0.727918  0.735351  0.090606  0.268812  0.457994  0.082178  0.461381  0.535378  0.658525  0.438000  0.822381  0.899439  0.636590  0.754963  0.818220  0.573136  0.899922  0.862241  0.891213  0.847355  0.847355  0.841415  0.879810  0.879810  0.330738  0.780185  0.708700  0.350892  0.107328  0.895980  0.725781  0.126939  0.121986  0.147025  0.174541  0.234434  0.305241  0.349174  0.142775  0.360104  0.346693  0.830205  0.819784  0.846918  0.215856  0.372061  0.203524  0.076867  0.093700  0.923593  0.341611  0.217639  0.326463  0.386372  0.470609  0.559348  0.590255  0.616574  0.632677  0.232945  0.314967  0.286351  0.641732  0.423531  0.061629  0.247532  0.585228  0.678434  0.776035  0.596061  0.512532  0.654522  0.481171  0.528889  0.524182  0.757078  0.783711  0.969469  0.935409  0.644786  0.860283  0.910585  0.899946  0.824186  0.694153  0.529740  0.521691  0.659086  0.687925  0.038667  0.370495  0.270105  0.839566  0.587264  0.528848  0.835465  0.583625  0.492478  0.663781  0.540996  0.176290  0.610407  0.664559  0.695206  0.749538
  1.198500  0.616272  0.719629  0.780714  0.608235  0.550911  0.345325  0.638628  0.454169  0.562366  0.798454  0.915231  0.822806  0.907663  0.423397  0.306089  0.746246  0.106354  0.058010  0.050875  0.051287  0.056136  0.053642  0.565814  0.727635  0.736239  0.092350  0.273751  0.463191  0.082303  0.470765  0.545971  0.662636  0.437618  0.820382  0.898638  0.633717  0.753317  0.815790  0.559416  0.900346  0.863061  0.892896  0.846191  0.846191  0.839949  0.882128  0.882128  0.332981  0.780292  0.709768  0.353108  0.106743  0.896799  0.734559  0.127363  0.124797  0.151461  0.177300  0.233743  0.304846  0.350201  0.141703  0.361521  0.346275  0.833605  0.820603  0.849760  0.215387  0.375608  0.205949  0.073761  0.094006  0.924434  0.343775  0.217999  0.326576  0.386665  0.469700  0.560440  0.589446  0.616980  0.634210  0.233648  0.315194  0.287306  0.639806  0.423525  0.062549  0.247231  0.588490  0.683332  0.780013  0.600447  0.518413  0.657758  0.485285  0.530165  0.529208  0.749818  0.781650  0.967590  0.938885  0.641238  0.859769  0.906657  0.899235  0.821810  0.696854  0.532181  0.522111  0.657628  0.687167  0.038036  0.372535  0.270418  0.842961  0.582861  0.536929  0.836279  0.586470  0.496310  0.664725  0.542881  0.179880  0.609388  0.658631  0.704073  0.749696
  1.203500  0.615111  0.720125  0.778378  0.605764  0.552270  0.348248  0.642034  0.487720  0.556187  0.801582  0.918284  0.820974  0.909963  0.427069  0.310197  0.745662  0.106146  0.057439  0.049312  0.051273  0.057408  0.053671  0.559248  0.729700  0.737318  0.091247  0.278818  0.473489  0.080804  0.482798  0.559503  0.662603  0.434053  0.824017  0.900649  0.632950  0.749390  0.814433  0.544051  0.907047  0.861574  0.891777  0.845066  0.845066  0.840306  0.878105  0.878105  0.332938  0.782247  0.709555  0.352698  0.107851  0.899468  0.741532  0.127448  0.122592  0.148613  0.176467  0.236022  0.305381  0.353667  0.141681  0.363042  0.347083  0.837144  0.822026  0.848885  0.219030  0.378228  0.207593  0.076969  0.094120  0.918643  0.341532  0.217432  0.326789  0.386965  0.470606  0.560307  0.589400  0.617713  0.633645  0.233210  0.315632  0.286837  0.639045  0.423463  0.061335  0.248684  0.591216  0.687276  0.783745  0.603390  0.520177  0.658999  0.489135  0.534959  0.533888  0.745690  0.781704  0.962964  0.934085  0.641527  0.856561  0.908265  0.897087  0.820489  0.694897  0.531877  0.521437  0.659458  0.687043  0.039033  0.371931  0.268182  0.842873  0.588055  0.546439  0.841977  0.590716  0.500652  0.667312  0.549627  0.184511  0.613705  0.667743  0.705036  0.741877
  1.208500  0.615670  0.718077  0.778609  0.607374  0.552331  0.356542  0.644794  0.494902  0.552319  0.806043  0.919875  0.821289  0.910808  0.429724  0.316176  0.745425  0.106869  0.058717  0.050138  0.052463  0.056488  0.053518  0.555477  0.729572  0.738191  0.091409  0.281792  0.476994  0.082498  0.489138  0.565308  0.664464  0.430994  0.821658  0.898231  0.629861  0.753861  0.814410  0.529718  0.903205  0.859083  0.890024  0.846542  0.846542  0.839533  0.878795  0.878795  0.334837  0.780587  0.711425  0.355531  0.107499  0.901287  0.747294  0.127527  0.123579  0.149562  0.177381  0.238803  0.309499  0.350998  0.141826  0.364927  0.347097  0.841591  0.826361  0.848565  0.220446  0.380839  0.213310  0.077188  0.096298  0.914869  0.341196  0.218599  0.327020  0.388975  0.471524  0.561081  0.589636  0.616633  0.632814  0.233410  0.322255  0.288653  0.639024  0.427052  0.060959  0.250088  0.593096  0.691520  0.785758  0.604633  0.526342  0.663574  0.493848  0.535999  0.538933  0.743210  0.781040  0.966781  0.933218  0.641699  0.857324  0.908113  0.898565  0.820617  0.696726  0.535865  0.523499  0.662886  0.690303  0.038096  0.370792  0.269140  0.847038  0.585668  0.556280  0.840698  0.592618  0.503093  0.670172  0.551796  0.189181  0.612348  0.670059  0.698234  0.757304
  1.213500  0.614448  0.715642  0.780561  0.604030  0.553698  0.359731  0.647891  0.493914  0.549224  0.809674  0.922224  0.824732  0.909930  0.430845  0.320128  0.744981  0.106166  0.057091  0.051160  0.052000  0.057194  0.054653  0.551232  0.727349  0.735870  0.091012  0.288036  0.483321  0.083009  0.499893  0.573081  0.665288  0.427400  0.822981  0.898490  0.632125  0.764471  0.819231  0.517223  0.906051  0.859682  0.889364  0.846062  0.846062  0.837004  0.877304  0.877304  0.339251  0.781767  0.710634  0.356518  0.107550  0.901869  0.755474  0.126924  0.124267  0.150751  0.178244  0.236254  0.307368  0.352914  0.141104  0.363911  0.349693  0.843523  0.827792  0.848349  0.221030  0.383965  0.214613  0.078374  0.095919  0.913189  0.343320  0.218579  0.327966  0.389150  0.473441  0.562145  0.590443  0.617357  0.635271  0.234796  0.319299  0.287209  0.639404  0.428809  0.060719  0.250187  0.600106  0.697291  0.792532  0.611564  0.529501  0.667018  0.496893  0.539676  0.545423  0.744403  0.779775  0.964076  0.929678  0.640933  0.853669  0.905150  0.895253  0.818273  0.699165  0.537947  0.525007  0.661401  0.690059  0.038895  0.372364  0.267228  0.851138  0.588309  0.564553  0.843613  0.595971  0.506482  0.672807  0.555128  0.194602  0.617137  0.673282  0.705701  0.749711
  1.218500  0.613999  0.718875  0.781233  0.605988  0.555461  0.365275  0.652107  0.505617  0.548166  0.813529  0.923044  0.822639  0.910656  0.435939  0.328079  0.745400  0.106804  0.057047  0.050922  0.052027  0.056150  0.053979  0.549889  0.727829  0.736539  0.091515  0.292659  0.486610  0.082191  0.503747  0.579256  0.667430  0.428590  0.825095  0.896502  0.629638  0.770444  0.824591  0.503852  0.904590  0.852641  0.885949  0.842378  0.842378  0.835389  0.875175  0.875175  0.340611  0.782222  0.711628  0.357515  0.108255  0.904996  0.762566  0.128179  0.122682  0.149710  0.179762  0.237484  0.307025  0.356409  0.140720  0.362903  0.348270  0.840951  0.832117  0.847272  0.220720  0.387684  0.217600  0.078680  0.098976  0.907652  0.344972  0.219805  0.329165  0.389091  0.474514  0.563407  0.591852  0.619430  0.635908  0.236465  0.321713  0.291081  0.639987  0.431017  0.061812  0.249391  0.601593  0.701642  0.796883  0.614380  0.537256  0.670277  0.502526  0.542497  0.550196  0.743130  0.779866  0.959281  0.934861  0.642089  0.856331  0.900643  0.893496  0.817817  0.699187  0.538307  0.526419  0.663234  0.691997  0.038412  0.372923  0.266630  0.850144  0.584076  0.573337  0.841754  0.599675  0.511144  0.674451  0.559441  0.198475  0.618511  0.668068  0.708928  0.754589
  1.223500  0.613045  0.717140  0.779739  0.604144  0.555123  0.369735  0.655486  0.508393  0.544054  0.814162  0.923788  0.823034  0.909861  0.434902  0.331366  0.744924  0.106549  0.057269  0.049209  0.052222  0.056700  0.055343  0.547596  0.723539  0.735316  0.091455  0.295231  0.492761  0.082402  0.512219  0.586840  0.670672  0.425752  0.822650  0.897663  0.630900  0.772641  0.825582  0.494370  0.901032  0.845704  0.885384  0.837300  0.837300  0.830359  0.873704  0.873704  0.340915  0.783055  0.711635  0.359967  0.108821  0.905787  0.767522  0.127379  0.123984  0.151974  0.179230  0.239707  0.307160  0.355615  0.140295  0.361639  0.349025  0.842032  0.833853  0.846481  0.224091  0.390422  0.219534  0.079741  0.099281  0.905656  0.344093  0.219131  0.329853  0.388593  0.474016  0.562559  0.592188  0.618006  0.635073  0.236292  0.323020  0.292221  0.638609  0.431190  0.061231  0.251175  0.603163  0.704954  0.798365  0.615938  0.540463  0.671857  0.504859  0.543450  0.555772  0.744170  0.774905  0.959014  0.936466  0.640902  0.851608  0.901564  0.889542  0.818511  0.699842  0.537260  0.525174  0.664544  0.691881  0.039043  0.372306  0.265126  0.853635  0.586126  0.583527  0.842032  0.603856  0.513767  0.677013  0.561554  0.202978  0.617063  0.670945  0.709251  0.758242
  1.228500  0.613269  0.716607  0.779776  0.600318  0.556226  0.376033  0.656825  0.509576  0.541398  0.817858  0.924626  0.824648  0.910599  0.436536  0.338091  0.745556  0.105956  0.058326  0.051131  0.052641  0.055745  0.054170  0.546473  0.722579  0.735487  0.092229  0.299990  0.498666  0.082698  0.521904  0.595547  0.669742  0.428174  0.825653  0.896369  0.628973  0.774060  0.826917  0.482718  0.904957  0.836389  0.880181  0.832332  0.832332  0.823381  0.868639  0.868639  0.344172  0.782682  0.712159  0.360686  0.109072  0.905651  0.770343  0.128054  0.124015  0.149442  0.178173  0.236555  0.309624  0.358550  0.139568  0.365411  0.348000  0.848383  0.833936  0.848177  0.225363  0.395060  0.222970  0.079801  0.100626  0.897519  0.342512  0.219860  0.330134  0.389818  0.475491  0.562549  0.592781  0.618942  0.635747  0.237251  0.329302  0.293911  0.636000  0.433712  0.061460  0.252566  0.607589  0.710198  0.804324  0.619853  0.545524  0.675654  0.511007  0.546504  0.562044  0.744170  0.768795  0.953747  0.927809  0.638484  0.849124  0.897018  0.888848  0.810731  0.699006  0.541793  0.524901  0.664646  0.692864  0.038609  0.373582  0.265473  0.853210  0.586342  0.591064  0.842127  0.605340  0.516459  0.679235  0.566225  0.207223  0.622116  0.673399  0.709343  0.764439
  1.233500  0.612490  0.715459  0.779351  0.598542  0.556369  0.378507  0.658578  0.517121  0.540630  0.819973  0.926304  0.824348  0.909793  0.440698  0.343837  0.744235  0.107116  0.057607  0.050422  0.051158  0.057045  0.053351  0.542544  0.717126  0.734561  0.092894  0.306002  0.502635  0.083194  0.529868  0.605834  0.671622  0.427440  0.824736  0.899201  0.629471  0.774664  0.826468  0.475386  0.901634  0.828497  0.875688  0.824111  0.824111  0.817200  0.862056  0.862056  0.344606  0.781275  0.711115  0.362239  0.110545  0.908454  0.777546  0.127564  0.124074  0.150983  0.178627  0.239057  0.309222  0.353947  0.139811  0.367813  0.349779  0.850841  0.835930  0.847088  0.227796  0.397379  0.226404  0.080836  0.100651  0.891831  0.345092  0.219077  0.329899  0.391119  0.473932  0.564463  0.592472  0.619787  0.637910  0.237904  0.325931  0.294547  0.636614  0.435486  0.061044  0.254264  0.609851  0.713380  0.807301  0.622217  0.550896  0.678273  0.515122  0.550023  0.566239  0.744170  0.762710  0.946859  0.921886  0.636805  0.840050  0.891113  0.884960  0.808825  0.700887  0.541879  0.525384  0.666458  0.692160  0.038461  0.374721  0.264889  0.857560  0.586036  0.600321  0.841972  0.608388  0.519764  0.681994  0.568279  0.213796  0.622158  0.677582  0.713535  0.758182
  1.238500  0.609998  0.714366  0.779083  0.595627  0.554815  0.382423  0.662498  0.518610  0.539407  0.821089  0.925461  0.824246  0.909789  0.440571  0.349753  0.743135  0.106505  0.058229  0.050597  0.050661  0.056531  0.053389  0.540749  0.712569  0.734659  0.094300  0.309137  0.506144  0.083405  0.539277  0.610737  0.674010  0.428752  0.824113  0.897385  0.630846  0.780929  0.828848  0.467969  0.902129  0.821648  0.870952  0.822116  0.822116  0.812411  0.856696  0.856696  0.346850  0.780477  0.712042  0.364330  0.110139  0.908198  0.780799  0.128916  0.124787  0.152038  0.178189  0.237279  0.309582  0.356377  0.138083  0.367881  0.350662  0.849385  0.838430  0.846832  0.228095  0.400392  0.229597  0.080904  0.101497  0.889705  0.342029  0.220214  0.329948  0.390440  0.474470  0.563607  0.591646  0.619599  0.636388  0.238526  0.330766  0.297685  0.636388  0.436762  0.061837  0.253026  0.612736  0.719022  0.809993  0.626213  0.555056  0.682066  0.520769  0.551327  0.573024  0.744520  0.759385  0.946914  0.919955  0.635242  0.837596  0.884429  0.880300  0.807997  0.701087  0.542688  0.527617  0.666048  0.694367  0.038593  0.373322  0.264845  0.858698  0.589783  0.609134  0.843027  0.608824  0.521182  0.683807  0.571454  0.215947  0.619710  0.678006  0.709779  0.748884
  1.243500  0.605607  0.710448  0.778607  0.597093  0.556551  0.385590  0.663431  0.521117  0.538619  0.824729  0.925401  0.825278  0.912226  0.445110  0.355608  0.745342  0.105635  0.058237  0.049169  0.052612  0.056258  0.054722  0.540055  0.710370  0.734046  0.091612  0.313044  0.508794  0.083892  0.544865  0.619066  0.674435  0.427717  0.827838  0.896498  0.630350  0.791886  0.834533  0.461567  0.901726  0.821722  0.872682  0.824896  0.824896  0.813203  0.859353  0.859353  0.349630  0.779767  0.712655  0.366366  0.111512  0.909405  0.785870  0.128209  0.123341  0.151628  0.179456  0.238693  0.309042  0.361208  0.139236  0.368628  0.350934  0.850081  0.837725  0.848041  0.229982  0.404486  0.234071  0.081080  0.101270  0.889427  0.344724  0.219703  0.329905  0.389944  0.474328  0.564604  0.592587  0.620484  0.636686  0.238920  0.329199  0.298457  0.636253  0.439026  0.061462  0.256250  0.617136  0.722708  0.815813  0.631035  0.560259  0.685225  0.523711  0.553775  0.578014  0.745140  0.759418  0.946873  0.924810  0.635871  0.839005  0.888279  0.882952  0.809572  0.700126  0.544318  0.525310  0.667774  0.696094  0.038709  0.373966  0.266448  0.859479  0.589171  0.616651  0.841936  0.606449  0.523736  0.682942  0.571381  0.220492  0.621408  0.679198  0.715465  0.753901
  1.248500  0.592809  0.702062  0.775607  0.598811  0.558800  0.388887  0.664068  0.527205  0.538050  0.826849  0.926942  0.825236  0.909723  0.448895  0.361662  0.744656  0.105144  0.057045  0.049861  0.051914  0.057127  0.053644  0.539486  0.699008  0.733334  0.095803  0.317257  0.512451  0.082598  0.551274  0.626149  0.676529  0.428864  0.829118  0.899955  0.633431  0.798489  0.838261  0.454039  0.904000  0.823795  0.874688  0.829064  0.829064  0.812374  0.865990  0.865990  0.350248  0.783066  0.712291  0.368509  0.112963  0.908645  0.791544  0.128364  0.123684  0.151394  0.179930  0.239570  0.310312  0.361511  0.138262  0.365116  0.350806  0.846837  0.837876  0.845623  0.228517  0.407682  0.236868  0.084010  0.103205  0.887288  0.342905  0.220232  0.330256  0.391256  0.476378  0.564797  0.592910  0.621371  0.638378  0.239837  0.330337  0.299048  0.634892  0.438878  0.060092  0.257417  0.621206  0.727186  0.818361  0.634479  0.567264  0.688194  0.531217  0.556524  0.583918  0.747478  0.768549  0.948737  0.926658  0.635561  0.844397  0.890656  0.884784  0.810096  0.703871  0.546780  0.527492  0.668173  0.695907  0.038853  0.374656  0.262607  0.858287  0.588667  0.625886  0.845853  0.606314  0.525277  0.685926  0.573582  0.226281  0.626561  0.683538  0.718558  0.751674
  1.253500  0.598054  0.705249  0.779213  0.597471  0.559796  0.391477  0.667992  0.529826  0.538800  0.827904  0.927726  0.825495  0.909694  0.449456  0.368422  0.744803  0.105711  0.056652  0.049389  0.050845  0.056709  0.054445  0.538513  0.689053  0.723619  0.095094  0.321915  0.517267  0.083955  0.558738  0.635051  0.678382  0.428590  0.828221  0.897261  0.633908  0.804907  0.842600  0.450374  0.904299  0.824826  0.874344  0.829142  0.829142  0.813079  0.863723  0.863723  0.353162  0.781127  0.711761  0.369519  0.112700  0.911084  0.794477  0.126608  0.124587  0.152701  0.178244  0.239067  0.312569  0.359427  0.138045  0.368670  0.350589  0.850378  0.837752  0.844422  0.234763  0.411023  0.239801  0.084259  0.104983  0.888886  0.344214  0.220715  0.330418  0.390303  0.475791  0.565792  0.593478  0.620904  0.638696  0.240218  0.337556  0.300131  0.634904  0.441826  0.060961  0.254403  0.624101  0.731206  0.823084  0.638204  0.570676  0.692990  0.535242  0.558743  0.590488  0.747549  0.770144  0.950939  0.927465  0.636815  0.845933  0.893331  0.885614  0.812662  0.703729  0.549030  0.529645  0.669565  0.696723  0.038721  0.373948  0.261751  0.860230  0.588565  0.633323  0.848676  0.612389  0.529610  0.689046  0.578328  0.229530  0.630910  0.680287  0.708605  0.748724
  1.258500  0.602190  0.707446  0.778064  0.598307  0.559314  0.395937  0.669810  0.529556  0.541299  0.830743  0.927614  0.827429  0.910409  0.450139  0.372833  0.744286  0.106246  0.058061  0.050176  0.051729  0.057071  0.053707  0.536795  0.680993  0.722619  0.095315  0.326879  0.519455  0.083197  0.566165  0.640219  0.678530  0.431507  0.829048  0.898031  0.634142  0.802202  0.846046  0.445422  0.905057  0.828387  0.877911  0.828245  0.828245  0.817456  0.864779  0.864779  0.354250  0.781041  0.712096  0.371507  0.113692  0.912023  0.796001  0.126939  0.124275  0.150453  0.179662  0.240192  0.308622  0.360334  0.137752  0.370451  0.351216  0.851175  0.839886  0.844630  0.230591  0.413627  0.243814  0.084715  0.107136  0.889428  0.343601  0.219994  0.330176  0.389298  0.475381  0.564845  0.593972  0.620413  0.638097  0.241229  0.333957  0.301975  0.636449  0.442724  0.061566  0.255731  0.629718  0.736414  0.827475  0.643515  0.578272  0.694776  0.539011  0.561880  0.594434  0.752591  0.770189  0.954340  0.927893  0.637500  0.845788  0.892615  0.890044  0.812888  0.704831  0.551044  0.530596  0.671328  0.697439  0.038879  0.373468  0.263820  0.861306  0.590461  0.643134  0.848127  0.619961  0.532702  0.694463  0.582957  0.235322  0.628667  0.681207  0.710868  0.753098
  1.263500  0.599815  0.705785  0.777511  0.599834  0.558936  0.397738  0.670909  0.530597  0.541972  0.832119  0.925249  0.829135  0.911164  0.453757  0.381906  0.746852  0.105209  0.057029  0.050085  0.051639  0.056474  0.054459  0.535550  0.669683  0.719890  0.095487  0.328187  0.523067  0.083842  0.573358  0.647628  0.680747  0.431018  0.828944  0.894977  0.635812  0.805428  0.844798  0.443454  0.908426  0.830957  0.879285  0.833626  0.833626  0.820889  0.869079  0.869079  0.356605  0.782669  0.711926  0.374310  0.115576  0.910310  0.801243  0.126258  0.122401  0.151968  0.180066  0.237732  0.309079  0.363714  0.136640  0.372192  0.350833  0.851219  0.838624  0.844463  0.234070  0.417883  0.247815  0.085144  0.107961  0.891244  0.344565  0.220010  0.330105  0.390228  0.474469  0.566172  0.593761  0.621089  0.638527  0.242313  0.341285  0.303144  0.636979  0.444271  0.061043  0.257568  0.632555  0.740583  0.830505  0.648820  0.583077  0.698474  0.546044  0.565229  0.599238  0.756481  0.773693  0.954049  0.930257  0.637744  0.849312  0.896934  0.889037  0.815027  0.704046  0.550577  0.530229  0.672757  0.697903  0.038191  0.373839  0.264208  0.861817  0.590062  0.649253  0.850052  0.623285  0.536355  0.695120  0.586946  0.239560  0.627260  0.684926  0.712490  0.758188
  1.268500  0.605807  0.710082  0.780968  0.597871  0.559488  0.399072  0.671324  0.536948  0.543500  0.834160  0.927522  0.827502  0.911874  0.457293  0.386962  0.745305  0.106186  0.057674  0.050562  0.052164  0.056920  0.053959  0.536898  0.655205  0.712024  0.096743  0.330677  0.523940  0.084341  0.578979  0.650422  0.681228  0.433384  0.830935  0.900481  0.638013  0.806885  0.846405  0.443077  0.905805  0.827847  0.878310  0.828171  0.828171  0.817919  0.864856  0.864856  0.357717  0.779349  0.710221  0.376943  0.114460  0.912121  0.803852  0.127040  0.123365  0.150739  0.181144  0.239474  0.311766  0.363206  0.137480  0.368326  0.351245  0.848704  0.838410  0.844388  0.237721  0.421029  0.251658  0.087306  0.108775  0.893431  0.343703  0.220247  0.329787  0.389892  0.475755  0.564827  0.593881  0.621722  0.638721  0.242624  0.339040  0.305115  0.636392  0.446549  0.061989  0.258291  0.634552  0.744105  0.833953  0.650888  0.589438  0.702350  0.550169  0.566505  0.605071  0.758798  0.771831  0.955323  0.929905  0.637444  0.849095  0.896717  0.888910  0.812024  0.705280  0.552279  0.531546  0.671781  0.698465  0.039196  0.376161  0.262563  0.860088  0.588660  0.655816  0.850318  0.627126  0.540158  0.698080  0.589520  0.243406  0.628171  0.682881  0.712501  0.757247
  1.273500  0.609334  0.715039  0.782112  0.596198  0.560291  0.400137  0.672062  0.542398  0.544175  0.832898  0.927324  0.826713  0.909316  0.458809  0.392775  0.746402  0.105606  0.056174  0.049778  0.051605  0.054681  0.054762  0.535840  0.647562  0.709751  0.097693  0.337729  0.528808  0.083611  0.582339  0.657300  0.682734  0.435864  0.834767  0.899597  0.640043  0.809979  0.847503  0.442604  0.907022  0.823754  0.875259  0.827467  0.827467  0.814132  0.865434  0.865434  0.358601  0.777993  0.711103  0.378672  0.117282  0.912000  0.803933  0.125673  0.122823  0.152334  0.180741  0.239303  0.310919  0.361023  0.136879  0.371713  0.350475  0.848110  0.838498  0.843401  0.240083  0.423972  0.252938  0.087381  0.108759  0.894545  0.341489  0.219094  0.329292  0.388643  0.473765  0.565135  0.593769  0.621709  0.638629  0.245362  0.339251  0.306567  0.635420  0.448485  0.063194  0.260041  0.639498  0.747626  0.836949  0.654317  0.594728  0.705031  0.552813  0.569939  0.610322  0.763288  0.770563  0.953351  0.925034  0.636472  0.847493  0.894514  0.888814  0.810395  0.706672  0.554757  0.533165  0.672220  0.698995  0.038598  0.374426  0.262317  0.860395  0.591037  0.661522  0.848200  0.629223  0.542387  0.700338  0.593139  0.247520  0.624134  0.676327  0.714021  0.755431
  1.278500  0.607910  0.711719  0.780110  0.593490  0.560816  0.403289  0.674881  0.541026  0.544865  0.834280  0.925662  0.829357  0.909130  0.459547  0.400210  0.745185  0.106053  0.057149  0.050587  0.051979  0.056215  0.055026  0.535283  0.649512  0.708320  0.095886  0.341687  0.529416  0.084129  0.591124  0.665137  0.683389  0.438187  0.833297  0.896285  0.641841  0.809539  0.848211  0.444607  0.905862  0.813354  0.869394  0.820966  0.820966  0.808448  0.861229  0.861229  0.362542  0.779069  0.710446  0.382052  0.117819  0.910747  0.807113  0.126060  0.122753  0.151787  0.181097  0.239441  0.310465  0.359621  0.135069  0.372675  0.350991  0.849543  0.835682  0.843305  0.239109  0.427990  0.256853  0.090633  0.110422  0.895282  0.343542  0.218831  0.329510  0.388452  0.475345  0.565711  0.594184  0.621441  0.640192  0.244476  0.344147  0.307344  0.634010  0.450014  0.061248  0.260129  0.644576  0.754037  0.841810  0.660637  0.600078  0.708851  0.560156  0.571096  0.615558  0.767744  0.768187  0.950965  0.923461  0.635062  0.845088  0.891518  0.883248  0.810387  0.706326  0.554919  0.533330  0.674279  0.698938  0.038862  0.375239  0.260765  0.859064  0.591124  0.667924  0.848735  0.631290  0.544043  0.702296  0.595257  0.251433  0.624997  0.679951  0.717132  0.758665
  1.283500  0.603143  0.708713  0.780489  0.588097  0.560944  0.404319  0.674760  0.541173  0.547093  0.835482  0.923889  0.828977  0.909747  0.463419  0.406048  0.747587  0.105076  0.055903  0.049892  0.051251  0.055935  0.053557  0.536274  0.647929  0.710522  0.095943  0.342814  0.532399  0.083559  0.593263  0.668917  0.683567  0.442070  0.834074  0.896940  0.644115  0.809448  0.848298  0.445839  0.905023  0.797701  0.860732  0.809267  0.809267  0.795829  0.854715  0.854715  0.363056  0.778424  0.711733  0.381971  0.116591  0.911418  0.808608  0.126204  0.122165  0.151628  0.178980  0.237171  0.309222  0.363100  0.134981  0.372036  0.350752  0.843352  0.833765  0.841503  0.242509  0.430687  0.260709  0.089497  0.112194  0.896097  0.342384  0.218899  0.327655  0.387931  0.473097  0.563640  0.594689  0.620360  0.638139  0.245448  0.345351  0.309411  0.633357  0.451485  0.061650  0.260921  0.648639  0.757073  0.844556  0.664071  0.604720  0.713351  0.563987  0.573488  0.621907  0.773922  0.762730  0.941709  0.923559  0.632880  0.838296  0.886363  0.880214  0.805226  0.707646  0.557866  0.533575  0.674714  0.700157  0.038659  0.375362  0.259559  0.856440  0.587615  0.676940  0.843890  0.631245  0.546901  0.703133  0.596338  0.254642  0.622485  0.678366  0.711839  0.762005
  1.288500  0.597468  0.702787  0.776763  0.582043  0.561882  0.404516  0.674839  0.542995  0.545947  0.834062  0.922215  0.828254  0.909667  0.464996  0.413755  0.747250  0.104334  0.056413  0.049579  0.051261  0.056626  0.053609  0.536275  0.646572  0.709580  0.098029  0.345813  0.532343  0.083710  0.597691  0.673273  0.686503  0.445658  0.833324  0.897512  0.647709  0.806704  0.848753  0.445443  0.905224  0.778580  0.850480  0.797551  0.797551  0.782239  0.841683  0.841683  0.364578  0.776708  0.709797  0.385059  0.119863  0.913116  0.810601  0.126668  0.122624  0.149097  0.180442  0.237618  0.311615  0.362447  0.134812  0.374448  0.349607  0.840055  0.829499  0.840417  0.243213  0.434583  0.263909  0.091601  0.113474  0.896054  0.343366  0.217973  0.327958  0.387421  0.473100  0.564769  0.594370  0.622582  0.639162  0.245782  0.349161  0.310984  0.632963  0.453011  0.062121  0.263990  0.651981  0.761641  0.848409  0.668639  0.611707  0.716202  0.570151  0.577294  0.628516  0.777021  0.746713  0.935763  0.910841  0.628185  0.825372  0.873808  0.869671  0.798983  0.705051  0.558312  0.533855  0.674072  0.699200  0.038539  0.374687  0.259814  0.853968  0.593293  0.682978  0.848223  0.630737  0.548026  0.703708  0.598020  0.258571  0.624375  0.679291  0.709740  0.762572
  1.293500  0.594340  0.701222  0.776506  0.576395  0.560892  0.408382  0.674679  0.541313  0.544910  0.832747  0.921175  0.827438  0.909491  0.466568  0.420215  0.747541  0.105960  0.056541  0.049230  0.051754  0.055739  0.053434  0.536099  0.643100  0.707607  0.098694  0.348993  0.532910  0.084530  0.600156  0.677340  0.686470  0.446398  0.838803  0.896769  0.650597  0.805795  0.847764  0.444604  0.905760  0.764270  0.841245  0.789743  0.789743  0.770067  0.831461  0.831461  0.366458  0.775141  0.709314  0.386937  0.119397  0.912524  0.812233  0.127075  0.124038  0.150723  0.179064  0.238874  0.309635  0.359416  0.133583  0.372811  0.350526  0.830007  0.825714  0.838226  0.243782  0.438757  0.267859  0.092457  0.114451  0.897735  0.342551  0.217540  0.326515  0.386469  0.472192  0.563640  0.594181  0.622033  0.640426  0.246053  0.350432  0.311406  0.629774  0.453739  0.061104  0.263870  0.657587  0.766634  0.851460  0.674245  0.616647  0.719512  0.575787  0.579046  0.631989  0.775817  0.737051  0.929365  0.906841  0.624805  0.818855  0.868819  0.863390  0.794101  0.703909  0.557479  0.533505  0.674182  0.698731  0.038798  0.374601  0.258418  0.844782  0.589679  0.688940  0.844513  0.629897  0.548724  0.703430  0.598497  0.263735  0.635386  0.691161  0.724898  0.760268
  1.298500  0.591281  0.698454  0.776191  0.569427  0.561778  0.408028  0.677225  0.542996  0.540601  0.832692  0.917077  0.831091  0.906894  0.468953  0.426812  0.748015  0.104153  0.057912  0.049599  0.050327  0.054452  0.053853  0.533899  0.636017  0.702697  0.099760  0.351686  0.533773  0.084097  0.605820  0.681540  0.687263  0.451511  0.838965  0.894380  0.655251  0.803691  0.846570  0.443630  0.902876  0.753856  0.835401  0.778857  0.778857  0.762613  0.824176  0.824176  0.368113  0.775231  0.708085  0.389551  0.120626  0.912105  0.813838  0.125692  0.121927  0.150022  0.180321  0.239356  0.310236  0.363579  0.133622  0.373999  0.350468  0.827066  0.819219  0.837466  0.244781  0.441947  0.272844  0.093609  0.115717  0.895814  0.343343  0.216153  0.325186  0.385163  0.470535  0.562493  0.592915  0.621517  0.639111  0.247154  0.348868  0.313992  0.629274  0.455916  0.061316  0.266006  0.663557  0.770562  0.855881  0.679618  0.623221  0.723643  0.580868  0.581334  0.639389  0.780442  0.732540  0.919965  0.903041  0.620774  0.813027  0.861113  0.859001  0.788122  0.704833  0.557728  0.533067  0.675470  0.699555  0.039701  0.374803  0.259192  0.844720  0.588435  0.695035  0.843823  0.626419  0.548287  0.706656  0.598539  0.267507  0.639545  0.697010  0.715137  0.765079
  1.303500  0.576969  0.685184  0.772246  0.564154  0.561146  0.409950  0.676423  0.541264  0.537410  0.830486  0.912203  0.828947  0.906764  0.473617  0.433845  0.747201  0.105721  0.057708  0.050086  0.050385  0.055716  0.053758  0.532237  0.628969  0.705186  0.099095  0.357161  0.536547  0.083470  0.609753  0.686364  0.685269  0.456659  0.842486  0.899467  0.658204  0.798877  0.846234  0.442121  0.904549  0.738756  0.824263  0.767792  0.767792  0.752112  0.816639  0.816639  0.370022  0.775585  0.708664  0.391182  0.121931  0.912553  0.815018  0.125357  0.122966  0.150005  0.179528  0.238758  0.310128  0.364943  0.134410  0.372303  0.349703  0.818081  0.814288  0.831498  0.246500  0.445456  0.275069  0.095249  0.117777  0.895436  0.342169  0.215754  0.324342  0.384620  0.470310  0.561812  0.592688  0.622177  0.639523  0.248085  0.350908  0.316160  0.627573  0.457790  0.061387  0.267484  0.667117  0.775043  0.860055  0.684201  0.630692  0.725999  0.584102  0.584212  0.643105  0.778649  0.725559  0.919531  0.896254  0.619825  0.804586  0.854599  0.851196  0.783505  0.703300  0.558372  0.532588  0.671190  0.697837  0.039398  0.377646  0.259005  0.840034  0.591564  0.699128  0.840840  0.626692  0.549057  0.703109  0.599311  0.270942  0.638920  0.694655  0.723475  0.762716
  1.308500  0.559581  0.672080  0.765526  0.557621  0.562206  0.409134  0.679353  0.540502  0.530714  0.829329  0.911953  0.829068  0.905854  0.475572  0.439659  0.746606  0.105144  0.057201  0.049854  0.051585  0.055375  0.053562  0.529853  0.623062  0.698990  0.099570  0.360611  0.538010  0.083701  0.616334  0.689718  0.685104  0.461477  0.841298  0.894584  0.661440  0.798057  0.842680  0.445824  0.906908  0.727846  0.817641  0.766403  0.766403  0.738275  0.810574  0.810574  0.371355  0.777287  0.706842  0.395088  0.121509  0.914289  0.816532  0.125375  0.123261  0.150009  0.180802  0.238893  0.311233  0.364085  0.132868  0.374264  0.350647  0.813673  0.804851  0.829826  0.248244  0.448889  0.279760  0.095547  0.119061  0.886212  0.342286  0.215473  0.323278  0.382254  0.469591  0.560830  0.591879  0.620413  0.641575  0.247739  0.352908  0.316523  0.626514  0.458873  0.062198  0.267248  0.672016  0.777589  0.860371  0.688675  0.635297  0.727480  0.590058  0.586094  0.649319  0.778529  0.718242  0.908328  0.890608  0.615242  0.798602  0.846008  0.845549  0.778081  0.702228  0.557303  0.533916  0.671556  0.696573  0.038457  0.377276  0.258154  0.836308  0.590555  0.705569  0.843763  0.624769  0.551348  0.705582  0.600573  0.273934  0.644686  0.694207  0.726405  0.759692
  1.313500  0.549203  0.661992  0.764118  0.557160  0.561306  0.410349  0.678973  0.537283  0.522667  0.825683  0.906146  0.826754  0.904849  0.477511  0.445185  0.748366  0.105024  0.056994  0.050097  0.050380  0.055087  0.053160  0.526974  0.625364  0.700156  0.098632  0.362761  0.538332  0.085271  0.621043  0.694773  0.685741  0.466124  0.845002  0.898386  0.665352  0.789263  0.839351  0.452633  0.902314  0.727071  0.817904  0.760930  0.760930  0.734589  0.807006  0.807006  0.373186  0.775051  0.705487  0.395451  0.121862  0.913198  0.817101  0.124074  0.123614  0.150451  0.177655  0.239324  0.310093  0.364685  0.132510  0.375424  0.350494  0.804067  0.796891  0.826320  0.249426  0.451080  0.284012  0.096308  0.119838  0.884566  0.340669  0.213856  0.322072  0.381950  0.468210  0.560545  0.591265  0.621465  0.639862  0.249137  0.357925  0.319736  0.626007  0.460413  0.061079  0.270991  0.673145  0.780557  0.863134  0.691234  0.641964  0.732679  0.595518  0.588550  0.653443  0.775451  0.717208  0.908312  0.886480  0.612828  0.798135  0.846275  0.845448  0.776334  0.702872  0.558232  0.533758  0.672063  0.697113  0.039050  0.376668  0.258875  0.827057  0.592664  0.710625  0.844300  0.625933  0.554055  0.706711  0.603643  0.276969  0.645061  0.702815  0.724630  0.757943
  1.318500  0.541848  0.652339  0.759511  0.553717  0.562595  0.410097  0.677947  0.540596  0.513687  0.822436  0.901192  0.827356  0.903867  0.477019  0.452502  0.747204  0.104699  0.056480  0.050029  0.051672  0.055752  0.053712  0.523830  0.621966  0.701573  0.098521  0.365878  0.538449  0.085272  0.620612  0.696504  0.687860  0.464296  0.846247  0.895229  0.671061  0.781565  0.836223  0.460674  0.905541  0.721458  0.812889  0.759289  0.759289  0.730309  0.802754  0.802754  0.375114  0.772962  0.702915  0.399376  0.124017  0.912833  0.817807  0.124776  0.121748  0.149364  0.179549  0.240836  0.310014  0.364787  0.131995  0.376541  0.348903  0.791749  0.786784  0.825440  0.253430  0.454975  0.288851  0.098780  0.122750  0.877305  0.340760  0.212972  0.321001  0.380438  0.466427  0.559531  0.591289  0.621485  0.640661  0.250475  0.357233  0.320799  0.625351  0.461796  0.060888  0.267459  0.678280  0.783546  0.867963  0.696369  0.647855  0.736714  0.601094  0.590486  0.658182  0.771665  0.712382  0.902425  0.883736  0.611586  0.793518  0.842790  0.840037  0.771043  0.702453  0.561015  0.534376  0.671597  0.695650  0.038290  0.377531  0.258099  0.816568  0.588894  0.717160  0.841925  0.624426  0.556445  0.705232  0.606136  0.279947  0.645735  0.705500  0.731127  0.758745
  1.323500  0.552253  0.664225  0.763001  0.550289  0.562548  0.413097  0.679713  0.535856  0.502776  0.817299  0.896262  0.826646  0.906191  0.480357  0.458351  0.747888  0.104956  0.055800  0.050575  0.050478  0.055657  0.054159  0.519419  0.624509  0.699775  0.100477  0.363827  0.540049  0.084137  0.622693  0.700854  0.687922  0.471336  0.848118  0.898872  0.675436  0.773983  0.832673  0.469121  0.904953  0.714819  0.807723  0.751367  0.751367  0.724081  0.796688  0.796688  0.376356  0.772535  0.699489  0.400899  0.124638  0.914718  0.820502  0.123679  0.121841  0.150509  0.178718  0.238536  0.310942  0.363225  0.132673  0.374853  0.350606  0.783049  0.776908  0.827557  0.251694  0.458160  0.291196  0.100570  0.123750  0.869975  0.339429  0.211956  0.318341  0.378129  0.464209  0.558706  0.590726  0.620663  0.639840  0.249162  0.359220  0.321689  0.624953  0.463308  0.061751  0.267683  0.684611  0.789775  0.871104  0.702616  0.651409  0.739758  0.605044  0.593160  0.664814  0.764665  0.705684  0.900759  0.882829  0.609085  0.788185  0.836347  0.836530  0.770372  0.702801  0.560251  0.534159  0.669802  0.696758  0.038511  0.376755  0.259755  0.806623  0.588721  0.720234  0.843732  0.626171  0.557128  0.708077  0.606612  0.282771  0.647337  0.707403  0.728300  0.759328
  1.328500  0.570862  0.680310  0.771030  0.548132  0.562711  0.413683  0.681654  0.542391  0.491596  0.808999  0.888018  0.824765  0.904400  0.481068  0.466903  0.748433  0.105050  0.057027  0.049640  0.051276  0.055239  0.052963  0.513412  0.623101  0.703183  0.100339  0.372511  0.538138  0.085449  0.626198  0.705200  0.687787  0.475419  0.852049  0.896417  0.677419  0.769055  0.827141  0.472053  0.903469  0.710540  0.804398  0.750470  0.750470  0.719007  0.792807  0.792807  0.378834  0.774494  0.698246  0.404053  0.126085  0.913318  0.820120  0.125416  0.120458  0.149379  0.179035  0.236693  0.311704  0.367159  0.132534  0.374305  0.349803  0.769855  0.763815  0.826493  0.254770  0.461958  0.296204  0.100890  0.124733  0.856053  0.338983  0.210965  0.317622  0.376422  0.463623  0.556905  0.589475  0.620221  0.641066  0.252441  0.360548  0.324445  0.625584  0.464911  0.061002  0.271070  0.686983  0.789493  0.871501  0.704527  0.659876  0.743939  0.609972  0.593537  0.669124  0.759318  0.702511  0.894716  0.880427  0.608102  0.787911  0.832283  0.831181  0.765260  0.703072  0.559798  0.532658  0.670562  0.694538  0.038622  0.377708  0.257678  0.796488  0.590239  0.725873  0.844284  0.627668  0.561035  0.708731  0.610863  0.286970  0.650383  0.704778  0.729074  0.755365
  1.333500  0.582792  0.691547  0.772875  0.545142  0.563047  0.414523  0.679928  0.536433  0.478671  0.801895  0.882290  0.822051  0.904272  0.484410  0.472978  0.747985  0.104966  0.056469  0.049389  0.051598  0.055497  0.053377  0.505453  0.630120  0.705386  0.100340  0.376273  0.542328  0.085305  0.630388  0.706677  0.689400  0.487777  0.854100  0.895783  0.682336  0.756176  0.820970  0.475644  0.906340  0.706372  0.801873  0.743780  0.743780  0.714710  0.787393  0.787393  0.380874  0.771830  0.693987  0.405375  0.127199  0.913123  0.822236  0.125245  0.121845  0.151433  0.179827  0.237901  0.310953  0.362503  0.131989  0.375913  0.349967  0.762748  0.753662  0.824823  0.256583  0.464988  0.299231  0.103018  0.126569  0.829799  0.338552  0.208451  0.315181  0.373800  0.461251  0.556257  0.588563  0.619479  0.639974  0.251877  0.363294  0.325370  0.622115  0.466547  0.061141  0.273354  0.694295  0.793332  0.874298  0.710223  0.666076  0.747773  0.616005  0.598455  0.674352  0.752706  0.699714  0.891784  0.881584  0.604341  0.784407  0.831137  0.831597  0.763599  0.702480  0.562029  0.535245  0.670608  0.695184  0.038574  0.377344  0.256335  0.791861  0.587617  0.728293  0.848022  0.628521  0.562448  0.711216  0.613049  0.287985  0.647957  0.713920  0.733103  0.747942
  1.338500  0.588267  0.696402  0.774342  0.543558  0.562248  0.413732  0.681937  0.534564  0.463548  0.796062  0.873330  0.823306  0.902488  0.486453  0.477732  0.747749  0.105368  0.056321  0.049489  0.051093  0.056187  0.052499  0.498020  0.630982  0.703019  0.102255  0.381452  0.541704  0.085593  0.632352  0.708162  0.690975  0.493820  0.854097  0.894481  0.687668  0.744869  0.814029  0.479712  0.904386  0.701996  0.795958  0.744326  0.744326  0.708931  0.787231  0.787231  0.381806  0.771481  0.691893  0.407803  0.127937  0.913705  0.819018  0.123425  0.121771  0.149433  0.180129  0.236557  0.308700  0.363106  0.130738  0.376236  0.348826  0.753936  0.744306  0.822271  0.258609  0.467747  0.304408  0.102583  0.127979  0.823497  0.338049  0.208133  0.313192  0.372456  0.459441  0.555115  0.587615  0.620201  0.639927  0.252337  0.367501  0.326815  0.624470  0.466440  0.061979  0.274799  0.699980  0.796457  0.876991  0.716537  0.671680  0.750970  0.619680  0.600141  0.677571  0.745072  0.698162  0.894854  0.877737  0.603928  0.785421  0.829419  0.828868  0.763709  0.701443  0.561087  0.535201  0.667504  0.693102  0.038989  0.379762  0.256062  0.781544  0.587568  0.731947  0.849350  0.632684  0.564334  0.713810  0.615785  0.290550  0.649554  0.713641  0.734188  0.750119
  1.343500  0.593197  0.700404  0.777782  0.536069  0.563016  0.415178  0.681494  0.529031  0.449755  0.789718  0.866802  0.821229  0.901505  0.489726  0.484792  0.748587  0.105255  0.057249  0.050077  0.050668  0.054629  0.052133  0.488203  0.629677  0.706628  0.103151  0.382714  0.542264  0.085401  0.630125  0.710439  0.690640  0.499482  0.855058  0.897089  0.692384  0.733532  0.806870  0.480467  0.903498  0.688529  0.789056  0.739602  0.739602  0.701383  0.783087  0.783087  0.382868  0.771129  0.689447  0.410734  0.129082  0.916745  0.822251  0.123875  0.120750  0.150708  0.178644  0.240489  0.310238  0.363997  0.131842  0.377594  0.349093  0.743409  0.734577  0.819849  0.260806  0.470421  0.308580  0.106377  0.130215  0.828880  0.337145  0.206252  0.311210  0.370031  0.457351  0.552665  0.586984  0.619219  0.640245  0.251148  0.367446  0.328824  0.623510  0.467765  0.061285  0.273554  0.703101  0.797553  0.878337  0.719931  0.678375  0.753744  0.624345  0.602328  0.681849  0.737924  0.696571  0.890463  0.874967  0.599814  0.786258  0.829813  0.828067  0.760248  0.702177  0.559303  0.534276  0.668424  0.692588  0.038278  0.379183  0.254499  0.772516  0.588171  0.736156  0.848069  0.637612  0.567033  0.715793  0.620281  0.292048  0.651636  0.710250  0.728459  0.750111
  1.348500  0.594492  0.701249  0.777663  0.523245  0.561324  0.415668  0.680546  0.520561  0.434312  0.784569  0.857060  0.820962  0.902324  0.490631  0.491371  0.748504  0.104525  0.055675  0.049372  0.050433  0.054192  0.051842  0.481422  0.629613  0.705852  0.102688  0.384327  0.543916  0.083863  0.633427  0.709803  0.689262  0.507229  0.857692  0.899642  0.694037  0.719917  0.798365  0.481455  0.906456  0.669429  0.774748  0.721277  0.721277  0.687950  0.770510  0.770510  0.385259  0.770420  0.686232  0.412718  0.130360  0.914377  0.822115  0.123435  0.121689  0.148251  0.179868  0.238506  0.313597  0.365710  0.130873  0.378659  0.347535  0.735802  0.726071  0.818909  0.262251  0.473021  0.311459  0.105360  0.130047  0.829388  0.337304  0.203815  0.308931  0.367957  0.453717  0.549025  0.584700  0.617772  0.640167  0.252063  0.369297  0.329789  0.624529  0.469604  0.060932  0.275958  0.707872  0.800578  0.880523  0.725535  0.683517  0.756912  0.629403  0.604172  0.684543  0.730667  0.680475  0.882060  0.869252  0.594728  0.773593  0.815701  0.817723  0.750628  0.698927  0.558634  0.532743  0.666227  0.690872  0.039001  0.378554  0.256898  0.764949  0.588087  0.738516  0.846003  0.643686  0.569382  0.720311  0.622265  0.293309  0.645840  0.703959  0.726173  0.765524
  1.353500  0.597570  0.704247  0.781247  0.508364  0.559824  0.417535  0.681139  0.518237  0.418000  0.780659  0.852072  0.818899  0.900594  0.493522  0.497597  0.745798  0.104979  0.054826  0.049783  0.051104  0.053886  0.053902  0.470375  0.631121  0.709736  0.102914  0.388643  0.545405  0.084788  0.633275  0.711431  0.691311  0.511053  0.858473  0.894631  0.701051  0.706120  0.789542  0.479609  0.901920  0.644086  0.758107  0.700145  0.700145  0.662523  0.745415  0.745415  0.387500  0.766692  0.683134  0.415164  0.132078  0.914885  0.822837  0.125479  0.121985  0.148828  0.179071  0.238915  0.311076  0.365496  0.131422  0.381358  0.348699  0.727350  0.716448  0.817908  0.263809  0.478087  0.313620  0.107497  0.133441  0.835080  0.333587  0.201172  0.306378  0.365454  0.452243  0.549109  0.583599  0.616611  0.640242  0.254852  0.370218  0.331001  0.623558  0.469224  0.061080  0.278679  0.712249  0.801688  0.881939  0.728993  0.690118  0.758981  0.631902  0.606165  0.688175  0.722959  0.644100  0.853622  0.849998  0.579722  0.744871  0.788906  0.793043  0.732556  0.695653  0.556822  0.531126  0.663630  0.687887  0.038227  0.380742  0.255396  0.758829  0.587856  0.740380  0.844450  0.642802  0.570175  0.720774  0.624561  0.297564  0.633055  0.686202  0.712458  0.695165
  1.358500  0.598607  0.704492  0.779061  0.496692  0.559332  0.420130  0.684248  0.514481  0.404405  0.774110  0.844063  0.816957  0.900466  0.492822  0.503952  0.746391  0.103911  0.054699  0.047742  0.049866  0.055636  0.053228  0.462166  0.625081  0.704454  0.101324  0.389207  0.544384  0.084450  0.635553  0.711394  0.688210  0.515942  0.857103  0.895424  0.704395  0.694950  0.785955  0.481118  0.902608  0.622643  0.743569  0.688879  0.688879  0.645718  0.731832  0.731832  0.389630  0.767989  0.682508  0.416035  0.132118  0.913591  0.822091  0.125187  0.122149  0.146910  0.177471  0.239512  0.310574  0.364054  0.130562  0.378270  0.347463  0.716414  0.708607  0.813029  0.262717  0.480637  0.318309  0.108885  0.132779  0.843255  0.334940  0.201674  0.304535  0.362704  0.450957  0.547122  0.583988  0.617377  0.638940  0.254193  0.373619  0.332356  0.623062  0.472979  0.060655  0.276911  0.717284  0.803559  0.884218  0.734437  0.695840  0.761865  0.638679  0.607949  0.692426  0.713388  0.632514  0.845932  0.839326  0.569434  0.736816  0.780853  0.780669  0.724703  0.691851  0.553729  0.530437  0.658782  0.685142  0.038558  0.379417  0.255338  0.746893  0.585890  0.743699  0.841111  0.643623  0.570515  0.719073  0.624195  0.299821  0.611582  0.663053  0.696491  0.676464
  1.363500  0.599972  0.706084  0.782207  0.481346  0.558935  0.420586  0.685036  0.515865  0.393117  0.769434  0.838247  0.818607  0.902089  0.493905  0.510915  0.747816  0.105721  0.055689  0.049596  0.050285  0.054656  0.053359  0.455036  0.612234  0.699276  0.105628  0.393402  0.543959  0.087004  0.639001  0.713381  0.688598  0.526921  0.858171  0.892187  0.707727  0.684676  0.778603  0.481436  0.905531  0.598192  0.726029  0.680322  0.680322  0.627503  0.729118  0.729118  0.390768  0.767483  0.675078  0.419920  0.133716  0.912243  0.825985  0.124399  0.123480  0.147735  0.178880  0.236945  0.313293  0.366764  0.130080  0.379118  0.349386  0.711764  0.700702  0.808597  0.267009  0.480954  0.322620  0.112589  0.137887  0.843585  0.333592  0.200161  0.302118  0.360702  0.447100  0.544624  0.581652  0.617550  0.638584  0.250593  0.375488  0.333592  0.618806  0.472675  0.061383  0.277892  0.718423  0.804409  0.883153  0.738211  0.699734  0.765797  0.641366  0.611135  0.694753  0.705487  0.638511  0.845249  0.838505  0.562322  0.740364  0.780477  0.781304  0.722596  0.691587  0.553123  0.529806  0.655412  0.682759  0.038748  0.382179  0.256246  0.744822  0.585102  0.747494  0.835642  0.633900  0.567062  0.716823  0.622509  0.300500  0.617559  0.667897  0.713336  0.663180
  1.368500  0.600828  0.705111  0.781091  0.461150  0.556386  0.422462  0.685267  0.516295  0.379698  0.762612  0.831647  0.817706  0.902066  0.494617  0.515563  0.746921  0.104890  0.055417  0.051189  0.050273  0.056020  0.053590  0.446753  0.597997  0.694456  0.105414  0.392809  0.544563  0.084638  0.634986  0.718316  0.685416  0.535604  0.857132  0.894567  0.711328  0.674950  0.775859  0.477262  0.903294  0.571570  0.705355  0.662463  0.662463  0.606280  0.718565  0.718565  0.392629  0.760099  0.672644  0.421536  0.134380  0.913896  0.821942  0.122720  0.122628  0.147686  0.178526  0.238555  0.311985  0.367333  0.129950  0.379519  0.347706  0.697573  0.690771  0.797202  0.266647  0.485620  0.321106  0.110943  0.137699  0.841238  0.332935  0.197302  0.299003  0.357452  0.444128  0.542354  0.579960  0.614526  0.639278  0.251376  0.377425  0.335844  0.615553  0.475798  0.061878  0.278929  0.723734  0.806005  0.886539  0.743561  0.705246  0.767256  0.646660  0.612589  0.696527  0.696797  0.647080  0.850960  0.838437  0.559250  0.738654  0.779090  0.777255  0.715206  0.692311  0.550231  0.528674  0.652073  0.680527  0.038812  0.383192  0.255065  0.730798  0.584432  0.748154  0.826429  0.623670  0.561190  0.708694  0.613201  0.303122  0.632602  0.689519  0.712412  0.644456
  1.373500  0.596879  0.701822  0.781103  0.425404  0.556083  0.423110  0.685268  0.517151  0.370048  0.750892  0.822886  0.818311  0.896191  0.487208  0.519320  0.746763  0.104372  0.057710  0.049188  0.053271  0.054920  0.052984  0.441636  0.580363  0.684762  0.108189  0.397660  0.546786  0.087522  0.630174  0.717884  0.685151  0.540687  0.864673  0.898132  0.714759  0.664141  0.765808  0.474859  0.903030  0.527086  0.671634  0.633118  0.633118  0.572017  0.693264  0.693264  0.393424  0.750878  0.655175  0.423651  0.134873  0.913420  0.824180  0.122231  0.123336  0.150396  0.180862  0.238204  0.312390  0.363841  0.130583  0.379650  0.349288  0.685015  0.682207  0.785181  0.268977  0.483057  0.313297  0.112557  0.139449  0.832074  0.331753  0.194875  0.295162  0.353163  0.441815  0.538715  0.576833  0.614082  0.636484  0.250564  0.379690  0.336526  0.610222  0.475457  0.060665  0.282797  0.727386  0.807864  0.887221  0.744930  0.711407  0.771347  0.648553  0.615436  0.701193  0.689949  0.634927  0.841262  0.817981  0.548426  0.731071  0.766616  0.768641  0.704396  0.686898  0.540017  0.521789  0.643438  0.676729  0.038906  0.380173  0.255920  0.723287  0.586228  0.746663  0.799020  0.612360  0.549965  0.701672  0.599462  0.304224  0.641620  0.687837  0.709997  0.656272
  1.378500  0.590464  0.696885  0.779332  0.374301  0.550671  0.421851  0.685491  0.518557  0.357300  0.738016  0.810769  0.815343  0.892762  0.487472  0.521847  0.747261  0.103613  0.057519  0.050464  0.050132  0.055345  0.053344  0.436910  0.582194  0.669707  0.104023  0.397949  0.548237  0.086196  0.626616  0.721265  0.676956  0.538027  0.858055  0.894556  0.718436  0.661217  0.763131  0.469621  0.904091  0.461555  0.613587  0.584811  0.584811  0.520712  0.654608  0.654608  0.394428  0.729203  0.629222  0.426327  0.135725  0.912664  0.816381  0.122847  0.120363  0.148337  0.179992  0.240265  0.314249  0.366609  0.129475  0.382399  0.348935  0.667873  0.666840  0.768523  0.266358  0.482075  0.303135  0.114363  0.139418  0.824051  0.331399  0.191757  0.291761  0.349712  0.436857  0.536774  0.575524  0.614969  0.636777  0.250374  0.379131  0.339637  0.608943  0.475975  0.061943  0.279870  0.732858  0.806677  0.887132  0.749399  0.716154  0.773837  0.652764  0.613533  0.703900  0.683681  0.609254  0.817233  0.788427  0.525778  0.706571  0.729721  0.736899  0.669816  0.673298  0.524126  0.510984  0.625621  0.664665  0.038514  0.383660  0.255961  0.711557  0.581314  0.744775  0.784544  0.585902  0.513818  0.670037  0.561427  0.305808  0.548962  0.609525  0.609254  0.701140
  1.383500  0.585137  0.693668  0.778530  0.322046  0.542796  0.421825  0.686860  0.519118  0.346807  0.721112  0.793541  0.813919  0.891047  0.486745  0.517732  0.747053  0.104315  0.056613  0.049576  0.052235  0.054913  0.053640  0.433787  0.524982  0.652101  0.108216  0.401105  0.549509  0.087695  0.622223  0.718032  0.668292  0.552632  0.832240  0.894933  0.719879  0.655529  0.761833  0.467907  0.907394  0.402447  0.555921  0.537551  0.537551  0.459894  0.604812  0.604812  0.397012  0.702088  0.573853  0.429104  0.138203  0.911379  0.812206  0.125881  0.119343  0.151297  0.180212  0.238779  0.313368  0.368896  0.128249  0.384144  0.348352  0.647573  0.649804  0.741045  0.269571  0.482532  0.303911  0.115393  0.140391  0.813728  0.333281  0.186186  0.282634  0.340884  0.428390  0.527876  0.570067  0.609393  0.633353  0.245110  0.381330  0.340314  0.600589  0.475665  0.061978  0.282697  0.736814  0.805425  0.887820  0.756111  0.721999  0.778464  0.658094  0.617666  0.702038  0.676376  0.577239  0.786781  0.756759  0.490862  0.675057  0.699852  0.703167  0.637786  0.657983  0.497599  0.493856  0.600394  0.649249  0.038290  0.379669  0.256689  0.696831  0.581806  0.743242  0.758087  0.511904  0.418397  0.590316  0.451606  0.307154  0.464503  0.512960  0.565667  0.729481
  1.388500  0.569101  0.680956  0.771120  0.308654  0.539536  0.424236  0.687447  0.517803  0.330695  0.699086  0.763057  0.809312  0.886000  0.489012  0.520486  0.747894  0.103982  0.057769  0.050659  0.049678  0.057279  0.052390  0.426877  0.489742  0.634552  0.107964  0.398811  0.547208  0.088821  0.613992  0.718616  0.657655  0.552338  0.827631  0.898347  0.717722  0.652895  0.757177  0.464173  0.898742  0.381659  0.536419  0.516996  0.516996  0.428761  0.573190  0.573190  0.397683  0.689117  0.537429  0.430667  0.137239  0.912336  0.815100  0.123451  0.121614  0.150456  0.179666  0.239830  0.313129  0.365302  0.128081  0.382992  0.348282  0.611745  0.621536  0.703849  0.268031  0.484713  0.302857  0.116757  0.138357  0.797265  0.330311  0.177772  0.272501  0.329425  0.415549  0.513406  0.557816  0.599618  0.624995  0.238753  0.382550  0.340760  0.579301  0.475022  0.061941  0.283980  0.741449  0.803995  0.887697  0.760049  0.727862  0.779543  0.661235  0.619552  0.705173  0.670297  0.530341  0.741351  0.725934  0.457148  0.629383  0.654917  0.662082  0.601091  0.641717  0.484275  0.485716  0.582868  0.632405  0.038620  0.380947  0.252682  0.674303  0.577949  0.741510  0.691201  0.444616  0.359125  0.559924  0.379680  0.306018  0.470426  0.520355  0.578001  0.747217
  1.393500  0.539983  0.652538  0.761529  0.322641  0.538796  0.425447  0.688023  0.518964  0.311517  0.671013  0.730214  0.804661  0.882671  0.489779  0.518453  0.747459  0.104387  0.056213  0.049716  0.051028  0.057752  0.052859  0.423443  0.417613  0.593094  0.103923  0.366676  0.547884  0.085998  0.613925  0.714696  0.643918  0.555550  0.824571  0.893448  0.723343  0.645998  0.753303  0.458223  0.902292  0.392665  0.549675  0.513664  0.513664  0.432022  0.556417  0.556417  0.400183  0.704239  0.542956  0.433752  0.139938  0.911686  0.815218  0.122991  0.119866  0.148821  0.179523  0.238813  0.311523  0.365205  0.128284  0.386920  0.347782  0.574337  0.589897  0.668351  0.264376  0.455406  0.294994  0.118527  0.140435  0.783997  0.330225  0.171510  0.265489  0.322814  0.407326  0.506343  0.550640  0.593721  0.619865  0.230552  0.382508  0.340670  0.537681  0.472087  0.061833  0.283788  0.741257  0.798989  0.885894  0.763596  0.736113  0.780937  0.662859  0.621561  0.704145  0.661549  0.465205  0.691344  0.710702  0.435656  0.581054  0.622402  0.624057  0.575246  0.631636  0.485465  0.481720  0.572380  0.615598  0.038810  0.381200  0.253825  0.652254  0.572717  0.741377  0.635699  0.393720  0.371148  0.551060  0.380378  0.306578  0.443376  0.495368  0.546453  0.738478
  1.398500  0.493750  0.608239  0.743631  0.342977  0.545699  0.425896  0.687574  0.515056  0.292067  0.639418  0.697106  0.797941  0.879369  0.492901  0.513223  0.746846  0.104174  0.055119  0.048341  0.050060  0.054294  0.052900  0.417699  0.350384  0.544127  0.109076  0.328698  0.545618  0.085690  0.607453  0.707812  0.636536  0.564708  0.835746  0.893283  0.724909  0.629355  0.748505  0.446506  0.901870  0.411235  0.572164  0.529578  0.529578  0.445055  0.565614  0.565614  0.400249  0.700249  0.557175  0.435762  0.139774  0.910849  0.817073  0.124769  0.121733  0.148785  0.179609  0.240614  0.312568  0.370536  0.127744  0.387203  0.347760  0.536977  0.552318  0.662018  0.263892  0.469210  0.308390  0.119429  0.140575  0.762948  0.325446  0.175266  0.269500  0.327083  0.412632  0.513033  0.558717  0.601274  0.625940  0.225633  0.383896  0.337741  0.488828  0.469714  0.061614  0.283517  0.745120  0.792188  0.887243  0.771461  0.740150  0.784919  0.664155  0.620098  0.701796  0.652518  0.470635  0.694145  0.715235  0.441137  0.589245  0.628540  0.630196  0.582073  0.627990  0.484502  0.477888  0.562524  0.594539  0.038916  0.381310  0.254611  0.623565  0.566589  0.739782  0.610874  0.320566  0.383084  0.504534  0.377126  0.305390  0.443111  0.484398  0.559366  0.743166
  1.403500  0.430482  0.550690  0.714610  0.349443  0.546834  0.428978  0.688161  0.512906  0.265574  0.604617  0.659373  0.788817  0.871015  0.498467  0.510975  0.747405  0.103443  0.055602  0.049416  0.051678  0.054941  0.053109  0.406521  0.367432  0.553999  0.106091  0.299618  0.548431  0.086094  0.601363  0.707496  0.634985  0.558923  0.839413  0.891207  0.725039  0.612364  0.735805  0.437842  0.895366  0.412981  0.573384  0.530261  0.530261  0.447763  0.580541  0.580541  0.401456  0.689193  0.532224  0.437765  0.140615  0.911449  0.815215  0.122507  0.122415  0.151132  0.182242  0.240596  0.315242  0.369270  0.127786  0.384866  0.348626  0.498381  0.514191  0.664634  0.264690  0.488517  0.327774  0.122730  0.144142  0.743587  0.326506  0.177500  0.271295  0.327885  0.413943  0.516170  0.562329  0.605271  0.631697  0.214865  0.378693  0.335420  0.458470  0.465354  0.062358  0.285273  0.745313  0.782412  0.882568  0.772805  0.746661  0.784657  0.667859  0.623446  0.700095  0.640985  0.488073  0.709456  0.723424  0.455985  0.600271  0.644935  0.642726  0.593023  0.629178  0.481298  0.471318  0.550488  0.579373  0.038928  0.378667  0.252993  0.592901  0.561664  0.739424  0.596502  0.270387  0.382370  0.469686  0.355760  0.304019  0.514804  0.561356  0.627639  0.750293
  1.408500  0.500203  0.617948  0.746152  0.309574  0.547112  0.431585  0.690529  0.512568  0.241412  0.573242  0.631658  0.779946  0.861947  0.498688  0.505532  0.746114  0.104716  0.056013  0.049205  0.051696  0.057055  0.052754  0.395511  0.353267  0.548044  0.108313  0.309197  0.543804  0.086540  0.595279  0.692829  0.627648  0.563188  0.845911  0.892713  0.732163  0.580751  0.722127  0.421333  0.899809  0.369028  0.532425  0.493131  0.493131  0.420206  0.560656  0.560656  0.402218  0.675702  0.510896  0.438817  0.141510  0.913788  0.812305  0.121378  0.121102  0.149191  0.182804  0.241836  0.314037  0.367451  0.129801  0.383259  0.347427  0.473790  0.480548  0.664045  0.265281  0.502867  0.342389  0.125884  0.147398  0.727527  0.327965  0.176023  0.268622  0.325920  0.412258  0.514421  0.561459  0.603889  0.630147  0.211744  0.376275  0.335896  0.441246  0.463051  0.061186  0.286395  0.747448  0.773202  0.879286  0.779539  0.751853  0.787351  0.670577  0.624051  0.693997  0.626421  0.513678  0.731771  0.723057  0.459608  0.623293  0.656438  0.653584  0.598052  0.627483  0.463549  0.457886  0.534958  0.560873  0.038738  0.382787  0.251819  0.559732  0.554153  0.734287  0.646844  0.247730  0.374081  0.448672  0.338760  0.302465  0.592427  0.649724  0.683667  0.751826
  1.413500  0.492560  0.610768  0.744684  0.291742  0.548530  0.431393  0.691371  0.512373  0.217604  0.551715  0.615743  0.770991  0.854256  0.500823  0.501292  0.746282  0.104356  0.056399  0.050306  0.051570  0.055816  0.053458  0.382825  0.301548  0.504199  0.106652  0.357076  0.545711  0.085394  0.605440  0.690177  0.621017  0.577650  0.851197  0.887876  0.736713  0.549861  0.700758  0.403577  0.900401  0.341542  0.502097  0.474134  0.474134  0.380035  0.512768  0.512768  0.405642  0.678824  0.504124  0.440899  0.140771  0.910956  0.813938  0.124270  0.119199  0.150728  0.179767  0.239690  0.313625  0.368845  0.127735  0.387301  0.346653  0.450808  0.453375  0.659696  0.270720  0.510627  0.354109  0.129761  0.149251  0.719395  0.326115  0.173750  0.265985  0.322545  0.409038  0.511977  0.559487  0.602472  0.630839  0.215651  0.377638  0.335264  0.443357  0.461244  0.062234  0.287679  0.744795  0.759585  0.871989  0.779577  0.755804  0.786463  0.671301  0.626852  0.687462  0.611800  0.446110  0.653892  0.634997  0.410835  0.541699  0.569908  0.570553  0.514411  0.589012  0.433949  0.445559  0.513879  0.549862  0.038778  0.381420  0.252641  0.536895  0.549129  0.731703  0.738393  0.247932  0.363834  0.454579  0.330131  0.299410  0.620328  0.680547  0.705940  0.746933
  1.418500  0.402020  0.523349  0.703002  0.366542  0.550810  0.431142  0.689750  0.514383  0.194109  0.544664  0.610540  0.760214  0.839074  0.502764  0.493377  0.745313  0.103998  0.056661  0.050159  0.049388  0.055964  0.054081  0.366181  0.270570  0.481838  0.109651  0.385835  0.548440  0.085897  0.607118  0.690043  0.612442  0.581715  0.850552  0.894780  0.735672  0.519127  0.677459  0.381704  0.897897  0.431691  0.593115  0.570559  0.570559  0.435646  0.616538  0.616538  0.405177  0.687233  0.508906  0.443405  0.142173  0.911944  0.816833  0.124803  0.119268  0.149893  0.177750  0.238445  0.314175  0.370443  0.126759  0.385385  0.347679  0.440728  0.434454  0.659029  0.271723  0.516909  0.361384  0.133455  0.154079  0.715305  0.323509  0.170659  0.262855  0.318834  0.404674  0.508536  0.556767  0.602560  0.631203  0.228264  0.383825  0.334793  0.480108  0.465479  0.061430  0.286104  0.742321  0.749869  0.864721  0.779653  0.758140  0.784932  0.672469  0.626476  0.678400  0.590631  0.563289  0.748818  0.725965  0.444156  0.651340  0.666723  0.665985  0.605751  0.613406  0.466330  0.468058  0.537180  0.557821  0.039142  0.386447  0.250923  0.512566  0.546908  0.729441  0.789012  0.319763  0.380176  0.523932  0.375632  0.295231  0.621626  0.675965  0.703407  0.747569
  1.423500  0.297038  0.406537  0.640214  0.419466  0.548378  0.432801  0.691631  0.519608  0.174925  0.546094  0.614420  0.753623  0.825390  0.508882  0.492788  0.747617  0.104662  0.056338  0.049243  0.051427  0.054058  0.054301  0.348314  0.286474  0.493094  0.110518  0.404971  0.546891  0.087047  0.608525  0.689261  0.604922  0.580433  0.844549  0.887716  0.739867  0.485149  0.654052  0.353606  0.898221  0.505852  0.656251  0.613346  0.613346  0.504583  0.688628  0.688628  0.405994  0.692992  0.522225  0.445421  0.144795  0.910992  0.816968  0.122454  0.122454  0.148457  0.182667  0.240114  0.314342  0.368377  0.126873  0.386679  0.348986  0.438491  0.424471  0.663805  0.280623  0.519937  0.368810  0.134198  0.157833  0.702373  0.325730  0.169231  0.259664  0.315455  0.402059  0.507723  0.555768  0.599810  0.630273  0.234161  0.386683  0.340503  0.530053  0.472506  0.060100  0.286200  0.741330  0.740616  0.857304  0.782436  0.760474  0.782743  0.676055  0.629272  0.669565  0.566056  0.668444  0.862067  0.814592  0.523542  0.758637  0.772162  0.777234  0.689451  0.659952  0.503367  0.490582  0.564982  0.576902  0.038618  0.381340  0.250425  0.502738  0.543647  0.727894  0.813700  0.427910  0.409063  0.607469  0.438260  0.295021  0.615074  0.672717  0.699720  0.746180
  1.428500  0.261483  0.369049  0.610993  0.447841  0.550492  0.433303  0.692064  0.521029  0.160869  0.554395  0.623186  0.750935  0.821294  0.509861  0.493282  0.746659  0.104897  0.056451  0.050384  0.051658  0.053394  0.052486  0.333031  0.284086  0.495041  0.111005  0.408991  0.550038  0.086648  0.611983  0.686208  0.606418  0.587071  0.851267  0.892525  0.743724  0.465956  0.640163  0.325448  0.899313  0.538364  0.682852  0.634659  0.634659  0.532051  0.708881  0.708881  0.407993  0.701069  0.538364  0.447769  0.145831  0.913509  0.819412  0.121702  0.120596  0.149270  0.179511  0.240178  0.313937  0.366490  0.127787  0.388223  0.348576  0.447459  0.423280  0.674688  0.281309  0.524343  0.374342  0.137915  0.160133  0.664135  0.321857  0.167248  0.255957  0.309984  0.398955  0.503349  0.551364  0.600860  0.630749  0.244480  0.390643  0.344436  0.564322  0.476223  0.061988  0.290947  0.742009  0.731911  0.848497  0.781585  0.759958  0.780833  0.681639  0.628178  0.659661  0.541408  0.700160  0.892946  0.851592  0.547564  0.787828  0.805449  0.812087  0.722286  0.674657  0.518830  0.501912  0.581700  0.590832  0.038634  0.384594  0.252159  0.495136  0.543356  0.723512  0.828790  0.507961  0.431859  0.653797  0.474203  0.292340  0.622213  0.675995  0.698707  0.746310
  1.433500  0.267273  0.378566  0.616790  0.464806  0.547795  0.433419  0.692044  0.520010  0.148388  0.568493  0.636222  0.746040  0.833476  0.512313  0.495713  0.748543  0.104168  0.055819  0.050037  0.050704  0.054445  0.052339  0.317914  0.253473  0.467270  0.107380  0.411516  0.547354  0.085626  0.607526  0.685804  0.615896  0.597557  0.858041  0.894039  0.749799  0.433720  0.621891  0.292072  0.896767  0.559588  0.699666  0.649400  0.649400  0.550381  0.723471  0.723471  0.408975  0.708221  0.551847  0.449918  0.145311  0.910913  0.813333  0.123220  0.121099  0.148030  0.181787  0.240906  0.314137  0.368646  0.128265  0.387916  0.348601  0.458267  0.430645  0.693786  0.287479  0.525909  0.379296  0.137589  0.162560  0.626893  0.322472  0.164825  0.251815  0.305977  0.393838  0.500420  0.548748  0.598817  0.629556  0.245599  0.393053  0.348985  0.581918  0.479447  0.062195  0.290385  0.740594  0.726416  0.843308  0.784556  0.760468  0.783699  0.677709  0.629552  0.649835  0.513588  0.721384  0.908933  0.872488  0.559200  0.806439  0.832289  0.830813  0.746607  0.683090  0.528636  0.511720  0.594473  0.604757  0.038227  0.384630  0.252834  0.493217  0.546273  0.721882  0.836955  0.559766  0.464490  0.687415  0.509687  0.291870  0.630065  0.683168  0.715483  0.748888
  1.438500  0.291646  0.402545  0.634664  0.479011  0.549492  0.435331  0.693647  0.525383  0.138846  0.581141  0.649169  0.746327  0.847035  0.511155  0.499314  0.747403  0.103398  0.056221  0.048622  0.050882  0.054421  0.052259  0.298795  0.236077  0.452340  0.114063  0.408842  0.547851  0.087550  0.606950  0.685508  0.628598  0.602483  0.862036  0.893453  0.751831  0.386108  0.587458  0.261590  0.895147  0.580946  0.716621  0.662418  0.662418  0.563808  0.733923  0.733923  0.411172  0.711873  0.564171  0.450565  0.146101  0.912825  0.816733  0.123344  0.121319  0.150682  0.181426  0.239968  0.314343  0.368374  0.127588  0.389834  0.348561  0.475599  0.443881  0.711541  0.287942  0.529719  0.382885  0.140735  0.164188  0.644297  0.320510  0.160645  0.247623  0.302964  0.390988  0.496703  0.546902  0.596318  0.629435  0.249978  0.398540  0.354067  0.590714  0.483473  0.060883  0.291421  0.738643  0.721201  0.837991  0.783013  0.759913  0.778576  0.679548  0.630372  0.642120  0.486170  0.733742  0.920476  0.883981  0.568691  0.816045  0.843064  0.845273  0.754422  0.688656  0.538761  0.517223  0.605680  0.614622  0.038956  0.384854  0.249958  0.500103  0.541905  0.720575  0.842714  0.597209  0.502766  0.710675  0.557058  0.292432  0.633653  0.698262  0.716410  0.749531
  1.443500  0.351589  0.468587  0.672184  0.490335  0.548876  0.435964  0.690281  0.523029  0.130207  0.595254  0.660313  0.745500  0.855266  0.512422  0.502867  0.747502  0.104365  0.057136  0.049545  0.053113  0.055992  0.052944  0.280218  0.237831  0.451412  0.107853  0.412602  0.550729  0.088760  0.609011  0.684705  0.632334  0.599043  0.869610  0.891288  0.752252  0.350464  0.549123  0.227081  0.893565  0.596755  0.725798  0.673367  0.673367  0.574600  0.748681  0.748681  0.413623  0.716391  0.572329  0.452944  0.146875  0.915105  0.821290  0.123222  0.121102  0.150594  0.182114  0.240361  0.317225  0.372523  0.128115  0.388874  0.348660  0.493619  0.459866  0.726443  0.288008  0.532066  0.386958  0.144107  0.165565  0.584075  0.317897  0.159064  0.244475  0.299904  0.384182  0.493473  0.544893  0.594745  0.627341  0.250779  0.404493  0.355351  0.595001  0.486197  0.061255  0.294542  0.736447  0.717559  0.838751  0.782597  0.758163  0.776404  0.678587  0.632437  0.633710  0.456221  0.743951  0.927160  0.886757  0.577282  0.825541  0.854628  0.851955  0.763294  0.694162  0.544234  0.522033  0.613047  0.621313  0.038286  0.388944  0.251917  0.512114  0.549826  0.719971  0.847282  0.630318  0.544708  0.733470  0.613196  0.290647  0.646807  0.698654  0.727306  0.752319
  1.448500  0.430380  0.551755  0.714675  0.498987  0.546472  0.435622  0.693466  0.527368  0.125545  0.606341  0.672919  0.749386  0.860515  0.514453  0.506105  0.748176  0.104186  0.057062  0.049131  0.050449  0.055845  0.053014  0.264102  0.233876  0.452580  0.110679  0.412829  0.546112  0.087510  0.610362  0.687516  0.637418  0.603926  0.873079  0.888432  0.753461  0.362289  0.541984  0.196494  0.895155  0.612215  0.737490  0.678088  0.678088  0.583171  0.754813  0.754813  0.416143  0.717132  0.577688  0.454733  0.150549  0.914539  0.818164  0.121636  0.119609  0.150294  0.180427  0.240877  0.314135  0.372926  0.125966  0.388284  0.350127  0.506768  0.474382  0.737794  0.290195  0.536156  0.391827  0.145723  0.168287  0.612556  0.317099  0.155479  0.239678  0.295026  0.381230  0.488528  0.541000  0.594344  0.627727  0.254064  0.402240  0.357466  0.596390  0.486621  0.060332  0.292094  0.727821  0.712623  0.833493  0.775455  0.750992  0.768802  0.675405  0.630603  0.624734  0.431041  0.744916  0.931623  0.892421  0.584034  0.825183  0.855140  0.856706  0.767230  0.697182  0.547666  0.524575  0.617518  0.627235  0.038175  0.387242  0.250967  0.528876  0.545029  0.719841  0.851569  0.646294  0.563032  0.744327  0.639046  0.289737  0.643130  0.704965  0.725576  0.754541
  1.453500  0.472013  0.592287  0.735918  0.505731  0.547408  0.436343  0.694926  0.528001  0.122004  0.612719  0.678478  0.752379  0.863971  0.518786  0.510253  0.747285  0.103696  0.056141  0.050442  0.050946  0.054941  0.052629  0.245282  0.212172  0.434598  0.110944  0.413010  0.551195  0.089123  0.608540  0.685690  0.632975  0.608197  0.875511  0.892734  0.758249  0.394182  0.567052  0.169415  0.895263  0.620429  0.745426  0.685301  0.685301  0.591313  0.760668  0.760668  0.418033  0.717354  0.579840  0.457443  0.150746  0.912836  0.814869  0.123445  0.121416  0.150293  0.181662  0.243108  0.316456  0.370152  0.126254  0.389604  0.349286  0.516536  0.487527  0.744771  0.293189  0.537364  0.395575  0.145102  0.170539  0.693374  0.315951  0.152649  0.237364  0.290148  0.376521  0.485229  0.538449  0.591581  0.626654  0.252461  0.410527  0.359674  0.599463  0.489765  0.061966  0.294162  0.714112  0.707674  0.831745  0.770322  0.738068  0.758833  0.666612  0.631816  0.608759  0.406396  0.753132  0.934605  0.897674  0.588148  0.832585  0.859505  0.862826  0.772133  0.698258  0.550310  0.525989  0.621641  0.629523  0.038606  0.388892  0.252663  0.540843  0.544804  0.719538  0.851332  0.656452  0.571018  0.745459  0.647437  0.288919  0.654609  0.712179  0.730975  0.749681
  1.458500  0.442299  0.566689  0.724063  0.510586  0.545707  0.436815  0.692906  0.527182  0.119517  0.615066  0.678708  0.752458  0.870603  0.522034  0.513409  0.746374  0.103813  0.056267  0.049654  0.050402  0.056289  0.051530  0.232662  0.231882  0.448648  0.113087  0.413288  0.548167  0.087462  0.612176  0.686296  0.628155  0.621198  0.878327  0.897591  0.755387  0.415809  0.587767  0.148144  0.894122  0.626217  0.748560  0.687234  0.687234  0.596205  0.764875  0.764875  0.419156  0.716565  0.577410  0.459896  0.151755  0.912737  0.820615  0.122002  0.117388  0.150150  0.182727  0.241328  0.316541  0.375420  0.126733  0.391170  0.349324  0.521896  0.498074  0.750013  0.293306  0.540707  0.398687  0.147142  0.172793  0.706529  0.315168  0.151172  0.232468  0.286694  0.371047  0.480635  0.535822  0.590660  0.626025  0.254688  0.410089  0.365307  0.599081  0.491412  0.061322  0.295820  0.698689  0.701239  0.823945  0.753871  0.715787  0.747401  0.650562  0.630857  0.593820  0.379847  0.757792  0.941319  0.898736  0.590740  0.833344  0.862137  0.866936  0.775019  0.698887  0.552293  0.527300  0.625350  0.633521  0.038754  0.391638  0.253714  0.548619  0.551237  0.719854  0.854218  0.662665  0.571813  0.748489  0.653639  0.289522  0.659992  0.714023  0.730459  0.747258
  1.463500  0.389074  0.509313  0.696351  0.512114  0.542543  0.437583  0.693568  0.528908  0.117456  0.615289  0.679284  0.755625  0.872329  0.521793  0.518708  0.748357  0.104088  0.056485  0.049426  0.050981  0.055440  0.052566  0.215746  0.255674  0.468368  0.112506  0.416348  0.547471  0.089026  0.609919  0.689152  0.630635  0.621782  0.877015  0.893116  0.757841  0.427470  0.597688  0.127781  0.893372  0.632574  0.753595  0.690697  0.690697  0.599126  0.769956  0.769956  0.419455  0.720510  0.579033  0.461171  0.151871  0.914772  0.821689  0.123233  0.119541  0.151111  0.181388  0.243236  0.316991  0.374408  0.126099  0.392163  0.350858  0.520669  0.501892  0.754014  0.296686  0.543925  0.403121  0.152568  0.172149  0.709309  0.313951  0.146349  0.227350  0.280187  0.367116  0.476279  0.531122  0.588493  0.624067  0.257327  0.411837  0.365479  0.599702  0.491821  0.062090  0.296567  0.669231  0.691773  0.813969  0.730533  0.684713  0.728295  0.625636  0.630089  0.575727  0.358244  0.758957  0.945251  0.904128  0.591838  0.838580  0.866418  0.868911  0.781032  0.702361  0.554653  0.527999  0.623936  0.633944  0.038369  0.391115  0.252930  0.553156  0.549637  0.722266  0.856102  0.667373  0.576787  0.755285  0.658179  0.289141  0.665156  0.714147  0.734053  0.753776
  1.468500  0.348657  0.465012  0.673243  0.516001  0.543945  0.438705  0.695258  0.529123  0.115397  0.620207  0.685008  0.757416  0.873068  0.525015  0.521352  0.747709  0.104024  0.056992  0.049680  0.052652  0.056059  0.052501  0.203634  0.307871  0.513929  0.112623  0.419542  0.550068  0.088227  0.615151  0.687365  0.632199  0.622960  0.881793  0.894346  0.757602  0.432249  0.604801  0.113635  0.897236  0.635705  0.758525  0.698479  0.698479  0.604034  0.776300  0.776300  0.420242  0.726149  0.581078  0.462876  0.153514  0.914362  0.821332  0.122624  0.119486  0.149473  0.182228  0.239526  0.315278  0.373314  0.126216  0.394357  0.347812  0.527772  0.503351  0.758938  0.296779  0.545209  0.407175  0.152261  0.176901  0.705817  0.313236  0.145231  0.224844  0.276640  0.362880  0.473186  0.528906  0.587765  0.625610  0.259273  0.420234  0.367965  0.598952  0.493567  0.061587  0.299991  0.629323  0.688687  0.804559  0.708577  0.655436  0.714789  0.603287  0.626005  0.562414  0.345484  0.766015  0.944819  0.907508  0.593582  0.841197  0.867315  0.871282  0.778092  0.703912  0.556446  0.529880  0.627869  0.635955  0.039259  0.389351  0.251339  0.559185  0.549888  0.723899  0.858962  0.670280  0.579608  0.755506  0.662175  0.291550  0.660160  0.720779  0.733886  0.747812
  1.473500  0.341124  0.459441  0.668483  0.522436  0.540444  0.438608  0.696630  0.530508  0.113901  0.632250  0.696328  0.757232  0.874893  0.526218  0.526851  0.746497  0.103284  0.057096  0.048979  0.051310  0.053847  0.051679  0.191104  0.349219  0.546028  0.115267  0.423406  0.549060  0.087231  0.615051  0.689539  0.634178  0.621871  0.881960  0.895258  0.759179  0.435906  0.606662  0.100453  0.896733  0.649503  0.764626  0.706083  0.706083  0.611360  0.782938  0.782938  0.424668  0.731853  0.594572  0.465418  0.157918  0.915041  0.821574  0.123667  0.118591  0.149231  0.182547  0.240781  0.318581  0.374046  0.126927  0.394026  0.349701  0.538122  0.508646  0.765714  0.300011  0.548911  0.412375  0.154741  0.177603  0.704388  0.310554  0.142074  0.218636  0.273023  0.358488  0.468485  0.524793  0.583981  0.623528  0.260289  0.419789  0.369914  0.600622  0.495057  0.060016  0.301346  0.642972  0.686891  0.798267  0.678535  0.620187  0.726609  0.579005  0.623857  0.562581  0.336113  0.772375  0.948728  0.907376  0.597074  0.845405  0.870652  0.871575  0.778917  0.705499  0.560464  0.532169  0.634377  0.643134  0.038882  0.390120  0.250172  0.573467  0.551681  0.724952  0.862382  0.674371  0.586927  0.759393  0.665517  0.290792  0.669567  0.722200  0.738045  0.759262
  1.478500  0.358660  0.478840  0.678478  0.527591  0.542959  0.437004  0.692954  0.530293  0.114980  0.647034  0.710117  0.756872  0.877252  0.525375  0.531213  0.746912  0.105000  0.057680  0.048668  0.050288  0.054527  0.051946  0.177884  0.373644  0.562142  0.113717  0.423243  0.550925  0.088068  0.615532  0.692484  0.642271  0.620310  0.874658  0.891121  0.759894  0.437629  0.612279  0.089700  0.895046  0.659180  0.774863  0.711726  0.711726  0.621002  0.784770  0.784770  0.425908  0.733803  0.603741  0.467137  0.155860  0.915860  0.824511  0.123446  0.120030  0.150314  0.182076  0.241167  0.318817  0.372923  0.126195  0.391525  0.348749  0.551736  0.519063  0.767712  0.299345  0.549748  0.414580  0.157065  0.179729  0.705954  0.312089  0.138151  0.215830  0.267412  0.352160  0.462568  0.522180  0.582490  0.622638  0.262045  0.416097  0.371799  0.604322  0.496284  0.061824  0.300477  0.695678  0.690782  0.796454  0.654164  0.602996  0.748310  0.565383  0.624633  0.572746  0.332747  0.770870  0.951004  0.909927  0.599145  0.843369  0.877879  0.874001  0.783240  0.709481  0.565337  0.533198  0.638564  0.646262  0.039300  0.391237  0.251271  0.582012  0.555160  0.724902  0.856660  0.677634  0.592011  0.762308  0.671554  0.289788  0.667663  0.732076  0.745522  0.742433
  1.483500  0.393932  0.514022  0.697619  0.531441  0.538947  0.435156  0.694356  0.532215  0.118474  0.660818  0.719877  0.761876  0.878986  0.527174  0.536464  0.745727  0.104817  0.056782  0.049465  0.051844  0.056195  0.053335  0.169405  0.389772  0.576664  0.116431  0.433065  0.553325  0.088765  0.618344  0.695952  0.644659  0.624325  0.876169  0.893367  0.760156  0.425629  0.607371  0.078800  0.899796  0.666557  0.778081  0.718436  0.718436  0.626649  0.789571  0.789571  0.425380  0.737060  0.610287  0.468739  0.158946  0.916646  0.822893  0.121320  0.119012  0.149388  0.182534  0.241255  0.319181  0.375594  0.125074  0.396117  0.347929  0.570259  0.532925  0.772097  0.303387  0.553943  0.419267  0.160850  0.182554  0.712863  0.309497  0.136264  0.212018  0.263859  0.346682  0.458655  0.519223  0.580838  0.618541  0.264596  0.420632  0.375705  0.602959  0.497647  0.061759  0.303232  0.714854  0.692334  0.797393  0.663700  0.628743  0.757377  0.593057  0.626820  0.576941  0.333325  0.773490  0.950987  0.911023  0.601520  0.847714  0.876847  0.876108  0.787011  0.709352  0.569435  0.537872  0.645360  0.653058  0.038144  0.392729  0.246606  0.599418  0.558124  0.727412  0.859679  0.686737  0.599305  0.764973  0.677200  0.292314  0.668559  0.724159  0.745963  0.749688
  1.488500  0.438258  0.559641  0.718380  0.534774  0.539371  0.438098  0.695521  0.532503  0.122356  0.672066  0.730716  0.764695  0.881378  0.526315  0.542550  0.746817  0.104089  0.056562  0.047851  0.051701  0.054267  0.051068  0.162856  0.401690  0.585324  0.116467  0.434197  0.552507  0.090005  0.619454  0.696274  0.647718  0.629190  0.881651  0.895967  0.758515  0.416935  0.596828  0.077536  0.899378  0.676505  0.785081  0.724015  0.724015  0.634596  0.792003  0.792003  0.427694  0.742127  0.617450  0.470580  0.159252  0.915137  0.830322  0.121466  0.120542  0.150932  0.183816  0.240716  0.316366  0.374559  0.125030  0.396601  0.348363  0.581043  0.546935  0.774098  0.306011  0.555256  0.423544  0.164056  0.185744  0.718244  0.308480  0.134646  0.205820  0.257655  0.341549  0.453145  0.514911  0.577200  0.617796  0.268528  0.421758  0.375285  0.603250  0.498669  0.061333  0.304230  0.715307  0.696456  0.801515  0.713677  0.685822  0.757678  0.637311  0.628517  0.578549  0.338580  0.776439  0.952332  0.908777  0.604401  0.852072  0.878436  0.879268  0.786621  0.710546  0.571718  0.539969  0.650512  0.657632  0.039065  0.394497  0.250728  0.609036  0.559302  0.729801  0.860605  0.689264  0.604189  0.767020  0.680816  0.296218  0.673139  0.728657  0.747497  0.747588
  1.493500  0.478628  0.597148  0.738353  0.538449  0.538663  0.434532  0.691311  0.528598  0.123460  0.682055  0.741230  0.765236  0.880511  0.528858  0.547609  0.746534  0.103330  0.056593  0.049902  0.051701  0.054508  0.053108  0.158795  0.401796  0.583942  0.118018  0.434060  0.548789  0.088513  0.619928  0.699767  0.644911  0.625072  0.883511  0.893518  0.756923  0.426286  0.595684  0.070746  0.904576  0.682033  0.787119  0.727760  0.727760  0.638731  0.797443  0.797443  0.430128  0.742861  0.623118  0.473190  0.159887  0.916689  0.827730  0.121463  0.121094  0.150559  0.184089  0.242096  0.321901  0.371964  0.125195  0.394276  0.349287  0.595732  0.561201  0.777714  0.306009  0.558693  0.425706  0.166902  0.186284  0.720109  0.305149  0.129956  0.203878  0.253071  0.336867  0.449235  0.511012  0.575846  0.617875  0.267662  0.425285  0.378269  0.602011  0.501056  0.060910  0.303470  0.714889  0.699400  0.805172  0.741586  0.714348  0.758958  0.657807  0.628870  0.580045  0.340170  0.778976  0.951386  0.908811  0.606038  0.847750  0.882665  0.876753  0.787064  0.713583  0.576288  0.540446  0.653366  0.663001  0.038969  0.394995  0.251323  0.619475  0.561839  0.730622  0.866152  0.691692  0.608561  0.770332  0.681301  0.295209  0.666901  0.734674  0.745681  0.748501
  1.498500  0.517913  0.635104  0.758977  0.540139  0.535909  0.433103  0.696126  0.529010  0.127617  0.691468  0.749534  0.769982  0.879638  0.530049  0.554269  0.744171  0.103767  0.055355  0.049127  0.049939  0.057612  0.053373  0.157758  0.397773  0.583327  0.117421  0.436972  0.551869  0.090532  0.620536  0.696983  0.646832  0.624664  0.881225  0.890502  0.756815  0.447590  0.609692  0.069235  0.896289  0.690751  0.792117  0.737062  0.737062  0.644988  0.799816  0.799816  0.432667  0.743913  0.628765  0.473253  0.161655  0.917090  0.827288  0.122699  0.121772  0.154554  0.182983  0.241693  0.319572  0.376523  0.124692  0.399608  0.348326  0.604341  0.574642  0.781476  0.308595  0.559617  0.431253  0.167823  0.187730  0.714692  0.305467  0.127141  0.198952  0.249150  0.333858  0.445322  0.505716  0.572559  0.618051  0.270039  0.430235  0.380604  0.605568  0.501021  0.063367  0.307292  0.717606  0.702102  0.807570  0.752184  0.722535  0.756249  0.664501  0.631801  0.583603  0.342443  0.782461  0.948251  0.908867  0.610268  0.853893  0.881577  0.877688  0.785826  0.715659  0.579557  0.542570  0.655555  0.666825  0.038579  0.395371  0.250065  0.632568  0.563087  0.731563  0.862000  0.694272  0.612066  0.770081  0.684472  0.295728  0.683534  0.746745  0.754875  0.757706
  1.503500  0.552437  0.665220  0.765153  0.542921  0.536956  0.429899  0.692186  0.526159  0.130968  0.699613  0.758466  0.771526  0.878864  0.530899  0.559177  0.745484  0.105611  0.055278  0.050049  0.051218  0.052937  0.053530  0.154099  0.390404  0.575556  0.120073  0.439695  0.555312  0.088885  0.625155  0.700901  0.644036  0.624256  0.881723  0.892290  0.758804  0.468160  0.625879  0.072595  0.903799  0.695487  0.796998  0.737283  0.737283  0.652489  0.802442  0.802442  0.433499  0.749694  0.633189  0.475327  0.163237  0.913450  0.826551  0.123524  0.118798  0.152065  0.185146  0.243433  0.318214  0.376872  0.124901  0.396736  0.348825  0.615982  0.582257  0.783918  0.311998  0.565777  0.432666  0.170769  0.189161  0.712403  0.301209  0.123671  0.193995  0.243457  0.326299  0.439304  0.502065  0.569608  0.615245  0.272453  0.428553  0.380684  0.606858  0.503011  0.062419  0.305317  0.714752  0.705377  0.811048  0.755920  0.728181  0.758450  0.664619  0.632186  0.583175  0.340296  0.784008  0.956311  0.913798  0.610893  0.852087  0.886441  0.884588  0.785991  0.713852  0.582500  0.543730  0.662063  0.668621  0.038647  0.396292  0.254228  0.643592  0.566756  0.731244  0.860204  0.698034  0.613782  0.772874  0.688495  0.294796  0.676596  0.746409  0.756539  0.759276
  1.508500  0.580765  0.693302  0.776416  0.546598  0.530658  0.426196  0.687275  0.527417  0.134091  0.706269  0.764591  0.774045  0.882372  0.530834  0.563006  0.746873  0.103840  0.056000  0.049675  0.049131  0.053232  0.053110  0.153396  0.388295  0.572071  0.116626  0.439268  0.549159  0.090037  0.624286  0.699773  0.642673  0.625064  0.882313  0.891773  0.754931  0.480098  0.638633  0.070705  0.900322  0.702365  0.799353  0.739222  0.739222  0.660345  0.804868  0.804868  0.437872  0.744959  0.637027  0.476353  0.163592  0.916285  0.823427  0.122694  0.120657  0.153437  0.185847  0.243167  0.321321  0.374565  0.126673  0.395564  0.348410  0.620674  0.591749  0.784339  0.308790  0.567599  0.437959  0.171629  0.190557  0.713344  0.299556  0.120705  0.191064  0.238550  0.322998  0.433624  0.498330  0.567906  0.613217  0.273194  0.431388  0.384558  0.607411  0.505290  0.061750  0.303341  0.709701  0.706338  0.811703  0.758103  0.727890  0.757374  0.668444  0.632198  0.589578  0.347409  0.779193  0.954702  0.916576  0.611350  0.851758  0.888863  0.883030  0.791078  0.716128  0.584952  0.547748  0.661961  0.673237  0.038585  0.396572  0.251083  0.648124  0.566225  0.734214  0.858605  0.703808  0.618403  0.773860  0.692847  0.298222  0.680132  0.736764  0.756066  0.749147
  1.513500  0.607005  0.715238  0.788978  0.548876  0.530268  0.424399  0.690419  0.523891  0.135476  0.711631  0.769607  0.774098  0.883180  0.532674  0.568739  0.744881  0.103821  0.057264  0.049861  0.051990  0.054375  0.052043  0.152559  0.372977  0.563018  0.118947  0.445961  0.553907  0.089437  0.627598  0.702561  0.643872  0.618940  0.880120  0.893229  0.754658  0.486781  0.646689  0.072778  0.904370  0.706623  0.803896  0.745748  0.745748  0.665412  0.808964  0.808964  0.437667  0.753126  0.640448  0.480310  0.164820  0.913820  0.828925  0.120479  0.121682  0.150830  0.186086  0.244104  0.318131  0.376150  0.125101  0.400256  0.350864  0.631596  0.601725  0.786129  0.313390  0.569121  0.441643  0.174277  0.191019  0.704036  0.298204  0.118506  0.187229  0.235135  0.317534  0.429982  0.494350  0.565338  0.610196  0.273541  0.437138  0.386373  0.609435  0.508330  0.061555  0.306697  0.707372  0.708084  0.812835  0.755476  0.727372  0.758067  0.667683  0.633883  0.590310  0.351037  0.784097  0.956800  0.919857  0.613851  0.855511  0.887399  0.884808  0.788666  0.718959  0.588479  0.549740  0.666632  0.675594  0.038429  0.394786  0.249125  0.659218  0.567991  0.734408  0.864117  0.704659  0.621428  0.775814  0.694034  0.299184  0.680893  0.736002  0.754402  0.752580
  1.518500  0.623524  0.727225  0.797418  0.550623  0.531116  0.421521  0.687205  0.521829  0.136239  0.718940  0.772380  0.774452  0.885783  0.531546  0.573080  0.746523  0.104739  0.058271  0.048875  0.052002  0.055101  0.052292  0.147373  0.360134  0.557308  0.122568  0.442968  0.551373  0.089715  0.628134  0.701911  0.648749  0.623738  0.885778  0.896268  0.755019  0.485462  0.647563  0.073984  0.898560  0.714346  0.807274  0.747951  0.747951  0.671861  0.811228  0.811228  0.439779  0.753231  0.643098  0.481795  0.167148  0.917835  0.827399  0.124388  0.119850  0.150599  0.186906  0.247202  0.325558  0.374924  0.125697  0.397399  0.349941  0.640068  0.607436  0.790146  0.309789  0.572601  0.446711  0.178419  0.194475  0.700830  0.298628  0.116333  0.182598  0.230862  0.312868  0.423223  0.490532  0.560710  0.609583  0.274721  0.439575  0.384717  0.608379  0.507923  0.060792  0.308149  0.705437  0.711652  0.816609  0.753941  0.723072  0.759544  0.664195  0.635007  0.591705  0.360079  0.784643  0.960466  0.922158  0.614910  0.856843  0.889982  0.884054  0.789953  0.719049  0.589391  0.548807  0.669403  0.676826  0.039244  0.397524  0.252852  0.662310  0.568823  0.736820  0.863208  0.707986  0.623890  0.777178  0.698295  0.299641  0.681669  0.739028  0.755052  0.750409
  1.523500  0.638324  0.737921  0.801489  0.552946  0.531443  0.417623  0.682687  0.519133  0.139524  0.725366  0.781291  0.775725  0.884980  0.535102  0.579795  0.747633  0.104591  0.055633  0.048993  0.050716  0.055192  0.054160  0.143847  0.348529  0.547296  0.122257  0.445659  0.554483  0.090287  0.627335  0.706529  0.658367  0.619358  0.883494  0.891562  0.753267  0.484417  0.649309  0.071608  0.903608  0.717714  0.812615  0.754817  0.754817  0.673331  0.815861  0.815861  0.441460  0.756188  0.645405  0.482879  0.170865  0.915187  0.831339  0.121794  0.123462  0.154119  0.183016  0.246831  0.319444  0.380203  0.126809  0.398904  0.350480  0.645004  0.615978  0.791749  0.313458  0.574531  0.450324  0.178900  0.196510  0.703872  0.295550  0.113330  0.180515  0.225537  0.306716  0.420314  0.484979  0.560421  0.608920  0.278290  0.438635  0.389891  0.609818  0.508638  0.062287  0.310297  0.706021  0.715174  0.816975  0.751379  0.723451  0.763172  0.662372  0.635775  0.596235  0.363630  0.785065  0.960463  0.921715  0.617120  0.860638  0.888869  0.892666  0.790877  0.722255  0.596717  0.551945  0.674684  0.679991  0.038239  0.396923  0.253546  0.671191  0.575505  0.738347  0.863286  0.711295  0.629254  0.779669  0.699082  0.300783  0.678970  0.746136  0.756371  0.764138
  1.528500  0.642738  0.744838  0.799973  0.553858  0.527368  0.415294  0.683356  0.514916  0.140811  0.730026  0.781371  0.779049  0.885608  0.534704  0.585214  0.747128  0.105128  0.056376  0.048727  0.051853  0.056304  0.052073  0.142635  0.353145  0.549031  0.122545  0.450256  0.551604  0.088482  0.622873  0.704982  0.663832  0.619102  0.885701  0.892497  0.756117  0.474588  0.642079  0.075556  0.900543  0.716924  0.815509  0.755163  0.755163  0.679236  0.816915  0.816915  0.443503  0.756258  0.649378  0.485211  0.169277  0.918189  0.829965  0.123219  0.121460  0.151362  0.184227  0.246160  0.320314  0.378267  0.124990  0.398769  0.352596  0.645636  0.619802  0.792643  0.314492  0.575642  0.453067  0.181800  0.200375  0.718480  0.293941  0.112368  0.176830  0.221109  0.302361  0.415278  0.483829  0.555859  0.609012  0.276543  0.440291  0.389515  0.611258  0.509099  0.062480  0.309523  0.711574  0.720643  0.821931  0.748156  0.719731  0.764977  0.662251  0.635768  0.599267  0.362260  0.789369  0.959091  0.923067  0.618652  0.860060  0.891417  0.885678  0.792638  0.722741  0.597050  0.551170  0.675897  0.683029  0.038707  0.394996  0.250748  0.677070  0.567773  0.737152  0.863328  0.714524  0.629024  0.781635  0.700597  0.299357  0.688942  0.749143  0.752974  0.754069
  1.534000  0.648279  0.749082  0.803849  0.556923  0.527415  0.409289  0.681219  0.514276  0.141934  0.733228  0.788102  0.778590  0.887227  0.534947  0.587043  0.746449  0.104361  0.056895  0.049263  0.051092  0.053306  0.053794  0.139343  0.350447  0.546179  0.121940  0.454289  0.555420  0.090300  0.626439  0.705711  0.667990  0.614860  0.882863  0.894924  0.751146  0.471056  0.636094  0.076552  0.906249  0.721851  0.816781  0.757531  0.757531  0.682344  0.821466  0.821466  0.443777  0.761281  0.651489  0.487071  0.170027  0.914298  0.828023  0.122030  0.122958  0.150962  0.185549  0.244988  0.323900  0.380557  0.125058  0.401048  0.349362  0.654556  0.626073  0.793836  0.317876  0.577475  0.456860  0.185363  0.202950  0.736166  0.294006  0.108042  0.171857  0.216519  0.298442  0.409182  0.477611  0.553527  0.605154  0.277853  0.444347  0.392774  0.610709  0.509651  0.059650  0.310951  0.710111  0.723637  0.821574  0.744587  0.717567  0.768306  0.658870  0.638209  0.603018  0.365383  0.789087  0.962520  0.919777  0.615901  0.862352  0.890841  0.890099  0.793569  0.720713  0.597716  0.553472  0.678685  0.686108  0.039286  0.397853  0.252213  0.685122  0.574104  0.737083  0.865253  0.715345  0.632233  0.781054  0.702084  0.299832  0.687650  0.754421  0.761098  0.762379
  1.540000  0.653395  0.751912  0.802242  0.557566  0.522435  0.402697  0.678321  0.515526  0.141866  0.739296  0.789950  0.779565  0.887145  0.540658  0.592755  0.744588  0.103483  0.057984  0.049241  0.049916  0.054101  0.052238  0.137355  0.344210  0.544067  0.124635  0.457895  0.555000  0.089249  0.625737  0.708658  0.673652  0.613911  0.886192  0.894301  0.751324  0.472919  0.636466  0.077543  0.906505  0.724259  0.818615  0.762761  0.762761  0.687321  0.816189  0.816189  0.447362  0.760025  0.656226  0.488056  0.170830  0.917322  0.832696  0.123938  0.122360  0.152440  0.184840  0.245649  0.322147  0.384441  0.125106  0.400796  0.349311  0.657196  0.632042  0.796455  0.320875  0.579550  0.462657  0.186401  0.203281  0.747123  0.290836  0.107387  0.166557  0.211958  0.291345  0.404020  0.473124  0.551378  0.604100  0.278018  0.443926  0.393308  0.610509  0.511875  0.061365  0.312882  0.722426  0.727108  0.824124  0.743397  0.718197  0.773746  0.660830  0.637918  0.608556  0.375196  0.787560  0.963656  0.919577  0.617143  0.861776  0.895420  0.887993  0.790607  0.723571  0.599880  0.555918  0.675753  0.685779  0.039656  0.400120  0.249764  0.692838  0.575639  0.736602  0.865044  0.718069  0.634884  0.783344  0.705727  0.300232  0.688272  0.748902  0.762122  0.765678
  1.546000  0.654972  0.752113  0.806919  0.559397  0.520103  0.405091  0.678483  0.511035  0.142980  0.741169  0.795911  0.778440  0.884793  0.535446  0.598481  0.744545  0.104416  0.055508  0.049937  0.050108  0.055781  0.051495  0.134918  0.337772  0.536921  0.124339  0.460109  0.553308  0.089290  0.624636  0.707490  0.676211  0.612489  0.882967  0.896606  0.749225  0.493394  0.647447  0.077193  0.904868  0.729304  0.819830  0.762120  0.762120  0.690334  0.823418  0.823418  0.449622  0.761117  0.657494  0.492163  0.172901  0.917941  0.833528  0.121699  0.122625  0.153676  0.184448  0.245158  0.325055  0.381038  0.123362  0.402937  0.350505  0.663204  0.636778  0.795023  0.321354  0.583073  0.466391  0.189133  0.206397  0.752910  0.289483  0.102561  0.164397  0.206871  0.286674  0.398048  0.468606  0.547972  0.600738  0.280537  0.450431  0.397642  0.611002  0.513111  0.061579  0.312798  0.738669  0.732351  0.829054  0.743968  0.718299  0.780436  0.660567  0.639329  0.614262  0.387048  0.788208  0.963022  0.922462  0.618503  0.863189  0.893878  0.888224  0.790346  0.724279  0.602102  0.555200  0.681140  0.690019  0.038418  0.400118  0.251514  0.700049  0.572909  0.739409  0.861128  0.719358  0.634869  0.786525  0.704419  0.301547  0.694802  0.751265  0.761573  0.769873
  1.552000  0.658175  0.756997  0.805176  0.560881  0.521490  0.411637  0.682185  0.513819  0.144304  0.746157  0.799400  0.778785  0.888948  0.537098  0.603245  0.745997  0.104181  0.056518  0.049817  0.050826  0.054447  0.053008  0.131343  0.337408  0.536270  0.125583  0.462862  0.553417  0.089381  0.625333  0.708615  0.677934  0.608258  0.882601  0.892806  0.750641  0.519775  0.667719  0.080441  0.906544  0.732186  0.821771  0.768005  0.768005  0.697375  0.824143  0.824143  0.451403  0.764165  0.662447  0.493244  0.174434  0.918183  0.832056  0.123613  0.121387  0.153102  0.183425  0.244907  0.322431  0.378071  0.125271  0.401129  0.350846  0.670065  0.640829  0.796562  0.325030  0.584773  0.469564  0.193653  0.208356  0.754688  0.287653  0.100061  0.159449  0.202640  0.280314  0.391426  0.462743  0.543552  0.599195  0.284205  0.449283  0.397670  0.611200  0.514049  0.062550  0.313044  0.747490  0.734052  0.830661  0.742196  0.717085  0.785091  0.660325  0.640018  0.617305  0.401495  0.790131  0.958855  0.921425  0.618133  0.863823  0.895055  0.889027  0.793327  0.724790  0.606123  0.557153  0.682953  0.692689  0.038836  0.399297  0.250067  0.705705  0.578147  0.739346  0.864267  0.720844  0.639242  0.785617  0.707328  0.300494  0.693765  0.757491  0.762154  0.774405
  1.558000  0.661296  0.759118  0.806081  0.561733  0.519294  0.422186  0.688394  0.542503  0.142694  0.751948  0.801624  0.782410  0.891439  0.540259  0.608275  0.747783  0.104431  0.055277  0.050089  0.050910  0.055329  0.053548  0.129629  0.353630  0.547154  0.125263  0.465684  0.554937  0.090687  0.624033  0.709472  0.680933  0.605993  0.886764  0.893659  0.747358  0.543698  0.684226  0.080626  0.905228  0.736967  0.824359  0.767042  0.767042  0.698554  0.824773  0.824773  0.453548  0.763844  0.664326  0.497501  0.175372  0.918934  0.832717  0.121310  0.122146  0.154471  0.186052  0.246614  0.323617  0.385294  0.125815  0.404850  0.350941  0.668977  0.646570  0.799127  0.326856  0.587971  0.474388  0.199469  0.210644  0.756087  0.287071  0.097862  0.153704  0.197803  0.274695  0.385770  0.458486  0.540162  0.596439  0.284833  0.456553  0.402166  0.610473  0.516045  0.062496  0.316489  0.752531  0.738279  0.831731  0.747339  0.725018  0.789135  0.664284  0.643013  0.622619  0.411684  0.789056  0.963235  0.920684  0.618839  0.865697  0.892827  0.892734  0.794088  0.726070  0.607275  0.558832  0.685925  0.694996  0.038789  0.401025  0.251214  0.711015  0.579815  0.737004  0.865823  0.726013  0.641145  0.790437  0.711812  0.300673  0.691863  0.755715  0.757998  0.764119
  1.564000  0.668442  0.765024  0.808427  0.562871  0.515611  0.429808  0.694277  0.548237  0.143241  0.756409  0.801942  0.784433  0.890641  0.540201  0.611737  0.748508  0.105197  0.057587  0.049659  0.052597  0.056015  0.054208  0.128267  0.371160  0.564337  0.127870  0.470178  0.553794  0.091522  0.624413  0.709666  0.685439  0.606252  0.884916  0.893115  0.746854  0.561417  0.694952  0.083190  0.910708  0.738227  0.825618  0.771799  0.771799  0.701586  0.828005  0.828005  0.452934  0.763300  0.667256  0.496319  0.176465  0.916762  0.836629  0.123241  0.121570  0.155072  0.185604  0.247039  0.325178  0.385128  0.125155  0.406011  0.352277  0.676946  0.649859  0.798715  0.328485  0.591236  0.480039  0.200425  0.213865  0.752085  0.283290  0.095290  0.151278  0.192724  0.268303  0.381411  0.452985  0.537619  0.594739  0.286730  0.455220  0.403397  0.610437  0.518230  0.062678  0.316164  0.759780  0.739094  0.834065  0.754888  0.734017  0.793889  0.673018  0.642760  0.624178  0.422851  0.790626  0.961428  0.919928  0.617936  0.865658  0.896002  0.892661  0.791693  0.726885  0.611146  0.559503  0.686922  0.695513  0.039080  0.403322  0.252140  0.715573  0.577879  0.737306  0.865719  0.726269  0.644126  0.790595  0.711987  0.300717  0.701976  0.760741  0.766133  0.771799
  1.570500  0.671273  0.768659  0.808281  0.567036  0.512112  0.436721  0.695381  0.576892  0.143846  0.757506  0.803685  0.783618  0.888822  0.543250  0.615507  0.747327  0.103809  0.057144  0.049753  0.051307  0.055999  0.052019  0.128188  0.389342  0.578179  0.126868  0.469900  0.554684  0.089890  0.622822  0.710609  0.683108  0.603063  0.886641  0.892263  0.745371  0.580255  0.706554  0.087355  0.905377  0.741195  0.827492  0.765144  0.765144  0.703573  0.828205  0.828205  0.455098  0.763224  0.666684  0.499339  0.178404  0.916662  0.832059  0.122472  0.122009  0.151606  0.185564  0.247543  0.326036  0.382262  0.125350  0.405310  0.350834  0.677586  0.651918  0.798375  0.331533  0.592505  0.484506  0.204628  0.214835  0.747403  0.282570  0.092580  0.146103  0.187052  0.263538  0.375123  0.446807  0.533595  0.592618  0.289662  0.457788  0.405220  0.611830  0.516529  0.060613  0.317365  0.768055  0.742580  0.836735  0.760005  0.741168  0.794643  0.676089  0.644471  0.627849  0.435490  0.791191  0.962151  0.920302  0.618370  0.859827  0.895719  0.886440  0.791988  0.726577  0.611056  0.559231  0.689518  0.695984  0.040228  0.402675  0.251654  0.723253  0.581248  0.735086  0.864622  0.724299  0.645592  0.789694  0.712027  0.299570  0.700711  0.772272  0.767246  0.759751
  1.577500  0.673586  0.771934  0.810018  0.565551  0.511506  0.442623  0.697597  0.577726  0.143413  0.761594  0.808545  0.782343  0.887989  0.542375  0.617616  0.748458  0.103138  0.056760  0.049567  0.050406  0.055272  0.052177  0.128329  0.395205  0.579789  0.127959  0.477126  0.551849  0.090348  0.620383  0.707939  0.684649  0.605132  0.885740  0.894771  0.744075  0.594154  0.717401  0.091643  0.905167  0.743703  0.829128  0.767700  0.767700  0.706814  0.828871  0.828871  0.457166  0.763586  0.669606  0.502165  0.179225  0.917378  0.834198  0.122695  0.120933  0.153577  0.187335  0.245575  0.333215  0.385705  0.124092  0.404952  0.351379  0.683001  0.654750  0.798428  0.332778  0.595007  0.488541  0.208179  0.218001  0.744392  0.280291  0.089339  0.140934  0.181635  0.256414  0.367187  0.441269  0.527552  0.589780  0.288493  0.462668  0.406520  0.612108  0.519231  0.060757  0.318533  0.773024  0.744419  0.836649  0.767018  0.750697  0.800461  0.682948  0.645458  0.629780  0.448947  0.789645  0.960786  0.922214  0.619615  0.863617  0.895126  0.888170  0.791257  0.728967  0.614824  0.559248  0.689504  0.696644  0.039299  0.403997  0.253104  0.725869  0.577515  0.734475  0.870126  0.726681  0.648650  0.791973  0.714325  0.298080  0.700952  0.762397  0.768980  0.763403
  1.584500  0.675418  0.773092  0.812178  0.567046  0.508351  0.449581  0.702324  0.583300  0.142919  0.764504  0.809511  0.783731  0.886295  0.542291  0.622273  0.747572  0.104342  0.055885  0.049221  0.049629  0.055620  0.052345  0.129183  0.411650  0.592340  0.127827  0.477312  0.551669  0.091226  0.617472  0.706392  0.684714  0.602276  0.883246  0.891618  0.742764  0.607422  0.725511  0.097890  0.906986  0.745179  0.827377  0.768682  0.768682  0.708489  0.830183  0.830183  0.460104  0.766577  0.671061  0.503587  0.180913  0.918423  0.834070  0.122131  0.122038  0.152757  0.187837  0.246768  0.328060  0.385604  0.124452  0.406594  0.350751  0.684458  0.658565  0.799588  0.334694  0.597076  0.494654  0.211188  0.221004  0.735989  0.277359  0.086436  0.137211  0.176905  0.249839  0.360285  0.435836  0.524822  0.586065  0.288757  0.465199  0.410530  0.610880  0.519715  0.060471  0.316705  0.780942  0.746330  0.839477  0.774733  0.762150  0.803309  0.690579  0.644386  0.633473  0.464045  0.792202  0.960530  0.921431  0.619343  0.867249  0.897794  0.892040  0.791625  0.729231  0.614553  0.561075  0.690715  0.699886  0.040036  0.401862  0.250188  0.731148  0.576789  0.732222  0.868123  0.729305  0.650344  0.793327  0.716695  0.296606  0.702421  0.761817  0.772159  0.764655
  1.591500  0.678746  0.774086  0.810614  0.568754  0.506940  0.455518  0.705008  0.583817  0.142214  0.768020  0.812461  0.785147  0.886289  0.543729  0.624706  0.750079  0.103057  0.056062  0.050278  0.049537  0.054324  0.052873  0.131455  0.434894  0.609896  0.129770  0.480689  0.549680  0.091571  0.615207  0.703975  0.685163  0.597916  0.885623  0.892995  0.741388  0.623595  0.734723  0.103643  0.909582  0.749380  0.831255  0.775019  0.775019  0.709413  0.833386  0.833386  0.462888  0.770063  0.672710  0.507407  0.183298  0.917869  0.834861  0.120643  0.121107  0.154145  0.189039  0.247598  0.328151  0.383090  0.124332  0.409692  0.352085  0.686933  0.661517  0.798169  0.337329  0.600734  0.498635  0.216481  0.222969  0.729528  0.275864  0.084426  0.133312  0.171898  0.245054  0.355136  0.431085  0.519780  0.584817  0.292153  0.468040  0.412864  0.611829  0.521366  0.061277  0.320623  0.785620  0.747852  0.839065  0.782261  0.769782  0.806901  0.695249  0.645769  0.635512  0.477177  0.796035  0.964220  0.923588  0.619913  0.868535  0.895361  0.888772  0.790865  0.729890  0.617737  0.561419  0.693085  0.701682  0.039610  0.403664  0.251138  0.736329  0.579573  0.731197  0.869937  0.731099  0.652743  0.795771  0.718576  0.294655  0.708209  0.772174  0.772541  0.772725
  1.598500  0.682618  0.776391  0.812262  0.569156  0.503882  0.460951  0.708785  0.588524  0.142239  0.769923  0.814870  0.786806  0.886989  0.542522  0.627869  0.749471  0.103755  0.056501  0.049490  0.051267  0.054732  0.052205  0.133103  0.447775  0.618558  0.128974  0.481229  0.547663  0.091852  0.611272  0.703951  0.681693  0.594595  0.882890  0.889433  0.738844  0.637011  0.744410  0.110208  0.905805  0.748787  0.830193  0.772664  0.772664  0.712942  0.830291  0.830291  0.463171  0.768822  0.674072  0.507905  0.182340  0.917719  0.833345  0.123137  0.122487  0.152667  0.190092  0.249710  0.329600  0.385848  0.124953  0.411970  0.351112  0.690190  0.663720  0.797486  0.342164  0.603504  0.503574  0.216495  0.225967  0.722667  0.273852  0.082262  0.129031  0.167575  0.239607  0.349137  0.423348  0.516135  0.581190  0.291245  0.469709  0.415271  0.610552  0.522981  0.061701  0.320218  0.792132  0.750700  0.842014  0.789689  0.776386  0.810810  0.699789  0.645130  0.639162  0.484476  0.793794  0.963923  0.920393  0.620271  0.867063  0.896597  0.889632  0.793425  0.730635  0.619747  0.561889  0.695089  0.702237  0.039370  0.406510  0.252015  0.739036  0.579741  0.728258  0.869170  0.733685  0.654577  0.794773  0.720388  0.294289  0.709091  0.765163  0.773945  0.769279
  1.605500  0.684724  0.780206  0.812113  0.569444  0.501440  0.465354  0.711061  0.590244  0.144226  0.771944  0.815611  0.787821  0.886037  0.547270  0.628729  0.749875  0.104238  0.055868  0.049811  0.050806  0.054920  0.053176  0.135765  0.463855  0.627641  0.131393  0.484245  0.546911  0.091930  0.608030  0.697345  0.681991  0.589993  0.883884  0.892466  0.737490  0.650670  0.755115  0.114588  0.905260  0.751597  0.832246  0.775655  0.775655  0.715340  0.831985  0.831985  0.465058  0.767804  0.674566  0.510157  0.185478  0.917069  0.833975  0.121456  0.122292  0.153863  0.188684  0.249876  0.329083  0.391018  0.123245  0.409938  0.352644  0.688886  0.666294  0.798083  0.342270  0.604688  0.507568  0.221213  0.228954  0.720616  0.272232  0.079548  0.125219  0.162659  0.233177  0.342618  0.418721  0.511581  0.577909  0.296140  0.469173  0.414479  0.612387  0.523783  0.060998  0.322676  0.795575  0.752005  0.841589  0.793335  0.783248  0.814249  0.705504  0.647739  0.637821  0.493521  0.791724  0.962919  0.921800  0.620477  0.865491  0.898941  0.890491  0.794014  0.729897  0.619193  0.561187  0.697178  0.702486  0.038886  0.405703  0.250980  0.743002  0.577743  0.724892  0.869061  0.734642  0.656699  0.796686  0.722781  0.291557  0.705540  0.768717  0.772916  0.769630
  1.612500  0.690042  0.782778  0.815761  0.569007  0.499958  0.470630  0.713943  0.591648  0.144797  0.774280  0.817149  0.788352  0.885893  0.544066  0.630011  0.748718  0.103602  0.055724  0.049041  0.050630  0.055562  0.052025  0.137215  0.476251  0.636609  0.134036  0.483668  0.544142  0.092598  0.600797  0.698192  0.678742  0.592782  0.884066  0.896245  0.736036  0.665605  0.762208  0.118100  0.904804  0.751358  0.831124  0.779949  0.779949  0.715725  0.831093  0.831093  0.467838  0.769538  0.676328  0.512662  0.187912  0.918257  0.835527  0.123393  0.120886  0.155518  0.188943  0.250778  0.330400  0.384570  0.124917  0.411281  0.350887  0.691826  0.667799  0.797150  0.345441  0.608828  0.511466  0.223583  0.231243  0.715214  0.269734  0.076050  0.120975  0.157606  0.227990  0.335702  0.413848  0.506123  0.574588  0.295832  0.472171  0.418875  0.610922  0.524981  0.061225  0.323735  0.799423  0.751217  0.842442  0.796982  0.789042  0.814658  0.706460  0.646709  0.639283  0.496857  0.794744  0.966532  0.920987  0.618429  0.865250  0.899496  0.890026  0.789288  0.732009  0.621221  0.563365  0.697140  0.705640  0.038880  0.405629  0.251030  0.745207  0.574606  0.723013  0.868792  0.736221  0.659181  0.797399  0.723762  0.290010  0.703872  0.776570  0.772917  0.759400
  1.619500  0.690203  0.783830  0.814959  0.569060  0.495541  0.473332  0.715600  0.587286  0.146372  0.775693  0.817707  0.788540  0.883205  0.546820  0.631770  0.750355  0.102903  0.055705  0.047222  0.050123  0.055714  0.053278  0.138587  0.486868  0.644277  0.133991  0.487730  0.543049  0.092146  0.601284  0.693603  0.676588  0.586265  0.884917  0.892769  0.735062  0.677817  0.771048  0.116589  0.908772  0.753283  0.831837  0.781745  0.781745  0.717498  0.831971  0.831971  0.468829  0.772596  0.678633  0.513728  0.188956  0.919215  0.835304  0.121456  0.120992  0.153770  0.190634  0.250712  0.330940  0.386468  0.124262  0.411086  0.352178  0.698342  0.670140  0.794412  0.346198  0.609346  0.515233  0.229637  0.232795  0.710215  0.267620  0.074463  0.116501  0.153655  0.223427  0.330003  0.405968  0.502864  0.571415  0.296454  0.475634  0.422065  0.610685  0.524484  0.061380  0.326226  0.803479  0.753597  0.843181  0.804599  0.796937  0.817665  0.711046  0.647588  0.640449  0.496095  0.795468  0.962919  0.922071  0.620220  0.868656  0.899313  0.889191  0.790949  0.732005  0.622002  0.564152  0.696850  0.705542  0.039294  0.406707  0.251216  0.747282  0.579321  0.719820  0.871498  0.737409  0.661630  0.797678  0.724017  0.288125  0.713222  0.771681  0.777445  0.761527
  1.626500  0.692240  0.784289  0.816379  0.571606  0.494714  0.477247  0.716924  0.578023  0.148353  0.777159  0.819364  0.789593  0.880627  0.546218  0.632293  0.750434  0.103481  0.056852  0.050016  0.049478  0.054301  0.052411  0.136733  0.493185  0.646850  0.134205  0.490012  0.542270  0.091096  0.595529  0.690667  0.672539  0.585992  0.882180  0.891755  0.733395  0.688473  0.779068  0.115424  0.907163  0.754392  0.831042  0.781372  0.781372  0.717545  0.831977  0.831977  0.471425  0.770959  0.678857  0.516537  0.190927  0.917391  0.833494  0.122860  0.123045  0.154341  0.190093  0.252498  0.332640  0.387337  0.124070  0.412263  0.352354  0.697040  0.671275  0.793267  0.347169  0.611103  0.520482  0.231273  0.235637  0.708730  0.265276  0.072138  0.113784  0.149297  0.217616  0.324764  0.400413  0.499359  0.569424  0.297331  0.480936  0.422526  0.611540  0.525947  0.061256  0.325158  0.807235  0.754605  0.844901  0.810493  0.802533  0.819987  0.715051  0.646264  0.640164  0.497544  0.793704  0.962074  0.922909  0.620109  0.869429  0.898926  0.888804  0.788790  0.732555  0.624895  0.565556  0.699503  0.707524  0.039003  0.404388  0.249753  0.751756  0.576957  0.713575  0.872750  0.737516  0.662658  0.800109  0.725068  0.285583  0.711584  0.769406  0.777079  0.767396
  1.633500  0.695460  0.786641  0.818443  0.569722  0.491755  0.482412  0.720965  0.579524  0.151142  0.778629  0.819096  0.791448  0.879515  0.549023  0.633165  0.750697  0.103391  0.054765  0.048801  0.049461  0.053205  0.053287  0.136729  0.501602  0.650230  0.136537  0.491379  0.539260  0.091578  0.593877  0.685634  0.670566  0.585372  0.881520  0.896005  0.731065  0.699645  0.784163  0.111600  0.908564  0.753276  0.831153  0.782886  0.782886  0.718390  0.831131  0.831131  0.472452  0.770642  0.680138  0.518322  0.190643  0.917874  0.833557  0.121876  0.124105  0.156989  0.190709  0.251740  0.333393  0.390057  0.125676  0.414915  0.352259  0.697013  0.674033  0.792988  0.349829  0.614462  0.523340  0.236681  0.238459  0.706029  0.262313  0.070200  0.110972  0.146649  0.213207  0.318844  0.397091  0.494267  0.565884  0.298004  0.482451  0.423085  0.610342  0.527139  0.061288  0.327788  0.807753  0.754614  0.844503  0.813963  0.806056  0.817482  0.718103  0.647079  0.641542  0.497910  0.794399  0.959584  0.923483  0.620165  0.864939  0.897903  0.889543  0.789125  0.732264  0.625907  0.564332  0.699160  0.707460  0.039256  0.406540  0.252598  0.753360  0.576491  0.712383  0.870149  0.740421  0.662525  0.800208  0.725927  0.283753  0.711523  0.768266  0.777495  0.764154
  1.640500  0.697183  0.789491  0.816809  0.570416  0.489746  0.485327  0.721474  0.572763  0.154826  0.780038  0.820772  0.791882  0.880048  0.547148  0.633664  0.751708  0.102692  0.056899  0.048795  0.049513  0.054773  0.051202  0.134555  0.502508  0.655558  0.135688  0.495512  0.539449  0.093317  0.588683  0.687516  0.666908  0.583377  0.885872  0.891417  0.729671  0.713980  0.790789  0.109972  0.905187  0.753289  0.831674  0.782744  0.782744  0.718906  0.831483  0.831483  0.475290  0.770308  0.680669  0.520551  0.193065  0.918649  0.834060  0.124577  0.122348  0.155141  0.191743  0.250827  0.332857  0.391198  0.124208  0.414948  0.353239  0.702587  0.677076  0.791827  0.355209  0.616980  0.530701  0.240117  0.240959  0.705705  0.263353  0.068932  0.109488  0.141315  0.209068  0.314316  0.391050  0.488101  0.562742  0.300459  0.480985  0.426796  0.609110  0.527027  0.061416  0.327370  0.810611  0.756503  0.846378  0.820088  0.812072  0.822063  0.719262  0.648550  0.641315  0.498669  0.792711  0.960576  0.928311  0.618251  0.867694  0.899541  0.888022  0.786297  0.732295  0.626248  0.565401  0.699361  0.708729  0.039709  0.406844  0.251491  0.760134  0.580462  0.706727  0.874952  0.740770  0.663790  0.801931  0.729567  0.283434  0.719375  0.777989  0.781373  0.763633
  1.647500  0.702238  0.794480  0.820744  0.570272  0.486903  0.490455  0.723328  0.572077  0.158523  0.780423  0.822769  0.792426  0.878348  0.551145  0.633715  0.752376  0.104164  0.056355  0.047144  0.050111  0.054378  0.051917  0.132806  0.506655  0.655816  0.135874  0.492568  0.535473  0.091203  0.583923  0.682639  0.662897  0.579574  0.877897  0.890451  0.729329  0.721262  0.798463  0.110879  0.904343  0.753858  0.830510  0.781512  0.781512  0.718863  0.829876  0.829876  0.476614  0.769992  0.680272  0.524625  0.196689  0.920705  0.833843  0.123163  0.122513  0.156322  0.190503  0.252549  0.333171  0.390851  0.123895  0.416577  0.354649  0.698728  0.676892  0.789550  0.356219  0.619329  0.534486  0.243868  0.242008  0.706927  0.258407  0.067800  0.103659  0.139029  0.203585  0.307258  0.385491  0.485853  0.559295  0.302586  0.485748  0.428252  0.609522  0.529730  0.062331  0.326018  0.811649  0.753884  0.845414  0.822226  0.817550  0.824065  0.722122  0.647585  0.641820  0.496202  0.790929  0.961338  0.919654  0.619917  0.869738  0.897249  0.885825  0.787554  0.733644  0.628979  0.566990  0.702361  0.710857  0.039101  0.407386  0.252637  0.756904  0.576378  0.706196  0.869347  0.743177  0.664616  0.803743  0.727583  0.281543  0.719799  0.773558  0.779409  0.763227
  1.654500  0.701243  0.792510  0.818074  0.570830  0.485748  0.494500  0.725135  0.575658  0.161145  0.780620  0.822752  0.797171  0.878135  0.548202  0.633869  0.752608  0.103380  0.055413  0.049086  0.051700  0.055871  0.052997  0.127513  0.513398  0.656941  0.141605  0.494315  0.533598  0.092632  0.583337  0.681088  0.658813  0.575916  0.877917  0.891175  0.727031  0.728701  0.802734  0.117550  0.905961  0.752683  0.829917  0.783359  0.783359  0.719238  0.834073  0.834073  0.478588  0.774372  0.678795  0.526114  0.198648  0.916236  0.835249  0.125371  0.123606  0.154902  0.189820  0.255570  0.334786  0.390599  0.123552  0.413023  0.353314  0.702457  0.678883  0.790038  0.357464  0.621214  0.542180  0.244709  0.245630  0.707807  0.259619  0.066042  0.103001  0.136125  0.198972  0.304097  0.381240  0.480350  0.556796  0.301460  0.490631  0.432373  0.610249  0.530600  0.060511  0.330356  0.812595  0.755338  0.847071  0.827850  0.825471  0.824378  0.726163  0.647865  0.640180  0.497944  0.796840  0.961174  0.916978  0.620542  0.868738  0.895888  0.885487  0.785469  0.734643  0.629265  0.567256  0.703928  0.710496  0.039344  0.405078  0.252370  0.757107  0.573516  0.700663  0.868316  0.745710  0.668561  0.803510  0.730449  0.280235  0.720723  0.781892  0.781341  0.767402
  1.661500  0.698140  0.791713  0.817117  0.569650  0.484614  0.498809  0.728083  0.579109  0.165872  0.782716  0.825733  0.795292  0.873719  0.549606  0.631846  0.752306  0.103479  0.054550  0.047853  0.048635  0.055662  0.051498  0.126882  0.517939  0.661225  0.139231  0.495690  0.536715  0.091583  0.581113  0.681761  0.658473  0.577026  0.880122  0.888062  0.727224  0.731767  0.806655  0.125117  0.904664  0.750018  0.831980  0.781623  0.781623  0.720152  0.827187  0.827187  0.479054  0.772309  0.679126  0.529057  0.198988  0.920144  0.833684  0.122378  0.123028  0.155248  0.193131  0.256085  0.333801  0.393505  0.125009  0.417560  0.353551  0.706923  0.680625  0.787171  0.358302  0.621974  0.542733  0.252093  0.249163  0.709052  0.256375  0.063087  0.098759  0.132114  0.195776  0.296712  0.375354  0.476029  0.554061  0.302186  0.489519  0.432131  0.610846  0.530982  0.063875  0.334494  0.812027  0.755732  0.845112  0.830656  0.828802  0.827246  0.727020  0.648409  0.639319  0.496236  0.787010  0.961013  0.919568  0.619121  0.865264  0.896945  0.887382  0.785988  0.735903  0.629092  0.566954  0.702518  0.710334  0.039620  0.408132  0.251865  0.755698  0.575826  0.697717  0.869656  0.747555  0.669212  0.803540  0.734414  0.276622  0.717431  0.773679  0.775414  0.756239
  1.668500  0.695850  0.788780  0.816173  0.569375  0.479180  0.500275  0.726110  0.578198  0.169293  0.780869  0.824092  0.795514  0.869294  0.551304  0.631715  0.752054  0.102422  0.055901  0.048015  0.050231  0.054974  0.051944  0.121897  0.520653  0.664028  0.141122  0.499455  0.533012  0.092077  0.578548  0.677210  0.653040  0.572168  0.880613  0.889752  0.723039  0.735575  0.805583  0.133901  0.911107  0.750148  0.824696  0.780180  0.780180  0.716506  0.828907  0.828907  0.479881  0.774043  0.677734  0.530111  0.199371  0.920946  0.834194  0.124894  0.120809  0.154238  0.193145  0.256103  0.334847  0.392977  0.123677  0.418624  0.353368  0.707658  0.679711  0.786191  0.362938  0.623664  0.547516  0.254310  0.249619  0.707534  0.254476  0.061958  0.095894  0.128487  0.192716  0.292066  0.371895  0.471942  0.550638  0.305150  0.494963  0.433897  0.610017  0.530849  0.061082  0.332319  0.813949  0.756793  0.847611  0.832967  0.832565  0.826842  0.729032  0.647181  0.639307  0.494157  0.793186  0.954584  0.915768  0.617809  0.867376  0.894969  0.886055  0.784746  0.733729  0.630242  0.567744  0.701612  0.711739  0.039512  0.410340  0.253107  0.764076  0.578823  0.694225  0.874166  0.744968  0.670423  0.803171  0.733180  0.276256  0.718813  0.782836  0.775692  0.753710
  1.676000  0.702223  0.792977  0.816860  0.568665  0.477969  0.503281  0.728414  0.581130  0.171710  0.780741  0.823980  0.795570  0.867351  0.549923  0.628469  0.750140  0.103010  0.055119  0.046754  0.049255  0.053544  0.051557  0.118154  0.524422  0.667695  0.141711  0.497005  0.532848  0.091852  0.575459  0.673755  0.645579  0.572550  0.880054  0.890904  0.722200  0.729187  0.804253  0.142061  0.907563  0.749446  0.824672  0.778183  0.778183  0.714830  0.826267  0.826267  0.483820  0.769607  0.676544  0.531134  0.200526  0.916978  0.831644  0.124713  0.123319  0.155751  0.192924  0.256860  0.337059  0.396535  0.124127  0.417270  0.353580  0.705210  0.679628  0.783426  0.361859  0.625879  0.549752  0.254967  0.250920  0.714085  0.252770  0.060230  0.094948  0.124075  0.185645  0.287766  0.366167  0.468637  0.546951  0.300673  0.495066  0.436121  0.607234  0.531273  0.060032  0.330980  0.812852  0.754011  0.845428  0.836367  0.834900  0.825695  0.730874  0.646580  0.639463  0.491415  0.786030  0.955325  0.919826  0.616849  0.863219  0.894177  0.884234  0.783590  0.733543  0.631357  0.565356  0.701701  0.711157  0.039276  0.409510  0.252899  0.757879  0.580122  0.688861  0.870165  0.745908  0.669190  0.805237  0.731736  0.275599  0.710757  0.775720  0.769972  0.751906
  1.684000  0.701675  0.792934  0.816803  0.566337  0.473328  0.504596  0.732545  0.583459  0.175403  0.776790  0.822361  0.797518  0.863851  0.548201  0.627210  0.750262  0.102702  0.055744  0.050073  0.048868  0.053363  0.051117  0.112117  0.523401  0.667759  0.144924  0.500178  0.536304  0.093426  0.570879  0.678892  0.643243  0.566709  0.878836  0.882723  0.722684  0.726093  0.801179  0.150515  0.905774  0.747643  0.823639  0.776474  0.776474  0.711836  0.824752  0.824752  0.484209  0.773457  0.677608  0.532238  0.203500  0.917684  0.830697  0.123776  0.123126  0.156343  0.193550  0.254324  0.337182  0.392482  0.122453  0.420445  0.353118  0.707629  0.680152  0.784002  0.365435  0.627401  0.552427  0.263534  0.253885  0.717069  0.251581  0.057519  0.090948  0.120910  0.181096  0.283525  0.362176  0.465824  0.544911  0.307699  0.501800  0.437836  0.606913  0.531419  0.061424  0.331664  0.813925  0.756408  0.848537  0.841411  0.839652  0.826472  0.733656  0.647127  0.637798  0.488762  0.785892  0.955689  0.917228  0.614799  0.863795  0.895007  0.882110  0.783850  0.733851  0.632392  0.566168  0.702091  0.710007  0.038866  0.408167  0.253008  0.758351  0.575167  0.682461  0.875305  0.745765  0.671452  0.805384  0.732701  0.274797  0.717315  0.785435  0.779034  0.753066
  1.692000  0.705578  0.796925  0.820776  0.568832  0.475529  0.516522  0.734278  0.585439  0.178177  0.778164  0.820912  0.801147  0.864575  0.544899  0.627912  0.753476  0.102445  0.055621  0.048225  0.049924  0.055396  0.051853  0.109287  0.521811  0.667149  0.144573  0.505932  0.529845  0.095618  0.565306  0.672327  0.640614  0.561825  0.875775  0.886078  0.720918  0.706349  0.795548  0.160102  0.904007  0.741644  0.820647  0.775437  0.775437  0.714495  0.826956  0.826956  0.488210  0.774522  0.677792  0.537095  0.206829  0.919365  0.835437  0.126137  0.125209  0.158344  0.195099  0.256822  0.338314  0.394468  0.123221  0.418642  0.353693  0.701878  0.679060  0.780858  0.363177  0.631452  0.560274  0.263522  0.258008  0.722116  0.249945  0.057937  0.089120  0.119597  0.178288  0.277208  0.356449  0.460942  0.543927  0.311613  0.499267  0.442884  0.609721  0.534142  0.059775  0.334250  0.813717  0.752697  0.845854  0.843515  0.847649  0.830985  0.738024  0.646521  0.638771  0.482247  0.784679  0.956933  0.914720  0.619997  0.863468  0.894468  0.878503  0.779933  0.737668  0.634723  0.567828  0.704992  0.712317  0.039327  0.406913  0.251370  0.755888  0.576400  0.684642  0.871365  0.752099  0.673637  0.806780  0.734880  0.277758  0.717421  0.786235  0.770862  0.750730
  1.700000  0.707558  0.794500  0.824699  0.570053  0.474422  0.523978  0.738949  0.586134  0.182465  0.775361  0.820047  0.800898  0.862828  0.553531  0.625619  0.751540  0.103380  0.055851  0.052197  0.050095  0.054270  0.053255  0.105005  0.522236  0.670194  0.145024  0.498021  0.532993  0.094693  0.560517  0.676336  0.644578  0.570105  0.885836  0.886114  0.722801  0.678844  0.787035  0.169747  0.906883  0.743939  0.823000  0.774374  0.774374  0.712557  0.820768  0.820768  0.491016  0.770264  0.678940  0.541307  0.208346  0.922358  0.837809  0.124672  0.122724  0.159921  0.196191  0.253889  0.341271  0.390991  0.122803  0.419718  0.359868  0.699409  0.679395  0.778074  0.366487  0.635677  0.562107  0.267110  0.261214  0.723535  0.249798  0.055357  0.087254  0.117026  0.176223  0.275115  0.352680  0.458886  0.538888  0.311166  0.503859  0.444960  0.610402  0.536405  0.062270  0.332334  0.814997  0.754791  0.847745  0.846016  0.852458  0.830088  0.739373  0.647533  0.638813  0.480814  0.786703  0.952663  0.912027  0.620493  0.860040  0.888565  0.883649  0.777900  0.735739  0.636501  0.569540  0.704715  0.715313  0.039381  0.411551  0.254836  0.750732  0.572145  0.679417  0.872092  0.748289  0.673767  0.806747  0.738031  0.273637  0.714279  0.779945  0.777479  0.737020
  1.708000  0.707704  0.798382  0.825403  0.568935  0.472271  0.524996  0.743626  0.591943  0.186615  0.773350  0.818866  0.801694  0.859359  0.551122  0.623436  0.753877  0.102429  0.056227  0.046769  0.049721  0.055137  0.053925  0.102027  0.528615  0.671127  0.146645  0.508698  0.534237  0.095679  0.560233  0.674289  0.641473  0.564866  0.876824  0.888539  0.720830  0.648525  0.763998  0.178910  0.908809  0.741297  0.818235  0.770775  0.770775  0.711701  0.818027  0.818027  0.494499  0.770867  0.673011  0.543097  0.210244  0.920571  0.839127  0.126212  0.127880  0.159201  0.194878  0.259189  0.339253  0.397169  0.123703  0.423751  0.357065  0.699645  0.675578  0.777520  0.370110  0.634538  0.567454  0.276375  0.264106  0.726197  0.248377  0.055771  0.084516  0.114274  0.169864  0.270046  0.347452  0.453132  0.538130  0.310145  0.508692  0.449613  0.607685  0.537026  0.063156  0.338138  0.811394  0.751958  0.848072  0.847360  0.855428  0.834079  0.741637  0.646727  0.637258  0.471859  0.779109  0.954466  0.917967  0.620566  0.858686  0.883947  0.877182  0.777844  0.738154  0.636486  0.567422  0.705647  0.713075  0.039572  0.413026  0.252999  0.743400  0.577168  0.678070  0.875581  0.751527  0.675908  0.808665  0.738556  0.275736  0.706399  0.780574  0.772058  0.751362
  1.716000  0.708302  0.797162  0.821049  0.563469  0.469632  0.528512  0.741346  0.594638  0.189143  0.766475  0.815427  0.798572  0.853128  0.551189  0.618626  0.751214  0.104139  0.056651  0.049303  0.052048  0.053914  0.053116  0.097916  0.525462  0.667426  0.151673  0.507429  0.531641  0.095016  0.560331  0.669881  0.638291  0.558038  0.880556  0.886387  0.716615  0.600495  0.734802  0.185442  0.909630  0.734196  0.814009  0.767375  0.767375  0.704027  0.814102  0.814102  0.494442  0.769935  0.670663  0.542042  0.210481  0.918566  0.837540  0.124311  0.125239  0.157987  0.199826  0.259940  0.337125  0.394178  0.124308  0.423279  0.357998  0.691718  0.670221  0.775249  0.374854  0.636166  0.571529  0.278460  0.265746  0.727297  0.245644  0.053353  0.083532  0.111299  0.166360  0.263416  0.341827  0.449338  0.531931  0.310115  0.511980  0.449839  0.602949  0.538418  0.061509  0.337874  0.808908  0.750140  0.845956  0.847275  0.853016  0.828185  0.738675  0.643729  0.634789  0.471554  0.778165  0.950888  0.910773  0.614201  0.858359  0.886970  0.878343  0.777131  0.735877  0.633920  0.565724  0.700573  0.710122  0.039495  0.412301  0.253288  0.737767  0.574767  0.667111  0.864312  0.746722  0.673519  0.807449  0.733814  0.272426  0.717082  0.774416  0.777342  0.744789
  1.724000  0.706939  0.797997  0.824264  0.559853  0.467241  0.534055  0.743951  0.596674  0.189317  0.761368  0.811202  0.797181  0.852204  0.554963  0.614373  0.749943  0.103113  0.053895  0.048219  0.047934  0.055853  0.051884  0.091777  0.525107  0.671143  0.151070  0.509709  0.531678  0.093435  0.555204  0.672738  0.639998  0.555890  0.876798  0.882454  0.716492  0.559450  0.702800  0.194978  0.909821  0.729256  0.810595  0.762912  0.762912  0.704338  0.809082  0.809082  0.496547  0.768133  0.668695  0.546809  0.214250  0.921681  0.831787  0.122267  0.123102  0.157240  0.197687  0.258171  0.340826  0.399826  0.122498  0.423481  0.355176  0.685736  0.661812  0.773471  0.372860  0.636317  0.573575  0.280041  0.266901  0.730504  0.244440  0.054072  0.083010  0.106637  0.164617  0.258464  0.336640  0.445983  0.528600  0.312557  0.512089  0.449808  0.601129  0.535529  0.061971  0.340221  0.806217  0.749423  0.845841  0.849296  0.856226  0.830441  0.738928  0.646459  0.633718  0.470992  0.775645  0.949007  0.909955  0.611998  0.855436  0.882864  0.873217  0.774791  0.733146  0.631981  0.566243  0.700905  0.709206  0.039307  0.412241  0.254362  0.730590  0.577905  0.666427  0.872565  0.744656  0.671343  0.806124  0.736755  0.271943  0.717932  0.775920  0.772439  0.749812
  1.732000  0.708065  0.795730  0.823573  0.556840  0.464695  0.540373  0.744499  0.603410  0.194269  0.752791  0.809884  0.797219  0.845948  0.546507  0.610839  0.751777  0.102343  0.055584  0.049859  0.049201  0.055573  0.051238  0.089577  0.520544  0.667179  0.150767  0.513440  0.531960  0.092747  0.556807  0.671046  0.639508  0.558334  0.873504  0.882928  0.716877  0.516582  0.677749  0.203556  0.910067  0.721824  0.808993  0.758887  0.758887  0.697567  0.802951  0.802951  0.495201  0.768048  0.667507  0.548486  0.213565  0.920068  0.832007  0.124836  0.123909  0.162677  0.197364  0.257463  0.342790  0.395469  0.121018  0.424964  0.355467  0.684524  0.655873  0.770787  0.377930  0.639985  0.580662  0.285145  0.268966  0.734547  0.244552  0.051204  0.078891  0.107206  0.161831  0.258013  0.334680  0.443233  0.527915  0.313987  0.516491  0.452085  0.603384  0.537292  0.062079  0.338427  0.806091  0.749399  0.844801  0.849068  0.851532  0.830231  0.741101  0.643232  0.631206  0.470541  0.773178  0.943228  0.916224  0.609252  0.858741  0.881830  0.872463  0.772111  0.734897  0.633328  0.564168  0.696603  0.708082  0.039850  0.412144  0.252589  0.721656  0.575877  0.659999  0.870826  0.745976  0.674289  0.807818  0.732981  0.269698  0.715007  0.781515  0.771254  0.748261
  1.740000  0.712487  0.797146  0.827411  0.552217  0.463930  0.546433  0.750237  0.603399  0.197310  0.745144  0.805451  0.795112  0.846075  0.548100  0.610794  0.753297  0.102773  0.056183  0.047181  0.049336  0.054740  0.055219  0.086402  0.517145  0.666654  0.154647  0.514599  0.534028  0.094478  0.550341  0.668841  0.640215  0.550411  0.875763  0.881769  0.716235  0.484941  0.652569  0.211000  0.913264  0.717166  0.808185  0.753649  0.753649  0.688126  0.802271  0.802271  0.500511  0.768236  0.663971  0.552881  0.217411  0.923166  0.837608  0.125170  0.127586  0.159552  0.200067  0.261119  0.344379  0.397253  0.124612  0.426617  0.358502  0.671957  0.652217  0.768477  0.378961  0.638666  0.580378  0.290980  0.272411  0.738547  0.242769  0.052139  0.077074  0.105238  0.158173  0.249762  0.331340  0.438775  0.525054  0.316959  0.514848  0.458393  0.605864  0.537825  0.060458  0.337421  0.801208  0.745789  0.842721  0.845360  0.854708  0.827471  0.739402  0.645215  0.629556  0.467307  0.767410  0.940398  0.909743  0.611342  0.854839  0.879625  0.869868  0.773319  0.734876  0.631582  0.564840  0.697455  0.708449  0.038887  0.413068  0.251578  0.710540  0.571970  0.656594  0.868815  0.749129  0.673575  0.809815  0.743016  0.272004  0.706678  0.776400  0.769979  0.746676
  1.748000  0.706280  0.794843  0.827497  0.555240  0.463521  0.551691  0.751517  0.603862  0.199041  0.736746  0.801495  0.791783  0.837604  0.553939  0.605486  0.755215  0.102133  0.056121  0.051542  0.052868  0.057463  0.054030  0.083660  0.515226  0.666559  0.153934  0.514925  0.529348  0.091966  0.545049  0.662076  0.643724  0.556717  0.878369  0.880499  0.715551  0.468967  0.637159  0.220201  0.910553  0.714247  0.804705  0.748719  0.748719  0.685143  0.792799  0.792799  0.501460  0.762529  0.660213  0.554943  0.219151  0.920715  0.834293  0.125899  0.126363  0.159695  0.195905  0.263775  0.344459  0.399145  0.122516  0.426927  0.356178  0.661528  0.645751  0.766816  0.381924  0.640630  0.589665  0.292647  0.274079  0.740299  0.245002  0.051334  0.075118  0.103165  0.154151  0.248714  0.328984  0.437754  0.525433  0.315465  0.514785  0.461157  0.603599  0.539652  0.060069  0.340924  0.795430  0.744632  0.844702  0.845312  0.852225  0.825344  0.739573  0.641083  0.628096  0.465459  0.768016  0.938673  0.898963  0.612061  0.848402  0.875723  0.865417  0.768208  0.734479  0.631954  0.565887  0.698021  0.707184  0.039837  0.415472  0.256737  0.706349  0.570061  0.654840  0.868562  0.749275  0.669695  0.810769  0.741801  0.269768  0.701164  0.773686  0.764632  0.746433
  1.756000  0.708207  0.798028  0.825922  0.552251  0.463183  0.553351  0.757780  0.608121  0.203099  0.729331  0.795924  0.789564  0.829697  0.553650  0.605909  0.751401  0.103833  0.055790  0.048803  0.048811  0.052670  0.051474  0.083245  0.510819  0.659664  0.158548  0.516064  0.528411  0.094562  0.543319  0.665327  0.640310  0.553372  0.876781  0.883811  0.715345  0.480227  0.643481  0.223333  0.913276  0.704931  0.798563  0.741845  0.741845  0.680337  0.790618  0.790618  0.503811  0.766735  0.658813  0.557738  0.220470  0.919855  0.834238  0.124175  0.127150  0.161539  0.200298  0.263222  0.348918  0.401339  0.123332  0.429085  0.360564  0.663040  0.639471  0.766457  0.387836  0.645230  0.589069  0.296376  0.274552  0.743049  0.242525  0.050037  0.075120  0.100716  0.154664  0.244953  0.324087  0.431023  0.520963  0.315910  0.520765  0.461062  0.605663  0.540900  0.062820  0.342361  0.790610  0.741997  0.842375  0.841561  0.847295  0.825838  0.737972  0.641720  0.626495  0.462716  0.763349  0.941539  0.902276  0.608261  0.845980  0.875547  0.865974  0.769961  0.735461  0.631132  0.563994  0.694696  0.704259  0.040511  0.414596  0.257069  0.698253  0.573592  0.648584  0.870930  0.744182  0.671758  0.808782  0.739932  0.270404  0.709086  0.769297  0.765362  0.746603
  1.764000  0.706298  0.794036  0.821155  0.547181  0.456857  0.558181  0.752800  0.607968  0.206652  0.720250  0.790608  0.786113  0.826062  0.552979  0.602646  0.753349  0.103819  0.055769  0.047010  0.049644  0.055464  0.054917  0.079981  0.501443  0.653831  0.159934  0.517370  0.531184  0.094604  0.537405  0.658896  0.637835  0.550296  0.874040  0.885143  0.715749  0.493520  0.651572  0.228453  0.910477  0.695432  0.793104  0.736978  0.736978  0.673438  0.784495  0.784495  0.503603  0.759085  0.654238  0.558059  0.223745  0.919096  0.832601  0.126112  0.126112  0.163220  0.199678  0.263664  0.348855  0.401122  0.124653  0.430094  0.358359  0.658804  0.633467  0.762029  0.384993  0.645361  0.592971  0.298723  0.278668  0.746631  0.240478  0.048346  0.073621  0.098085  0.150925  0.242893  0.320624  0.429012  0.517136  0.313084  0.525259  0.463555  0.597052  0.541183  0.060883  0.340635  0.785602  0.738006  0.839605  0.835842  0.840770  0.822645  0.735047  0.640013  0.622392  0.459110  0.754407  0.935611  0.899457  0.603891  0.838892  0.873671  0.862883  0.764021  0.733455  0.629152  0.562032  0.692410  0.702260  0.039919  0.411856  0.253014  0.688170  0.568784  0.643552  0.865009  0.739669  0.670980  0.804245  0.737286  0.268474  0.709825  0.765965  0.767800  0.756700
  1.772000  0.699446  0.790122  0.817316  0.542358  0.459367  0.559566  0.756228  0.610479  0.207741  0.712024  0.786201  0.782702  0.816679  0.552197  0.595360  0.750944  0.102684  0.056638  0.051597  0.049906  0.055148  0.056251  0.079448  0.491259  0.651778  0.163905  0.518701  0.530828  0.095250  0.536524  0.663400  0.634915  0.554241  0.876393  0.883267  0.714669  0.502755  0.661461  0.231671  0.909984  0.687804  0.787520  0.731105  0.731105  0.667728  0.776793  0.776793  0.506197  0.760096  0.651612  0.559439  0.225628  0.919258  0.832680  0.125154  0.128508  0.163921  0.201942  0.267454  0.349088  0.401461  0.123539  0.431147  0.358198  0.648241  0.624907  0.761102  0.390080  0.646813  0.593454  0.305741  0.279401  0.745127  0.236800  0.045190  0.071758  0.096352  0.148597  0.241380  0.317477  0.427209  0.516148  0.318043  0.526517  0.461001  0.596951  0.541988  0.060470  0.344489  0.783952  0.735136  0.836938  0.829717  0.834315  0.821047  0.730720  0.638379  0.618562  0.449046  0.747802  0.931803  0.898687  0.598204  0.836977  0.864613  0.859301  0.760521  0.730831  0.626588  0.563347  0.690894  0.699597  0.039717  0.413485  0.254197  0.683152  0.569322  0.638813  0.871674  0.737457  0.671608  0.806643  0.736605  0.269025  0.710738  0.759546  0.758903  0.756335
  1.780000  0.694893  0.786778  0.819589  0.539758  0.460967  0.563810  0.760195  0.612214  0.211999  0.705066  0.784120  0.786256  0.803470  0.557074  0.593940  0.750580  0.102698  0.055854  0.050331  0.050682  0.053694  0.052120  0.077673  0.479799  0.643245  0.164675  0.519619  0.530502  0.096173  0.532697  0.661465  0.634822  0.551422  0.872198  0.883410  0.718005  0.511073  0.662553  0.233747  0.904734  0.675620  0.783450  0.717386  0.717386  0.658694  0.768027  0.768027  0.509475  0.757515  0.651907  0.562277  0.225527  0.922294  0.834174  0.125263  0.129079  0.163512  0.203250  0.264207  0.348802  0.404174  0.125075  0.433926  0.359180  0.647838  0.620054  0.757035  0.389387  0.646408  0.598957  0.310279  0.280108  0.748286  0.240413  0.046690  0.071018  0.097139  0.148332  0.239428  0.317048  0.426522  0.516306  0.317320  0.525882  0.465139  0.599081  0.542554  0.061050  0.343687  0.778956  0.733078  0.835491  0.826153  0.832538  0.820365  0.732889  0.638498  0.616729  0.441933  0.735485  0.921979  0.896160  0.595897  0.829729  0.861116  0.852275  0.755117  0.730560  0.626594  0.560926  0.688780  0.701159  0.040097  0.411269  0.254366  0.675458  0.568181  0.634830  0.866049  0.739023  0.671170  0.806867  0.733574  0.268199  0.701115  0.762725  0.765376  0.745540
  1.788000  0.685204  0.782056  0.824295  0.536477  0.460827  0.575895  0.765528  0.611280  0.216067  0.704330  0.781352  0.784992  0.776139  0.552444  0.595964  0.754798  0.104699  0.057137  0.050917  0.051072  0.055936  0.054646  0.077684  0.463936  0.632931  0.164853  0.519389  0.530865  0.100618  0.529044  0.656285  0.636568  0.549678  0.874484  0.877987  0.716561  0.540062  0.680453  0.237518  0.905303  0.669627  0.778581  0.715239  0.715239  0.650666  0.761218  0.761218  0.511972  0.755792  0.647743  0.567828  0.229188  0.920354  0.835153  0.126098  0.127772  0.163481  0.207839  0.264472  0.355419  0.406379  0.125903  0.429036  0.361567  0.635245  0.617041  0.761030  0.390235  0.648469  0.600968  0.312724  0.283127  0.752362  0.245397  0.048779  0.072792  0.095330  0.145976  0.236965  0.316078  0.423483  0.515695  0.320009  0.533257  0.471447  0.601502  0.542892  0.062961  0.343344  0.778348  0.731566  0.835808  0.823909  0.828618  0.821195  0.731902  0.638398  0.617628  0.443042  0.729492  0.916909  0.883263  0.593790  0.816208  0.846607  0.843166  0.748685  0.731405  0.626328  0.563205  0.685971  0.703565  0.039939  0.413971  0.254467  0.670403  0.564110  0.631595  0.865500  0.743757  0.671152  0.811058  0.738558  0.270394  0.703653  0.767471  0.768758  0.752666
  1.796000  0.685562  0.780418  0.817706  0.532575  0.455700  0.576574  0.765248  0.613897  0.220377  0.699423  0.778668  0.786506  0.785509  0.550915  0.589517  0.751878  0.104368  0.055837  0.049865  0.050192  0.054328  0.052130  0.078638  0.458012  0.627810  0.167272  0.525148  0.533470  0.097016  0.528623  0.656561  0.633643  0.551471  0.877095  0.879686  0.719716  0.559797  0.695920  0.239331  0.905854  0.662148  0.773372  0.710318  0.710318  0.644855  0.752328  0.752328  0.512523  0.754438  0.642958  0.568494  0.231161  0.920541  0.834896  0.126537  0.125236  0.164564  0.200451  0.266370  0.350511  0.409456  0.126475  0.432783  0.362359  0.629035  0.608300  0.755754  0.394191  0.650839  0.605283  0.317190  0.285145  0.752882  0.236436  0.046287  0.070146  0.095001  0.145360  0.236371  0.313045  0.422504  0.512205  0.318284  0.535490  0.467713  0.598511  0.541761  0.062945  0.346694  0.773091  0.729200  0.833238  0.818608  0.821820  0.815682  0.724129  0.638774  0.612520  0.449788  0.720132  0.912166  0.878793  0.589840  0.813600  0.842900  0.838530  0.744720  0.725380  0.619967  0.559717  0.683505  0.695110  0.039961  0.415336  0.257770  0.660494  0.565111  0.629811  0.872474  0.740066  0.670115  0.811258  0.735471  0.267092  0.703438  0.753704  0.763060  0.751502
  1.805000  0.682808  0.778402  0.816416  0.525925  0.456285  0.579627  0.764107  0.647092  0.223538  0.693878  0.774557  0.787215  0.794899  0.552492  0.586784  0.751446  0.102713  0.055199  0.048414  0.049092  0.054634  0.051312  0.077232  0.448471  0.622396  0.169412  0.524484  0.534287  0.096835  0.526591  0.657329  0.631228  0.551751  0.876702  0.879390  0.718224  0.577540  0.706814  0.240377  0.909185  0.655191  0.769321  0.697423  0.697423  0.641077  0.745284  0.745284  0.513853  0.750500  0.642697  0.567891  0.232370  0.920239  0.831814  0.126349  0.125604  0.163658  0.203107  0.267677  0.359322  0.410680  0.124249  0.433783  0.360200  0.626637  0.602398  0.749629  0.396861  0.649106  0.606024  0.321460  0.286567  0.753385  0.238822  0.045131  0.069981  0.093066  0.143219  0.233042  0.310369  0.420201  0.509761  0.319354  0.532882  0.470275  0.595678  0.540447  0.061470  0.347695  0.767184  0.728677  0.830582  0.808433  0.803915  0.808698  0.714832  0.633130  0.606916  0.459004  0.712431  0.906957  0.878307  0.585172  0.806872  0.840247  0.836804  0.742275  0.725326  0.619977  0.556418  0.681309  0.694273  0.040812  0.415237  0.257209  0.659802  0.566170  0.624914  0.863926  0.735218  0.665561  0.807458  0.734962  0.267381  0.692572  0.753154  0.761116  0.749768
  1.815000  0.675200  0.769807  0.814117  0.524362  0.455703  0.572688  0.763101  0.634998  0.228124  0.691971  0.772977  0.787790  0.792184  0.551401  0.584368  0.750326  0.102889  0.055257  0.048077  0.049366  0.052711  0.052131  0.078427  0.434298  0.610416  0.170538  0.524633  0.532499  0.096688  0.523536  0.655509  0.629909  0.553069  0.872693  0.875472  0.719858  0.589716  0.716723  0.242740  0.904729  0.652093  0.765439  0.699824  0.699824  0.636709  0.736985  0.736985  0.515459  0.750165  0.639323  0.568981  0.233515  0.917223  0.831856  0.125588  0.126147  0.165836  0.205059  0.268040  0.358504  0.407883  0.124281  0.433542  0.360904  0.620938  0.597292  0.746137  0.394764  0.648247  0.606701  0.324891  0.287525  0.752883  0.237719  0.044928  0.068062  0.091737  0.142146  0.230121  0.307176  0.418302  0.507937  0.320405  0.537545  0.471986  0.593714  0.541657  0.060752  0.346193  0.752006  0.723891  0.824884  0.786719  0.778424  0.802231  0.700137  0.630609  0.600417  0.466222  0.701746  0.903155  0.872951  0.581856  0.801970  0.837193  0.829740  0.737319  0.723166  0.619457  0.554797  0.678996  0.690884  0.039736  0.412637  0.255864  0.653405  0.566246  0.620238  0.860190  0.729209  0.663758  0.803291  0.729379  0.267372  0.686095  0.747602  0.756206  0.741744
  1.825000  0.671808  0.768694  0.813429  0.520654  0.457335  0.558177  0.751630  0.618538  0.231338  0.690649  0.770805  0.786968  0.777747  0.550830  0.581506  0.746669  0.102904  0.056174  0.048238  0.050587  0.054129  0.052318  0.080128  0.423658  0.603494  0.173387  0.523322  0.530815  0.096950  0.517930  0.657462  0.628498  0.550552  0.873850  0.872924  0.719547  0.599627  0.719232  0.245298  0.903905  0.645553  0.765490  0.701094  0.701094  0.633410  0.739626  0.739626  0.515992  0.751093  0.633717  0.570939  0.234880  0.918439  0.829661  0.125204  0.124089  0.166474  0.204026  0.270672  0.354978  0.411863  0.124179  0.435783  0.359473  0.614790  0.592502  0.743211  0.395303  0.648514  0.607890  0.327044  0.289857  0.753244  0.238103  0.045806  0.068819  0.092224  0.141494  0.229308  0.305872  0.414789  0.506963  0.318634  0.538894  0.472767  0.590932  0.541038  0.061781  0.349706  0.743371  0.720815  0.819571  0.767551  0.748092  0.792821  0.677620  0.628636  0.591114  0.476438  0.706873  0.899203  0.872527  0.578796  0.802836  0.832836  0.829490  0.734494  0.721467  0.616316  0.554519  0.678016  0.688927  0.040039  0.414265  0.255576  0.650883  0.563619  0.618518  0.858217  0.715940  0.658480  0.797748  0.722248  0.265224  0.691186  0.752745  0.755864  0.745681
  1.835000  0.674461  0.768354  0.813387  0.516759  0.458175  0.553787  0.754166  0.602274  0.229503  0.688636  0.769023  0.788593  0.749187  0.550445  0.580448  0.749667  0.102739  0.054489  0.051319  0.050276  0.053486  0.050552  0.081334  0.422730  0.601587  0.173333  0.525855  0.537291  0.098909  0.522928  0.660253  0.631444  0.552301  0.874280  0.876601  0.722101  0.595851  0.720152  0.243516  0.907732  0.642904  0.759369  0.696211  0.696211  0.631476  0.738713  0.738713  0.517009  0.746391  0.630885  0.574864  0.238083  0.917531  0.827024  0.127743  0.129231  0.168215  0.205337  0.272791  0.354944  0.414210  0.123689  0.436287  0.362368  0.608744  0.589083  0.742263  0.395940  0.649573  0.611881  0.336289  0.293015  0.755965  0.239806  0.044097  0.066439  0.090499  0.141253  0.228022  0.306245  0.414467  0.506904  0.319061  0.543844  0.474840  0.590311  0.542799  0.061987  0.348199  0.716744  0.708336  0.801330  0.721100  0.687817  0.774205  0.628818  0.626785  0.569824  0.484865  0.711749  0.907410  0.872354  0.580886  0.807996  0.837352  0.834840  0.736032  0.723067  0.618399  0.554500  0.677672  0.687792  0.039583  0.414353  0.256868  0.647993  0.564098  0.616667  0.856863  0.704113  0.652746  0.791206  0.714999  0.267917  0.694475  0.759187  0.758365  0.741455
  1.845000  0.659392  0.757163  0.809434  0.512213  0.457665  0.572777  0.761067  0.609648  0.223577  0.682712  0.760046  0.788504  0.724275  0.549887  0.576893  0.748520  0.104232  0.054142  0.049464  0.046494  0.052971  0.052369  0.083710  0.415810  0.596120  0.175304  0.521861  0.535828  0.099920  0.516383  0.655414  0.625414  0.556452  0.871394  0.872688  0.720371  0.584481  0.715892  0.241653  0.905084  0.630064  0.755526  0.692123  0.692123  0.624336  0.735838  0.735838  0.522086  0.740502  0.622252  0.577610  0.239503  0.915877  0.827983  0.127613  0.131232  0.167242  0.206222  0.271467  0.354995  0.407432  0.124701  0.442258  0.362458  0.599272  0.580237  0.737009  0.400084  0.649237  0.612618  0.338830  0.293463  0.754400  0.237858  0.043473  0.067244  0.091599  0.139612  0.227883  0.304215  0.414096  0.505329  0.317804  0.543785  0.475785  0.588752  0.539992  0.062894  0.352285  0.658678  0.687809  0.780884  0.661114  0.617154  0.735223  0.572513  0.618655  0.539244  0.489707  0.706207  0.902012  0.871486  0.580385  0.807537  0.833426  0.827487  0.735420  0.722301  0.616650  0.553993  0.674584  0.685766  0.040308  0.416247  0.257414  0.640260  0.563123  0.613884  0.854785  0.706396  0.647055  0.790260  0.711079  0.266372  0.684623  0.749098  0.751385  0.743886
  1.855000  0.640924  0.741309  0.805683  0.515212  0.458183  0.592165  0.770389  0.617325  0.210482  0.669345  0.746705  0.784580  0.733257  0.548799  0.567848  0.749389  0.102914  0.054185  0.048285  0.050604  0.055395  0.053035  0.084265  0.407041  0.596021  0.178618  0.523292  0.537897  0.099252  0.519640  0.654559  0.625548  0.563058  0.876481  0.872777  0.722702  0.554843  0.702518  0.232917  0.906047  0.633343  0.756572  0.687918  0.687918  0.623066  0.735106  0.735106  0.521703  0.732094  0.611351  0.581265  0.243768  0.920659  0.827578  0.127072  0.128371  0.167420  0.208788  0.273345  0.358678  0.417762  0.127684  0.438215  0.365112  0.579340  0.563611  0.735144  0.400970  0.650298  0.609414  0.343461  0.295375  0.754530  0.239204  0.044746  0.067087  0.090099  0.139784  0.228607  0.304442  0.413575  0.504926  0.312122  0.545168  0.476526  0.586847  0.543134  0.062296  0.352598  0.636957  0.674918  0.780986  0.668016  0.631671  0.730090  0.593226  0.614136  0.531908  0.492220  0.726891  0.913901  0.883353  0.582139  0.814877  0.845263  0.840904  0.739431  0.721181  0.615569  0.550874  0.669097  0.680746  0.041066  0.417777  0.257043  0.616949  0.554876  0.615683  0.855658  0.709694  0.637981  0.791749  0.708588  0.265183  0.675870  0.740399  0.746423  0.734193
  1.865000  0.627989  0.733760  0.798083  0.504656  0.459311  0.594831  0.769787  0.617219  0.185477  0.640290  0.715800  0.774051  0.728526  0.548406  0.556155  0.747989  0.102236  0.055112  0.047694  0.050153  0.055057  0.051514  0.080085  0.405794  0.592955  0.183141  0.517898  0.536587  0.101015  0.518901  0.647808  0.622100  0.560421  0.872357  0.866350  0.724561  0.508174  0.666390  0.218094  0.900518  0.616614  0.741297  0.671917  0.671917  0.607009  0.724667  0.724667  0.523500  0.718531  0.585002  0.580383  0.243178  0.918517  0.822393  0.125730  0.128790  0.167454  0.207046  0.272971  0.357162  0.411403  0.125234  0.439952  0.362375  0.546159  0.536340  0.726815  0.403030  0.647943  0.610612  0.344410  0.295636  0.749312  0.240403  0.043367  0.067539  0.090404  0.139114  0.227297  0.304675  0.412987  0.503872  0.300745  0.543890  0.477241  0.583179  0.538596  0.062625  0.353851  0.646025  0.680196  0.794880  0.686584  0.664121  0.738454  0.621594  0.615170  0.545187  0.492038  0.726407  0.914230  0.877230  0.576742  0.819635  0.842742  0.839126  0.731384  0.715891  0.601960  0.544609  0.654685  0.667794  0.039566  0.416822  0.256989  0.591833  0.548712  0.610563  0.854753  0.704718  0.629384  0.790110  0.702933  0.265425  0.672558  0.737030  0.734283  0.736664
  1.875000  0.649860  0.752379  0.806786  0.475035  0.461019  0.596171  0.771019  0.613490  0.149524  0.586193  0.657948  0.757127  0.720039  0.547018  0.524080  0.748347  0.102922  0.054967  0.050683  0.051733  0.054873  0.054148  0.077618  0.396355  0.585702  0.183594  0.518331  0.537436  0.100152  0.507505  0.642331  0.618600  0.562658  0.872406  0.869167  0.725733  0.437875  0.619150  0.194034  0.900975  0.572235  0.708079  0.625208  0.625208  0.565783  0.677881  0.677881  0.523238  0.679347  0.528657  0.585292  0.244725  0.915412  0.805346  0.126193  0.129258  0.168629  0.211622  0.277087  0.359544  0.414702  0.127949  0.439819  0.364624  0.491584  0.490319  0.716630  0.400791  0.649253  0.609349  0.349753  0.296223  0.749940  0.240359  0.042864  0.068334  0.090808  0.141330  0.228436  0.304829  0.413625  0.504215  0.272850  0.542305  0.471379  0.575495  0.533667  0.063214  0.354432  0.691068  0.689951  0.809417  0.746588  0.743186  0.778962  0.680868  0.616152  0.569802  0.478243  0.708844  0.905825  0.860125  0.560014  0.808878  0.824296  0.831446  0.718067  0.702361  0.569128  0.527094  0.623597  0.636323  0.040524  0.415958  0.257167  0.539710  0.535344  0.600617  0.848846  0.697848  0.617334  0.790863  0.704310  0.263965  0.658553  0.717821  0.727440  0.710859
  1.885000  0.668100  0.762667  0.813699  0.436309  0.459124  0.598808  0.771279  0.608536  0.111993  0.493428  0.563098  0.729078  0.706257  0.546119  0.480701  0.746222  0.102250  0.055810  0.048553  0.049204  0.055243  0.051871  0.070244  0.381292  0.573852  0.184942  0.507546  0.534561  0.101843  0.500701  0.631666  0.611851  0.563221  0.865881  0.861998  0.725285  0.370213  0.564589  0.164314  0.897519  0.514489  0.664619  0.571898  0.571898  0.510471  0.637665  0.637665  0.517237  0.618848  0.438587  0.585684  0.242085  0.910773  0.780819  0.124941  0.126799  0.168601  0.208174  0.273478  0.362470  0.413561  0.125140  0.440650  0.363209  0.411719  0.419145  0.699905  0.399033  0.647376  0.610721  0.349841  0.298373  0.743841  0.241749  0.043072  0.067900  0.089592  0.139509  0.228976  0.304504  0.413572  0.502342  0.245087  0.531433  0.461083  0.554977  0.519988  0.062158  0.351987  0.716016  0.674949  0.808695  0.784562  0.790859  0.788944  0.702532  0.620104  0.571977  0.459121  0.686259  0.893169  0.847447  0.532484  0.786645  0.802041  0.812630  0.699115  0.674905  0.525910  0.497769  0.569471  0.585084  0.040690  0.415083  0.255661  0.475969  0.510284  0.582824  0.840114  0.675101  0.586909  0.783422  0.697149  0.256673  0.625425  0.693841  0.700052  0.686351
  1.895000  0.669572  0.766448  0.810585  0.386973  0.457138  0.610697  0.776008  0.603599  0.076016  0.370195  0.443745  0.688722  0.690825  0.542120  0.454104  0.744247  0.102352  0.053624  0.049363  0.050064  0.052996  0.053493  0.065362  0.373399  0.572897  0.187713  0.502155  0.535604  0.101864  0.484425  0.612462  0.601361  0.563812  0.862967  0.865656  0.723639  0.307917  0.507679  0.134402  0.890653  0.450721  0.609730  0.505386  0.505386  0.450929  0.594146  0.594146  0.505268  0.539609  0.324165  0.587584  0.235647  0.907764  0.790922  0.128280  0.130599  0.166959  0.208977  0.275575  0.362487  0.417583  0.124606  0.444214  0.364937  0.313069  0.324936  0.681201  0.394589  0.647736  0.607806  0.349717  0.300705  0.741321  0.243343  0.044147  0.067721  0.091721  0.141656  0.230109  0.308018  0.415992  0.504795  0.205056  0.510876  0.448573  0.524320  0.499984  0.062046  0.351891  0.701727  0.638250  0.797651  0.796029  0.804381  0.787104  0.698695  0.621711  0.552446  0.427260  0.664605  0.882286  0.834022  0.496425  0.773040  0.773855  0.795838  0.682399  0.647092  0.470728  0.445933  0.495909  0.503821  0.040182  0.414468  0.256870  0.389837  0.467792  0.575905  0.832894  0.626661  0.521852  0.770296  0.668159  0.248816  0.593506  0.644108  0.664880  0.685194
  1.905000  0.665701  0.761888  0.807353  0.332961  0.454746  0.621987  0.777494  0.593413  0.050231  0.284640  0.367904  0.633306  0.677919  0.532360  0.427422  0.743983  0.104060  0.055212  0.050582  0.050012  0.054348  0.052416  0.059191  0.341406  0.550484  0.186515  0.489758  0.532811  0.100962  0.472756  0.592318  0.590535  0.564817  0.855179  0.858323  0.725387  0.252728  0.452529  0.109975  0.882996  0.383091  0.546607  0.449986  0.449986  0.382025  0.536212  0.536212  0.493694  0.502619  0.271877  0.587358  0.222473  0.910267  0.794957  0.127730  0.129402  0.167396  0.209385  0.277570  0.361825  0.417748  0.124437  0.441495  0.365385  0.223303  0.233779  0.656358  0.392865  0.644534  0.604600  0.349447  0.299516  0.738914  0.244116  0.046937  0.069139  0.093171  0.141338  0.232011  0.309967  0.415969  0.502810  0.184753  0.492733  0.432115  0.492062  0.480904  0.062598  0.335857  0.668548  0.587163  0.768334  0.788554  0.800758  0.775136  0.680584  0.621211  0.520218  0.387112  0.642576  0.872468  0.822239  0.447047  0.750312  0.746688  0.776879  0.659646  0.609435  0.417112  0.397918  0.426661  0.430615  0.041124  0.412626  0.254482  0.303742  0.418825  0.566097  0.823215  0.573656  0.445883  0.754978  0.628855  0.237733  0.559187  0.613376  0.640379  0.673698
  1.915000  0.621214  0.726341  0.795655  0.317409  0.455471  0.624883  0.780819  0.592278  0.034016  0.263310  0.357714  0.573149  0.666149  0.521209  0.403933  0.742365  0.103557  0.053573  0.047380  0.050615  0.054469  0.051674  0.054430  0.325052  0.540603  0.186889  0.478685  0.530408  0.100950  0.461626  0.579941  0.580757  0.568996  0.854324  0.856366  0.725293  0.204338  0.396671  0.087826  0.878237  0.362559  0.523557  0.445487  0.445487  0.352868  0.519476  0.519476  0.481211  0.533178  0.294570  0.588438  0.220592  0.909308  0.795097  0.126315  0.131973  0.170275  0.211546  0.277486  0.361881  0.417805  0.124197  0.444203  0.365961  0.191153  0.186930  0.639656  0.387463  0.645061  0.603232  0.353619  0.301325  0.736712  0.245806  0.045036  0.070779  0.092510  0.141519  0.233868  0.309910  0.418740  0.504985  0.194130  0.493534  0.431894  0.486300  0.481486  0.061704  0.336373  0.642247  0.545303  0.739495  0.774342  0.790120  0.762019  0.676864  0.618704  0.483142  0.339173  0.625892  0.859445  0.812509  0.423338  0.741261  0.737859  0.762065  0.653557  0.602665  0.402913  0.398182  0.415174  0.421449  0.040022  0.408618  0.255274  0.244883  0.390291  0.556143  0.815386  0.564790  0.436282  0.753854  0.620278  0.229617  0.530803  0.586614  0.623700  0.662065
  1.925000  0.529964  0.646054  0.765095  0.336717  0.459420  0.625244  0.778091  0.588119  0.026365  0.288317  0.383864  0.530404  0.658720  0.527304  0.388189  0.743043  0.102378  0.056638  0.049989  0.049444  0.055209  0.053475  0.050457  0.315734  0.532769  0.188459  0.470666  0.524637  0.101482  0.459799  0.569658  0.579814  0.571674  0.851791  0.857349  0.728365  0.156869  0.333066  0.071826  0.872022  0.385156  0.546721  0.474270  0.474270  0.367896  0.540571  0.540571  0.477132  0.571982  0.342487  0.592858  0.226934  0.908137  0.787383  0.126863  0.129463  0.169026  0.214533  0.279265  0.366657  0.418108  0.125648  0.444731  0.366164  0.203461  0.188441  0.627076  0.391034  0.641904  0.601765  0.359346  0.299170  0.732400  0.245318  0.045814  0.070050  0.093135  0.146422  0.236773  0.313693  0.419656  0.506082  0.208630  0.510809  0.438295  0.497882  0.488837  0.063036  0.342597  0.628132  0.516803  0.713426  0.764178  0.779472  0.743325  0.677541  0.618519  0.449528  0.292650  0.629400  0.859155  0.809902  0.443809  0.749547  0.747709  0.765912  0.656602  0.616893  0.422406  0.420862  0.444219  0.449045  0.040738  0.409829  0.256821  0.231496  0.380623  0.545396  0.816225  0.580377  0.461670  0.757425  0.634621  0.221039  0.533703  0.588832  0.616488  0.655774
  1.935000  0.532981  0.646822  0.764248  0.354439  0.466795  0.619657  0.773091  0.591067  0.024778  0.324095  0.418659  0.522880  0.653356  0.526440  0.384907  0.740309  0.102536  0.055534  0.048880  0.048505  0.055445  0.050900  0.046703  0.310223  0.525701  0.192177  0.461360  0.524802  0.100093  0.463457  0.565911  0.577819  0.571181  0.851459  0.849426  0.730271  0.127168  0.268147  0.057907  0.870538  0.408067  0.567495  0.493933  0.493933  0.383497  0.560858  0.560858  0.477921  0.591346  0.374953  0.593811  0.230715  0.909290  0.790175  0.129121  0.129493  0.170180  0.213747  0.278494  0.367300  0.424057  0.122996  0.441489  0.367334  0.228743  0.212680  0.622811  0.394455  0.643104  0.600495  0.363738  0.301589  0.728051  0.251862  0.045743  0.070858  0.095258  0.147688  0.236495  0.316317  0.422223  0.507628  0.218120  0.519568  0.448095  0.507986  0.492594  0.064646  0.345258  0.625800  0.505152  0.693874  0.758402  0.764942  0.734743  0.677740  0.615891  0.426483  0.253312  0.628151  0.859447  0.809911  0.464886  0.747628  0.752249  0.771013  0.659541  0.628573  0.441414  0.441414  0.470022  0.473779  0.040828  0.411271  0.255314  0.251804  0.377319  0.543217  0.819767  0.599906  0.486782  0.760345  0.647815  0.216804  0.533850  0.590064  0.615425  0.630439
  1.945000  0.582867  0.690069  0.784289  0.365766  0.469897  0.599274  0.768758  0.587644  0.024605  0.351298  0.445754  0.525222  0.644603  0.529026  0.385769  0.739488  0.102751  0.056050  0.048362  0.050700  0.053345  0.050145  0.042003  0.306006  0.519591  0.196114  0.460176  0.526299  0.102099  0.463829  0.566027  0.576541  0.571299  0.849912  0.848895  0.734294  0.118140  0.243382  0.052369  0.871522  0.419160  0.582494  0.506810  0.506810  0.395036  0.567253  0.567253  0.478729  0.604435  0.394883  0.594233  0.234781  0.911221  0.790736  0.128634  0.129842  0.172224  0.214885  0.281526  0.368521  0.423822  0.126398  0.443372  0.368188  0.257609  0.237420  0.618785  0.398438  0.639720  0.597287  0.367295  0.302992  0.726799  0.252277  0.048361  0.074160  0.097577  0.151389  0.242530  0.320588  0.426643  0.511329  0.223773  0.516701  0.451456  0.513587  0.496362  0.061717  0.348834  0.625687  0.504247  0.691771  0.754616  0.761769  0.734042  0.680354  0.614937  0.415156  0.219600  0.630078  0.854894  0.811200  0.473364  0.748401  0.758233  0.769293  0.662501  0.635975  0.456155  0.451332  0.486254  0.490499  0.040804  0.412762  0.256703  0.289026  0.383277  0.541978  0.823209  0.604504  0.501319  0.761579  0.653372  0.216348  0.526317  0.581174  0.626323  0.615791
  1.955000  0.612209  0.717727  0.792562  0.375866  0.477283  0.602247  0.770326  0.592583  0.024516  0.373915  0.465551  0.531502  0.633293  0.529024  0.386412  0.740777  0.101526  0.056412  0.048693  0.049312  0.053546  0.051478  0.041094  0.302880  0.521261  0.196508  0.464603  0.525037  0.102829  0.466517  0.565054  0.578633  0.574585  0.848786  0.848509  0.733087  0.131199  0.271005  0.047580  0.866587  0.432186  0.590084  0.514915  0.514915  0.405718  0.577770  0.577770  0.483963  0.609517  0.405000  0.596953  0.241063  0.910133  0.788439  0.126222  0.130859  0.171109  0.217480  0.280915  0.369020  0.420678  0.126082  0.446372  0.369468  0.278377  0.257728  0.620571  0.399611  0.640245  0.599972  0.367890  0.300595  0.723058  0.254073  0.046875  0.073774  0.100856  0.153031  0.244381  0.324214  0.429786  0.514069  0.228557  0.526168  0.455093  0.518411  0.501007  0.063560  0.349458  0.631263  0.508103  0.695525  0.753513  0.761598  0.735048  0.681500  0.612651  0.407585  0.189691  0.634586  0.859625  0.817639  0.481873  0.747029  0.762154  0.771706  0.662734  0.642700  0.466026  0.457539  0.497368  0.502190  0.039857  0.410133  0.255193  0.306088  0.392410  0.541313  0.818276  0.607136  0.512730  0.761607  0.656895  0.215919  0.516745  0.565967  0.611896  0.610981
  1.965000  0.626847  0.726528  0.799914  0.380154  0.479092  0.628839  0.779994  0.599129  0.024654  0.394078  0.479130  0.535066  0.622478  0.528857  0.393747  0.740410  0.103033  0.054380  0.047923  0.050553  0.054021  0.048989  0.039183  0.301296  0.519858  0.196375  0.464534  0.528984  0.102300  0.468562  0.570547  0.580822  0.581827  0.856328  0.850299  0.736441  0.154756  0.315353  0.040741  0.871282  0.443457  0.604477  0.525308  0.525308  0.412957  0.588000  0.588000  0.487968  0.625175  0.416915  0.601659  0.244779  0.914445  0.795779  0.129060  0.130082  0.171615  0.217609  0.281720  0.371942  0.421466  0.125001  0.452175  0.369343  0.295628  0.276422  0.621969  0.396422  0.639669  0.598681  0.378662  0.302449  0.718812  0.256341  0.047271  0.076107  0.102686  0.157761  0.250657  0.329958  0.434968  0.514705  0.237024  0.534120  0.459897  0.520168  0.505469  0.063542  0.352690  0.631552  0.513841  0.692940  0.749566  0.759103  0.733339  0.683591  0.614476  0.397293  0.160574  0.639310  0.861050  0.820512  0.488081  0.751201  0.770086  0.776218  0.667414  0.649253  0.477260  0.467518  0.509093  0.512373  0.040594  0.413451  0.256860  0.329592  0.401732  0.545481  0.820198  0.608574  0.522848  0.761246  0.657450  0.216136  0.510438  0.562758  0.598464  0.612232
  1.975000  0.626314  0.725507  0.797989  0.393077  0.483464  0.648561  0.787065  0.607191  0.022463  0.419541  0.500206  0.543258  0.613728  0.528879  0.400459  0.741571  0.104232  0.055488  0.048588  0.050404  0.054707  0.051521  0.038731  0.297676  0.517666  0.210199  0.473779  0.530892  0.104477  0.471037  0.575395  0.582543  0.584756  0.851172  0.851820  0.737337  0.161872  0.327606  0.037903  0.868728  0.453083  0.613185  0.532585  0.532585  0.424742  0.592555  0.592555  0.492905  0.631192  0.431009  0.605151  0.248746  0.912793  0.794054  0.128970  0.130550  0.176113  0.219351  0.285091  0.375193  0.425777  0.125562  0.452578  0.371986  0.307830  0.289466  0.625891  0.401770  0.637064  0.593710  0.379839  0.303103  0.717243  0.259721  0.049992  0.079435  0.104049  0.161157  0.255146  0.333092  0.438677  0.520285  0.242594  0.534050  0.463837  0.524188  0.509362  0.064169  0.354017  0.636206  0.520636  0.694396  0.749550  0.757336  0.732514  0.686030  0.619235  0.395232  0.151313  0.641080  0.863734  0.824156  0.494922  0.753970  0.772702  0.778002  0.673673  0.654601  0.485963  0.473814  0.520192  0.525206  0.040797  0.413370  0.256347  0.353247  0.411365  0.549870  0.817829  0.611769  0.524368  0.759987  0.657514  0.219514  0.504935  0.556207  0.596858  0.622860
  1.985000  0.626262  0.724584  0.800057  0.400806  0.486184  0.650305  0.789071  0.616493  0.023103  0.446050  0.519934  0.557306  0.589514  0.530294  0.409814  0.741197  0.103823  0.057986  0.049820  0.051147  0.055653  0.053691  0.039972  0.299646  0.516226  0.210053  0.473841  0.527172  0.105777  0.476759  0.576217  0.584504  0.589252  0.856830  0.853683  0.738763  0.178733  0.347922  0.033200  0.871949  0.464598  0.621835  0.544185  0.544185  0.434341  0.603854  0.603854  0.496045  0.643420  0.445514  0.605295  0.254643  0.918346  0.797462  0.130502  0.133839  0.177030  0.220593  0.287142  0.375749  0.426820  0.126509  0.453603  0.371789  0.321235  0.302727  0.626676  0.401002  0.636108  0.593947  0.382679  0.302560  0.712887  0.263027  0.052017  0.079968  0.108145  0.164168  0.261576  0.336855  0.442976  0.523308  0.250780  0.543267  0.466683  0.529325  0.510848  0.063131  0.358326  0.643101  0.528846  0.697344  0.752802  0.757563  0.734979  0.684058  0.617513  0.396404  0.160742  0.645531  0.859571  0.820014  0.499685  0.752936  0.776524  0.779675  0.674291  0.661888  0.498454  0.480819  0.531989  0.535555  0.040629  0.414728  0.258552  0.378394  0.420055  0.552038  0.813787  0.614645  0.532694  0.762782  0.656983  0.221469  0.499020  0.565758  0.602936  0.630660
  1.995000  0.616184  0.719397  0.794917  0.406710  0.494044  0.653825  0.792530  0.620969  0.026471  0.473251  0.542649  0.573896  0.535638  0.537081  0.414369  0.741416  0.102561  0.057373  0.051061  0.048371  0.055609  0.051733  0.039750  0.295950  0.510381  0.213817  0.473665  0.527195  0.107110  0.474849  0.584367  0.586140  0.595840  0.851845  0.849720  0.742076  0.223684  0.396127  0.036076  0.873228  0.474625  0.634185  0.552728  0.552728  0.444792  0.607781  0.607781  0.502734  0.652244  0.465517  0.608508  0.259504  0.917077  0.800641  0.130028  0.131510  0.180410  0.221530  0.286637  0.377675  0.428149  0.128874  0.452545  0.374339  0.341115  0.318661  0.628448  0.403476  0.632513  0.590101  0.386270  0.300306  0.703332  0.267620  0.053044  0.085219  0.109433  0.167617  0.263777  0.343300  0.449825  0.526997  0.257791  0.542046  0.472208  0.532715  0.515437  0.064948  0.358588  0.647403  0.537189  0.702409  0.750831  0.751347  0.732269  0.686654  0.618987  0.401679  0.171417  0.641288  0.859354  0.819221  0.505647  0.752217  0.774335  0.769427  0.674406  0.667598  0.507161  0.489260  0.545851  0.547776  0.040487  0.415963  0.256685  0.401655  0.433973  0.553405  0.808956  0.620500  0.540751  0.764226  0.659096  0.221501  0.506804  0.571992  0.605499  0.635902
  2.005000  0.604666  0.712843  0.793916  0.412978  0.496260  0.653787  0.793916  0.621092  0.028618  0.500605  0.565490  0.592343  0.541266  0.534631  0.420379  0.739884  0.102753  0.054061  0.048459  0.050413  0.055532  0.053651  0.039662  0.298750  0.510637  0.219385  0.472593  0.529244  0.105429  0.477867  0.586713  0.590013  0.600061  0.857168  0.850523  0.742411  0.293242  0.474780  0.035195  0.882154  0.484707  0.640720  0.565753  0.565753  0.456675  0.608401  0.608401  0.509371  0.669770  0.480535  0.609311  0.263011  0.916844  0.800453  0.129236  0.135064  0.175490  0.220820  0.289092  0.375219  0.428319  0.127265  0.451769  0.374483  0.360109  0.336321  0.632077  0.405393  0.632209  0.589028  0.387752  0.301138  0.690857  0.266405  0.053724  0.086383  0.114877  0.172471  0.270770  0.347503  0.451432  0.529551  0.267603  0.549132  0.477858  0.538005  0.517696  0.064503  0.361966  0.648783  0.543440  0.703626  0.747864  0.741910  0.734480  0.682326  0.616978  0.406408  0.175377  0.637168  0.856175  0.820797  0.506488  0.751414  0.778467  0.781058  0.674024  0.672843  0.516958  0.497653  0.558643  0.565654  0.041008  0.415023  0.259714  0.426035  0.444949  0.555399  0.800314  0.622030  0.544748  0.765241  0.656085  0.220309  0.516437  0.573241  0.623195  0.641095
  2.015000  0.592994  0.698672  0.788256  0.421780  0.501349  0.660380  0.793806  0.624062  0.031434  0.521660  0.589057  0.613182  0.572257  0.533677  0.427720  0.746631  0.102587  0.055353  0.052233  0.049680  0.054906  0.050547  0.043532  0.290281  0.510037  0.220463  0.476264  0.536065  0.108178  0.481998  0.591771  0.585930  0.602667  0.853055  0.851031  0.744947  0.347051  0.524438  0.033894  0.890415  0.494997  0.649204  0.567753  0.567753  0.466995  0.614839  0.614839  0.513203  0.676741  0.494997  0.613901  0.269605  0.919729  0.803176  0.129822  0.132229  0.179824  0.221123  0.290571  0.379557  0.429375  0.127681  0.459698  0.375565  0.376868  0.354822  0.637645  0.406177  0.630970  0.584974  0.394071  0.301279  0.686250  0.272503  0.056375  0.090956  0.119629  0.179748  0.276682  0.357764  0.455651  0.536126  0.274959  0.550301  0.482028  0.543490  0.520800  0.064106  0.362858  0.653005  0.552613  0.711137  0.745815  0.738638  0.734871  0.680272  0.619555  0.410694  0.181248  0.632019  0.854305  0.820174  0.512088  0.745733  0.775875  0.774671  0.676610  0.677620  0.529232  0.503797  0.568968  0.577223  0.040416  0.417235  0.262869  0.449503  0.454782  0.554992  0.806583  0.623931  0.549347  0.765828  0.654986  0.223568  0.518759  0.582933  0.627110  0.641654
  2.025000  0.574923  0.685184  0.787603  0.427895  0.506327  0.655242  0.795603  0.628525  0.036127  0.540404  0.603035  0.632906  0.576687  0.538813  0.434133  0.745548  0.103961  0.053854  0.048369  0.049211  0.054352  0.053543  0.043940  0.293596  0.511536  0.218308  0.481141  0.537497  0.105660  0.482684  0.596756  0.589859  0.600094  0.861805  0.852037  0.746376  0.381206  0.555688  0.034818  0.889241  0.502360  0.653796  0.580625  0.580625  0.476263  0.620088  0.620088  0.516878  0.689423  0.510121  0.616542  0.268720  0.920171  0.806256  0.134170  0.133155  0.181567  0.220758  0.292407  0.380286  0.428513  0.126859  0.456185  0.374664  0.393568  0.371795  0.641029  0.408996  0.626426  0.582946  0.394476  0.297707  0.673919  0.274157  0.056131  0.091916  0.120534  0.180623  0.281348  0.362792  0.461355  0.534239  0.278876  0.558701  0.486364  0.545557  0.523861  0.063817  0.366949  0.656501  0.559861  0.716369  0.747164  0.731923  0.733941  0.673438  0.618165  0.414896  0.206126  0.632969  0.847621  0.819342  0.515832  0.747705  0.773574  0.771637  0.671863  0.681199  0.536604  0.510079  0.581993  0.590420  0.040684  0.416764  0.263186  0.468164  0.459452  0.558449  0.805026  0.625720  0.556616  0.761540  0.655783  0.224820  0.533945  0.592226  0.635801  0.665124
  2.035000  0.556649  0.672037  0.779991  0.425181  0.514312  0.663416  0.797548  0.630145  0.037459  0.553930  0.618348  0.641822  0.566375  0.543317  0.442298  0.746312  0.103949  0.054638  0.046487  0.049654  0.054522  0.050467  0.042056  0.287902  0.509910  0.229807  0.487033  0.545039  0.109766  0.484310  0.599413  0.593114  0.605083  0.863526  0.850677  0.749769  0.398023  0.575613  0.032703  0.894432  0.505745  0.660832  0.580565  0.580565  0.483994  0.620239  0.620239  0.520190  0.696405  0.522075  0.618255  0.274170  0.921955  0.805252  0.131819  0.138183  0.182738  0.225263  0.287621  0.383371  0.432261  0.125395  0.460890  0.377964  0.412689  0.391448  0.639795  0.408695  0.627832  0.584215  0.398528  0.300741  0.660533  0.278823  0.058555  0.094112  0.127763  0.188851  0.291097  0.371081  0.468753  0.540714  0.285044  0.564822  0.487193  0.546601  0.528372  0.062291  0.361324  0.652584  0.563515  0.719310  0.736093  0.714829  0.735852  0.664616  0.619306  0.417025  0.225799  0.624061  0.841923  0.819044  0.516061  0.742085  0.766374  0.768496  0.671085  0.682252  0.542850  0.514166  0.588839  0.600695  0.041375  0.419607  0.262572  0.487850  0.468152  0.560522  0.804928  0.624869  0.559613  0.760654  0.654285  0.227954  0.537523  0.601221  0.639531  0.675020
  2.045000  0.544845  0.658525  0.774496  0.430647  0.518609  0.664691  0.802482  0.635958  0.042676  0.563069  0.626312  0.645464  0.544334  0.542449  0.443535  0.748972  0.102114  0.054275  0.050804  0.051916  0.054693  0.055128  0.043055  0.289470  0.506912  0.230334  0.488536  0.549302  0.107993  0.486268  0.608889  0.591603  0.609665  0.865307  0.850982  0.751932  0.409156  0.587759  0.034847  0.896847  0.507476  0.660618  0.587235  0.587235  0.486330  0.618142  0.618142  0.524108  0.700228  0.531341  0.619403  0.277878  0.926191  0.809994  0.135233  0.135601  0.181108  0.226614  0.295656  0.385291  0.434750  0.127076  0.466225  0.377275  0.425684  0.403519  0.639371  0.413531  0.627427  0.579300  0.399019  0.296419  0.673137  0.283869  0.060089  0.098877  0.131029  0.197055  0.296784  0.374792  0.475297  0.544599  0.290209  0.563600  0.488065  0.549533  0.531134  0.065082  0.365409  0.650052  0.569981  0.720923  0.726584  0.703734  0.734374  0.653206  0.619594  0.420412  0.235683  0.616597  0.835761  0.811532  0.515215  0.732771  0.763226  0.762583  0.667892  0.684521  0.545878  0.516564  0.596389  0.608993  0.040527  0.417814  0.266238  0.497333  0.473117  0.562686  0.805879  0.622813  0.561718  0.758044  0.653867  0.235301  0.559964  0.626414  0.659503  0.676139
  2.055000  0.519525  0.639764  0.765209  0.426741  0.523957  0.667851  0.798030  0.635810  0.047557  0.572213  0.633996  0.650276  0.502644  0.544656  0.451915  0.749864  0.104311  0.058138  0.050547  0.051007  0.054846  0.052501  0.042452  0.292432  0.508087  0.234692  0.487554  0.550948  0.110032  0.492905  0.616155  0.589431  0.610737  0.866902  0.851962  0.750183  0.418506  0.596794  0.034777  0.899294  0.502575  0.658548  0.584708  0.584708  0.488244  0.614348  0.614348  0.528099  0.705905  0.534468  0.621130  0.280342  0.920807  0.811718  0.132989  0.133724  0.179278  0.224557  0.295368  0.386752  0.435154  0.127344  0.459984  0.378932  0.439760  0.415769  0.640252  0.415908  0.623826  0.576029  0.402395  0.296415  0.668650  0.285045  0.065126  0.102997  0.138175  0.203457  0.305466  0.383477  0.481530  0.548532  0.295902  0.573616  0.490611  0.549892  0.530294  0.062692  0.368686  0.649650  0.575718  0.723885  0.720451  0.694563  0.728939  0.644950  0.617326  0.423941  0.244530  0.612075  0.830632  0.808229  0.513170  0.723998  0.757892  0.753391  0.658885  0.687293  0.550418  0.518656  0.598587  0.612703  0.041057  0.420159  0.266495  0.510590  0.476037  0.564804  0.803071  0.618793  0.562998  0.756254  0.650110  0.238074  0.589982  0.651989  0.679356  0.673992
  2.065000  0.537703  0.656170  0.775661  0.423144  0.528481  0.672407  0.802854  0.638408  0.050390  0.578450  0.639439  0.653484  0.470104  0.543423  0.457398  0.750077  0.103506  0.055921  0.050354  0.049695  0.057008  0.053726  0.046370  0.285405  0.503354  0.240660  0.490036  0.553639  0.109942  0.489675  0.615980  0.590323  0.614576  0.869018  0.848571  0.751793  0.413330  0.592587  0.033233  0.895656  0.497319  0.651988  0.579929  0.579929  0.491072  0.603018  0.603018  0.528626  0.707776  0.539317  0.623361  0.285916  0.923833  0.812635  0.133691  0.140014  0.181615  0.228805  0.295330  0.384580  0.437543  0.127867  0.461798  0.380520  0.453137  0.427741  0.638568  0.412268  0.615009  0.566567  0.404690  0.298191  0.647620  0.292641  0.069511  0.110814  0.142202  0.208159  0.313674  0.392874  0.483512  0.552308  0.296940  0.567072  0.490169  0.545873  0.532839  0.066969  0.365451  0.643472  0.581639  0.727367  0.716842  0.686084  0.728161  0.640538  0.618600  0.429101  0.252310  0.598310  0.817541  0.794609  0.509054  0.717012  0.744969  0.743502  0.647472  0.686301  0.551028  0.518330  0.600600  0.618141  0.040980  0.420604  0.266700  0.517823  0.484893  0.567860  0.790913  0.614645  0.557301  0.748075  0.639354  0.239062  0.605463  0.663048  0.684145  0.674366
  2.075000  0.553514  0.669154  0.775425  0.412271  0.528697  0.672145  0.802820  0.636510  0.053047  0.584104  0.643289  0.654236  0.449525  0.547096  0.460191  0.752013  0.102605  0.057969  0.048502  0.051136  0.054286  0.053988  0.045939  0.282244  0.500347  0.243546  0.495160  0.553311  0.111518  0.492175  0.623670  0.587284  0.613332  0.867297  0.844882  0.747321  0.411283  0.593359  0.037050  0.904022  0.491390  0.647848  0.574419  0.574419  0.490712  0.593250  0.593250  0.533153  0.710669  0.542227  0.625261  0.287983  0.924519  0.815816  0.133959  0.142314  0.183999  0.231651  0.295371  0.391043  0.439155  0.127708  0.465225  0.380841  0.455368  0.432592  0.636894  0.415757  0.613490  0.559809  0.407527  0.293468  0.606411  0.293621  0.068829  0.113693  0.149361  0.214336  0.320566  0.399293  0.492029  0.557434  0.300845  0.571703  0.494781  0.547073  0.531961  0.065845  0.368973  0.637312  0.587773  0.732144  0.711317  0.682568  0.725565  0.635818  0.617653  0.430104  0.259531  0.577769  0.805133  0.784055  0.500406  0.701163  0.737832  0.727089  0.644363  0.684012  0.550392  0.516391  0.604392  0.619726  0.040563  0.419480  0.268979  0.530249  0.486659  0.570863  0.784284  0.593854  0.538856  0.733061  0.618148  0.241838  0.590443  0.646120  0.677534  0.668481
  2.085000  0.555979  0.670439  0.783010  0.408697  0.536287  0.672407  0.806548  0.642527  0.061606  0.586431  0.648643  0.659291  0.448634  0.543830  0.466354  0.751953  0.103812  0.056661  0.045303  0.051572  0.055454  0.054660  0.043678  0.280921  0.498883  0.246868  0.493328  0.556200  0.110394  0.490450  0.619342  0.587011  0.616697  0.869536  0.850221  0.753059  0.412071  0.588948  0.043023  0.902041  0.483197  0.642452  0.567843  0.567843  0.484860  0.580975  0.580975  0.533361  0.711661  0.549285  0.624354  0.290576  0.921476  0.814004  0.132871  0.139377  0.184187  0.236602  0.293324  0.388350  0.443239  0.127377  0.461038  0.382290  0.460229  0.439898  0.632236  0.414176  0.608813  0.553410  0.405901  0.294857  0.549500  0.298692  0.072481  0.116775  0.154550  0.223762  0.329892  0.406898  0.496411  0.562196  0.299194  0.573277  0.494633  0.540418  0.531016  0.065012  0.370724  0.635034  0.593280  0.736438  0.709343  0.681148  0.726847  0.631665  0.615631  0.435669  0.263930  0.564311  0.790170  0.771823  0.492362  0.686303  0.719061  0.715487  0.631274  0.678994  0.548390  0.517475  0.602039  0.623632  0.041083  0.422663  0.269478  0.535243  0.492159  0.568736  0.767392  0.554578  0.521792  0.715616  0.591914  0.243323  0.562047  0.624900  0.657593  0.661941
  2.095000  0.547651  0.662373  0.782124  0.403890  0.537835  0.671252  0.802711  0.642401  0.065869  0.588944  0.651118  0.662746  0.517582  0.543733  0.468967  0.752231  0.104222  0.057754  0.047964  0.050056  0.052633  0.054934  0.047072  0.279783  0.499497  0.249010  0.491834  0.561853  0.110716  0.494454  0.629252  0.582351  0.619749  0.869046  0.846241  0.751079  0.397350  0.580320  0.046383  0.906168  0.477468  0.639235  0.562838  0.562838  0.480238  0.570886  0.570886  0.536050  0.712771  0.549833  0.627543  0.292425  0.923150  0.814811  0.135257  0.141472  0.182049  0.231217  0.300308  0.392430  0.442420  0.128167  0.467440  0.381673  0.468433  0.446958  0.625505  0.414677  0.602128  0.548207  0.405190  0.287525  0.496378  0.303025  0.076444  0.122994  0.161544  0.233588  0.339470  0.416311  0.504974  0.564340  0.298344  0.573418  0.491324  0.533931  0.530042  0.065908  0.372284  0.632785  0.596360  0.740042  0.706140  0.675438  0.725274  0.632273  0.615975  0.439558  0.267953  0.554066  0.779924  0.763015  0.486119  0.677051  0.710102  0.706903  0.619534  0.675323  0.546508  0.515611  0.601361  0.625603  0.040725  0.425618  0.267968  0.550831  0.498519  0.568283  0.760708  0.531666  0.509739  0.693956  0.572061  0.244465  0.542853  0.603441  0.643682  0.656614
  2.105000  0.525949  0.653005  0.774412  0.388851  0.545940  0.674430  0.804233  0.636541  0.073408  0.594652  0.659396  0.668952  0.570571  0.545640  0.473317  0.754531  0.105106  0.060015  0.049354  0.051036  0.053242  0.053538  0.046044  0.278141  0.496174  0.251765  0.484497  0.560732  0.113436  0.491608  0.624006  0.579277  0.622303  0.862970  0.845447  0.754284  0.386535  0.569703  0.057774  0.901764  0.460437  0.623624  0.550149  0.550149  0.476774  0.554857  0.554857  0.539408  0.721006  0.556553  0.628618  0.293123  0.924044  0.821088  0.137825  0.137368  0.181392  0.233910  0.303964  0.393381  0.442245  0.127784  0.468836  0.383940  0.474506  0.452697  0.626265  0.416183  0.603799  0.537443  0.408892  0.288517  0.461178  0.307870  0.081966  0.128067  0.169721  0.239685  0.348053  0.423320  0.511417  0.571204  0.296918  0.573509  0.490766  0.524517  0.531527  0.063030  0.371870  0.626835  0.601181  0.743894  0.704908  0.667790  0.722595  0.623805  0.614965  0.446290  0.271778  0.544988  0.774980  0.751623  0.478668  0.665140  0.700907  0.695701  0.609937  0.674240  0.544444  0.512708  0.601551  0.626541  0.040944  0.420446  0.268740  0.555422  0.496648  0.565929  0.746504  0.509368  0.499532  0.675380  0.552076  0.246148  0.532221  0.595331  0.633178  0.664506
  2.115000  0.506213  0.624964  0.764513  0.376717  0.550190  0.671820  0.803364  0.639658  0.076357  0.599333  0.663500  0.675695  0.596027  0.541319  0.476232  0.755416  0.103831  0.054227  0.049314  0.052235  0.052581  0.053326  0.048254  0.275508  0.498662  0.256600  0.483963  0.568632  0.109673  0.490552  0.631368  0.568988  0.626543  0.865317  0.844855  0.751694  0.371033  0.557077  0.061926  0.908847  0.445662  0.613568  0.540891  0.540891  0.463251  0.538995  0.538995  0.538620  0.720586  0.558209  0.630846  0.298042  0.924867  0.821053  0.136785  0.140798  0.190223  0.238554  0.302569  0.398410  0.441635  0.128256  0.474755  0.385977  0.485497  0.457927  0.618835  0.415902  0.596845  0.528653  0.409132  0.284675  0.432130  0.308119  0.082511  0.136529  0.174093  0.249564  0.357378  0.434132  0.519443  0.573949  0.296539  0.575638  0.490758  0.520662  0.532107  0.067187  0.372150  0.624567  0.608726  0.749078  0.703269  0.660690  0.722690  0.620925  0.615984  0.448431  0.277724  0.519771  0.746757  0.738584  0.461359  0.641884  0.676176  0.674626  0.591643  0.668262  0.537956  0.512540  0.601307  0.628999  0.041082  0.423082  0.272859  0.557710  0.507071  0.565256  0.742576  0.486960  0.496547  0.661434  0.541704  0.247386  0.520854  0.580060  0.628798  0.646938
  2.125000  0.477347  0.599108  0.755870  0.368283  0.554860  0.674200  0.806766  0.641352  0.081805  0.600706  0.667395  0.684536  0.613302  0.541323  0.478686  0.759121  0.103832  0.052753  0.049166  0.052354  0.056503  0.052236  0.046553  0.257065  0.482454  0.259246  0.479337  0.565444  0.113339  0.495533  0.629687  0.560775  0.623901  0.863372  0.843749  0.753663  0.357451  0.546792  0.072869  0.908703  0.435563  0.602878  0.532295  0.532295  0.458344  0.527782  0.527782  0.542402  0.725554  0.564428  0.634537  0.300618  0.928689  0.823698  0.136962  0.144627  0.190068  0.235691  0.303670  0.398385  0.446289  0.128091  0.477718  0.384448  0.490224  0.465643  0.606227  0.416534  0.594263  0.526490  0.412215  0.287676  0.383664  0.313227  0.087284  0.139950  0.181093  0.257915  0.367088  0.442972  0.523465  0.578179  0.302187  0.572554  0.492185  0.522034  0.530728  0.066900  0.374438  0.619639  0.614680  0.753223  0.698170  0.650759  0.716696  0.608311  0.615530  0.449495  0.289946  0.506750  0.738097  0.730954  0.452013  0.640072  0.670210  0.664005  0.582795  0.663465  0.535955  0.511496  0.598714  0.631895  0.040496  0.423397  0.268149  0.563735  0.511819  0.562920  0.739728  0.482340  0.493239  0.655407  0.530801  0.245889  0.525525  0.586545  0.623825  0.648106
  2.135000  0.449288  0.576810  0.742488  0.348956  0.558814  0.673840  0.805820  0.645078  0.084281  0.603522  0.676457  0.690562  0.621202  0.547880  0.481446  0.757407  0.102803  0.055190  0.048407  0.052948  0.054687  0.053355  0.047509  0.249749  0.469109  0.262802  0.475382  0.563900  0.114373  0.486313  0.631723  0.547962  0.621755  0.860603  0.843381  0.753385  0.348647  0.539887  0.081812  0.909105  0.413048  0.577386  0.510309  0.510309  0.440148  0.491836  0.491836  0.544441  0.729013  0.568094  0.635192  0.304998  0.927929  0.826692  0.131140  0.140696  0.190476  0.236980  0.302414  0.402794  0.449116  0.132709  0.473949  0.387023  0.495899  0.473826  0.590819  0.415086  0.593465  0.534086  0.414100  0.282976  0.370381  0.319151  0.091188  0.146668  0.191479  0.268041  0.375672  0.450783  0.531783  0.582312  0.298894  0.573929  0.495813  0.521864  0.532055  0.066695  0.374930  0.609640  0.615984  0.753339  0.686373  0.642817  0.712851  0.603821  0.613595  0.449064  0.301918  0.480482  0.711123  0.698483  0.437411  0.608262  0.639410  0.636225  0.555867  0.655131  0.523551  0.503889  0.590758  0.628569  0.040819  0.424542  0.273136  0.561481  0.512295  0.561789  0.732158  0.478260  0.492345  0.656359  0.531329  0.247229  0.511841  0.567621  0.624933  0.652237
  2.145000  0.418689  0.548194  0.725510  0.312002  0.563018  0.673473  0.808690  0.638338  0.087942  0.602503  0.683042  0.695916  0.617327  0.539935  0.483607  0.756162  0.105180  0.055519  0.052022  0.053787  0.056320  0.051841  0.050415  0.230855  0.454205  0.262516  0.471182  0.564483  0.115321  0.481169  0.629983  0.523656  0.619949  0.851917  0.840215  0.746632  0.337792  0.533018  0.096626  0.907277  0.367619  0.533049  0.461471  0.461471  0.408239  0.427412  0.427412  0.545170  0.726085  0.568525  0.636253  0.307586  0.929412  0.824258  0.135423  0.140526  0.190376  0.237400  0.307936  0.399433  0.449465  0.127948  0.475861  0.388592  0.506001  0.480295  0.570164  0.415489  0.593569  0.534949  0.417829  0.286686  0.395774  0.320918  0.095867  0.153157  0.200487  0.276930  0.386147  0.457483  0.535288  0.586619  0.300442  0.576206  0.490540  0.513938  0.531224  0.068344  0.376187  0.603208  0.615037  0.753746  0.680246  0.629569  0.705877  0.589173  0.609386  0.447244  0.313696  0.421991  0.641937  0.636546  0.391237  0.540611  0.574317  0.570489  0.492662  0.629094  0.495403  0.487644  0.571189  0.620957  0.041448  0.422274  0.275670  0.561964  0.518687  0.561566  0.728322  0.462054  0.483003  0.642907  0.515432  0.249075  0.548381  0.594455  0.640530  0.658147
  2.155000  0.375744  0.505870  0.706389  0.273129  0.565271  0.663824  0.801240  0.635637  0.090907  0.601824  0.686244  0.699412  0.615694  0.543792  0.484128  0.756031  0.103275  0.052717  0.047751  0.051152  0.055668  0.048777  0.048519  0.226582  0.449980  0.268104  0.460449  0.559679  0.116529  0.473392  0.623136  0.489435  0.618806  0.842386  0.840743  0.740603  0.322885  0.517861  0.105628  0.907433  0.316100  0.478905  0.409180  0.409180  0.365124  0.365852  0.365852  0.546490  0.722948  0.566626  0.635275  0.308122  0.926811  0.822934  0.137107  0.144582  0.188066  0.237749  0.306485  0.403299  0.448697  0.127082  0.476718  0.389240  0.506019  0.484319  0.544740  0.414968  0.592038  0.533002  0.416676  0.282129  0.386601  0.322543  0.100268  0.161022  0.204173  0.283042  0.393782  0.464448  0.541436  0.587066  0.295210  0.570668  0.485138  0.492988  0.528453  0.067092  0.377339  0.592169  0.614635  0.748017  0.671611  0.618506  0.698118  0.578264  0.605600  0.442194  0.321801  0.357999  0.568392  0.568056  0.332307  0.472457  0.505764  0.494643  0.432561  0.589290  0.455385  0.462218  0.539752  0.602861  0.040845  0.420922  0.275679  0.557162  0.517344  0.556070  0.704299  0.425438  0.469072  0.615388  0.491687  0.245320  0.561100  0.625189  0.659581  0.648568
  2.165000  0.281873  0.406820  0.645091  0.243628  0.568106  0.657578  0.797211  0.627974  0.090558  0.597160  0.683801  0.699916  0.596569  0.541957  0.484086  0.753860  0.104043  0.054230  0.051255  0.051247  0.055182  0.054758  0.050660  0.184560  0.407040  0.272856  0.446739  0.559475  0.116871  0.468238  0.626773  0.453703  0.611385  0.828094  0.833223  0.731640  0.308679  0.505080  0.117952  0.906536  0.287217  0.443505  0.390716  0.390716  0.334213  0.344627  0.344627  0.545393  0.722485  0.564970  0.636230  0.309823  0.925987  0.824123  0.135500  0.144473  0.192081  0.235294  0.306157  0.402930  0.449989  0.128335  0.476729  0.386992  0.509882  0.486702  0.515585  0.409431  0.587006  0.533063  0.417019  0.279708  0.371698  0.328130  0.104814  0.166414  0.213171  0.293989  0.403720  0.470467  0.544507  0.591265  0.284698  0.562668  0.475163  0.461983  0.523591  0.066175  0.372052  0.577745  0.607528  0.701129  0.660710  0.610345  0.686009  0.571104  0.601692  0.440303  0.326037  0.341639  0.543191  0.541682  0.319024  0.446404  0.479927  0.473702  0.409888  0.565079  0.420141  0.436499  0.506019  0.578774  0.041439  0.417220  0.272765  0.553242  0.516115  0.554322  0.666159  0.361984  0.434871  0.561560  0.440432  0.242025  0.576340  0.637913  0.662543  0.643437
  2.175000  0.190365  0.295015  0.568241  0.239694  0.568727  0.642980  0.794035  0.624580  0.091415  0.596428  0.685914  0.704634  0.553644  0.537042  0.481591  0.751738  0.104501  0.054962  0.048757  0.050054  0.056413  0.052134  0.051109  0.161007  0.381420  0.270983  0.440037  0.561890  0.114091  0.470477  0.623952  0.431055  0.608182  0.815157  0.831631  0.726406  0.300555  0.491831  0.132801  0.906639  0.276555  0.438066  0.393542  0.393542  0.325013  0.350541  0.350541  0.547988  0.719952  0.563511  0.633466  0.309207  0.922090  0.821883  0.134668  0.143683  0.187837  0.240637  0.309719  0.404189  0.450642  0.128228  0.478019  0.386367  0.514911  0.489273  0.488676  0.409778  0.581077  0.531631  0.420864  0.280350  0.393905  0.327710  0.108459  0.173258  0.220392  0.300960  0.410652  0.480362  0.547746  0.591089  0.273278  0.547222  0.461006  0.416663  0.515743  0.063302  0.375806  0.563169  0.600714  0.701712  0.648683  0.602395  0.676082  0.562481  0.593539  0.434857  0.328748  0.357073  0.556519  0.536646  0.320441  0.456048  0.487713  0.474375  0.412744  0.557431  0.405095  0.419881  0.484363  0.556286  0.040512  0.414432  0.274849  0.557619  0.520000  0.549852  0.596873  0.269158  0.385188  0.477305  0.359187  0.239087  0.580425  0.641026  0.666881  0.634313
  2.185000  0.221935  0.336138  0.594696  0.229841  0.571675  0.635217  0.786775  0.611454  0.090101  0.588748  0.687582  0.707071  0.522463  0.532629  0.479216  0.752903  0.104699  0.054905  0.051416  0.049154  0.053748  0.052673  0.052712  0.148857  0.365828  0.271196  0.437483  0.553941  0.115603  0.466825  0.619368  0.417372  0.599552  0.804095  0.824531  0.718623  0.300705  0.489436  0.141346  0.906047  0.261801  0.420515  0.381935  0.381935  0.310747  0.334056  0.334056  0.547950  0.721839  0.560926  0.638193  0.308225  0.915800  0.816098  0.135585  0.143051  0.192086  0.238449  0.312278  0.405095  0.450536  0.125389  0.479948  0.387724  0.518949  0.493107  0.464604  0.399029  0.579758  0.527442  0.421901  0.276251  0.420457  0.333163  0.114069  0.177610  0.230186  0.310907  0.419081  0.486248  0.549788  0.594509  0.251810  0.531785  0.446790  0.363561  0.505289  0.063782  0.374757  0.517641  0.598399  0.705671  0.643129  0.587710  0.664018  0.550393  0.590394  0.425380  0.332042  0.358544  0.553307  0.532607  0.314949  0.459601  0.481506  0.467588  0.402975  0.551586  0.392274  0.408923  0.472073  0.540200  0.041144  0.414562  0.276351  0.556037  0.526603  0.547538  0.498537  0.182220  0.308569  0.376295  0.265094  0.236432  0.580486  0.644538  0.686569  0.640244
  2.195000  0.219942  0.334868  0.594322  0.198236  0.573684  0.625435  0.780838  0.602191  0.088839  0.584055  0.686444  0.706550  0.540968  0.530653  0.475303  0.751677  0.102145  0.055403  0.047753  0.048554  0.055531  0.052406  0.053281  0.134818  0.347832  0.269626  0.430368  0.547591  0.118983  0.461019  0.611084  0.397834  0.586792  0.795004  0.819288  0.715522  0.289700  0.484373  0.155384  0.906194  0.225672  0.375003  0.340813  0.340813  0.286853  0.300105  0.300105  0.545234  0.711654  0.553940  0.633550  0.309091  0.912022  0.814260  0.137904  0.144665  0.196066  0.241262  0.306556  0.402505  0.449739  0.130695  0.477257  0.387431  0.513291  0.495010  0.441255  0.396433  0.576583  0.523422  0.423526  0.276355  0.448932  0.333352  0.114546  0.185054  0.235355  0.317397  0.425110  0.491802  0.556325  0.594745  0.231144  0.516331  0.426181  0.330013  0.494708  0.064306  0.376271  0.501752  0.564799  0.700306  0.602648  0.577101  0.645911  0.530221  0.580575  0.413940  0.331738  0.333055  0.533278  0.513412  0.293552  0.432999  0.461686  0.454370  0.384631  0.539092  0.385340  0.398488  0.464231  0.529974  0.040499  0.410778  0.274889  0.556166  0.523782  0.542929  0.460381  0.138438  0.231755  0.303377  0.182587  0.230617  0.581682  0.644295  0.677427  0.630787
  2.205000  0.178117  0.280560  0.553315  0.162449  0.571746  0.609344  0.774968  0.596940  0.091853  0.575471  0.683463  0.707545  0.548802  0.526206  0.472878  0.750946  0.105265  0.058800  0.047423  0.050488  0.056822  0.052346  0.055980  0.117341  0.323442  0.272821  0.422969  0.544148  0.121159  0.443394  0.603506  0.381604  0.579795  0.788585  0.823260  0.714944  0.277607  0.469969  0.161271  0.902212  0.184241  0.313987  0.293625  0.293625  0.237918  0.246487  0.246487  0.543064  0.711729  0.548367  0.636218  0.310353  0.914979  0.813476  0.136554  0.144126  0.191306  0.239686  0.310502  0.405232  0.445579  0.125531  0.479319  0.388564  0.520258  0.493333  0.429631  0.390874  0.575149  0.519723  0.423243  0.276125  0.459916  0.333923  0.120778  0.193810  0.242499  0.327574  0.434567  0.495558  0.558368  0.597006  0.204212  0.503134  0.408721  0.333592  0.484621  0.069692  0.374620  0.490967  0.569194  0.698731  0.591155  0.549038  0.634406  0.512711  0.577334  0.407869  0.332532  0.287858  0.462568  0.444723  0.239258  0.375726  0.401631  0.385658  0.328691  0.496687  0.352466  0.374167  0.440228  0.515315  0.040970  0.414856  0.275324  0.550530  0.520715  0.543567  0.510411  0.142173  0.172672  0.294183  0.149755  0.230633  0.564001  0.630268  0.666788  0.619651
  2.215000  0.249031  0.366732  0.617722  0.203892  0.572951  0.595136  0.768825  0.590052  0.092472  0.578248  0.681270  0.710359  0.567043  0.519853  0.467053  0.750905  0.102610  0.053561  0.048439  0.048942  0.056699  0.052322  0.059038  0.109176  0.318176  0.271093  0.409784  0.538960  0.117847  0.448492  0.598573  0.368077  0.577965  0.786501  0.820608  0.713990  0.265721  0.456615  0.174049  0.903482  0.231404  0.376718  0.360621  0.360621  0.269981  0.305515  0.305515  0.545709  0.712715  0.540337  0.634615  0.308946  0.912329  0.812318  0.139129  0.144876  0.196320  0.243499  0.314130  0.408026  0.447512  0.127817  0.476883  0.386867  0.518511  0.494646  0.419178  0.379476  0.571692  0.515056  0.420739  0.273213  0.455582  0.335536  0.126296  0.198598  0.248940  0.333567  0.439459  0.500478  0.564273  0.598124  0.188100  0.496874  0.404507  0.372016  0.486124  0.064104  0.374249  0.473277  0.566139  0.693070  0.575184  0.530006  0.626578  0.494055  0.570841  0.401611  0.336387  0.343933  0.538442  0.513132  0.258005  0.434432  0.469295  0.459562  0.384575  0.518715  0.391236  0.407759  0.467992  0.526784  0.041297  0.413193  0.270537  0.546537  0.526545  0.540655  0.604050  0.196929  0.185155  0.359823  0.177988  0.225396  0.554456  0.617173  0.655683  0.605620
  2.225000  0.299786  0.426445  0.657234  0.265692  0.574381  0.563374  0.756507  0.577872  0.094768  0.579256  0.683405  0.714005  0.605655  0.510336  0.465127  0.752162  0.105640  0.057019  0.048518  0.050953  0.052788  0.050400  0.062470  0.097769  0.297231  0.273098  0.396990  0.539914  0.117819  0.455113  0.594553  0.359135  0.581711  0.792496  0.820712  0.721508  0.275788  0.465208  0.181828  0.904787  0.306569  0.470140  0.433055  0.433055  0.339447  0.393853  0.393853  0.544749  0.704538  0.537526  0.635254  0.313089  0.912000  0.809302  0.142396  0.143324  0.192861  0.244717  0.312715  0.411233  0.445371  0.129876  0.485825  0.388812  0.518462  0.495192  0.422957  0.381222  0.562927  0.506508  0.423760  0.273473  0.446737  0.337423  0.130721  0.204847  0.258401  0.338950  0.447795  0.506124  0.565754  0.599606  0.190117  0.501200  0.409700  0.417952  0.490609  0.065516  0.371947  0.486329  0.566544  0.692770  0.563618  0.506423  0.630749  0.478348  0.568787  0.398753  0.344675  0.430948  0.650941  0.619851  0.351525  0.543700  0.577655  0.566802  0.483591  0.588673  0.454787  0.447674  0.511878  0.553495  0.040991  0.415539  0.275790  0.547615  0.527354  0.538147  0.666153  0.276800  0.238041  0.445367  0.241029  0.220289  0.522267  0.593435  0.624577  0.578048
  2.235000  0.269621  0.396191  0.633827  0.288992  0.572861  0.504316  0.726528  0.544434  0.095531  0.578149  0.678345  0.718347  0.641882  0.492113  0.452442  0.750972  0.104442  0.057413  0.050283  0.052843  0.053842  0.051906  0.062913  0.086546  0.275910  0.263371  0.377352  0.534192  0.118622  0.452478  0.588363  0.346067  0.570850  0.781614  0.808259  0.713825  0.289257  0.483918  0.185036  0.901858  0.333957  0.503584  0.451021  0.451021  0.363101  0.422781  0.422781  0.546881  0.700796  0.535442  0.635406  0.308762  0.913986  0.807807  0.137626  0.144679  0.194143  0.246112  0.318498  0.412228  0.450277  0.127943  0.486518  0.389353  0.519368  0.492033  0.419722  0.369849  0.559715  0.485841  0.424843  0.271117  0.435050  0.338729  0.135550  0.211186  0.264330  0.348302  0.452421  0.511123  0.570173  0.600739  0.202795  0.505308  0.414710  0.448756  0.495128  0.067115  0.374193  0.494664  0.564518  0.679531  0.555547  0.498102  0.636833  0.465620  0.568340  0.391676  0.347800  0.439232  0.666135  0.637420  0.375365  0.562977  0.597740  0.589388  0.490832  0.600569  0.469663  0.454200  0.522582  0.561191  0.042390  0.411784  0.272407  0.543617  0.528335  0.536585  0.687371  0.334308  0.294891  0.502894  0.306835  0.216585  0.522267  0.513625  0.566815  0.563891
  2.245000  0.205066  0.316094  0.581384  0.292463  0.575135  0.398430  0.671907  0.479911  0.095344  0.575989  0.676535  0.721273  0.662109  0.471746  0.443898  0.754101  0.103009  0.054309  0.049811  0.049536  0.055301  0.051606  0.062096  0.068308  0.235295  0.255916  0.355914  0.525987  0.120352  0.446394  0.583715  0.337127  0.560704  0.778754  0.807420  0.714263  0.300367  0.489777  0.187188  0.907119  0.348951  0.515501  0.457219  0.457219  0.379747  0.424789  0.424789  0.548491  0.700856  0.531048  0.637102  0.310694  0.910171  0.803466  0.139058  0.145257  0.194570  0.246567  0.315772  0.411530  0.446873  0.129051  0.480427  0.388844  0.512447  0.489620  0.430993  0.360306  0.548268  0.430507  0.421235  0.261287  0.426304  0.342570  0.137554  0.217742  0.271635  0.355121  0.461865  0.517494  0.569130  0.601240  0.211254  0.511391  0.423891  0.465262  0.498492  0.068410  0.375297  0.491701  0.551920  0.665308  0.541145  0.492268  0.620780  0.456658  0.560249  0.374217  0.350830  0.437121  0.659855  0.637784  0.381758  0.557067  0.594628  0.582970  0.492208  0.605877  0.474667  0.459480  0.530900  0.567620  0.040421  0.411301  0.277554  0.542821  0.526445  0.530314  0.697707  0.361529  0.347033  0.538206  0.368095  0.210716  0.522267  0.444978  0.512030  0.536239
  2.255000  0.178570  0.286592  0.559585  0.299550  0.570391  0.333693  0.635201  0.440289  0.094917  0.574291  0.669073  0.723615  0.672899  0.468995  0.441349  0.753428  0.103994  0.057424  0.049982  0.052972  0.056159  0.053258  0.062004  0.055054  0.208906  0.253580  0.334377  0.524900  0.118378  0.440803  0.574499  0.325238  0.546596  0.784395  0.808998  0.710675  0.296472  0.493511  0.183067  0.905307  0.353148  0.518468  0.459207  0.459207  0.377359  0.423440  0.423440  0.549569  0.699056  0.523120  0.638406  0.309995  0.913865  0.805730  0.140405  0.144568  0.197196  0.247883  0.317253  0.411967  0.448594  0.126478  0.484270  0.390286  0.506507  0.485940  0.437086  0.352587  0.543925  0.414298  0.419573  0.255429  0.434127  0.345461  0.143098  0.223014  0.277881  0.363432  0.465364  0.522052  0.574925  0.601882  0.224827  0.511897  0.424015  0.471295  0.503469  0.069303  0.377705  0.449686  0.540182  0.646838  0.533617  0.450932  0.569924  0.418559  0.548739  0.346958  0.355350  0.437345  0.658000  0.641402  0.389999  0.552238  0.592052  0.582062  0.496043  0.611245  0.475979  0.464643  0.537080  0.577044  0.040302  0.408081  0.276241  0.537071  0.528744  0.525593  0.707097  0.376538  0.375601  0.553988  0.404309  0.202419  0.522267  0.441552  0.497536  0.498633
  2.265000  0.239905  0.357325  0.611510  0.298944  0.567485  0.372389  0.656702  0.472871  0.091674  0.572603  0.665490  0.722181  0.672889  0.482830  0.430130  0.754906  0.103439  0.054944  0.047998  0.053650  0.054540  0.052519  0.063027  0.047090  0.186368  0.251807  0.323163  0.523323  0.119691  0.438484  0.569599  0.330255  0.539593  0.790367  0.804674  0.710007  0.286245  0.481407  0.175726  0.905648  0.347784  0.516075  0.453228  0.453228  0.377080  0.420069  0.420069  0.549761  0.690376  0.511507  0.639787  0.310054  0.913122  0.800492  0.139030  0.146790  0.195750  0.248498  0.316304  0.412840  0.439168  0.126701  0.485127  0.392667  0.500001  0.480350  0.448681  0.362368  0.539873  0.440029  0.415714  0.260213  0.457079  0.343333  0.145895  0.227527  0.283016  0.366466  0.471471  0.526440  0.576822  0.600541  0.250129  0.521469  0.433270  0.478634  0.507513  0.064663  0.374287  0.381345  0.510303  0.633348  0.483349  0.400204  0.545954  0.374863  0.531828  0.331375  0.359860  0.424649  0.648682  0.634193  0.386738  0.543636  0.580045  0.570899  0.489329  0.612322  0.474823  0.466763  0.536807  0.578547  0.038533  0.402068  0.273036  0.531862  0.526904  0.522022  0.710354  0.381025  0.392250  0.562523  0.417763  0.197875  0.522267  0.390209  0.453961  0.496737
  2.275000  0.336394  0.462600  0.679938  0.294181  0.564053  0.402981  0.677246  0.493747  0.087297  0.568760  0.656804  0.729155  0.673550  0.493211  0.426808  0.755101  0.103774  0.058290  0.048978  0.052759  0.055794  0.055721  0.062170  0.045635  0.195962  0.254801  0.302827  0.518689  0.119497  0.434824  0.565535  0.341383  0.546777  0.786297  0.802764  0.717908  0.294090  0.488638  0.161220  0.907240  0.349221  0.512149  0.448210  0.448210  0.378217  0.407124  0.407124  0.553131  0.677474  0.493766  0.639978  0.305997  0.915585  0.802819  0.140043  0.145782  0.202058  0.249449  0.322941  0.414483  0.444102  0.126385  0.485988  0.389604  0.498113  0.471337  0.452741  0.365748  0.533871  0.425407  0.411584  0.260438  0.481874  0.347044  0.147006  0.231402  0.287523  0.371401  0.472487  0.526878  0.575907  0.601330  0.264459  0.537871  0.444954  0.474668  0.507871  0.066221  0.378493  0.394516  0.506081  0.633642  0.475097  0.410044  0.562699  0.383507  0.529160  0.337733  0.361034  0.407398  0.630518  0.630214  0.377165  0.528558  0.563042  0.559247  0.480015  0.609521  0.468448  0.462311  0.533374  0.573749  0.039987  0.402852  0.280335  0.525578  0.529252  0.512194  0.708188  0.377637  0.392424  0.563296  0.417409  0.195289  0.289068  0.338555  0.404932  0.457797
  2.285000  0.349930  0.474526  0.693004  0.285124  0.559668  0.380645  0.672870  0.474771  0.081400  0.564717  0.650179  0.729937  0.668272  0.499478  0.423232  0.754377  0.101796  0.053652  0.048201  0.051610  0.055704  0.054000  0.060379  0.053053  0.206347  0.255018  0.289565  0.516177  0.116107  0.435745  0.563364  0.335864  0.552481  0.775002  0.811228  0.716897  0.311881  0.497767  0.148755  0.908821  0.332775  0.503870  0.436323  0.436323  0.367859  0.390649  0.390649  0.551718  0.652296  0.461377  0.645390  0.300301  0.917644  0.796558  0.138961  0.144207  0.194730  0.248106  0.316574  0.410350  0.433081  0.125233  0.489397  0.396982  0.487919  0.463366  0.453783  0.364733  0.506895  0.387856  0.404533  0.248926  0.489048  0.348613  0.148476  0.233967  0.287453  0.373892  0.471719  0.525981  0.567131  0.594564  0.268729  0.541256  0.453006  0.470072  0.511376  0.067461  0.371902  0.474423  0.529899  0.660449  0.523065  0.460052  0.611591  0.427119  0.529125  0.359025  0.368331  0.394295  0.618056  0.610588  0.364053  0.518464  0.539464  0.539464  0.467407  0.597137  0.458965  0.458007  0.529201  0.567241  0.039411  0.410043  0.275021  0.518485  0.530582  0.505975  0.701048  0.369137  0.391990  0.556893  0.409897  0.190797  0.285169  0.331846  0.381988  0.447354
  2.295000  0.192071  0.297962  0.564815  0.274098  0.554221  0.339325  0.634621  0.434952  0.081225  0.555918  0.638306  0.725438  0.665129  0.486918  0.412739  0.754712  0.101796  0.052990  0.059367  0.052918  0.055739  0.053910  0.059893  0.064667  0.236273  0.224968  0.238174  0.509183  0.118337  0.424584  0.554962  0.327185  0.560305  0.777408  0.804279  0.717876  0.322542  0.515293  0.132049  0.901598  0.318312  0.485031  0.420163  0.420163  0.354097  0.373589  0.373589  0.550061  0.624810  0.426376  0.642751  0.289746  0.913299  0.797773  0.142985  0.148413  0.204632  0.252201  0.325442  0.415520  0.414692  0.128535  0.484005  0.392042  0.475307  0.453585  0.444110  0.342366  0.477686  0.336747  0.378714  0.226741  0.481909  0.353181  0.155006  0.233456  0.284839  0.373084  0.467688  0.521906  0.567962  0.594169  0.261695  0.524176  0.447698  0.463368  0.511109  0.068683  0.373966  0.487808  0.527559  0.673000  0.548941  0.524122  0.644250  0.483842  0.532474  0.378913  0.374168  0.377425  0.596321  0.585209  0.353717  0.497419  0.529705  0.521424  0.447448  0.589005  0.448021  0.449739  0.514075  0.555788  0.037535  0.405625  0.276024  0.511198  0.520170  0.500873  0.683600  0.348697  0.375694  0.535074  0.389404  0.175463  0.257248  0.278252  0.343545  0.405460
  2.305000  0.127687  0.212450  0.488323  0.256155  0.541406  0.272634  0.586714  0.383476  0.073060  0.548800  0.620451  0.722617  0.657033  0.472480  0.407242  0.755597  0.105188  0.054863  0.048311  0.053964  0.055776  0.054462  0.057933  0.067876  0.241702  0.210446  0.207440  0.505529  0.116027  0.417026  0.543419  0.323275  0.569660  0.771210  0.803204  0.715726  0.324737  0.512624  0.122695  0.913444  0.295004  0.463051  0.406470  0.406470  0.334882  0.357376  0.357376  0.549356  0.590598  0.371913  0.647228  0.284690  0.916293  0.792580  0.143496  0.145718  0.206820  0.244962  0.325413  0.423268  0.428267  0.121512  0.490519  0.398103  0.458852  0.440512  0.442565  0.323857  0.458527  0.307759  0.350673  0.218156  0.473856  0.347890  0.146194  0.233731  0.287720  0.371032  0.463744  0.515232  0.564736  0.581726  0.245234  0.517916  0.433205  0.442062  0.502517  0.066663  0.374010  0.489250  0.553703  0.685551  0.552485  0.540274  0.666432  0.503589  0.543702  0.398061  0.370998  0.373649  0.586391  0.571633  0.332689  0.480889  0.523160  0.500386  0.435210  0.580263  0.431640  0.435360  0.499846  0.548115  0.041073  0.406130  0.285589  0.496102  0.523741  0.496783  0.663496  0.318944  0.352407  0.506428  0.360772  0.181223  0.204972  0.276008  0.313492  0.397785
  2.315000  0.197206  0.303549  0.571357  0.248440  0.533396  0.205809  0.522288  0.319955  0.067978  0.541813  0.611253  0.716463  0.651385  0.456633  0.400847  0.755837  0.104946  0.056165  0.049550  0.052327  0.055811  0.055439  0.053800  0.064776  0.243719  0.205525  0.193699  0.502801  0.120167  0.414655  0.534066  0.307773  0.559923  0.761635  0.803226  0.714206  0.319818  0.514234  0.107086  0.906702  0.287641  0.443251  0.389419  0.389419  0.323779  0.341840  0.341840  0.551277  0.600123  0.394213  0.647933  0.289087  0.915685  0.797891  0.141394  0.150449  0.199196  0.253248  0.324403  0.422171  0.435799  0.129229  0.491589  0.396283  0.445009  0.426060  0.434790  0.309920  0.442900  0.284037  0.316027  0.213113  0.496121  0.349580  0.148029  0.233413  0.291610  0.373346  0.464289  0.518230  0.563050  0.578425  0.219994  0.514029  0.424462  0.419816  0.502515  0.067000  0.380061  0.573246  0.574247  0.698771  0.602875  0.584270  0.697638  0.551411  0.555159  0.415094  0.363214  0.356703  0.562926  0.551857  0.317967  0.468897  0.493234  0.492686  0.423452  0.565486  0.419672  0.425966  0.489289  0.541358  0.042469  0.408466  0.281638  0.484661  0.522216  0.485805  0.623032  0.272956  0.314225  0.462395  0.307305  0.174736  0.180345  0.208439  0.273327  0.407725
  2.325000  0.270499  0.391623  0.641746  0.243576  0.535874  0.161224  0.469324  0.269751  0.058860  0.534072  0.593624  0.705351  0.643826  0.457131  0.398996  0.757368  0.103507  0.052969  0.054891  0.053954  0.056654  0.053229  0.050261  0.071931  0.255853  0.227951  0.200507  0.494961  0.117398  0.404081  0.531439  0.289970  0.545977  0.752028  0.803793  0.703054  0.317215  0.516007  0.097409  0.902924  0.280496  0.439898  0.388364  0.388364  0.318400  0.340296  0.340296  0.546885  0.643972  0.458938  0.646164  0.300864  0.920473  0.794062  0.142828  0.150413  0.206886  0.253307  0.326595  0.421448  0.449685  0.127915  0.489168  0.398166  0.425534  0.412506  0.422260  0.294645  0.455275  0.294420  0.311844  0.210996  0.507569  0.352944  0.156792  0.245399  0.304065  0.389200  0.484316  0.532134  0.574832  0.593490  0.202350  0.499948  0.413622  0.399213  0.493638  0.070720  0.381962  0.593894  0.582043  0.711809  0.648071  0.630516  0.711138  0.584205  0.559682  0.419316  0.359965  0.354289  0.563088  0.554282  0.314783  0.462693  0.494644  0.488521  0.417519  0.557666  0.412923  0.420175  0.479713  0.529138  0.041336  0.399581  0.284489  0.471788  0.511344  0.480343  0.587832  0.232151  0.274588  0.418266  0.259335  0.167952  0.155382  0.184096  0.254972  0.463238
  2.335000  0.297946  0.429234  0.659799  0.238081  0.545043  0.133618  0.431373  0.232452  0.052417  0.526219  0.578243  0.698811  0.629767  0.453195  0.395507  0.756559  0.105786  0.055059  0.050865  0.051509  0.056298  0.053150  0.049481  0.074227  0.253364  0.235587  0.229963  0.490001  0.120841  0.401395  0.526763  0.267126  0.526309  0.740179  0.797339  0.693911  0.312377  0.503979  0.089341  0.900426  0.273916  0.435968  0.383775  0.383775  0.316912  0.336720  0.336720  0.542981  0.638147  0.460101  0.648534  0.300668  0.922766  0.787787  0.143023  0.150119  0.202706  0.257386  0.323348  0.424337  0.454724  0.131008  0.493885  0.398209  0.409795  0.395225  0.404303  0.286505  0.496408  0.327661  0.322363  0.216643  0.526817  0.357406  0.161367  0.253354  0.314794  0.399533  0.494541  0.540534  0.583076  0.600249  0.189626  0.494085  0.408049  0.383031  0.485481  0.067765  0.378623  0.600853  0.587547  0.715563  0.672824  0.638943  0.714856  0.591964  0.564797  0.416888  0.341985  0.360157  0.570907  0.556789  0.310177  0.466213  0.499396  0.489752  0.418241  0.556484  0.409852  0.418981  0.472517  0.515214  0.041821  0.396614  0.279164  0.452608  0.504453  0.475637  0.555034  0.199208  0.244092  0.382655  0.219780  0.159242  0.170577  0.195100  0.278986  0.501143
  2.345000  0.291790  0.418723  0.658520  0.226285  0.558940  0.144940  0.449626  0.249250  0.044585  0.517417  0.564877  0.686834  0.623732  0.460365  0.387069  0.755974  0.103178  0.056303  0.050796  0.052203  0.054687  0.052749  0.049101  0.076960  0.256016  0.233921  0.261387  0.478303  0.119095  0.394458  0.521668  0.267026  0.522981  0.733840  0.804065  0.683474  0.299460  0.495600  0.081978  0.904112  0.263081  0.417494  0.371731  0.371731  0.302747  0.324182  0.324182  0.540925  0.635281  0.449881  0.651330  0.301137  0.918999  0.782281  0.143621  0.149889  0.205211  0.257717  0.330572  0.422504  0.458386  0.127921  0.488942  0.398037  0.390130  0.378049  0.374171  0.287803  0.508264  0.352787  0.337118  0.221672  0.527549  0.354285  0.169336  0.263820  0.322064  0.405848  0.500936  0.547445  0.585843  0.604912  0.181401  0.486769  0.396834  0.367157  0.480444  0.068007  0.380789  0.605826  0.587664  0.719036  0.675749  0.639750  0.711470  0.589984  0.566495  0.410889  0.327337  0.352964  0.558312  0.544169  0.303315  0.462679  0.487637  0.478826  0.406607  0.551278  0.399775  0.407944  0.464936  0.509294  0.040860  0.396730  0.281685  0.437012  0.496605  0.468176  0.541503  0.179862  0.220939  0.357981  0.199891  0.159370  0.227099  0.256422  0.350979  0.504363
  2.355000  0.255474  0.379310  0.627454  0.216593  0.564163  0.211828  0.524534  0.317227  0.040452  0.503223  0.545358  0.674556  0.616589  0.461903  0.376942  0.754514  0.103630  0.056338  0.049660  0.049483  0.055129  0.053842  0.046051  0.068710  0.241739  0.226502  0.283305  0.477855  0.116825  0.386233  0.516205  0.262843  0.497943  0.720662  0.794019  0.672334  0.285976  0.481150  0.077433  0.904401  0.252101  0.408368  0.362779  0.362779  0.294282  0.311999  0.311999  0.539074  0.639087  0.440044  0.653168  0.298389  0.919074  0.779805  0.141156  0.149411  0.202390  0.256457  0.330754  0.424011  0.454129  0.131023  0.494045  0.398833  0.372214  0.358636  0.353687  0.298590  0.509862  0.366560  0.355933  0.233003  0.511195  0.357984  0.170728  0.266072  0.326136  0.411757  0.504089  0.552106  0.590657  0.608727  0.187823  0.486295  0.392765  0.368934  0.476703  0.067114  0.381063  0.603769  0.582155  0.714162  0.669722  0.630974  0.713056  0.575856  0.566699  0.400062  0.307157  0.336485  0.540038  0.521838  0.289834  0.447081  0.472363  0.459935  0.386636  0.537367  0.387261  0.400252  0.452405  0.500576  0.041554  0.398530  0.277505  0.417799  0.491513  0.464055  0.542163  0.178525  0.213702  0.353694  0.189714  0.154558  0.290404  0.333232  0.412745  0.481054
  2.365000  0.197488  0.306497  0.574960  0.215836  0.566444  0.315246  0.614449  0.415060  0.036012  0.488081  0.529130  0.663182  0.611537  0.458052  0.374115  0.755312  0.104804  0.054672  0.048771  0.050637  0.056326  0.054781  0.045804  0.068067  0.242235  0.220982  0.288072  0.469680  0.114733  0.383978  0.509866  0.257605  0.482954  0.717471  0.795551  0.669205  0.265576  0.467569  0.074762  0.905141  0.252093  0.399368  0.357353  0.357353  0.291144  0.307490  0.307490  0.533230  0.637923  0.427207  0.655559  0.301792  0.920844  0.777846  0.147157  0.150795  0.205456  0.258753  0.330967  0.427011  0.454114  0.131784  0.495507  0.399430  0.355621  0.339408  0.337487  0.320131  0.503328  0.355102  0.362033  0.234918  0.505036  0.359972  0.175912  0.271814  0.331227  0.415195  0.510925  0.554196  0.592231  0.608715  0.190745  0.488424  0.399569  0.376152  0.476994  0.069213  0.377964  0.591963  0.569474  0.707647  0.653655  0.607012  0.696395  0.560893  0.564075  0.389781  0.283949  0.336667  0.540789  0.519653  0.285489  0.441813  0.467029  0.463209  0.384082  0.538151  0.381549  0.394701  0.443622  0.495192  0.040625  0.400581  0.280455  0.394544  0.481510  0.456975  0.557007  0.186778  0.221963  0.363665  0.204286  0.150524  0.288700  0.332060  0.408661  0.481198
  2.375000  0.150909  0.251518  0.537521  0.205389  0.562197  0.416680  0.684734  0.491229  0.030218  0.471879  0.512281  0.646719  0.602539  0.449671  0.364029  0.752966  0.103406  0.058724  0.055491  0.052563  0.056450  0.054340  0.044259  0.073866  0.250318  0.225842  0.276723  0.459490  0.119530  0.377339  0.501376  0.266441  0.496530  0.723543  0.796697  0.672375  0.239269  0.438001  0.070418  0.899968  0.237321  0.384750  0.340796  0.340796  0.282454  0.290258  0.290258  0.530632  0.624748  0.401874  0.658432  0.298222  0.919362  0.777020  0.145088  0.153249  0.206206  0.255264  0.329622  0.427193  0.457662  0.137487  0.496421  0.400244  0.331940  0.318653  0.341175  0.331580  0.481250  0.316146  0.348244  0.233280  0.499771  0.361099  0.173005  0.273335  0.332176  0.419193  0.508786  0.555773  0.592967  0.605165  0.196244  0.485475  0.399849  0.387156  0.477830  0.065785  0.385889  0.569806  0.557269  0.688194  0.630769  0.576567  0.681586  0.525622  0.556370  0.371957  0.256382  0.321157  0.518508  0.500565  0.276051  0.424036  0.447506  0.440977  0.374236  0.527326  0.369123  0.386880  0.432877  0.488035  0.042099  0.403853  0.286349  0.370493  0.471290  0.452386  0.565150  0.191090  0.229463  0.373846  0.211037  0.147285  0.251971  0.299447  0.373047  0.476376
  2.386000  0.156950  0.259187  0.537465  0.197810  0.556301  0.483905  0.718547  0.535646  0.029055  0.453527  0.494755  0.635523  0.594527  0.451102  0.359895  0.753049  0.104282  0.056682  0.050467  0.052953  0.056436  0.054567  0.043578  0.073830  0.246016  0.245561  0.268102  0.451552  0.114868  0.369139  0.493748  0.274806  0.498387  0.727799  0.793215  0.674124  0.212666  0.408026  0.069157  0.898525  0.226069  0.373470  0.330624  0.330624  0.270845  0.282684  0.282684  0.526027  0.610784  0.382248  0.658748  0.296363  0.918795  0.771130  0.147253  0.155781  0.206045  0.256581  0.333065  0.431324  0.460267  0.132402  0.498696  0.403315  0.312638  0.300589  0.341517  0.336210  0.462980  0.304223  0.336660  0.224423  0.481492  0.360187  0.174258  0.269585  0.333022  0.417690  0.508891  0.552214  0.588230  0.603445  0.195072  0.487330  0.398667  0.381739  0.479160  0.068592  0.382406  0.540300  0.540401  0.669330  0.598389  0.532825  0.659305  0.485081  0.554421  0.351155  0.233733  0.314944  0.508625  0.498583  0.267264  0.415870  0.438401  0.431324  0.360193  0.517525  0.356162  0.373829  0.420216  0.475200  0.042884  0.408169  0.283280  0.346736  0.458480  0.444055  0.559786  0.193391  0.224958  0.370995  0.211163  0.141655  0.248261  0.290163  0.376131  0.463540
  2.400000  0.163465  0.262996  0.544962  0.197725  0.561297  0.537003  0.743630  0.551430  0.025965  0.430405  0.480611  0.610983  0.588738  0.459502  0.352142  0.754529  0.106431  0.055835  0.050221  0.052876  0.057211  0.054868  0.041610  0.071195  0.248490  0.262964  0.279743  0.438261  0.114268  0.364226  0.486176  0.294650  0.514668  0.739335  0.789130  0.676998  0.174590  0.360089  0.066690  0.893009  0.229204  0.373350  0.334249  0.334249  0.265412  0.286486  0.286486  0.519920  0.609941  0.383222  0.659044  0.294764  0.919065  0.765366  0.145661  0.150925  0.208827  0.258288  0.335248  0.429996  0.462849  0.131126  0.499686  0.404598  0.288479  0.277485  0.350175  0.338466  0.480107  0.330183  0.339187  0.229903  0.447607  0.363047  0.177755  0.277350  0.337175  0.423571  0.511937  0.556507  0.593105  0.605704  0.190674  0.489680  0.401437  0.373479  0.475134  0.070775  0.379667  0.504814  0.521208  0.646899  0.555211  0.476841  0.634499  0.433513  0.551282  0.330794  0.214251  0.324445  0.527376  0.509571  0.269373  0.430404  0.457948  0.449599  0.374182  0.521622  0.355570  0.371834  0.415050  0.466019  0.042941  0.407457  0.283446  0.325317  0.446096  0.436193  0.555978  0.189152  0.220807  0.365121  0.206080  0.138658  0.243041  0.279200  0.358715  0.460177
  2.418000  0.182670  0.289970  0.564814  0.187904  0.560872  0.571604  0.759834  0.566861  0.022927  0.395055  0.456363  0.572527  0.579240  0.469108  0.341348  0.750662  0.104347  0.055547  0.051873  0.051785  0.056595  0.053898  0.037839  0.075992  0.255966  0.266891  0.302983  0.431946  0.112592  0.356966  0.478539  0.302400  0.513448  0.740703  0.788411  0.674109  0.141556  0.311062  0.063118  0.893817  0.217282  0.360577  0.323685  0.323685  0.258010  0.278784  0.278784  0.510602  0.597510  0.366696  0.660772  0.294210  0.915591  0.761132  0.144442  0.154526  0.209032  0.259723  0.335033  0.433781  0.463214  0.132578  0.498005  0.403668  0.260806  0.251094  0.352473  0.345610  0.505299  0.377366  0.366518  0.241857  0.372699  0.364822  0.184728  0.282943  0.343298  0.429666  0.521357  0.563167  0.596135  0.610043  0.172644  0.480839  0.392181  0.352787  0.468709  0.068570  0.377423  0.495759  0.496466  0.608880  0.514242  0.436701  0.626733  0.399102  0.542738  0.306135  0.186019  0.326300  0.523807  0.508721  0.264618  0.427463  0.455674  0.447226  0.370099  0.515998  0.348259  0.363783  0.402783  0.450114  0.043705  0.408285  0.284463  0.291808  0.417887  0.427369  0.518463  0.164980  0.206218  0.334817  0.187512  0.136924  0.230186  0.279776  0.358939  0.461364
  2.440000  0.195566  0.310985  0.577001  0.172390  0.558987  0.576447  0.758429  0.578251  0.022258  0.359768  0.432986  0.538549  0.572894  0.466559  0.330979  0.748214  0.105318  0.055038  0.051117  0.053489  0.056129  0.053741  0.033094  0.076726  0.262094  0.259542  0.304799  0.428405  0.113782  0.351252  0.473598  0.291374  0.509221  0.727086  0.782783  0.666789  0.127370  0.287455  0.058580  0.887178  0.198366  0.336643  0.300802  0.300802  0.237995  0.252757  0.252757  0.499953  0.576455  0.342954  0.664930  0.291630  0.913889  0.750173  0.145092  0.156568  0.211308  0.264955  0.337364  0.435003  0.469978  0.131817  0.498715  0.405195  0.236379  0.226822  0.338874  0.345851  0.507501  0.392852  0.384292  0.256152  0.309523  0.364481  0.183501  0.284783  0.344441  0.431363  0.520679  0.561191  0.594610  0.607772  0.159042  0.468916  0.378328  0.332282  0.458816  0.067608  0.372576  0.503417  0.467699  0.578083  0.510884  0.431125  0.610222  0.388628  0.534044  0.282170  0.163386  0.295394  0.488923  0.471981  0.241116  0.394369  0.419883  0.412870  0.342829  0.492760  0.328168  0.346151  0.379183  0.426791  0.044442  0.406939  0.283972  0.264647  0.396176  0.422697  0.492954  0.145967  0.187762  0.305926  0.162890  0.132546  0.229320  0.266368  0.349299  0.470088
  2.466000  0.182545  0.291112  0.560869  0.159379  0.555730  0.557783  0.748883  0.548852  0.019809  0.323436  0.400245  0.511074  0.561972  0.450352  0.319440  0.747995  0.105368  0.055189  0.052826  0.050614  0.057033  0.055341  0.030959  0.080342  0.267792  0.247740  0.287749  0.432687  0.114549  0.340168  0.471169  0.266932  0.505338  0.710128  0.775821  0.653860  0.116079  0.273858  0.053244  0.883594  0.184969  0.313976  0.279419  0.279419  0.221078  0.228460  0.228460  0.488627  0.549728  0.318078  0.666867  0.284063  0.910946  0.741216  0.147659  0.156339  0.210158  0.264799  0.338080  0.436397  0.470571  0.131196  0.503268  0.407364  0.218428  0.208816  0.316301  0.346102  0.509149  0.387996  0.383236  0.264566  0.263815  0.364332  0.184880  0.286456  0.345730  0.432551  0.521675  0.563892  0.595618  0.607047  0.154268  0.463774  0.371621  0.338817  0.450797  0.068326  0.365968  0.439174  0.433322  0.548651  0.479232  0.392438  0.569574  0.355111  0.517056  0.254317  0.147236  0.267603  0.457413  0.439010  0.220795  0.362306  0.392356  0.381939  0.316699  0.474066  0.309727  0.332042  0.363246  0.409768  0.045389  0.405984  0.284125  0.243243  0.373705  0.413232  0.505426  0.151302  0.191152  0.318710  0.169813  0.131315  0.240275  0.278336  0.359871  0.430583
  2.496000  0.166600  0.271870  0.544446  0.145419  0.548807  0.511287  0.729601  0.526825  0.019370  0.290489  0.368396  0.498327  0.547912  0.445265  0.306591  0.749402  0.107084  0.056881  0.051816  0.053505  0.058171  0.055987  0.029962  0.071435  0.253174  0.245817  0.274760  0.431381  0.117244  0.334737  0.465448  0.243891  0.493129  0.698663  0.769415  0.646943  0.112293  0.263305  0.047487  0.882685  0.167357  0.288573  0.258246  0.258246  0.201941  0.206850  0.206850  0.479958  0.525270  0.294579  0.678796  0.275283  0.906674  0.738151  0.148420  0.156854  0.215617  0.268329  0.340751  0.442051  0.477070  0.132807  0.506239  0.409008  0.196674  0.192047  0.303894  0.345585  0.516943  0.394140  0.384672  0.272373  0.335913  0.365472  0.189118  0.287463  0.351087  0.435920  0.526996  0.567445  0.598060  0.607125  0.150935  0.464463  0.372292  0.351048  0.446640  0.069700  0.362434  0.409620  0.403578  0.527439  0.478902  0.379762  0.538827  0.339714  0.512027  0.232478  0.128399  0.249469  0.424083  0.407432  0.196362  0.335521  0.369812  0.357344  0.294548  0.450609  0.286064  0.309922  0.339366  0.384053  0.045255  0.406055  0.289230  0.225721  0.358853  0.408595  0.532328  0.169119  0.205907  0.348928  0.191897  0.129485  0.193097  0.223409  0.299598  0.405647
  2.528000  0.167593  0.268952  0.539686  0.129357  0.546554  0.475333  0.710384  0.504788  0.015139  0.274044  0.342059  0.513669  0.531022  0.431548  0.296141  0.745693  0.106466  0.056104  0.053738  0.053143  0.056479  0.056385  0.029888  0.067117  0.242267  0.247616  0.274090  0.433197  0.113751  0.330210  0.461389  0.235697  0.493245  0.684220  0.760806  0.647993  0.123087  0.271564  0.046070  0.875719  0.152613  0.264107  0.238697  0.238697  0.183109  0.188323  0.188323  0.471825  0.503917  0.274202  0.682201  0.269493  0.900587  0.726961  0.149202  0.159724  0.213595  0.271423  0.344181  0.442479  0.481061  0.132097  0.507377  0.410142  0.178151  0.170145  0.299172  0.343336  0.527596  0.402340  0.384038  0.278961  0.396788  0.363199  0.187794  0.288762  0.348371  0.433934  0.526027  0.566883  0.595850  0.606148  0.145080  0.465825  0.370686  0.355286  0.440771  0.068627  0.358974  0.403066  0.392583  0.508200  0.431895  0.336676  0.528299  0.303748  0.498161  0.223597  0.118085  0.233891  0.407944  0.384601  0.179489  0.320221  0.345709  0.339234  0.274211  0.431878  0.266610  0.292900  0.320956  0.364061  0.046553  0.403310  0.292106  0.213655  0.348887  0.404167  0.556712  0.186148  0.202073  0.366569  0.197776  0.126598  0.183518  0.216358  0.294411  0.430136
  2.560000  0.159758  0.260409  0.534823  0.115572  0.546472  0.465288  0.705010  0.496126  0.014439  0.263140  0.323744  0.535686  0.498579  0.425344  0.289648  0.734353  0.106281  0.057491  0.053211  0.056026  0.056312  0.056434  0.028612  0.053601  0.209595  0.252483  0.264593  0.437210  0.119707  0.323764  0.457821  0.233688  0.490113  0.691915  0.748577  0.643635  0.116458  0.265078  0.044033  0.863599  0.135059  0.238658  0.219986  0.219986  0.170610  0.169307  0.169307  0.475355  0.498375  0.260372  0.686008  0.268368  0.892663  0.715879  0.147795  0.156226  0.216907  0.271265  0.344153  0.444615  0.478600  0.129726  0.504367  0.410629  0.166004  0.159578  0.299046  0.343602  0.530786  0.397450  0.384308  0.283332  0.415339  0.365248  0.187608  0.286046  0.350422  0.433459  0.523504  0.562211  0.595377  0.605400  0.141899  0.457936  0.362916  0.353930  0.433453  0.066695  0.356566  0.408737  0.397133  0.518213  0.467259  0.356929  0.517505  0.317338  0.489669  0.214816  0.121868  0.221288  0.392452  0.364067  0.164361  0.303555  0.329663  0.319652  0.254492  0.413982  0.247995  0.275010  0.304110  0.355692  0.045696  0.402355  0.290054  0.201644  0.346350  0.401594  0.551429  0.187563  0.200155  0.364848  0.200649  0.128021  0.195601  0.228404  0.313534  0.426868
