ENVI ASCII Plot File [Wed May 26 14:48:49 2004]
Column 1: Wavelength
Column 2: maghemit.spc Maghemite GDS81 Sy (M-3)~~19
Column 3: magnesit.spc Magnesite+Hydroma HS47.3B~~20
Column 4: magneti1.spc Magnetite HS195.3B~~21
Column 5: magneti2.spc Magnetite HS78.3B~~22
Column 6: malachit.spc Malachite HS254.3B~~23
Column 7: manganit.spc Manganite HS138.3B~~24
Column 8: margarit.spc Margarite GDS106~~25
Column 9: marialit.spc Marialite NMNH126018-2~~26
Column 10: mascagn1.spc Mascagnite GDS65.a (crs)~~27
Column 11: mascagn2.spc Mascagnite GDS65.b (fn)~~28
Column 12: meionit1.spc Meionite WS700.HLsep~~29
Column 13: meionit2.spc Meionite WS701~~30
Column 14: mesolite.spc Mesolite+Hydroxyapop GDS6~~31
Column 15: microcl1.spc Microcline HS82.3B~~32
Column 16: microcl2.spc Microcline HS103.3B~~33
Column 17: microcl3.spc Microcline HS107.3B~~34
Column 18: microcl4.spc Microcline HS108.3B~~35
Column 19: microcl5.spc Microcline HS151.3B~~36
Column 20: microcl6.spc Microcline NMNH135231~~37
Column 21: mirabili.spc Mirabilite GDS150 Na2SO4~~38
Column 22: mizzoni1.spc Mizzonite NMNH113775-1~~39
Column 23: mizzoni2.spc Mizzonite BM1931-12~~40
Column 24: mizzoni3.spc Mizzonite HS350.3B HLSep~~41
Column 25: mizzoni4.spc Mizzonite HS351.3BS~~42
Column 26: monazite.spc Monazite HS255.3B~~43
Column 27: monticel.spc Monticellite HS339.3B~~44
Column 28: montmor1.spc Montmorillonite SWy-1~~45
Column 29: montmor2.spc Montmorillonite SAz-1~~46
Column 30: montmor3.spc Montmorillonite SCa-2.a~~47
Column 31: montmor4.spc Montmorillonite SCa-2.b~~48
Column 32: montmor5.spc Montmorillonite CM27~~49
Column 33: montmor6.spc Montmorillonite CM20~~1
Column 34: montmor7.spc Montmorillonite CM26~~2
Column 35: montmor8.spc Montmorillonite STx-1~~3
Column 36: montmor9.spc Montmorillonite+Illi CM37~~4
Column 37: montmora.spc Montmorillonite+Illi CM42~~5
Column 38: mordeni1.spc Mordenite GDS18~~6
Column 39: mordeni2.spc Mordenite+Clinopt. GDS151~~7
Column 40: muscovi1.spc Muscovite GDS107~~8
Column 41: muscovi2.spc Muscovite GDS108~~9
Column 42: muscovi3.spc Muscovite GDS111 Guatemal~~10
Column 43: muscovi4.spc Muscovite GDS113 Ruby~~11
Column 44: muscovi5.spc Muscovite GDS114 Marshall~~12
Column 45: muscovi6.spc Muscovite GDS116 Tanzania~~13
Column 46: muscovi7.spc Muscovite GDS117 Isinglas~~14
Column 47: muscovi8.spc Muscovite GDS118 Capitan~~15
Column 48: muscovi9.spc Muscovite GDS119 Mt Alamo~~16
Column 49: muscovia.spc Muscovite GDS120 Pegma M.~~17
Column 50: muscovib.spc Muscovite HS146.3B~~18
Column 51: muscovic.spc Muscovite HS24.3~~19
Column 52: muscovid.spc Muscovite IL107~~20
Column 53: nacrite.spc Nacrite GDS88~~21
Column 54: natroli1.spc Natrolite HS169.3B~~22
Column 55: natroli2.spc Natrolite+Zeolit HS168.3B~~23
Column 56: natroli3.spc Natrolite NMNH83380~~24
Column 57: neodymiu.spc Neodymium_Oxide GDS34~~25
Column 58: nephelin.spc Nepheline HS19.3~~26
Column 59: nephrite.spc Nephrite HS296.3B~~27
Column 60: niter.spc Niter GDS43 (K-Saltpeter)~~28
Column 61: nontron2.spc Nontronite NG-1.a~~29
Column 62: nontron3.spc Nontronite NG-1.b <2um fr~~30
Column 63: nontron4.spc Nontronite SWa-1.a~~31
Column 64: oligocl1.spc Oligoclase HS110.3B~~32
Column 65: oligocl2.spc Oligoclase HS143.3B~~33
Column 66: olivine1.spc Olivine NMNH137044.a 160u~~34
Column 67: olivine2.spc Olivine NMNH137044.b <74u~~35
Column 68: olivine3.spc Olivine GDS70.a GSB 165um~~36
Column 69: olivine4.spc Olivine GDS70.b GSB 115um~~37
Column 70: olivine5.spc Olivine GDS70.c GSB  70um~~38
Column 71: olivine6.spc Olivine GDS70.d GSB <60um~~39
Column 72: olivine7.spc Olivine HS285.4B~~40
Column 73: olivine8.spc Olivine HS420.3B~~41
Column 74: olivine9.spc Olivine KI3005  <60um~~42
Column 75: olivineb.spc Olivine KI3188  <60um~~43
Column 76: olivinec.spc Olivine KI3189  <60um~~44
Column 77: olivined.spc Olivine KI3291  <60um~~45
Column 78: olivinef.spc Olivine KI4143  <60um~~46
Column 79: olivineg.spc Olivine GDS71.a TSD 65um~~47
Column 80: olivineh.spc Olivine GDS71.b TSD <60um~~48
Column 81: opal1.spc Opal WS732~~49
Column 82: opal2.spc Opal TM8896 (Hyalite)~~1
Column 83: orthocl1.spc Orthoclase NMNH113188~~2
Column 84: orthocl2.spc Orthoclase NMNH142137 Fe~~3
Column 85: orthocl3.spc Orthoclase HS13.3B~~4
Column 86: palygor2.spc Palygorskite PFL-1~~5
Column 87: paragoni.spc Paragonite GDS109~~6
Column 88: pectoli1.spc Pectolite NMNH94865.a~~7
Column 89: pectoli2.spc Pectolite NMNH94865.b~~8
Column 90: perthite.spc Perthite HS415.3B~~9
Column 91: phalite.spc Polyhalite NMNH92669-4~~10
Column 92: phlogop1.spc Phlogopite GDS20 fine fr~~11
Column 93: phlogop2.spc Phlogopite HS23.3B~~12
Column 94: phlogop3.spc Phlogopite WS496~~13
Column 95: phlogop4.spc Phlogopite WS675~~14
Column 96: pigeonit.spc Pigeonite HS199.3B~~15
Column 97: pinnoite.spc Pinnoite NMNH123943~~16
Column 98: plimonit.spc Pitch_Limonite GDS104 Cu~~17
Column 99: praseody.spc Praseodymium_Oxide GDS35~~18
Column 100: prochlo1.spc Prochlorite SMR-14.a 115u~~19
Column 101: prochlo2.spc Prochlorite SMR-14.b  32u~~20
Column 102: prochlo3.spc Prochlorite SMR-14.c <30u~~21
Column 103: psilomel.spc Psilomelane HS139.3B~~22
Column 104: pyrite2.spc Pyrite S142-1~~23
Column 105: pyrite4.spc Pyrite S29-4~~24
Column 106: pyrite5.spc Pyrite S30~~25
Column 107: pyrophy1.spc Pyrophyllite PYS1A fine g~~26
Column 108: pyrope.spc Pyrope WS474~~27
Column 109: pyrophy2.spc Pyrophyllite PYS1A <850um~~28
Column 110: pyroxene.spc Pyroxene HS119.3B~~29
Column 111: pyrrhoti.spc Pyrrhotite HS269.3B~~30
Column 112: quartz1.spc Quartz HS117.3B Aventurin~~31
Column 113: quartz2.spc Quartz GDS31 0-74um fr~~32
Column 114: quartz3.spc Quartz HS32.4B~~33
Column 115: quartz4.spc Quartz GDS74 Sand Ottawa~~34
Column 116: rectori2.spc Rectorite RAr-1~~35
Column 117: rhodoch1.spc Rhodochrosite HS338.3B~~36
Column 118: rhodoch2.spc Rhodochrosite HS67 <250um~~37
Column 119: rhodoni1.spc Rhodonite NMNHC6148 >250u~~38
Column 120: rhodoni2.spc Rhodonite HS325.3B~~39
Column 121: richter1.spc Richterite HS336.3B~~40
Column 122: riebeck1.spc Riebeckite NMNH122689~~41
Column 123: riebeck2.spc Riebeckite HS326.3B~~42
Column 124: rivadavi.spc Rivadavite NMNH170164~~43
Column 125: rutile1.spc Rutile HS126.3B~~44
Column 126: rutile1.spc Rutile HS126.3B~~45
Column 127: rutile2.spc Rutile HS137.3B~~46
Column 128: samarium.spc Samarium_Oxide GDS36~~47
Column 129: sanidin1.spc Sanidine GDS19~~48
Column 130: sanidin2.spc Sanidine NMNH103200~~49
Column 131: saponit1.spc Saponite SapCa-1~~1
Column 132: saponit2.spc Saponite SapCa-1.AcB~~2
Column 133: sauconit.spc Sauconite GDS135~~3
Column 134: sbicarbo.spc Sodium_Bicarbonate GDS55~~4
Column 135: scolecit.spc Scolecite GDS7 acid trtd~~5
Column 136: sepioli1.spc Sepiolite SepNev-1.AcB~~6
Column 137: sepioli2.spc Sepiolite SepNev-1~~7
Column 138: sepioli3.spc Sepiolite SepSp-1~~8
Column 139: sepioli4.spc Sepiolite SepSp-1.AcB~~9
Column 140: serpent1.spc Serpentine HS318.4B~~10
Column 141: serpent2.spc Serpentine HS8.3B~~11
Column 142: siderite.spc Siderite HS271.3B~~12
Column 143: sideroph.spc Siderophyllite NMNH104998~~13
Column 144: silliman.spc Sillimanite HS186.3B~~14
Column 145: smaragdi.spc Smaragdite HS290.3B~~15
Column 146: spessar1.spc Spessartine NMNH14143~~16
Column 147: spessar2.spc Spessartine HS112.3B~~17
Column 148: spessar4.spc Spessartine WS481~~18
Column 149: sphaler1.spc Sphalerite HS136.3B~~19
Column 150: sphaler2.spc Sphalerite S102-7~~20
Column 151: sphaler3.spc Sphalerite S102-8~~21
Column 152: sphaler4.spc Sphalerite S26-34~~22
Column 153: sphaler5.spc Sphalerite S26-35~~23
Column 154: sphene.spc Sphene HS189.3B~~24
Column 155: spodumen.spc Spodumene HS210.3B~~25
Column 156: stauroli.spc Staurolite HS188.3B~~26
Column 157: stilbit1.spc Stilbite GDS8~~27
Column 158: stilbit2.spc Stilbite HS482.3B~~28
Column 159: strontia.spc Strontianite HS272.3B~~29
Column 160: sulfur.spc Sulfur GDS94 Reagent~~30
Column 161: syngenit.spc Syngenite GDS139~~31
  0.395100  0.011846  0.773315  0.061729  0.046760  0.111419  0.050496  0.272410  0.791802  0.758489  0.000000  0.589519  0.582587  0.807278  0.418070  0.597311  0.521529  0.461936  0.574338  0.548519  0.863748  0.633685  0.604153  0.500183  0.317059  0.085258  0.278145  0.454248  0.553111  0.296299  0.319747  0.511726  0.238663  0.422335  0.714113  0.169861  0.202632  0.481529  0.407659  0.247332  0.388725  0.338214  0.525227  0.529425  0.389261  0.596788  0.477138  0.567973  0.605853  0.435090  0.348219  0.392788  0.714529  0.669795  0.619568  0.720089  0.915005  0.475303  0.300425  0.820355  0.074842  0.046867  0.066855  0.795596  0.670165  0.242408  0.514241  0.183211  0.239696  0.251463  0.392429  0.150120  0.354390  0.113364  0.210637  0.256849  0.121230  0.173198  0.402911  0.513711  0.203131  0.610404  0.667391  0.656124  0.682268  0.410385  0.319759  0.583270  0.627840  0.403576  0.463393  0.286150  0.199327  0.328333  0.272363  0.134751  0.757894  0.048942  0.015579  0.076687  0.073351  0.097340  0.046185  0.063383  0.037346  0.044514  0.676101  0.134901  0.509209  0.094571  0.029008  0.677566  0.751921  0.687896  0.335397  0.168206  0.463162  0.662498  0.234694  0.365261  0.088103  0.042422  0.114736  0.657900  0.101054  0.101054  0.083300  0.732925  0.651469  0.570310  0.413786  0.535684  0.089538  0.878801  0.820975  0.645257  0.762914  0.385789  0.339480  0.115401  0.230827  0.035920  0.068022  0.640401  0.145544  0.175457  0.092060  0.231427  0.142804  0.095361  0.056981  0.052481  0.053583  0.090081  0.486461  0.066416  0.779122  0.407170  0.821625  0.037279  0.703256
  0.397100  0.012270  0.774797  0.060996  0.046877  0.116247  0.050450  0.270652  0.794821  0.761815  0.000000  0.593353  0.581142  0.810234  0.418115  0.600199  0.524819  0.460164  0.571189  0.550367  0.865969  0.634373  0.606399  0.501662  0.315298  0.087894  0.280626  0.459624  0.554429  0.296952  0.321342  0.515531  0.243381  0.425959  0.718680  0.172788  0.205938  0.485729  0.412871  0.246510  0.383782  0.343385  0.531513  0.535619  0.395239  0.601893  0.483478  0.572576  0.610775  0.441990  0.352218  0.398040  0.716471  0.673560  0.624675  0.722904  0.913767  0.476446  0.301380  0.821155  0.076824  0.047492  0.066285  0.795245  0.675733  0.248620  0.519163  0.186303  0.242189  0.257002  0.396983  0.151464  0.355388  0.116339  0.213544  0.259305  0.123861  0.176421  0.408080  0.516325  0.206256  0.612899  0.670210  0.657659  0.685300  0.414988  0.319029  0.591334  0.633356  0.403610  0.463740  0.286793  0.200827  0.328693  0.276922  0.133492  0.759238  0.049836  0.015608  0.077957  0.072117  0.098785  0.046754  0.064100  0.038910  0.044076  0.678084  0.138508  0.512585  0.097050  0.029645  0.683140  0.753290  0.688849  0.337097  0.172495  0.458936  0.653615  0.238065  0.367501  0.089886  0.042843  0.115112  0.659225  0.104059  0.104059  0.083207  0.734716  0.652598  0.573377  0.423518  0.542099  0.090912  0.878905  0.825476  0.646341  0.763635  0.387314  0.340580  0.118370  0.231153  0.035689  0.068916  0.645770  0.145528  0.183874  0.097507  0.240505  0.145939  0.096520  0.057016  0.053299  0.055113  0.088819  0.491595  0.065681  0.780512  0.411040  0.824638  0.037410  0.707911
  0.399100  0.013533  0.777040  0.061215  0.046905  0.119958  0.050909  0.270604  0.800123  0.758319  0.000000  0.597417  0.585122  0.809829  0.419865  0.603750  0.526223  0.464542  0.576774  0.553112  0.865359  0.636747  0.606656  0.503657  0.316022  0.085874  0.282822  0.463797  0.554828  0.298899  0.322635  0.519003  0.249499  0.430399  0.722304  0.175491  0.209747  0.488481  0.417412  0.246436  0.380485  0.344677  0.536374  0.541245  0.398452  0.605430  0.486516  0.576108  0.617370  0.445593  0.356727  0.402518  0.717814  0.673516  0.623853  0.723782  0.912557  0.477044  0.299517  0.822065  0.078676  0.048479  0.067352  0.800852  0.678263  0.252387  0.522143  0.188269  0.245669  0.256815  0.401092  0.154478  0.360503  0.117817  0.216242  0.260755  0.126624  0.179147  0.409656  0.517644  0.209663  0.614770  0.672166  0.661092  0.688620  0.418894  0.319128  0.599519  0.635632  0.405102  0.465801  0.288060  0.203066  0.329276  0.277797  0.135575  0.759934  0.050168  0.016536  0.076884  0.073693  0.100675  0.046111  0.065287  0.037593  0.044075  0.681977  0.145094  0.515647  0.096419  0.029577  0.685142  0.752618  0.688775  0.338424  0.177720  0.457225  0.649591  0.239711  0.366841  0.092452  0.043030  0.117705  0.659524  0.103840  0.103840  0.084339  0.701743  0.653933  0.572966  0.432306  0.549127  0.092372  0.880808  0.826613  0.647550  0.765153  0.388844  0.342929  0.121739  0.230988  0.036495  0.069643  0.649081  0.146937  0.193082  0.098326  0.251131  0.147001  0.098766  0.058129  0.055044  0.055244  0.089095  0.495275  0.066757  0.781601  0.415321  0.828407  0.038383  0.708318
  0.401100  0.012092  0.780739  0.061086  0.046939  0.124317  0.050855  0.270613  0.803128  0.757339  0.000000  0.600122  0.589102  0.814168  0.422809  0.608735  0.532688  0.466187  0.578394  0.556032  0.866508  0.634759  0.609428  0.505809  0.313989  0.089215  0.285771  0.469761  0.557299  0.302491  0.323743  0.524308  0.251399  0.434141  0.726875  0.178698  0.213715  0.490643  0.423714  0.245225  0.376472  0.347716  0.541936  0.546517  0.399826  0.608935  0.490112  0.579348  0.620864  0.449401  0.359323  0.408152  0.721527  0.674813  0.627069  0.723642  0.914626  0.476930  0.301291  0.820884  0.074648  0.049170  0.069102  0.802963  0.685247  0.254064  0.523698  0.186473  0.246600  0.257729  0.402170  0.156144  0.361041  0.119274  0.215798  0.260012  0.126772  0.180276  0.408093  0.519374  0.213797  0.616796  0.674476  0.663112  0.694093  0.424534  0.317079  0.607785  0.641274  0.403875  0.466615  0.289786  0.202930  0.331787  0.281193  0.137636  0.761442  0.051568  0.015519  0.079749  0.073437  0.103002  0.046372  0.064269  0.037593  0.044732  0.683285  0.149095  0.518276  0.098755  0.029452  0.686643  0.753963  0.690291  0.341920  0.176181  0.427361  0.610793  0.236890  0.366085  0.092472  0.044165  0.115918  0.661114  0.106047  0.106047  0.083639  0.626134  0.655671  0.574296  0.434978  0.554297  0.093567  0.880885  0.832557  0.649177  0.767017  0.390951  0.343513  0.120719  0.232307  0.037254  0.070183  0.656711  0.149586  0.198318  0.102050  0.260086  0.149377  0.100104  0.059419  0.054888  0.055635  0.090020  0.501170  0.066651  0.787350  0.419262  0.827677  0.040142  0.709975
  0.403100  0.011839  0.783060  0.060432  0.047075  0.128532  0.050587  0.270415  0.806996  0.756440  0.000000  0.602473  0.588323  0.814703  0.423142  0.611145  0.534686  0.469328  0.577844  0.559955  0.866327  0.635905  0.612349  0.506733  0.310358  0.088354  0.285206  0.474725  0.561361  0.302894  0.326028  0.527214  0.255734  0.437466  0.730023  0.181647  0.216410  0.493638  0.427835  0.244276  0.374126  0.351032  0.547339  0.550679  0.402566  0.612616  0.494564  0.583413  0.624545  0.455627  0.362215  0.411755  0.723540  0.675825  0.625247  0.725898  0.914746  0.476498  0.303059  0.820620  0.081568  0.051231  0.072802  0.803417  0.687370  0.254177  0.526332  0.183432  0.247633  0.262331  0.404324  0.156805  0.361354  0.121546  0.214497  0.262318  0.128449  0.181984  0.410287  0.520832  0.215968  0.618434  0.676176  0.663630  0.695443  0.428658  0.316883  0.615465  0.643612  0.406918  0.468067  0.289266  0.204589  0.330305  0.283498  0.136558  0.761432  0.052341  0.015547  0.079367  0.073470  0.101726  0.046262  0.065134  0.038482  0.043867  0.683322  0.153900  0.520657  0.097024  0.029376  0.688768  0.756663  0.692649  0.342568  0.179846  0.363663  0.542734  0.230192  0.355455  0.092361  0.044161  0.117435  0.661938  0.107494  0.107494  0.083732  0.540912  0.658234  0.576818  0.444671  0.558062  0.094791  0.880723  0.829228  0.650486  0.768664  0.392722  0.344894  0.119170  0.231913  0.036933  0.070853  0.662040  0.145329  0.195396  0.100235  0.266266  0.153547  0.101707  0.059997  0.055869  0.056284  0.090221  0.508153  0.066377  0.785653  0.423374  0.830753  0.041247  0.709471
  0.405100  0.012925  0.785830  0.060181  0.046479  0.132603  0.051201  0.270906  0.811339  0.761821  0.000000  0.605018  0.591471  0.812702  0.426396  0.613709  0.539297  0.468462  0.580585  0.562617  0.867949  0.635924  0.614350  0.506805  0.308462  0.090804  0.289702  0.478922  0.559769  0.304472  0.327625  0.530253  0.259151  0.440660  0.733031  0.183916  0.219599  0.497449  0.432178  0.244928  0.372566  0.353336  0.551706  0.556001  0.403931  0.615092  0.497292  0.587313  0.628457  0.460839  0.366279  0.416601  0.723471  0.677343  0.627556  0.726561  0.915416  0.478027  0.302765  0.823056  0.083167  0.051643  0.072739  0.805143  0.689599  0.261521  0.530054  0.192633  0.256468  0.268689  0.411052  0.165112  0.371734  0.122826  0.220250  0.272740  0.133899  0.185103  0.424354  0.526584  0.218814  0.620278  0.678054  0.665227  0.695352  0.432330  0.316109  0.622890  0.648594  0.409290  0.469578  0.289618  0.206573  0.331301  0.286825  0.140101  0.763165  0.053293  0.015731  0.077511  0.073649  0.103836  0.046601  0.065997  0.038053  0.044478  0.686059  0.154474  0.523887  0.097154  0.030018  0.690143  0.756760  0.695819  0.344069  0.180107  0.327730  0.500955  0.218440  0.339699  0.093557  0.044926  0.119730  0.663785  0.108460  0.108460  0.083929  0.468174  0.659422  0.577873  0.452454  0.562321  0.096266  0.881016  0.831835  0.652366  0.770402  0.393971  0.345833  0.117551  0.232125  0.038032  0.071796  0.664618  0.147565  0.180145  0.098302  0.269486  0.153220  0.103316  0.060756  0.056643  0.058125  0.088659  0.512861  0.067728  0.787448  0.424929  0.832103  0.043450  0.713688
  0.407100  0.012385  0.787271  0.060930  0.046955  0.136522  0.051383  0.270900  0.815082  0.760077  0.000000  0.607020  0.590090  0.816248  0.428004  0.613045  0.540912  0.465355  0.580286  0.567210  0.867642  0.635802  0.616142  0.508195  0.307794  0.092005  0.289574  0.484131  0.560595  0.305306  0.328164  0.533198  0.262898  0.445135  0.735842  0.186628  0.223644  0.500546  0.436404  0.244172  0.370966  0.355667  0.556493  0.560601  0.406876  0.619931  0.502417  0.590600  0.632734  0.462280  0.369393  0.419224  0.724514  0.677078  0.630541  0.727471  0.915445  0.476994  0.303970  0.824141  0.082562  0.051770  0.076168  0.807813  0.696383  0.268368  0.535763  0.184347  0.261285  0.272060  0.415017  0.171315  0.377192  0.125829  0.229403  0.280703  0.140171  0.190754  0.429686  0.528892  0.220922  0.621557  0.681833  0.666019  0.699574  0.437081  0.316666  0.629990  0.650039  0.409173  0.470458  0.291533  0.207087  0.333072  0.287862  0.138460  0.764268  0.054451  0.015624  0.081565  0.073460  0.102679  0.046461  0.065572  0.038703  0.044821  0.687029  0.154939  0.525469  0.098466  0.029791  0.692571  0.758493  0.696461  0.345872  0.183184  0.240362  0.385921  0.202793  0.317276  0.096399  0.046079  0.117826  0.664783  0.109860  0.109860  0.083725  0.397190  0.661896  0.578834  0.458717  0.565255  0.097757  0.880508  0.831553  0.653620  0.770443  0.394777  0.346849  0.116127  0.232446  0.038551  0.072373  0.664810  0.147798  0.148420  0.091808  0.263429  0.158629  0.104234  0.061914  0.057736  0.057618  0.091196  0.516279  0.068415  0.786404  0.425753  0.835816  0.046391  0.715284
  0.409100  0.012654  0.788086  0.060133  0.047015  0.139729  0.051709  0.271217  0.816666  0.759726  0.000000  0.609698  0.591675  0.817916  0.427554  0.611034  0.541296  0.469070  0.581491  0.569580  0.868888  0.635950  0.617876  0.507982  0.306769  0.094646  0.290410  0.488899  0.562816  0.305860  0.329686  0.536506  0.265843  0.446285  0.739715  0.189223  0.226758  0.502522  0.440560  0.244206  0.368942  0.359254  0.560371  0.566008  0.409223  0.623143  0.505434  0.595053  0.635564  0.451251  0.372899  0.423824  0.726235  0.679909  0.630943  0.727588  0.916119  0.478634  0.303238  0.822053  0.085417  0.052724  0.075839  0.809597  0.699975  0.272701  0.538932  0.185484  0.264152  0.274764  0.419636  0.176098  0.381373  0.131430  0.235792  0.286436  0.144204  0.193788  0.434396  0.532049  0.223520  0.623519  0.682531  0.666984  0.702697  0.440390  0.317453  0.635798  0.653808  0.410761  0.471558  0.291495  0.207666  0.335114  0.289866  0.139194  0.764787  0.054814  0.015569  0.078586  0.074617  0.104608  0.046409  0.066235  0.039007  0.045400  0.689561  0.158351  0.527132  0.098963  0.029881  0.689635  0.760406  0.695077  0.347360  0.185673  0.195545  0.343867  0.175769  0.279215  0.096044  0.046458  0.117402  0.666095  0.110498  0.110498  0.083984  0.325038  0.663131  0.579043  0.465074  0.569003  0.098819  0.880961  0.834049  0.655519  0.772821  0.395923  0.347976  0.113305  0.232961  0.038099  0.072539  0.668255  0.148601  0.123723  0.095583  0.251381  0.158831  0.104785  0.063073  0.058802  0.059364  0.091895  0.522283  0.069077  0.791794  0.433931  0.837377  0.049172  0.716256
  0.411100  0.012834  0.792584  0.060284  0.047105  0.143606  0.051590  0.272264  0.821295  0.762410  0.000000  0.613602  0.590618  0.820151  0.429006  0.607753  0.545211  0.470675  0.582362  0.573373  0.869830  0.639652  0.621271  0.510343  0.307456  0.093944  0.293875  0.497168  0.568602  0.308582  0.332361  0.537917  0.275592  0.446943  0.743548  0.191596  0.232690  0.505398  0.447212  0.244289  0.367643  0.363330  0.565399  0.569603  0.413107  0.628743  0.511036  0.599698  0.640494  0.470230  0.377116  0.428536  0.727980  0.683088  0.634133  0.733992  0.915345  0.479602  0.302287  0.823574  0.085962  0.053814  0.076837  0.808930  0.702150  0.274962  0.541735  0.208503  0.267698  0.279716  0.424394  0.175808  0.379393  0.132669  0.238943  0.292940  0.150363  0.202532  0.437558  0.537622  0.225373  0.626466  0.685136  0.668870  0.705343  0.446359  0.317419  0.641734  0.654665  0.413740  0.473896  0.294068  0.209834  0.338348  0.292162  0.139974  0.767311  0.056047  0.015495  0.081671  0.077738  0.107987  0.046522  0.066602  0.038238  0.044952  0.691136  0.162815  0.528423  0.098081  0.030043  0.691246  0.760100  0.696853  0.349775  0.187754  0.299843  0.479410  0.164885  0.256724  0.096082  0.047423  0.117762  0.668493  0.110999  0.110999  0.084933  0.350910  0.665346  0.579202  0.470764  0.575356  0.100611  0.884924  0.835527  0.659988  0.775173  0.398441  0.350494  0.111624  0.233489  0.039106  0.073414  0.675229  0.149086  0.128369  0.101079  0.255010  0.154324  0.105764  0.063852  0.060075  0.059166  0.091546  0.523312  0.070019  0.791705  0.435590  0.842817  0.052676  0.721214
  0.412800  0.012506  0.796992  0.060266  0.047545  0.147184  0.052540  0.271423  0.823494  0.762540  0.000000  0.614918  0.596045  0.816476  0.430541  0.607219  0.548535  0.473206  0.587137  0.575363  0.869769  0.639824  0.624638  0.510988  0.307551  0.097112  0.296685  0.499380  0.566685  0.306533  0.332454  0.543040  0.273501  0.453481  0.744609  0.194620  0.232769  0.510785  0.450390  0.244788  0.367550  0.366434  0.567799  0.574294  0.414578  0.633042  0.513254  0.601996  0.643645  0.472996  0.379661  0.431486  0.728574  0.683216  0.632223  0.732519  0.915325  0.481170  0.306531  0.822215  0.085453  0.054300  0.078895  0.814606  0.705755  0.279331  0.545936  0.211869  0.273751  0.281156  0.426827  0.178856  0.384828  0.136650  0.245911  0.296187  0.155078  0.205491  0.442302  0.535901  0.227431  0.627731  0.686947  0.667886  0.707787  0.449619  0.317189  0.648649  0.659797  0.414053  0.473860  0.294196  0.210331  0.340679  0.289652  0.140324  0.766761  0.056341  0.015539  0.076879  0.077267  0.105289  0.047054  0.065894  0.038512  0.045557  0.692309  0.163799  0.530749  0.101496  0.029791  0.691221  0.763307  0.702161  0.351056  0.189966  0.381968  0.565473  0.177214  0.266366  0.098807  0.048297  0.120932  0.667736  0.111931  0.111931  0.084445  0.498611  0.669311  0.580857  0.474513  0.576327  0.102045  0.882464  0.835681  0.661086  0.775550  0.398970  0.351262  0.111021  0.234325  0.039527  0.073531  0.679580  0.150092  0.145716  0.105491  0.270977  0.158811  0.107720  0.064685  0.060266  0.059682  0.091893  0.527319  0.068340  0.791893  0.439435  0.843506  0.055801  0.721182
  0.415800  0.013638  0.798551  0.060995  0.046322  0.150815  0.051596  0.270838  0.828116  0.760325  0.000000  0.618159  0.597807  0.822125  0.430608  0.604046  0.549769  0.473500  0.584160  0.580787  0.869540  0.639053  0.629286  0.510250  0.308614  0.099562  0.298423  0.507969  0.566492  0.309916  0.333694  0.549151  0.279573  0.456018  0.749799  0.199535  0.238477  0.511884  0.457348  0.244205  0.363959  0.370263  0.569954  0.578067  0.417131  0.638776  0.518122  0.605749  0.646222  0.475392  0.383817  0.436541  0.730856  0.681034  0.635510  0.733748  0.905970  0.480942  0.305988  0.822378  0.086785  0.053922  0.080286  0.809927  0.706518  0.283729  0.547185  0.214060  0.273124  0.281737  0.428848  0.184850  0.384519  0.141107  0.249061  0.300572  0.158494  0.209371  0.443249  0.538612  0.229382  0.629788  0.690395  0.668148  0.712835  0.454497  0.315945  0.655714  0.663680  0.415089  0.475148  0.294829  0.211238  0.342095  0.293276  0.142064  0.767388  0.058207  0.015398  0.080259  0.078036  0.108859  0.046597  0.067466  0.039358  0.045766  0.694877  0.168282  0.532907  0.101704  0.030035  0.692403  0.761256  0.701917  0.353777  0.192945  0.469400  0.652578  0.169624  0.258417  0.099315  0.048829  0.121122  0.668838  0.113405  0.113405  0.085416  0.649108  0.670047  0.579295  0.484271  0.581418  0.104020  0.884411  0.835996  0.661879  0.777375  0.400534  0.352737  0.107126  0.234239  0.039455  0.074758  0.687350  0.150954  0.167409  0.108099  0.284854  0.164855  0.108792  0.065399  0.061761  0.061642  0.093458  0.534080  0.070726  0.793614  0.445385  0.847309  0.063915  0.720913
  0.418800  0.013057  0.802168  0.059822  0.047604  0.155476  0.053215  0.271114  0.828752  0.765500  0.000000  0.621563  0.604297  0.823924  0.434229  0.611263  0.555226  0.476727  0.586844  0.585222  0.869577  0.638896  0.636780  0.513113  0.309365  0.101058  0.299380  0.515680  0.570877  0.313094  0.335562  0.555700  0.286259  0.461948  0.755549  0.204323  0.244256  0.518583  0.464703  0.243359  0.361786  0.374992  0.576481  0.580680  0.420043  0.639476  0.521599  0.609601  0.649975  0.480017  0.388972  0.441551  0.732275  0.685942  0.639740  0.735528  0.899154  0.483095  0.308302  0.821523  0.088324  0.055003  0.083322  0.812011  0.716841  0.287280  0.552136  0.217337  0.278453  0.286106  0.433924  0.183921  0.391105  0.146101  0.254069  0.304784  0.161964  0.213044  0.447358  0.542222  0.233122  0.632420  0.691521  0.669800  0.716294  0.460933  0.315653  0.662597  0.667250  0.419359  0.477378  0.295445  0.212210  0.347356  0.297658  0.141129  0.768117  0.060167  0.015667  0.082005  0.078480  0.110794  0.046233  0.066575  0.039160  0.045300  0.697823  0.171813  0.534172  0.104566  0.030259  0.693440  0.765615  0.700875  0.355139  0.195869  0.499205  0.680863  0.188117  0.282553  0.096700  0.049722  0.122689  0.669214  0.114179  0.114179  0.084327  0.673054  0.671836  0.580810  0.488916  0.584934  0.106227  0.883561  0.838576  0.665369  0.779688  0.403557  0.354984  0.108650  0.235952  0.040594  0.075648  0.690895  0.153495  0.177522  0.111969  0.297736  0.167373  0.110991  0.066561  0.062050  0.060992  0.091764  0.540592  0.072331  0.793077  0.451212  0.847958  0.071529  0.724846
  0.421800  0.013907  0.804876  0.060420  0.046458  0.159332  0.051861  0.270942  0.833808  0.759658  0.000000  0.625434  0.608180  0.823300  0.436742  0.619531  0.558705  0.477370  0.589627  0.590174  0.870410  0.638533  0.643154  0.512268  0.314121  0.104356  0.301392  0.524263  0.572054  0.310197  0.338192  0.562228  0.295006  0.467229  0.759436  0.208980  0.250828  0.520988  0.472243  0.243004  0.360191  0.379856  0.581656  0.585380  0.424075  0.643446  0.527314  0.614318  0.654239  0.480785  0.392147  0.446626  0.733959  0.686607  0.638742  0.737405  0.833874  0.482973  0.311960  0.823550  0.089314  0.055357  0.083946  0.817037  0.722002  0.289651  0.553261  0.218524  0.278340  0.288471  0.436436  0.190743  0.391025  0.148283  0.255945  0.307364  0.164320  0.216309  0.448259  0.545482  0.235632  0.634946  0.695914  0.671450  0.721297  0.465607  0.314442  0.670369  0.670369  0.418502  0.478499  0.296738  0.214344  0.351571  0.299122  0.144358  0.769425  0.060962  0.015596  0.085279  0.081000  0.111976  0.046585  0.067879  0.040032  0.045420  0.699629  0.174604  0.536286  0.104878  0.030709  0.689202  0.766130  0.708459  0.357770  0.198179  0.505156  0.683469  0.205328  0.311334  0.099704  0.050981  0.124800  0.670050  0.115836  0.115836  0.085793  0.590083  0.674848  0.583242  0.499181  0.590322  0.109210  0.882972  0.840288  0.666745  0.782512  0.404501  0.356171  0.106234  0.236408  0.040290  0.077255  0.696202  0.156961  0.171443  0.113140  0.297243  0.169366  0.110887  0.068018  0.062930  0.062442  0.093450  0.544163  0.071289  0.799363  0.458452  0.852235  0.082898  0.726656
  0.424800  0.013886  0.808477  0.059250  0.046969  0.162598  0.052699  0.272443  0.836708  0.763196  0.000000  0.630718  0.608311  0.822505  0.438896  0.628412  0.560443  0.479724  0.590791  0.596206  0.871796  0.640306  0.648982  0.513497  0.317773  0.106010  0.301862  0.531574  0.571331  0.313234  0.339706  0.570031  0.302562  0.474063  0.763928  0.215044  0.256691  0.526934  0.479974  0.242749  0.359838  0.383240  0.587493  0.585968  0.426702  0.645062  0.528400  0.617231  0.652592  0.480906  0.395180  0.451423  0.736705  0.688671  0.641416  0.739736  0.873683  0.484533  0.312812  0.822127  0.090958  0.056510  0.086011  0.818711  0.725008  0.293727  0.558664  0.218766  0.281579  0.290285  0.441973  0.192094  0.390089  0.151414  0.258129  0.310732  0.168681  0.219756  0.449550  0.547703  0.238103  0.636646  0.700069  0.675615  0.718986  0.471148  0.315251  0.675252  0.673921  0.418873  0.481967  0.298473  0.215072  0.354423  0.303505  0.143867  0.773106  0.062807  0.015739  0.084572  0.082215  0.113964  0.046141  0.067670  0.039784  0.045589  0.701886  0.172869  0.538239  0.104847  0.030435  0.688873  0.768470  0.705454  0.361463  0.203057  0.502474  0.677817  0.213627  0.324232  0.099829  0.051755  0.124613  0.672331  0.115120  0.115120  0.085164  0.635336  0.678332  0.584454  0.509863  0.594970  0.111879  0.885560  0.840263  0.668747  0.782574  0.405686  0.357776  0.103899  0.238596  0.040864  0.077945  0.702753  0.159432  0.178203  0.116274  0.310153  0.176025  0.111579  0.067725  0.063557  0.063544  0.094733  0.546097  0.071956  0.798570  0.463946  0.855114  0.096087  0.729104
  0.427800  0.013569  0.811807  0.059429  0.046372  0.166359  0.052555  0.277231  0.840884  0.760727  0.000000  0.635482  0.617805  0.823272  0.441831  0.634373  0.568805  0.482271  0.592598  0.600532  0.871477  0.638592  0.660486  0.512054  0.322509  0.107865  0.304727  0.536769  0.572850  0.316932  0.341656  0.576051  0.311931  0.479569  0.767472  0.220876  0.263690  0.532644  0.488760  0.246322  0.363119  0.387540  0.594630  0.587197  0.429473  0.646474  0.531445  0.618646  0.653908  0.482237  0.398323  0.456204  0.739001  0.688378  0.642184  0.741342  0.870915  0.485763  0.315877  0.824059  0.094071  0.057105  0.087359  0.819927  0.730095  0.294599  0.559381  0.221585  0.282391  0.291435  0.444074  0.192199  0.393381  0.154060  0.260757  0.313313  0.169878  0.221657  0.450318  0.547138  0.239278  0.639003  0.700465  0.678711  0.725148  0.474196  0.318068  0.680978  0.676314  0.423927  0.483534  0.298216  0.216124  0.360087  0.308417  0.143594  0.772786  0.064131  0.016138  0.083396  0.084103  0.116503  0.046176  0.068103  0.040147  0.045883  0.701633  0.174601  0.541803  0.107295  0.031199  0.686671  0.770261  0.711720  0.362911  0.208269  0.496503  0.667836  0.221574  0.333781  0.102432  0.052808  0.124198  0.673244  0.116833  0.116833  0.085409  0.681759  0.679390  0.589382  0.513535  0.599940  0.115313  0.886194  0.839481  0.671121  0.784522  0.408155  0.360827  0.104332  0.239542  0.041599  0.079529  0.709885  0.161890  0.184427  0.117638  0.322081  0.179116  0.112765  0.069031  0.063218  0.062960  0.094482  0.551114  0.073487  0.801659  0.466827  0.859295  0.111649  0.730277
  0.430800  0.014061  0.816915  0.059268  0.046553  0.168447  0.053130  0.284282  0.843780  0.763629  0.000000  0.642013  0.621374  0.827530  0.445428  0.638677  0.570643  0.485698  0.595497  0.607996  0.871716  0.638290  0.669162  0.512273  0.329378  0.111313  0.306135  0.544137  0.574693  0.318349  0.344005  0.583571  0.320822  0.485633  0.773265  0.228234  0.271810  0.538229  0.498668  0.250697  0.369694  0.390172  0.602173  0.588929  0.432382  0.648861  0.534238  0.620086  0.654674  0.481598  0.401664  0.460903  0.741077  0.693387  0.648435  0.743497  0.711307  0.485594  0.317146  0.825927  0.094601  0.057719  0.088365  0.820364  0.737307  0.298716  0.562672  0.223286  0.283006  0.293281  0.446470  0.193446  0.393754  0.156012  0.261925  0.315984  0.172992  0.223836  0.451038  0.550777  0.242994  0.641691  0.704840  0.681021  0.732195  0.478388  0.324134  0.684118  0.679452  0.426630  0.485735  0.300313  0.218253  0.361899  0.311247  0.145448  0.775126  0.065839  0.015592  0.083671  0.087356  0.120023  0.046127  0.068457  0.040617  0.046204  0.702782  0.172615  0.544302  0.104339  0.031420  0.686970  0.770770  0.711352  0.366993  0.212498  0.487250  0.657098  0.229595  0.338776  0.099633  0.054214  0.125169  0.674369  0.118487  0.118487  0.086123  0.782664  0.684424  0.590029  0.520306  0.604392  0.118681  0.885548  0.841417  0.674584  0.787817  0.411166  0.362453  0.102189  0.240171  0.042203  0.081004  0.716591  0.162988  0.183201  0.115680  0.321787  0.183545  0.113564  0.068631  0.063988  0.063744  0.095775  0.549564  0.072939  0.801300  0.476504  0.862167  0.129408  0.733722
  0.433800  0.014033  0.821132  0.059208  0.045201  0.171756  0.053130  0.293983  0.846546  0.757229  0.000000  0.649315  0.626306  0.826245  0.447819  0.639336  0.572933  0.488085  0.595460  0.613073  0.872636  0.639970  0.677048  0.512388  0.335473  0.114550  0.304025  0.548485  0.575908  0.320677  0.345874  0.588839  0.329557  0.490714  0.776957  0.236691  0.280580  0.544833  0.508053  0.260778  0.380126  0.393494  0.604892  0.588997  0.435089  0.650579  0.535886  0.622310  0.655433  0.482106  0.406562  0.464476  0.743917  0.690417  0.650972  0.745135  0.818953  0.486694  0.317839  0.826460  0.093625  0.058612  0.090351  0.817901  0.740117  0.302318  0.565731  0.222984  0.284591  0.294503  0.451858  0.197739  0.393661  0.158232  0.264504  0.317853  0.175923  0.227248  0.453612  0.551396  0.244332  0.644692  0.707796  0.685308  0.730777  0.482940  0.334015  0.687234  0.681232  0.429923  0.487957  0.301034  0.219793  0.367916  0.316348  0.146181  0.776726  0.067091  0.016021  0.083262  0.087637  0.121766  0.046998  0.068290  0.041121  0.047164  0.701905  0.169338  0.545972  0.108834  0.031863  0.680857  0.773260  0.712567  0.370036  0.215921  0.477348  0.645993  0.232897  0.343977  0.100113  0.054312  0.128668  0.675047  0.118654  0.118654  0.086384  0.819621  0.686671  0.595015  0.531574  0.611675  0.122649  0.885064  0.841680  0.677647  0.789401  0.413800  0.364883  0.099087  0.241789  0.042818  0.082346  0.720053  0.165568  0.208973  0.116397  0.334872  0.183343  0.113421  0.068563  0.064797  0.063183  0.096177  0.553511  0.074955  0.802321  0.484363  0.864936  0.150388  0.734931
  0.436800  0.014864  0.824732  0.059564  0.046919  0.175287  0.054195  0.304784  0.849438  0.759930  0.000000  0.654561  0.630903  0.826118  0.450868  0.642926  0.577937  0.489452  0.600019  0.619282  0.873348  0.638639  0.686424  0.511402  0.343123  0.117517  0.308553  0.553857  0.577731  0.321778  0.347856  0.592932  0.338559  0.495634  0.780893  0.243935  0.289565  0.549337  0.517878  0.272645  0.394101  0.394722  0.609237  0.588490  0.437073  0.652730  0.538430  0.625036  0.654538  0.482474  0.407853  0.468247  0.746876  0.694656  0.651779  0.748339  0.808213  0.488031  0.320734  0.828040  0.095433  0.059658  0.090569  0.820760  0.749878  0.304799  0.568890  0.224084  0.286124  0.295941  0.454166  0.199678  0.395938  0.159244  0.265958  0.320386  0.179457  0.231110  0.455498  0.553850  0.246517  0.646655  0.710302  0.684394  0.735733  0.485627  0.343837  0.691661  0.683654  0.432401  0.491417  0.303539  0.222252  0.368905  0.319634  0.147300  0.779733  0.068731  0.015638  0.086934  0.088850  0.125770  0.045311  0.068546  0.040851  0.047086  0.705673  0.171358  0.550993  0.107368  0.032155  0.677895  0.773064  0.710193  0.372626  0.221469  0.472050  0.638983  0.235473  0.349338  0.101564  0.054558  0.127872  0.677134  0.119680  0.119680  0.087280  0.806209  0.688485  0.596714  0.539964  0.618303  0.126857  0.886604  0.846236  0.678448  0.792358  0.416794  0.368168  0.098421  0.242622  0.043270  0.084118  0.721505  0.169068  0.230677  0.125396  0.347766  0.189941  0.113983  0.068721  0.064352  0.063688  0.096535  0.561258  0.073554  0.803678  0.493941  0.868562  0.173674  0.737519
  0.439800  0.014592  0.829735  0.059048  0.046675  0.177417  0.053767  0.315382  0.851460  0.762573  0.000000  0.659809  0.639269  0.826919  0.455373  0.649920  0.580732  0.494819  0.599429  0.623661  0.874398  0.638863  0.696132  0.510478  0.351444  0.120004  0.306741  0.561305  0.582357  0.325740  0.351009  0.601429  0.345757  0.503060  0.785005  0.251616  0.298212  0.554992  0.526568  0.287635  0.411422  0.396169  0.613315  0.587432  0.437847  0.654136  0.538427  0.626446  0.653946  0.482464  0.410125  0.470781  0.748883  0.697482  0.654956  0.751174  0.878285  0.488255  0.324018  0.829104  0.097591  0.061031  0.092897  0.827111  0.759342  0.309526  0.571103  0.224628  0.288256  0.298440  0.457015  0.203507  0.399518  0.164099  0.269216  0.324989  0.182518  0.233616  0.458642  0.557207  0.248599  0.648887  0.712817  0.686896  0.742065  0.491039  0.358077  0.694747  0.687404  0.435256  0.493566  0.304078  0.223629  0.371985  0.325675  0.148406  0.781625  0.070039  0.016259  0.088204  0.092017  0.127966  0.046309  0.068931  0.041611  0.047500  0.710103  0.166612  0.555319  0.110573  0.032583  0.679662  0.775531  0.717845  0.375019  0.227860  0.466984  0.633453  0.238290  0.358336  0.101116  0.054749  0.130647  0.677220  0.120048  0.120048  0.086977  0.780092  0.688942  0.598354  0.551627  0.623303  0.130347  0.886621  0.845521  0.679785  0.794024  0.418584  0.370383  0.098625  0.244823  0.043723  0.085669  0.730186  0.167576  0.251359  0.137313  0.363149  0.190627  0.114256  0.069127  0.063895  0.063252  0.097241  0.560517  0.076546  0.804441  0.499672  0.870596  0.199652  0.740013
  0.442800  0.014968  0.832709  0.059041  0.046745  0.180670  0.053960  0.326757  0.853708  0.760517  0.000000  0.666913  0.642400  0.825532  0.455060  0.648944  0.583501  0.496533  0.605736  0.629786  0.874847  0.637659  0.704911  0.509583  0.360489  0.120908  0.308405  0.569895  0.581395  0.328450  0.353196  0.608722  0.355138  0.508635  0.789377  0.259106  0.306389  0.559680  0.535330  0.304642  0.430802  0.396725  0.615416  0.583957  0.438449  0.654953  0.537767  0.626060  0.653147  0.480099  0.409849  0.472134  0.752426  0.697692  0.652103  0.753750  0.896140  0.489694  0.324174  0.828952  0.099267  0.061307  0.094414  0.828320  0.759803  0.313126  0.574700  0.223728  0.289771  0.297006  0.458533  0.204064  0.402154  0.166324  0.269653  0.325455  0.183445  0.236564  0.457157  0.556777  0.252779  0.651521  0.715837  0.689202  0.743008  0.495286  0.371828  0.696536  0.689188  0.438818  0.496349  0.305800  0.225744  0.377238  0.330088  0.150081  0.783599  0.071936  0.015664  0.089384  0.092663  0.131915  0.045487  0.069474  0.042393  0.047011  0.713235  0.181075  0.559137  0.109090  0.032913  0.676225  0.776691  0.717068  0.377690  0.230652  0.464240  0.630392  0.242189  0.366515  0.101737  0.054922  0.130144  0.679788  0.120691  0.120691  0.087669  0.762388  0.692617  0.600283  0.554394  0.627928  0.134355  0.886778  0.847979  0.683751  0.795351  0.421230  0.372381  0.097805  0.244218  0.044366  0.086885  0.732571  0.166244  0.269770  0.146321  0.382915  0.195884  0.115240  0.069327  0.064926  0.064499  0.097635  0.579468  0.077665  0.806182  0.505858  0.872053  0.230144  0.741411
  0.445800  0.015407  0.837851  0.058424  0.046228  0.183024  0.053995  0.336297  0.853554  0.763106  0.000000  0.671868  0.643047  0.829803  0.458824  0.653290  0.585999  0.497119  0.603964  0.634191  0.874452  0.636897  0.711801  0.508220  0.367777  0.123159  0.307302  0.575786  0.585945  0.330514  0.357612  0.615275  0.362819  0.515086  0.793240  0.264785  0.313069  0.563976  0.542016  0.322206  0.452568  0.396284  0.620013  0.583137  0.438578  0.657840  0.538372  0.629327  0.654989  0.482756  0.412662  0.474052  0.754673  0.698845  0.658054  0.755001  0.904005  0.489208  0.323849  0.830696  0.099267  0.062717  0.097628  0.828766  0.764785  0.312051  0.575229  0.222167  0.287765  0.295886  0.459617  0.205963  0.400516  0.166116  0.269653  0.324248  0.182280  0.237715  0.456981  0.556816  0.256150  0.653486  0.719003  0.689616  0.747371  0.500366  0.387434  0.700336  0.690980  0.442435  0.499306  0.307107  0.226305  0.377193  0.332122  0.148846  0.784723  0.072587  0.015883  0.089419  0.093323  0.134084  0.045524  0.069815  0.042233  0.048432  0.715707  0.186109  0.562952  0.110649  0.033418  0.674407  0.777859  0.719005  0.379769  0.234978  0.464456  0.630864  0.248562  0.374120  0.103127  0.055562  0.129960  0.679991  0.121102  0.121102  0.087867  0.775455  0.694400  0.602480  0.562377  0.632122  0.138164  0.886355  0.848416  0.686825  0.797460  0.423519  0.374135  0.101096  0.244448  0.044514  0.088264  0.738445  0.166496  0.278857  0.152838  0.394843  0.203976  0.116134  0.070305  0.065757  0.063798  0.098474  0.586363  0.078853  0.809639  0.514936  0.874191  0.259969  0.742997
  0.448800  0.014851  0.840724  0.058403  0.046414  0.186112  0.053538  0.344744  0.855702  0.764420  0.000000  0.676852  0.647432  0.830114  0.461454  0.661884  0.588519  0.502440  0.610079  0.639368  0.875647  0.636534  0.723672  0.506806  0.376419  0.125509  0.305407  0.582239  0.593949  0.333899  0.359982  0.622037  0.370673  0.523059  0.796343  0.270144  0.318815  0.569325  0.548069  0.340919  0.473875  0.398989  0.624999  0.592061  0.443603  0.665151  0.542796  0.635630  0.662493  0.492658  0.418394  0.479798  0.757480  0.702052  0.660698  0.758754  0.901768  0.489487  0.321990  0.830090  0.101645  0.063228  0.098815  0.832699  0.768416  0.311618  0.575122  0.224129  0.287067  0.297328  0.461985  0.204434  0.400804  0.165567  0.267251  0.323976  0.181440  0.237173  0.455060  0.562456  0.262944  0.655893  0.720189  0.693522  0.750332  0.506033  0.402872  0.703498  0.693469  0.443528  0.502421  0.308699  0.228999  0.378139  0.335416  0.150780  0.787718  0.074726  0.015688  0.092445  0.097721  0.136412  0.046247  0.069937  0.043245  0.047781  0.718876  0.190316  0.564502  0.110342  0.033965  0.670729  0.779052  0.715900  0.381638  0.241331  0.468492  0.633583  0.258262  0.382167  0.103128  0.056746  0.133225  0.682052  0.123552  0.123552  0.088446  0.803145  0.696941  0.605043  0.567764  0.637340  0.141199  0.887485  0.846404  0.689474  0.799750  0.426407  0.376912  0.101344  0.244152  0.045370  0.089468  0.740521  0.168628  0.284716  0.157582  0.402936  0.207794  0.117192  0.071458  0.065870  0.064307  0.097232  0.590888  0.079314  0.809170  0.518205  0.874061  0.293738  0.747292
  0.451300  0.015650  0.843634  0.058936  0.046281  0.189540  0.053846  0.350470  0.858655  0.767150  0.000000  0.681414  0.655021  0.831862  0.462359  0.672730  0.594938  0.502836  0.606401  0.641157  0.877810  0.635902  0.731607  0.506578  0.382462  0.124942  0.306932  0.586132  0.599078  0.338922  0.363699  0.627456  0.378389  0.525828  0.800856  0.273914  0.323952  0.575122  0.553736  0.355041  0.493470  0.402009  0.628148  0.601566  0.450806  0.670870  0.548117  0.641630  0.666978  0.498892  0.424484  0.486448  0.761021  0.709026  0.661322  0.761969  0.888941  0.490880  0.328198  0.830108  0.104890  0.065714  0.103204  0.830924  0.770682  0.311250  0.574673  0.225610  0.289645  0.299317  0.464332  0.202719  0.400457  0.166173  0.267637  0.323831  0.181738  0.236667  0.456385  0.564292  0.267198  0.658494  0.722034  0.696717  0.751550  0.509290  0.414555  0.704611  0.696582  0.445677  0.504911  0.309850  0.229486  0.376186  0.339346  0.150082  0.789892  0.075263  0.015371  0.088526  0.098383  0.139675  0.044724  0.069228  0.042901  0.048026  0.718662  0.193090  0.566262  0.110856  0.034276  0.674707  0.778880  0.717793  0.382999  0.243678  0.473804  0.638779  0.264614  0.385752  0.106818  0.057565  0.132832  0.683484  0.122695  0.122695  0.089000  0.814427  0.697401  0.606466  0.575207  0.641564  0.143200  0.889547  0.851275  0.691971  0.801985  0.427996  0.378657  0.102648  0.245901  0.045559  0.091055  0.742949  0.170953  0.283531  0.161952  0.408283  0.208891  0.117465  0.070813  0.066844  0.065554  0.100062  0.597739  0.081736  0.814778  0.524357  0.878509  0.323255  0.748740
  0.453300  0.016307  0.847213  0.059318  0.045574  0.192293  0.055178  0.354555  0.859980  0.761935  0.000000  0.682771  0.655098  0.832908  0.464345  0.678882  0.594885  0.506541  0.607054  0.644818  0.876581  0.633654  0.739448  0.505078  0.386598  0.129776  0.304172  0.591261  0.593498  0.343042  0.365805  0.632766  0.382352  0.532670  0.805196  0.275870  0.326609  0.577211  0.555876  0.367337  0.506629  0.405481  0.631407  0.606916  0.455222  0.676118  0.550719  0.646311  0.672701  0.503283  0.429423  0.489901  0.761905  0.705848  0.665847  0.760367  0.869483  0.492914  0.327562  0.830903  0.105207  0.065224  0.103884  0.833366  0.774180  0.312808  0.576770  0.224466  0.287401  0.299042  0.465973  0.206977  0.399944  0.165684  0.265795  0.324266  0.181665  0.236605  0.455574  0.562015  0.273152  0.660435  0.723215  0.699936  0.756006  0.514393  0.423502  0.706171  0.696789  0.448699  0.507390  0.310208  0.230631  0.377818  0.341864  0.150321  0.790905  0.076046  0.016085  0.093125  0.097681  0.136778  0.045447  0.071272  0.043420  0.047643  0.721584  0.195088  0.568950  0.109765  0.034507  0.674299  0.780555  0.724635  0.382500  0.243749  0.478609  0.642982  0.269451  0.386826  0.106579  0.058110  0.132223  0.683833  0.124023  0.124023  0.089443  0.817800  0.697882  0.610241  0.573656  0.643434  0.145360  0.889451  0.849227  0.693646  0.801809  0.429466  0.380202  0.099354  0.247880  0.047482  0.090806  0.745410  0.172368  0.284022  0.161907  0.409426  0.216501  0.118558  0.071686  0.067343  0.064951  0.099974  0.601496  0.079848  0.813481  0.526664  0.881379  0.348067  0.749049
  0.455300  0.015688  0.848846  0.057997  0.047130  0.192584  0.054862  0.358540  0.860096  0.763863  0.000000  0.686627  0.655427  0.833360  0.467937  0.679397  0.595857  0.506384  0.612312  0.648628  0.876802  0.634274  0.742887  0.503288  0.391338  0.130060  0.305367  0.592474  0.600380  0.343449  0.367510  0.630996  0.384354  0.530340  0.803809  0.278183  0.328683  0.579723  0.558828  0.374944  0.519505  0.408591  0.634359  0.612912  0.459173  0.678582  0.556161  0.648879  0.677349  0.506860  0.433006  0.493732  0.765068  0.703693  0.664346  0.764481  0.844534  0.492568  0.331631  0.832041  0.107107  0.066864  0.107724  0.837537  0.778363  0.315791  0.578430  0.226819  0.289118  0.300234  0.465274  0.206038  0.402039  0.165849  0.265738  0.324323  0.182364  0.238829  0.457630  0.562355  0.274740  0.661100  0.724407  0.703852  0.754709  0.517920  0.431426  0.708310  0.700272  0.450058  0.509402  0.311670  0.231560  0.382499  0.344368  0.153714  0.792467  0.077228  0.016852  0.091844  0.096212  0.138251  0.046019  0.070233  0.043026  0.048625  0.722376  0.198503  0.570606  0.112126  0.034321  0.673780  0.781991  0.722986  0.384947  0.244299  0.483335  0.647352  0.273257  0.391201  0.107387  0.058834  0.133409  0.685140  0.122709  0.122709  0.088613  0.830428  0.701111  0.611973  0.579382  0.646329  0.146114  0.889094  0.852779  0.695014  0.805507  0.430718  0.382264  0.101502  0.246640  0.046562  0.092532  0.746983  0.174282  0.281871  0.163393  0.407972  0.221060  0.119762  0.072758  0.067286  0.066655  0.097056  0.602736  0.081055  0.811610  0.526068  0.881467  0.372804  0.751225
  0.457300  0.015650  0.851799  0.057695  0.045769  0.195430  0.054482  0.360869  0.859241  0.762269  0.000000  0.690084  0.662224  0.833320  0.472157  0.685715  0.597784  0.509059  0.617306  0.650038  0.876618  0.632837  0.748573  0.501529  0.395350  0.135511  0.305897  0.595669  0.605066  0.342839  0.368396  0.633243  0.388236  0.534654  0.805517  0.278186  0.331013  0.583172  0.561874  0.385565  0.529548  0.412176  0.636633  0.615866  0.461865  0.680254  0.557737  0.651521  0.679970  0.510180  0.435850  0.496822  0.764784  0.707014  0.663841  0.764477  0.818925  0.491412  0.331451  0.832811  0.108215  0.069147  0.108391  0.837848  0.781106  0.318564  0.581190  0.229176  0.291456  0.303548  0.469022  0.209178  0.404939  0.166470  0.268683  0.328856  0.185006  0.240261  0.461722  0.564993  0.277682  0.663365  0.724440  0.704572  0.758488  0.520156  0.438778  0.707374  0.701339  0.452555  0.509686  0.313383  0.232764  0.386845  0.347800  0.154082  0.792912  0.077478  0.015470  0.088708  0.100084  0.137784  0.045495  0.071677  0.043447  0.048631  0.722795  0.201934  0.572799  0.115319  0.034199  0.671747  0.781797  0.725712  0.385291  0.246175  0.489237  0.653210  0.277799  0.393035  0.105271  0.058740  0.134168  0.686138  0.124763  0.124763  0.089146  0.836399  0.702517  0.614003  0.583794  0.648159  0.148763  0.890693  0.855129  0.696945  0.805342  0.433739  0.385195  0.102577  0.248745  0.047368  0.092659  0.749197  0.173525  0.277010  0.165013  0.410811  0.221696  0.121347  0.072778  0.068169  0.067517  0.100909  0.604086  0.080891  0.820078  0.529934  0.882923  0.394816  0.750953
  0.459300  0.015188  0.852469  0.057375  0.046029  0.196220  0.054382  0.363762  0.859147  0.763531  0.000000  0.692652  0.661294  0.830621  0.473934  0.686951  0.598972  0.508143  0.613939  0.650116  0.878641  0.631490  0.751784  0.499698  0.399223  0.134057  0.306529  0.600253  0.602073  0.346784  0.371070  0.634597  0.388663  0.537086  0.807177  0.281314  0.332141  0.583952  0.563085  0.393491  0.542230  0.413651  0.639422  0.619699  0.464855  0.685506  0.562427  0.652508  0.681334  0.513491  0.438167  0.501152  0.766187  0.708212  0.668656  0.766150  0.782503  0.492190  0.333612  0.834119  0.109756  0.069004  0.113903  0.839784  0.783244  0.321787  0.584041  0.230291  0.292566  0.305360  0.471813  0.210421  0.405831  0.168854  0.271303  0.330123  0.189074  0.242188  0.464348  0.567487  0.279467  0.664020  0.725821  0.705267  0.757349  0.525508  0.445774  0.710039  0.700651  0.453820  0.511987  0.314480  0.233424  0.387301  0.346203  0.152983  0.794202  0.078725  0.016328  0.084938  0.098262  0.141254  0.043994  0.070750  0.042994  0.048958  0.724791  0.200397  0.572720  0.113917  0.033503  0.671588  0.783130  0.726070  0.384594  0.245805  0.498220  0.660113  0.282157  0.395537  0.107934  0.059721  0.132565  0.685477  0.123720  0.123720  0.090351  0.825547  0.702527  0.614764  0.586545  0.651279  0.148581  0.890729  0.853154  0.697271  0.805112  0.435951  0.386707  0.101906  0.250709  0.047272  0.092565  0.749114  0.173651  0.274616  0.168463  0.408445  0.226628  0.120699  0.072998  0.068854  0.066535  0.101408  0.607001  0.081439  0.817412  0.533031  0.884377  0.419398  0.754573
  0.461300  0.016289  0.855970  0.058581  0.045208  0.198578  0.054299  0.365871  0.863457  0.762776  0.000000  0.693583  0.664118  0.833254  0.473220  0.692261  0.600221  0.508735  0.616790  0.651819  0.878468  0.632464  0.758852  0.499244  0.403131  0.135421  0.304518  0.601907  0.600207  0.345369  0.373032  0.635907  0.391520  0.542708  0.809835  0.279854  0.332235  0.587866  0.564591  0.400351  0.549734  0.417242  0.641226  0.623967  0.466268  0.686553  0.562329  0.653933  0.684183  0.511645  0.441044  0.503347  0.767278  0.705780  0.668991  0.766155  0.750585  0.492289  0.334564  0.833588  0.111624  0.070738  0.113640  0.839241  0.782875  0.325627  0.585217  0.231284  0.295412  0.305584  0.468728  0.218163  0.411780  0.170164  0.272789  0.331146  0.192645  0.243240  0.465434  0.565308  0.281658  0.665038  0.725764  0.707946  0.762184  0.526875  0.451140  0.712799  0.701402  0.457126  0.513217  0.315602  0.234658  0.389899  0.350261  0.156350  0.794280  0.079620  0.015327  0.092596  0.098541  0.139420  0.043808  0.071167  0.043004  0.050164  0.724867  0.204201  0.574660  0.117173  0.033924  0.669271  0.785205  0.729601  0.385759  0.244116  0.505763  0.668417  0.285803  0.394260  0.108951  0.059629  0.135323  0.686859  0.123767  0.123767  0.089630  0.785606  0.704520  0.616045  0.591351  0.656519  0.149665  0.891484  0.852645  0.699082  0.808583  0.437515  0.388623  0.103948  0.249904  0.047195  0.093571  0.749949  0.177437  0.273125  0.167358  0.410908  0.231644  0.121219  0.073926  0.068570  0.068381  0.101272  0.606609  0.083432  0.816189  0.533930  0.886430  0.441338  0.754596
  0.463300  0.016848  0.859073  0.058003  0.045680  0.201390  0.054411  0.367589  0.860428  0.765464  0.000000  0.697004  0.664041  0.835397  0.474962  0.693362  0.599931  0.512207  0.618237  0.655833  0.879248  0.631038  0.762713  0.496854  0.407382  0.137377  0.305139  0.602906  0.607560  0.348917  0.374977  0.639010  0.391454  0.543796  0.808630  0.280385  0.333464  0.588526  0.566507  0.406228  0.557989  0.418630  0.641564  0.625553  0.466950  0.687326  0.563495  0.655018  0.684673  0.515215  0.443638  0.504893  0.768003  0.711097  0.668302  0.767688  0.724163  0.494323  0.336362  0.835097  0.114551  0.072447  0.117459  0.841313  0.781403  0.329547  0.587281  0.235881  0.298890  0.309640  0.475918  0.221457  0.414973  0.173452  0.277477  0.337070  0.195001  0.248223  0.471861  0.570199  0.281917  0.665632  0.730386  0.709124  0.764841  0.528627  0.455759  0.711989  0.703268  0.457845  0.515195  0.317296  0.236304  0.391675  0.353241  0.153860  0.796684  0.078796  0.016059  0.091024  0.097692  0.141955  0.044667  0.072674  0.044175  0.050509  0.724734  0.202692  0.575938  0.117044  0.034816  0.664358  0.783768  0.728705  0.386559  0.249456  0.513199  0.675820  0.290638  0.402294  0.111516  0.060581  0.134330  0.688702  0.124112  0.124112  0.089335  0.728880  0.705009  0.618866  0.594519  0.660912  0.151077  0.892011  0.856420  0.702627  0.808844  0.439362  0.389686  0.104173  0.250996  0.048787  0.094792  0.754265  0.175256  0.277245  0.169601  0.410773  0.233831  0.122516  0.074551  0.069651  0.068295  0.100148  0.611934  0.080994  0.821382  0.536252  0.886481  0.464327  0.756324
  0.465300  0.017006  0.859638  0.057875  0.046125  0.204269  0.053975  0.369547  0.862529  0.762552  0.000000  0.699367  0.666528  0.832619  0.479744  0.695343  0.602467  0.513481  0.622948  0.656581  0.878600  0.630236  0.767735  0.496278  0.409919  0.136578  0.303517  0.605213  0.609584  0.350002  0.376421  0.640378  0.391725  0.547726  0.808324  0.289334  0.334755  0.593041  0.568184  0.412278  0.565421  0.421380  0.644064  0.627393  0.468076  0.691329  0.565731  0.655525  0.686119  0.515552  0.446160  0.506904  0.768865  0.708806  0.667872  0.768990  0.676172  0.494876  0.340271  0.834899  0.116903  0.073675  0.121125  0.843072  0.785362  0.332498  0.589661  0.237976  0.301449  0.312885  0.474550  0.224491  0.415842  0.175689  0.280250  0.337894  0.197741  0.248847  0.472538  0.572815  0.283976  0.667874  0.729487  0.708893  0.768295  0.531039  0.460502  0.713709  0.703635  0.457199  0.515522  0.318275  0.237082  0.393615  0.354480  0.156979  0.796275  0.080625  0.016154  0.092361  0.099563  0.138894  0.044783  0.072272  0.045098  0.050004  0.727142  0.205217  0.578165  0.117243  0.034106  0.662956  0.784901  0.728207  0.387617  0.247176  0.523077  0.683083  0.296365  0.403934  0.112035  0.059465  0.136283  0.688922  0.125155  0.125155  0.090223  0.658168  0.706146  0.618206  0.608529  0.666946  0.151636  0.891949  0.855157  0.702752  0.809479  0.441370  0.391493  0.107128  0.253248  0.048364  0.095753  0.753893  0.180397  0.280100  0.169079  0.412508  0.237182  0.123452  0.075242  0.069737  0.068062  0.102166  0.610506  0.082193  0.814745  0.537842  0.888619  0.484944  0.758618
  0.467300  0.016702  0.861205  0.057233  0.045525  0.205734  0.055761  0.371692  0.861024  0.767509  0.000000  0.701720  0.668654  0.832264  0.478990  0.695555  0.602275  0.515602  0.623765  0.660147  0.879259  0.629822  0.773190  0.494577  0.413206  0.141209  0.307553  0.607829  0.610752  0.352897  0.377852  0.644649  0.392773  0.550918  0.810068  0.282314  0.337501  0.592620  0.569523  0.417598  0.570586  0.423843  0.644321  0.629818  0.469152  0.692853  0.567827  0.658350  0.687355  0.518915  0.447870  0.509314  0.769008  0.710770  0.671566  0.769790  0.716282  0.494226  0.342493  0.834302  0.120690  0.075634  0.125792  0.844310  0.786209  0.334839  0.591963  0.238850  0.302869  0.314657  0.477642  0.226842  0.419536  0.176784  0.281581  0.341242  0.198541  0.251936  0.473876  0.570903  0.286382  0.668460  0.730703  0.710780  0.766231  0.533034  0.464621  0.714845  0.706106  0.460605  0.517966  0.319043  0.238158  0.395659  0.354750  0.157923  0.797792  0.081116  0.016438  0.088055  0.099922  0.142242  0.044340  0.072514  0.045046  0.050209  0.726272  0.208222  0.579220  0.117616  0.034731  0.659182  0.786772  0.729938  0.388168  0.250793  0.532504  0.692431  0.301363  0.406961  0.113798  0.060313  0.137171  0.688605  0.124287  0.124287  0.089985  0.648958  0.706658  0.620712  0.611984  0.672263  0.152562  0.893209  0.861090  0.705111  0.810726  0.443476  0.393131  0.111124  0.254290  0.049336  0.095791  0.753967  0.180765  0.281925  0.170593  0.416432  0.244873  0.124647  0.076100  0.070612  0.068209  0.102891  0.615291  0.082557  0.818240  0.540499  0.890186  0.503184  0.757933
  0.469300  0.016815  0.863455  0.057909  0.045682  0.207677  0.054932  0.372997  0.861751  0.764645  0.000000  0.704363  0.666632  0.831306  0.477326  0.698739  0.601781  0.519209  0.622524  0.660682  0.879377  0.629145  0.775408  0.491167  0.415021  0.139246  0.306220  0.610231  0.612050  0.351810  0.379732  0.650510  0.397448  0.554598  0.810961  0.283941  0.337417  0.597386  0.571584  0.421878  0.577461  0.424537  0.644495  0.630759  0.470006  0.694606  0.569376  0.658609  0.687975  0.518475  0.449740  0.509786  0.771936  0.710535  0.669133  0.771774  0.747724  0.496446  0.344129  0.835470  0.124883  0.078504  0.127952  0.840202  0.790928  0.335686  0.593777  0.241395  0.305192  0.313961  0.479341  0.228842  0.421854  0.177963  0.283179  0.343615  0.199778  0.252748  0.474713  0.572322  0.286125  0.670231  0.731968  0.712032  0.770345  0.535603  0.468153  0.714044  0.705972  0.460875  0.519415  0.319927  0.239596  0.402144  0.356924  0.156174  0.798111  0.081094  0.016700  0.092522  0.102980  0.144352  0.044727  0.072852  0.046825  0.051122  0.730187  0.207440  0.581318  0.118638  0.034501  0.657333  0.786016  0.730369  0.388194  0.249327  0.540879  0.700679  0.305955  0.414622  0.114358  0.061043  0.135371  0.690037  0.125963  0.125963  0.091195  0.641356  0.707908  0.619986  0.622222  0.678113  0.154071  0.892223  0.860103  0.706688  0.811973  0.445317  0.394797  0.116278  0.255848  0.049887  0.096187  0.756203  0.185261  0.282537  0.170238  0.417324  0.242592  0.124708  0.076295  0.071794  0.069099  0.102606  0.614323  0.083149  0.821189  0.541320  0.890165  0.521653  0.760689
  0.471300  0.017176  0.864927  0.058118  0.046207  0.210019  0.054941  0.374226  0.861683  0.763967  0.000000  0.705540  0.666799  0.839762  0.482377  0.701249  0.606571  0.518179  0.622404  0.662348  0.879996  0.626698  0.779142  0.489494  0.417215  0.140187  0.306150  0.611766  0.610682  0.356144  0.380794  0.651867  0.395570  0.558730  0.811931  0.285445  0.338998  0.599051  0.572922  0.426407  0.582206  0.427005  0.645464  0.634854  0.471815  0.696715  0.571286  0.660906  0.691789  0.518817  0.450411  0.512320  0.771904  0.713428  0.671132  0.772489  0.710163  0.496018  0.345692  0.835661  0.128717  0.080111  0.133104  0.848834  0.792346  0.338249  0.595799  0.242030  0.305341  0.317537  0.481920  0.230944  0.419206  0.181034  0.283845  0.344061  0.201981  0.255241  0.476350  0.572603  0.286893  0.670517  0.731773  0.712508  0.765772  0.539248  0.470589  0.716424  0.707669  0.462964  0.520636  0.322239  0.241297  0.401305  0.357944  0.156178  0.799084  0.081185  0.016017  0.092480  0.101437  0.144511  0.044259  0.072562  0.046229  0.050888  0.729221  0.210793  0.581800  0.117693  0.034575  0.653751  0.787816  0.729413  0.389068  0.250941  0.551944  0.710116  0.310434  0.420002  0.115428  0.060432  0.137063  0.690637  0.125356  0.125356  0.090424  0.648130  0.705627  0.621683  0.626915  0.684715  0.154699  0.893399  0.863975  0.707641  0.813475  0.446881  0.397446  0.122286  0.257673  0.050655  0.097044  0.759706  0.185616  0.280373  0.174396  0.417456  0.245742  0.125018  0.077137  0.071080  0.069512  0.103791  0.619276  0.084187  0.821799  0.542734  0.890894  0.538877  0.760577
  0.473300  0.018014  0.866299  0.058005  0.045297  0.212598  0.055280  0.377215  0.862274  0.770865  0.000000  0.707239  0.670561  0.839157  0.482869  0.703880  0.608476  0.520903  0.628292  0.664661  0.879580  0.627530  0.782700  0.488073  0.420099  0.141525  0.308282  0.614166  0.615777  0.355769  0.382499  0.657019  0.396453  0.563984  0.811542  0.286519  0.341788  0.600926  0.573783  0.430795  0.585860  0.428133  0.646265  0.634719  0.472706  0.698030  0.572356  0.661690  0.690648  0.523358  0.451509  0.513222  0.771490  0.715942  0.675304  0.772919  0.679582  0.495493  0.351429  0.836432  0.132732  0.082439  0.138013  0.846267  0.794330  0.339211  0.595520  0.245991  0.310001  0.321531  0.482806  0.230982  0.422543  0.181514  0.287292  0.349623  0.206755  0.257718  0.480933  0.578105  0.288182  0.671674  0.731708  0.712434  0.775793  0.539551  0.474328  0.717781  0.707676  0.465450  0.521821  0.323437  0.241755  0.407840  0.360139  0.157505  0.800078  0.082202  0.016408  0.094444  0.103710  0.145758  0.043979  0.072810  0.046405  0.052004  0.729906  0.209754  0.584654  0.116495  0.035021  0.653621  0.787163  0.733604  0.389544  0.253757  0.563133  0.718809  0.313007  0.425179  0.116417  0.060411  0.137176  0.692478  0.126388  0.126388  0.091378  0.669012  0.708304  0.622739  0.634965  0.690290  0.156084  0.894012  0.856326  0.709091  0.815152  0.448359  0.398476  0.127382  0.260120  0.050401  0.098155  0.762208  0.187948  0.281754  0.170422  0.416949  0.251400  0.125195  0.077110  0.072386  0.069767  0.104477  0.619549  0.083094  0.822768  0.545800  0.892309  0.556653  0.763402
  0.475300  0.017588  0.867886  0.057443  0.044809  0.214665  0.054071  0.378541  0.862332  0.762834  0.000000  0.709838  0.671658  0.837993  0.479061  0.700989  0.605763  0.519520  0.625953  0.665838  0.879354  0.626160  0.786636  0.486742  0.422819  0.141877  0.306972  0.615398  0.616705  0.354146  0.383870  0.657804  0.397854  0.567735  0.813444  0.288048  0.342261  0.602554  0.576074  0.433704  0.591289  0.430759  0.647837  0.637797  0.474989  0.700496  0.577372  0.663843  0.693866  0.521099  0.453064  0.515679  0.775900  0.713628  0.674007  0.773252  0.769561  0.496190  0.350451  0.836016  0.137796  0.084611  0.141918  0.844304  0.791843  0.345801  0.601242  0.249701  0.313835  0.326290  0.487165  0.239469  0.427713  0.184137  0.292696  0.354612  0.212352  0.261909  0.485751  0.578112  0.289725  0.673288  0.734315  0.716403  0.770699  0.542298  0.476775  0.718137  0.709368  0.463959  0.523868  0.323936  0.242635  0.407523  0.359513  0.155549  0.799731  0.082852  0.016299  0.093238  0.105562  0.147269  0.044177  0.072842  0.047482  0.052141  0.728255  0.212771  0.584485  0.120342  0.034431  0.646222  0.787613  0.729445  0.390451  0.251822  0.571688  0.726366  0.316796  0.428030  0.116829  0.060844  0.138531  0.691376  0.127556  0.127556  0.090304  0.678014  0.708136  0.624021  0.643282  0.695385  0.157571  0.894444  0.862974  0.710142  0.816997  0.451033  0.400726  0.130431  0.260956  0.050819  0.098815  0.762036  0.188536  0.280185  0.171084  0.413246  0.252654  0.126361  0.078278  0.073337  0.071350  0.103558  0.619255  0.087867  0.827064  0.547826  0.893130  0.569202  0.762423
  0.477300  0.017979  0.870140  0.058280  0.045413  0.217539  0.054929  0.379663  0.860722  0.764004  0.000000  0.709710  0.672786  0.839661  0.482906  0.702041  0.610609  0.524517  0.628863  0.667410  0.879497  0.625221  0.789624  0.485231  0.424225  0.148184  0.306338  0.616735  0.617715  0.356856  0.386198  0.660627  0.402965  0.573619  0.815374  0.290172  0.343981  0.605023  0.578390  0.436919  0.594559  0.432458  0.649660  0.639060  0.476939  0.702092  0.576692  0.666412  0.694047  0.521534  0.455596  0.518422  0.773808  0.717493  0.674367  0.775737  0.756410  0.496109  0.355601  0.836987  0.140410  0.086427  0.145499  0.849912  0.791720  0.352137  0.603596  0.252325  0.319169  0.328646  0.490654  0.246463  0.429975  0.188028  0.297230  0.360127  0.218776  0.265989  0.492575  0.580857  0.288794  0.673431  0.734678  0.716050  0.774661  0.543470  0.478932  0.718871  0.710777  0.465847  0.524648  0.326037  0.243461  0.413235  0.361421  0.157989  0.800903  0.082862  0.016601  0.092144  0.106854  0.148834  0.043714  0.073941  0.046883  0.052299  0.731012  0.213525  0.586230  0.119874  0.034459  0.644168  0.789020  0.731615  0.391065  0.253527  0.579221  0.733025  0.319895  0.434439  0.117918  0.060692  0.137321  0.693105  0.127428  0.127428  0.091051  0.669900  0.710530  0.623600  0.647201  0.701201  0.158635  0.894592  0.864697  0.712233  0.816794  0.451945  0.401216  0.139655  0.262425  0.051599  0.099240  0.766509  0.190034  0.277083  0.172685  0.411402  0.258076  0.126827  0.078502  0.073022  0.071007  0.104383  0.619031  0.086780  0.824796  0.548539  0.894639  0.582666  0.764660
  0.479300  0.017335  0.870189  0.057712  0.045230  0.219747  0.054887  0.381179  0.860770  0.766042  0.000000  0.713718  0.674735  0.840321  0.487336  0.705169  0.610112  0.526477  0.624170  0.669669  0.880979  0.622854  0.792770  0.482985  0.426896  0.150163  0.306727  0.618850  0.618912  0.358337  0.387848  0.663454  0.402214  0.575195  0.815776  0.291782  0.347343  0.608571  0.580208  0.441412  0.596828  0.436020  0.653316  0.641012  0.478513  0.703475  0.578170  0.667701  0.694863  0.528262  0.458285  0.520553  0.774709  0.716501  0.675453  0.775920  0.654821  0.496094  0.354815  0.836874  0.145549  0.088494  0.148447  0.847675  0.798948  0.357586  0.608637  0.257652  0.322807  0.332821  0.492289  0.250361  0.433337  0.193455  0.301726  0.365112  0.222144  0.271422  0.494532  0.583161  0.290609  0.675069  0.734619  0.718054  0.776582  0.546610  0.480731  0.719840  0.710382  0.469603  0.526649  0.327314  0.244751  0.417201  0.361845  0.156233  0.802020  0.084187  0.016194  0.092055  0.108372  0.150907  0.044445  0.073891  0.047870  0.052813  0.734703  0.215515  0.586258  0.122853  0.034829  0.640226  0.790777  0.738719  0.393171  0.255084  0.586292  0.739648  0.323468  0.436373  0.121681  0.061230  0.138167  0.694332  0.128304  0.128304  0.091733  0.656179  0.710461  0.626736  0.652642  0.704554  0.159649  0.895786  0.862198  0.713000  0.818490  0.454669  0.403282  0.143213  0.264419  0.051821  0.100277  0.769223  0.192978  0.276772  0.172856  0.411610  0.260715  0.128693  0.080086  0.073608  0.071661  0.104493  0.623823  0.087304  0.825476  0.551318  0.893924  0.596548  0.767233
  0.481300  0.018003  0.871017  0.058079  0.046171  0.220544  0.054874  0.382923  0.860057  0.764782  0.000000  0.714869  0.672338  0.838019  0.486897  0.704917  0.607577  0.527044  0.628128  0.670149  0.881025  0.622399  0.795165  0.480875  0.429736  0.152975  0.309182  0.618915  0.621485  0.358876  0.389516  0.666856  0.404390  0.578304  0.817419  0.293506  0.348431  0.610287  0.583236  0.446036  0.600055  0.437823  0.657563  0.643274  0.480030  0.706395  0.579585  0.669203  0.697878  0.526304  0.458791  0.522808  0.776792  0.716314  0.674651  0.777831  0.762314  0.496294  0.359525  0.837294  0.149708  0.089968  0.151376  0.849336  0.795169  0.360536  0.610323  0.261778  0.327425  0.335942  0.496251  0.253623  0.431137  0.196096  0.305211  0.367088  0.225308  0.273513  0.495923  0.584606  0.291900  0.676498  0.738081  0.716679  0.774777  0.547958  0.483867  0.718600  0.712521  0.469292  0.527686  0.328695  0.245790  0.420383  0.364464  0.156958  0.802526  0.084821  0.016366  0.096410  0.109128  0.149620  0.044199  0.075062  0.047543  0.052504  0.730759  0.219555  0.587810  0.121570  0.035195  0.633784  0.790200  0.736302  0.394170  0.255601  0.592336  0.745305  0.325209  0.439182  0.122429  0.061456  0.138448  0.694261  0.128054  0.128054  0.092186  0.641070  0.710466  0.627692  0.657572  0.707528  0.161561  0.895744  0.862243  0.713293  0.818609  0.455003  0.404571  0.145965  0.266034  0.051343  0.101004  0.769414  0.194715  0.274531  0.173610  0.410187  0.263611  0.130113  0.079937  0.075557  0.071658  0.104926  0.623530  0.089846  0.829424  0.552190  0.895517  0.610475  0.766501
  0.483300  0.018426  0.873097  0.057769  0.045490  0.223122  0.054809  0.386384  0.862114  0.764814  0.000000  0.718225  0.676894  0.837370  0.489657  0.710356  0.617017  0.528481  0.634868  0.673017  0.880911  0.621578  0.800184  0.480049  0.433166  0.151765  0.310425  0.620417  0.626452  0.360459  0.390079  0.670603  0.408380  0.583511  0.816787  0.295852  0.351297  0.614045  0.586494  0.450152  0.603344  0.438866  0.659160  0.644127  0.482074  0.707474  0.580592  0.669655  0.697830  0.526216  0.459635  0.525194  0.777654  0.718869  0.674641  0.778755  0.781257  0.496670  0.361497  0.837623  0.153385  0.092785  0.153209  0.851884  0.803854  0.361414  0.612358  0.265705  0.330049  0.337956  0.498936  0.255149  0.435223  0.199273  0.306242  0.368864  0.226826  0.275583  0.496084  0.586393  0.293135  0.677652  0.736797  0.718850  0.784002  0.549948  0.487706  0.721132  0.713019  0.472126  0.528665  0.329682  0.247326  0.426097  0.365419  0.160891  0.803614  0.086015  0.016318  0.094789  0.110157  0.150134  0.044223  0.074204  0.047897  0.053392  0.732624  0.219758  0.590256  0.122904  0.035161  0.635428  0.791439  0.736052  0.393970  0.259243  0.599379  0.750626  0.327410  0.447791  0.123217  0.060915  0.136058  0.695360  0.128531  0.128531  0.092120  0.673873  0.710567  0.624630  0.662821  0.710894  0.163082  0.897314  0.863208  0.713331  0.820210  0.457358  0.407043  0.146962  0.266190  0.052288  0.101381  0.772618  0.194752  0.270319  0.175050  0.413849  0.267724  0.129508  0.080945  0.075833  0.072094  0.107949  0.627297  0.090958  0.826408  0.557612  0.897653  0.622861  0.768131
  0.485300  0.019369  0.875440  0.057830  0.045732  0.224492  0.054590  0.386241  0.862151  0.764049  0.000000  0.719648  0.672276  0.839754  0.489956  0.710848  0.614218  0.528288  0.629551  0.674399  0.881421  0.619899  0.800212  0.477262  0.434612  0.153905  0.308674  0.621489  0.626861  0.358229  0.391950  0.671591  0.410474  0.584236  0.818537  0.298542  0.354508  0.616631  0.588163  0.454566  0.605066  0.439372  0.662134  0.644657  0.483301  0.708708  0.582967  0.671203  0.699166  0.528418  0.462976  0.528781  0.779037  0.720044  0.677918  0.779061  0.794232  0.497440  0.361701  0.837349  0.155071  0.093944  0.156474  0.849884  0.798774  0.362358  0.612039  0.265479  0.329604  0.339685  0.499036  0.253059  0.431338  0.199658  0.306900  0.369140  0.228180  0.276306  0.493353  0.585923  0.294560  0.678288  0.739186  0.719826  0.784000  0.552536  0.489518  0.722226  0.715457  0.472387  0.530340  0.332073  0.248737  0.427825  0.368249  0.158297  0.804863  0.085790  0.016899  0.097479  0.109302  0.154721  0.044506  0.074509  0.047867  0.052675  0.734408  0.224242  0.590174  0.125258  0.035273  0.628353  0.792615  0.736084  0.395873  0.263771  0.603062  0.753718  0.329532  0.450106  0.126198  0.060555  0.140372  0.696592  0.128695  0.128695  0.091883  0.696914  0.710838  0.627935  0.665869  0.715895  0.164858  0.896981  0.864813  0.716952  0.822242  0.460145  0.408808  0.149673  0.267367  0.051881  0.102718  0.774366  0.196950  0.273456  0.176864  0.410255  0.266293  0.130673  0.081111  0.076353  0.073665  0.104976  0.628475  0.086573  0.828791  0.559876  0.898465  0.634729  0.768629
  0.487300  0.018176  0.876269  0.058200  0.045236  0.227905  0.054129  0.388075  0.859879  0.762355  0.000000  0.722277  0.674495  0.842525  0.492839  0.711097  0.617832  0.527524  0.629341  0.676858  0.881109  0.617982  0.802610  0.474629  0.437789  0.156302  0.311744  0.622279  0.626270  0.363887  0.393923  0.671565  0.413330  0.585400  0.819234  0.301058  0.356634  0.619680  0.591864  0.457607  0.607918  0.442663  0.665796  0.647170  0.486060  0.710707  0.584485  0.673266  0.699361  0.526813  0.462845  0.529085  0.778500  0.722221  0.673566  0.781278  0.848535  0.497735  0.363851  0.838406  0.158254  0.095561  0.159481  0.852633  0.801485  0.362603  0.612723  0.268303  0.333683  0.342096  0.501816  0.256349  0.429704  0.201117  0.307921  0.370500  0.229670  0.277164  0.492201  0.586575  0.295008  0.679894  0.739810  0.719748  0.785422  0.554075  0.492001  0.721570  0.715478  0.471901  0.532213  0.334292  0.250229  0.429064  0.370564  0.161257  0.804337  0.086606  0.016298  0.094812  0.112089  0.155888  0.043315  0.074942  0.049158  0.053604  0.734432  0.223609  0.592584  0.124216  0.035449  0.628461  0.791969  0.738749  0.395978  0.264108  0.606354  0.756085  0.330517  0.453919  0.123825  0.060101  0.141683  0.696538  0.129880  0.129880  0.092529  0.711557  0.710755  0.628572  0.672362  0.720850  0.166893  0.898633  0.862889  0.718897  0.821835  0.460204  0.411424  0.149269  0.268058  0.052931  0.103905  0.772582  0.198978  0.269946  0.179670  0.415718  0.273330  0.131319  0.082722  0.077566  0.074070  0.105105  0.629562  0.092182  0.828426  0.557582  0.898525  0.647658  0.769092
  0.489300  0.018543  0.879307  0.058290  0.045935  0.229895  0.054827  0.390317  0.861380  0.766704  0.000000  0.724890  0.679926  0.843879  0.492514  0.710267  0.616521  0.532623  0.633894  0.679300  0.881362  0.617279  0.805623  0.473407  0.439025  0.160121  0.313109  0.624764  0.626205  0.363831  0.394950  0.677136  0.416567  0.590510  0.821454  0.304918  0.361778  0.621944  0.596188  0.461183  0.611181  0.444129  0.668818  0.648486  0.488859  0.713264  0.586356  0.675248  0.700876  0.528013  0.465780  0.530439  0.779109  0.723170  0.675913  0.781538  0.876522  0.497430  0.364425  0.837568  0.160383  0.097662  0.158193  0.853248  0.806815  0.363243  0.613696  0.271210  0.334957  0.344067  0.503513  0.256806  0.431111  0.201762  0.310431  0.369682  0.229232  0.279335  0.493063  0.585912  0.296948  0.681846  0.740529  0.720465  0.782718  0.556270  0.494433  0.722766  0.716669  0.475623  0.533430  0.335935  0.252176  0.430471  0.371389  0.160121  0.805908  0.088091  0.016433  0.094338  0.114697  0.155128  0.043303  0.075477  0.048334  0.054699  0.733605  0.228951  0.593180  0.124906  0.036037  0.625488  0.791866  0.738687  0.397662  0.261641  0.608878  0.758724  0.330996  0.453607  0.129457  0.060620  0.140756  0.697461  0.129758  0.129758  0.093148  0.718404  0.712163  0.629625  0.676395  0.723739  0.168748  0.899262  0.865064  0.721053  0.824074  0.462296  0.414670  0.152116  0.267864  0.052741  0.102952  0.781107  0.198868  0.274922  0.180852  0.417982  0.272590  0.132107  0.083276  0.077961  0.074548  0.105290  0.630141  0.090774  0.831324  0.564466  0.900813  0.660415  0.769358
  0.491300  0.019183  0.880134  0.058010  0.045044  0.232126  0.055249  0.390190  0.859883  0.767686  0.000000  0.726123  0.682160  0.842842  0.495863  0.713116  0.618968  0.534338  0.633366  0.678837  0.882350  0.616155  0.806465  0.471761  0.442039  0.163585  0.314126  0.624860  0.628282  0.364795  0.396969  0.679690  0.420453  0.595289  0.821722  0.308895  0.364501  0.624996  0.598526  0.465978  0.611610  0.445241  0.670579  0.650644  0.488041  0.713001  0.585735  0.675114  0.702986  0.529647  0.467246  0.533669  0.781165  0.719114  0.679875  0.784115  0.881187  0.498118  0.367319  0.839131  0.162726  0.098692  0.165005  0.857018  0.804225  0.365152  0.614891  0.274047  0.341320  0.346756  0.506237  0.257830  0.430591  0.203487  0.310283  0.370049  0.230411  0.280211  0.493262  0.588740  0.299209  0.682131  0.740390  0.723080  0.786387  0.557749  0.496721  0.722861  0.716765  0.477466  0.534968  0.337424  0.253460  0.428272  0.375398  0.161745  0.806424  0.089360  0.016501  0.095391  0.111620  0.154046  0.043547  0.075568  0.049196  0.054746  0.734376  0.231716  0.595905  0.125535  0.036335  0.621927  0.792628  0.740233  0.398448  0.266621  0.612326  0.760323  0.330472  0.454668  0.127966  0.059932  0.140278  0.698067  0.130959  0.130959  0.093594  0.722162  0.712695  0.629332  0.678520  0.728036  0.170833  0.900831  0.864800  0.720795  0.824352  0.463817  0.414456  0.153186  0.267562  0.055100  0.104313  0.780106  0.198141  0.275731  0.181841  0.417153  0.274907  0.133337  0.084120  0.079258  0.076100  0.108989  0.632991  0.091344  0.831079  0.569862  0.900871  0.671213  0.771881
  0.493300  0.019270  0.880085  0.057663  0.045319  0.234161  0.055653  0.391162  0.861364  0.766073  0.000000  0.728753  0.680509  0.843853  0.497358  0.718245  0.619779  0.531408  0.638607  0.682077  0.882955  0.616431  0.808677  0.469453  0.443449  0.167510  0.313967  0.627701  0.629790  0.367779  0.399607  0.683322  0.427206  0.596312  0.822453  0.311824  0.369170  0.627215  0.602381  0.468551  0.614886  0.446241  0.670552  0.650734  0.489839  0.713772  0.588075  0.675364  0.701410  0.526286  0.469245  0.534537  0.780813  0.721463  0.680075  0.785557  0.884651  0.499217  0.367486  0.838952  0.164678  0.100648  0.163539  0.854446  0.804773  0.368599  0.617086  0.277556  0.344693  0.349075  0.508111  0.259167  0.434385  0.203137  0.311127  0.371754  0.229883  0.280014  0.493684  0.589476  0.300807  0.683424  0.743739  0.723647  0.790832  0.559260  0.498523  0.725896  0.719113  0.478851  0.536295  0.339400  0.255492  0.432142  0.374296  0.162463  0.807586  0.089677  0.016818  0.094828  0.114052  0.156089  0.043862  0.075852  0.049538  0.054638  0.737429  0.235057  0.597153  0.127858  0.036867  0.619138  0.791698  0.739717  0.400642  0.265466  0.613807  0.761705  0.330475  0.456097  0.129586  0.059605  0.141523  0.698845  0.130504  0.130504  0.093608  0.733818  0.712561  0.631638  0.682025  0.731066  0.173752  0.900299  0.866627  0.723657  0.826472  0.466442  0.417041  0.154371  0.268200  0.054737  0.103967  0.781811  0.195151  0.275670  0.184245  0.422447  0.280261  0.135298  0.085333  0.079971  0.075887  0.108303  0.636287  0.092282  0.830502  0.572361  0.902377  0.680530  0.773058
  0.495300  0.020867  0.885431  0.057514  0.046193  0.235491  0.054851  0.390786  0.860520  0.762808  0.000000  0.730646  0.679055  0.839675  0.498148  0.716180  0.618566  0.535273  0.637048  0.684898  0.882453  0.614151  0.811692  0.466908  0.445320  0.167539  0.311160  0.630211  0.631105  0.367578  0.400304  0.685872  0.429748  0.599749  0.825838  0.317392  0.374433  0.630109  0.605718  0.470688  0.616015  0.449348  0.671591  0.652693  0.491018  0.716097  0.589195  0.675938  0.703529  0.532241  0.469511  0.535986  0.781513  0.723052  0.680691  0.785147  0.874375  0.499696  0.367169  0.839302  0.167431  0.101841  0.165592  0.853881  0.806674  0.369009  0.617906  0.280162  0.345895  0.352550  0.510657  0.258795  0.432298  0.203960  0.309029  0.371201  0.230042  0.280394  0.492485  0.589861  0.303339  0.685173  0.743564  0.723454  0.790831  0.561338  0.500848  0.724364  0.720290  0.479025  0.537995  0.341360  0.256689  0.429738  0.377890  0.159938  0.807905  0.090296  0.016613  0.096588  0.112720  0.155434  0.043342  0.076257  0.049467  0.054119  0.735906  0.236819  0.599543  0.126703  0.037188  0.612645  0.795652  0.740584  0.401984  0.266821  0.612717  0.762344  0.329291  0.456862  0.131569  0.059263  0.141694  0.699079  0.131968  0.131968  0.093871  0.767825  0.713745  0.630669  0.685660  0.736399  0.175867  0.899972  0.862436  0.724993  0.827309  0.467546  0.418499  0.156017  0.269460  0.055781  0.104773  0.783949  0.196583  0.276995  0.187137  0.423977  0.284590  0.134567  0.085590  0.079808  0.076783  0.107630  0.636238  0.093189  0.834181  0.576352  0.904663  0.689955  0.774473
  0.497300  0.019498  0.887016  0.057746  0.045520  0.238221  0.055479  0.391493  0.860567  0.769793  0.000000  0.733327  0.687785  0.847971  0.502688  0.721811  0.624557  0.539370  0.638474  0.686552  0.882412  0.613249  0.810180  0.464897  0.447038  0.171187  0.316787  0.632743  0.637618  0.370622  0.402402  0.688319  0.436154  0.602020  0.826982  0.320168  0.378938  0.634402  0.609607  0.473899  0.617088  0.450239  0.667533  0.653185  0.491112  0.718411  0.590414  0.677350  0.701137  0.535634  0.470371  0.537373  0.783265  0.727490  0.683908  0.786879  0.857928  0.499301  0.369476  0.838303  0.169300  0.103959  0.167369  0.857999  0.812148  0.373897  0.620884  0.285534  0.353169  0.358874  0.514512  0.267535  0.433267  0.204239  0.311919  0.374148  0.232754  0.282430  0.498684  0.592682  0.305070  0.686229  0.745533  0.724716  0.793887  0.564234  0.504708  0.724271  0.720875  0.483865  0.539297  0.342866  0.258886  0.436726  0.383634  0.162902  0.807838  0.091380  0.016617  0.091540  0.115985  0.158154  0.043465  0.076938  0.050638  0.055024  0.737177  0.239757  0.601235  0.127777  0.037464  0.614020  0.795596  0.743852  0.403627  0.271635  0.613843  0.760853  0.329133  0.459732  0.133443  0.059085  0.139817  0.698270  0.131948  0.131948  0.094708  0.804614  0.712919  0.635620  0.692383  0.740178  0.179050  0.901240  0.867644  0.725349  0.827950  0.470587  0.419410  0.156547  0.269896  0.056339  0.106043  0.792100  0.198699  0.279945  0.189315  0.429486  0.286284  0.136362  0.086242  0.080919  0.077144  0.107868  0.639751  0.096064  0.836954  0.579236  0.904709  0.698497  0.774163
  0.499300  0.021745  0.887735  0.057781  0.045909  0.239286  0.054685  0.393165  0.861263  0.766665  0.000000  0.734543  0.682651  0.846369  0.497882  0.720677  0.621888  0.537190  0.637579  0.687980  0.884040  0.612293  0.813174  0.463546  0.449763  0.168694  0.316637  0.633823  0.640404  0.371557  0.403693  0.690142  0.439510  0.605534  0.826903  0.324630  0.383537  0.636478  0.613501  0.476690  0.618775  0.452983  0.667421  0.654396  0.491680  0.719709  0.592103  0.677992  0.703475  0.532605  0.471391  0.539211  0.783810  0.725890  0.685696  0.788423  0.831894  0.498652  0.370834  0.840578  0.171585  0.105388  0.167735  0.852689  0.811060  0.382831  0.626274  0.293344  0.360058  0.366183  0.518881  0.275841  0.439522  0.206323  0.314208  0.379549  0.235984  0.284896  0.503993  0.593767  0.306883  0.687763  0.745573  0.724757  0.792407  0.564989  0.505924  0.726287  0.721531  0.480911  0.542121  0.344781  0.261147  0.437601  0.381562  0.162209  0.809214  0.093497  0.016609  0.096161  0.115985  0.158723  0.043209  0.076222  0.050044  0.054727  0.738517  0.243412  0.602179  0.130735  0.038397  0.604756  0.794231  0.739490  0.404590  0.273959  0.614098  0.760694  0.326369  0.455853  0.134426  0.059009  0.143377  0.700953  0.132686  0.132686  0.094515  0.830526  0.712267  0.634897  0.699728  0.745574  0.180890  0.901460  0.869139  0.726912  0.829602  0.472801  0.422460  0.155805  0.271243  0.057076  0.106304  0.785123  0.200396  0.277890  0.191510  0.428394  0.288673  0.137434  0.087347  0.082059  0.078877  0.110085  0.640332  0.094616  0.835376  0.581913  0.905443  0.706290  0.774472
  0.501300  0.021997  0.889321  0.058037  0.044976  0.241338  0.055183  0.395841  0.861314  0.767256  0.000000  0.735959  0.679390  0.850528  0.500930  0.725048  0.624745  0.539527  0.640392  0.691272  0.884345  0.609902  0.814791  0.461221  0.450488  0.171774  0.317736  0.637367  0.636823  0.371767  0.406853  0.694563  0.445042  0.609892  0.830757  0.329699  0.390870  0.640879  0.618061  0.477968  0.620971  0.453728  0.664257  0.653966  0.491019  0.720807  0.591657  0.677191  0.701642  0.535580  0.471096  0.539656  0.784444  0.728073  0.683852  0.790777  0.802958  0.500065  0.374387  0.838968  0.174524  0.106879  0.170316  0.857610  0.816686  0.391218  0.631103  0.300758  0.367718  0.372978  0.522787  0.286535  0.443557  0.209044  0.319770  0.385561  0.242370  0.289704  0.511036  0.596940  0.307883  0.688542  0.746128  0.726685  0.794218  0.566639  0.509891  0.727560  0.722801  0.485042  0.543135  0.346858  0.262442  0.441150  0.384498  0.161503  0.811570  0.093502  0.017114  0.101769  0.117255  0.160323  0.042989  0.077276  0.050251  0.055155  0.741155  0.245807  0.604370  0.132426  0.038616  0.603240  0.794855  0.743745  0.405898  0.274014  0.612864  0.758753  0.324398  0.455994  0.134077  0.058411  0.143119  0.703671  0.132858  0.132858  0.094999  0.833090  0.714186  0.635027  0.703705  0.750651  0.184485  0.902253  0.869399  0.729447  0.832542  0.474764  0.424369  0.157411  0.272431  0.056863  0.107051  0.789985  0.201865  0.276812  0.193205  0.429193  0.290706  0.138986  0.088729  0.082828  0.078622  0.109939  0.641222  0.096336  0.834803  0.587835  0.907028  0.712363  0.776099
  0.503300  0.021412  0.889951  0.057377  0.046357  0.243034  0.055674  0.396419  0.861886  0.768251  0.000000  0.738436  0.685134  0.847741  0.501623  0.723469  0.624311  0.537797  0.637996  0.691802  0.884008  0.608826  0.817632  0.458920  0.453249  0.173577  0.316352  0.637506  0.640195  0.370967  0.408033  0.696441  0.448963  0.612568  0.830977  0.334199  0.394429  0.643524  0.622618  0.479305  0.621065  0.455868  0.661542  0.654469  0.491420  0.720293  0.594021  0.677668  0.703507  0.535112  0.471116  0.538802  0.786352  0.725799  0.686350  0.791273  0.767357  0.500535  0.375495  0.839455  0.174615  0.109116  0.171470  0.855200  0.811983  0.398173  0.635940  0.306487  0.375522  0.375784  0.524915  0.296473  0.445522  0.213267  0.324072  0.391002  0.247378  0.293062  0.513361  0.597044  0.311098  0.689790  0.748083  0.726543  0.791415  0.567949  0.510828  0.729263  0.723137  0.485937  0.543764  0.348416  0.264615  0.441200  0.386139  0.164293  0.811205  0.095190  0.017449  0.102987  0.117640  0.163259  0.043738  0.077279  0.050453  0.055546  0.740835  0.247309  0.605850  0.132462  0.039382  0.597740  0.796652  0.740115  0.407452  0.276029  0.612653  0.756469  0.321867  0.450164  0.134114  0.058025  0.141980  0.703311  0.134364  0.134364  0.095443  0.835160  0.711952  0.635590  0.702214  0.753828  0.187604  0.903394  0.868980  0.730341  0.832002  0.476662  0.427211  0.160371  0.272586  0.058253  0.107892  0.791891  0.201347  0.276496  0.194133  0.432157  0.294116  0.139321  0.089702  0.084687  0.079800  0.109492  0.641959  0.097299  0.834368  0.590042  0.906145  0.719436  0.777580
  0.505300  0.022621  0.893070  0.058032  0.045580  0.245411  0.054833  0.397454  0.860361  0.763464  0.000000  0.739802  0.687732  0.851021  0.504421  0.726767  0.623449  0.541932  0.644289  0.694614  0.883850  0.607190  0.817674  0.456910  0.454478  0.174908  0.315738  0.638694  0.640620  0.378020  0.408976  0.698011  0.452466  0.614898  0.830789  0.337970  0.399701  0.646889  0.626486  0.481176  0.622383  0.456768  0.659415  0.654512  0.490149  0.722878  0.593312  0.678463  0.703641  0.533370  0.471069  0.538803  0.787755  0.728789  0.688788  0.791773  0.715365  0.500345  0.374571  0.837978  0.177558  0.110969  0.171982  0.853811  0.817742  0.403385  0.636722  0.312448  0.379859  0.380381  0.528203  0.305742  0.448313  0.215854  0.327497  0.395538  0.252048  0.296830  0.515771  0.595664  0.313585  0.690949  0.748810  0.729355  0.794016  0.572109  0.515110  0.728614  0.723849  0.485584  0.546328  0.350264  0.265773  0.445347  0.387877  0.161683  0.812172  0.095757  0.016730  0.097317  0.118828  0.162311  0.042509  0.077734  0.051215  0.056450  0.740186  0.248045  0.606537  0.132495  0.039764  0.593551  0.797363  0.742317  0.408982  0.277924  0.611477  0.753430  0.317892  0.447992  0.139352  0.057899  0.140613  0.703813  0.133329  0.133329  0.096539  0.822879  0.713374  0.637431  0.706311  0.758823  0.189229  0.903419  0.869938  0.732541  0.831561  0.478331  0.429404  0.161202  0.273211  0.058224  0.107439  0.798999  0.203283  0.273257  0.196970  0.432523  0.295347  0.140488  0.090377  0.085356  0.080476  0.111686  0.643802  0.095134  0.840774  0.592963  0.909263  0.722448  0.777613
  0.507300  0.024024  0.896085  0.056680  0.045673  0.247420  0.055239  0.399058  0.861028  0.766504  0.000000  0.741019  0.685428  0.849626  0.505241  0.727669  0.626274  0.542433  0.639981  0.697882  0.883771  0.607128  0.820649  0.455625  0.457059  0.172842  0.315677  0.641958  0.645882  0.376940  0.411050  0.701094  0.459454  0.619339  0.832741  0.343770  0.405410  0.650904  0.631099  0.483071  0.624608  0.458776  0.658250  0.654666  0.490937  0.723704  0.594399  0.679188  0.703426  0.535407  0.472684  0.540513  0.787154  0.732827  0.690617  0.793186  0.672949  0.501502  0.374350  0.840975  0.182376  0.112953  0.177390  0.855435  0.816159  0.408078  0.640430  0.321165  0.387057  0.387494  0.535069  0.308707  0.450175  0.220680  0.332650  0.400860  0.257775  0.302998  0.521411  0.600922  0.315856  0.692245  0.751424  0.728478  0.799327  0.572937  0.515028  0.729121  0.725715  0.490894  0.548476  0.351667  0.267339  0.443763  0.387735  0.162422  0.813025  0.098201  0.016970  0.099454  0.118771  0.164794  0.043181  0.077437  0.050767  0.056773  0.742063  0.253822  0.609635  0.134080  0.040542  0.587480  0.797239  0.741857  0.409532  0.283054  0.608056  0.751222  0.314551  0.445366  0.138634  0.057992  0.144131  0.704754  0.134987  0.134987  0.096055  0.846658  0.713180  0.637109  0.714634  0.760475  0.192018  0.904856  0.873182  0.734347  0.833785  0.481382  0.430775  0.163143  0.273026  0.058791  0.108575  0.794663  0.202740  0.279688  0.200350  0.434786  0.300046  0.141850  0.091547  0.086568  0.082488  0.110917  0.642649  0.099218  0.837063  0.593654  0.911521  0.729562  0.778097
  0.509300  0.023225  0.896112  0.058215  0.045939  0.247455  0.055369  0.400595  0.860277  0.766705  0.000000  0.742974  0.687032  0.848725  0.506208  0.730455  0.627024  0.544504  0.644249  0.699645  0.885109  0.605538  0.820684  0.452978  0.458902  0.170278  0.315289  0.644636  0.648757  0.377333  0.413107  0.702847  0.461723  0.620662  0.834235  0.347974  0.410584  0.652611  0.634871  0.484604  0.624742  0.458666  0.658082  0.656951  0.489969  0.723329  0.595382  0.680334  0.703623  0.534219  0.473224  0.540472  0.788791  0.733567  0.689940  0.794702  0.683917  0.501686  0.379623  0.840761  0.182474  0.114594  0.179326  0.851912  0.819064  0.412090  0.643048  0.325580  0.392052  0.390478  0.536640  0.313752  0.450927  0.224281  0.336357  0.404349  0.262126  0.306105  0.521366  0.603641  0.318118  0.693424  0.749768  0.731668  0.801439  0.576604  0.518504  0.729623  0.727578  0.488502  0.549194  0.354629  0.269374  0.445560  0.390038  0.161305  0.813494  0.099480  0.017058  0.100636  0.118633  0.165162  0.042629  0.078038  0.051360  0.056111  0.742575  0.256616  0.610709  0.135978  0.040538  0.587767  0.797110  0.743674  0.412332  0.283635  0.605794  0.745860  0.310177  0.441474  0.140457  0.057203  0.141872  0.705605  0.136410  0.136410  0.096442  0.860980  0.715657  0.639845  0.721939  0.764520  0.194499  0.906566  0.870731  0.734963  0.834362  0.483197  0.432858  0.165070  0.273649  0.058828  0.108372  0.795283  0.207773  0.282121  0.202859  0.436186  0.296532  0.141953  0.092469  0.087740  0.082982  0.112793  0.645801  0.099040  0.838508  0.598647  0.910003  0.731425  0.778808
  0.511300  0.024385  0.898365  0.057557  0.046135  0.248915  0.054880  0.400539  0.860174  0.765819  0.000000  0.744388  0.691220  0.850084  0.508780  0.734057  0.630460  0.545670  0.643400  0.701002  0.885137  0.603906  0.821333  0.451075  0.460175  0.164556  0.316616  0.646101  0.650658  0.380335  0.415529  0.705818  0.467295  0.625303  0.835300  0.353470  0.416811  0.656677  0.639456  0.486516  0.626507  0.460661  0.657546  0.656886  0.491465  0.724430  0.594335  0.679778  0.703611  0.535061  0.474345  0.542037  0.789193  0.730398  0.693254  0.795678  0.588121  0.501757  0.378099  0.840407  0.185827  0.116967  0.182861  0.854290  0.823749  0.414277  0.644488  0.331039  0.396083  0.392157  0.537621  0.316828  0.453084  0.226580  0.338852  0.406422  0.266091  0.309451  0.522585  0.602762  0.320287  0.695358  0.750437  0.729549  0.802050  0.576475  0.521444  0.730315  0.726906  0.490215  0.550857  0.355928  0.271949  0.450110  0.392565  0.163994  0.812691  0.101008  0.016633  0.105040  0.120575  0.168641  0.043188  0.078522  0.050811  0.056136  0.744630  0.257010  0.613469  0.132351  0.041404  0.586658  0.797803  0.745228  0.413027  0.285895  0.603184  0.745755  0.305818  0.437733  0.141928  0.056823  0.142007  0.706686  0.135743  0.135743  0.096868  0.885607  0.715624  0.640008  0.723419  0.768703  0.198186  0.904793  0.872065  0.736122  0.836988  0.486193  0.433579  0.166726  0.274252  0.060369  0.109625  0.794349  0.208036  0.287361  0.205200  0.439501  0.302609  0.143339  0.093698  0.087945  0.083705  0.110999  0.643235  0.099145  0.837524  0.603356  0.912267  0.735416  0.779423
  0.513300  0.024662  0.898456  0.058459  0.045404  0.250033  0.055711  0.402676  0.857961  0.767936  0.000000  0.746094  0.693430  0.850413  0.513308  0.736101  0.633658  0.547590  0.648258  0.702185  0.885620  0.602267  0.823846  0.449755  0.460693  0.167826  0.317699  0.647983  0.650283  0.379844  0.417473  0.707934  0.472358  0.628747  0.837074  0.359789  0.422242  0.659668  0.644467  0.489567  0.626757  0.461945  0.659834  0.656440  0.491831  0.726583  0.597234  0.681329  0.705182  0.538054  0.474520  0.543569  0.789851  0.737407  0.695123  0.796616  0.566822  0.502357  0.380939  0.839661  0.188682  0.118825  0.186145  0.860242  0.828783  0.417477  0.648157  0.334751  0.401594  0.397658  0.541293  0.321880  0.458295  0.231688  0.343249  0.409416  0.271082  0.312545  0.524932  0.602959  0.322546  0.696499  0.753051  0.732147  0.805391  0.578123  0.524119  0.731464  0.726688  0.494594  0.552019  0.358454  0.272527  0.450713  0.397636  0.165809  0.812960  0.102727  0.017297  0.096222  0.122130  0.166288  0.043654  0.078081  0.051536  0.055590  0.743063  0.262261  0.614046  0.135936  0.042435  0.584776  0.799010  0.746426  0.415715  0.293388  0.598659  0.740571  0.299578  0.434419  0.142315  0.056343  0.143811  0.706678  0.137597  0.137597  0.097996  0.905491  0.716121  0.641145  0.729184  0.772606  0.200550  0.905361  0.872465  0.736818  0.836720  0.487454  0.436051  0.169035  0.273938  0.060229  0.109767  0.801584  0.209609  0.294064  0.207762  0.440630  0.301975  0.144464  0.094484  0.089930  0.083706  0.112782  0.651396  0.100180  0.841750  0.607371  0.911574  0.738877  0.781067
  0.515300  0.024515  0.900635  0.057488  0.045802  0.251109  0.055202  0.403959  0.860090  0.767290  0.000000  0.747542  0.695260  0.851219  0.513537  0.740529  0.632964  0.550656  0.648054  0.702899  0.884686  0.602148  0.825923  0.448000  0.462212  0.174541  0.318741  0.651752  0.650455  0.383995  0.418336  0.710422  0.476261  0.632253  0.838453  0.364443  0.429238  0.663633  0.649284  0.491127  0.629098  0.463126  0.658598  0.658409  0.493365  0.726801  0.597177  0.681489  0.704287  0.539557  0.475475  0.545925  0.791620  0.734894  0.697616  0.798384  0.604612  0.502904  0.379907  0.839981  0.191233  0.121371  0.186693  0.861409  0.826710  0.420863  0.649660  0.337767  0.405257  0.401328  0.541512  0.325799  0.457212  0.234162  0.344394  0.412523  0.273752  0.316190  0.525586  0.605397  0.322592  0.698294  0.753067  0.731467  0.809765  0.579413  0.526938  0.732045  0.729315  0.495703  0.553489  0.360504  0.275632  0.454791  0.399516  0.165180  0.815103  0.105069  0.016920  0.102253  0.121475  0.165910  0.043009  0.078460  0.051659  0.056723  0.745697  0.262877  0.615806  0.133806  0.043434  0.579625  0.800302  0.747953  0.416099  0.293835  0.595745  0.736172  0.295135  0.429211  0.144043  0.055728  0.144358  0.707599  0.137476  0.137476  0.097961  0.914386  0.714744  0.642001  0.734458  0.775054  0.203468  0.905655  0.872482  0.739019  0.838374  0.489893  0.438482  0.169780  0.274084  0.061545  0.110991  0.802394  0.208513  0.295501  0.211217  0.441719  0.306722  0.145034  0.096261  0.090175  0.084903  0.112780  0.651194  0.104511  0.838619  0.607330  0.913001  0.741486  0.779920
  0.517300  0.025662  0.902960  0.058182  0.045317  0.252571  0.055167  0.403355  0.858531  0.765608  0.000000  0.748753  0.688932  0.851559  0.512944  0.741076  0.630430  0.547143  0.649823  0.705484  0.886282  0.599983  0.825931  0.445581  0.461947  0.177061  0.315872  0.654201  0.649456  0.383749  0.420789  0.713203  0.482111  0.635741  0.840486  0.369282  0.434926  0.666330  0.654804  0.493771  0.629810  0.462137  0.660136  0.658535  0.492373  0.728993  0.597779  0.683308  0.705162  0.538111  0.475083  0.545225  0.791868  0.739301  0.697385  0.798864  0.537455  0.502156  0.379766  0.839977  0.194723  0.124240  0.187119  0.856551  0.829191  0.423129  0.651512  0.342699  0.411471  0.404566  0.545312  0.327971  0.457419  0.236170  0.347408  0.415669  0.276965  0.317955  0.527535  0.607155  0.325522  0.699654  0.754293  0.733375  0.808269  0.581817  0.528845  0.731371  0.729323  0.496125  0.555194  0.363124  0.277113  0.454120  0.399320  0.166600  0.816235  0.106660  0.016907  0.099197  0.122376  0.162648  0.042699  0.078776  0.052474  0.057603  0.747070  0.266442  0.617313  0.137318  0.043858  0.574503  0.799626  0.745582  0.417599  0.295231  0.590118  0.731083  0.291055  0.422334  0.144251  0.056451  0.145512  0.709110  0.138822  0.138822  0.098420  0.917121  0.714549  0.642102  0.734494  0.779363  0.206586  0.906024  0.872830  0.741026  0.839403  0.492031  0.440623  0.171911  0.274262  0.061596  0.110917  0.804289  0.209410  0.298008  0.211610  0.444383  0.306878  0.146351  0.096534  0.091705  0.086319  0.114235  0.653106  0.104466  0.842893  0.616551  0.913780  0.746736  0.782781
  0.519300  0.026130  0.904515  0.057105  0.045811  0.253174  0.055840  0.404627  0.857761  0.769082  0.000000  0.750659  0.695257  0.855743  0.517625  0.743973  0.636315  0.554021  0.651051  0.707398  0.885278  0.599830  0.825948  0.444340  0.464463  0.177983  0.316803  0.657367  0.655539  0.385139  0.422734  0.714447  0.486558  0.638915  0.841313  0.374641  0.441895  0.668650  0.658221  0.495516  0.629676  0.464445  0.659146  0.657923  0.493429  0.727936  0.598167  0.682672  0.706668  0.538935  0.476906  0.547114  0.793162  0.736803  0.699403  0.799258  0.594057  0.503068  0.382107  0.839656  0.196907  0.126906  0.190259  0.854852  0.829890  0.425409  0.652785  0.348413  0.415420  0.409121  0.549747  0.328437  0.455784  0.239534  0.349463  0.418383  0.279746  0.321384  0.528263  0.609090  0.327148  0.700578  0.754144  0.734608  0.809760  0.585194  0.530651  0.733927  0.729146  0.498542  0.556964  0.365382  0.279678  0.457797  0.400385  0.163972  0.816331  0.108569  0.016631  0.107944  0.122219  0.168827  0.042317  0.079407  0.052044  0.056369  0.748953  0.268668  0.618054  0.134266  0.044357  0.574152  0.800179  0.746550  0.419506  0.298203  0.585208  0.724924  0.284435  0.416973  0.145040  0.055217  0.143860  0.708946  0.138757  0.138757  0.098849  0.920458  0.715770  0.644813  0.746513  0.782163  0.209459  0.906570  0.867539  0.743482  0.840419  0.493974  0.442871  0.171461  0.273706  0.063160  0.111528  0.805411  0.210353  0.299652  0.215583  0.442901  0.314837  0.148528  0.097799  0.093345  0.087649  0.113504  0.653864  0.103359  0.840014  0.616980  0.913015  0.747353  0.783022
  0.521300  0.027614  0.904438  0.057661  0.046452  0.254949  0.055322  0.405659  0.858418  0.766532  0.000000  0.751186  0.693124  0.854032  0.515934  0.745267  0.633336  0.552708  0.649189  0.710028  0.885676  0.597748  0.827363  0.441316  0.464535  0.169199  0.317984  0.661475  0.656080  0.385728  0.425344  0.719812  0.491985  0.642576  0.842638  0.381351  0.447110  0.671283  0.663085  0.497839  0.632273  0.464128  0.660664  0.659722  0.494154  0.730035  0.598540  0.683725  0.705374  0.538475  0.477982  0.547633  0.793561  0.739225  0.701429  0.800796  0.636564  0.503590  0.379622  0.842210  0.201710  0.129560  0.192200  0.858968  0.827586  0.429041  0.654061  0.349894  0.418251  0.411010  0.548568  0.332828  0.458078  0.240791  0.350898  0.419449  0.281626  0.322369  0.529139  0.607485  0.328228  0.702146  0.755404  0.735858  0.809078  0.585147  0.534915  0.733806  0.732439  0.500323  0.559682  0.367192  0.281458  0.455020  0.402957  0.165980  0.817586  0.111087  0.016833  0.104694  0.120665  0.173006  0.042831  0.079199  0.052210  0.057275  0.748839  0.271899  0.620163  0.137051  0.045422  0.566468  0.801455  0.746715  0.422379  0.301256  0.579839  0.721295  0.280622  0.408912  0.146813  0.055129  0.144766  0.710227  0.140364  0.140364  0.099013  0.917031  0.715613  0.644686  0.743238  0.784847  0.212194  0.906769  0.872925  0.744534  0.842097  0.496214  0.445006  0.173705  0.274111  0.062689  0.111550  0.802864  0.208226  0.296177  0.214748  0.447456  0.311322  0.150515  0.100021  0.095078  0.089292  0.116820  0.655028  0.106980  0.844586  0.621179  0.916813  0.750729  0.784593
  0.523300  0.028604  0.907467  0.057529  0.045448  0.255932  0.055956  0.406032  0.858309  0.769025  0.000000  0.753324  0.698066  0.854687  0.517676  0.747051  0.634337  0.552965  0.654560  0.711384  0.886385  0.596649  0.829585  0.439764  0.465709  0.154158  0.316823  0.663859  0.655632  0.387446  0.425895  0.720360  0.495824  0.645658  0.844226  0.386187  0.454247  0.674831  0.666681  0.499953  0.633255  0.464858  0.660707  0.660425  0.494315  0.730633  0.600945  0.685176  0.706917  0.539182  0.477594  0.548543  0.794095  0.742031  0.703509  0.803066  0.556005  0.503916  0.377490  0.842300  0.203285  0.132586  0.195947  0.859200  0.832613  0.431233  0.656440  0.354729  0.422645  0.413821  0.555212  0.340170  0.459426  0.243178  0.351709  0.423820  0.283132  0.324191  0.530184  0.608371  0.330572  0.703056  0.756068  0.736519  0.811665  0.589252  0.536745  0.734268  0.732216  0.500596  0.561506  0.370109  0.283773  0.455962  0.404560  0.168660  0.817808  0.114099  0.017062  0.104831  0.123203  0.171050  0.042366  0.079188  0.051593  0.057508  0.749998  0.275481  0.622874  0.135152  0.046104  0.567305  0.801974  0.747453  0.422869  0.305059  0.573739  0.716843  0.274893  0.402546  0.147522  0.054577  0.145631  0.710324  0.140902  0.140902  0.101075  0.914211  0.714176  0.645824  0.748582  0.787947  0.215198  0.908093  0.878324  0.745081  0.843108  0.497894  0.446410  0.173413  0.272052  0.064167  0.111510  0.812139  0.209991  0.300548  0.220090  0.446213  0.320872  0.149785  0.100489  0.095424  0.089187  0.113956  0.655735  0.104580  0.845231  0.625794  0.916755  0.755710  0.783667
  0.525300  0.028843  0.907464  0.058285  0.046017  0.257641  0.055536  0.407175  0.855954  0.765739  0.000000  0.753826  0.695987  0.855426  0.522156  0.749120  0.634469  0.554891  0.654787  0.711216  0.885733  0.594937  0.830370  0.437651  0.467256  0.156031  0.316558  0.666152  0.660436  0.389225  0.428149  0.721901  0.502263  0.649694  0.843986  0.391798  0.460042  0.677921  0.671866  0.502199  0.635122  0.464791  0.662193  0.661440  0.496217  0.731726  0.600470  0.685998  0.707356  0.539603  0.479815  0.550155  0.794190  0.741922  0.704614  0.804006  0.404669  0.505511  0.379205  0.840345  0.206768  0.136560  0.200225  0.856676  0.837325  0.434036  0.657696  0.360086  0.428280  0.416938  0.554837  0.342329  0.459187  0.242946  0.352552  0.421435  0.286160  0.326903  0.532100  0.611667  0.333276  0.704000  0.757323  0.734968  0.813943  0.591136  0.538804  0.736127  0.734074  0.501274  0.563488  0.372472  0.285827  0.459267  0.408715  0.167238  0.818933  0.115077  0.017446  0.100854  0.124272  0.174226  0.041892  0.079200  0.052867  0.057469  0.751184  0.277069  0.622646  0.137326  0.046946  0.561905  0.801829  0.748959  0.424095  0.308669  0.567557  0.709417  0.270055  0.397104  0.150174  0.054015  0.145760  0.712296  0.142452  0.142452  0.100673  0.910022  0.714709  0.647575  0.758324  0.791199  0.220395  0.908620  0.879071  0.746355  0.842534  0.500368  0.448320  0.177316  0.272073  0.064956  0.113044  0.812865  0.210373  0.301481  0.218902  0.449592  0.320003  0.151349  0.101653  0.097094  0.090917  0.116992  0.658621  0.106273  0.845968  0.631429  0.918299  0.757496  0.783108
  0.527300  0.028763  0.907390  0.057074  0.045592  0.257042  0.055420  0.406956  0.858185  0.766618  0.000000  0.753815  0.699998  0.856624  0.524062  0.750656  0.638163  0.555261  0.654808  0.713060  0.886494  0.593601  0.831796  0.435267  0.466686  0.169858  0.315882  0.670174  0.659444  0.389477  0.429536  0.723816  0.504765  0.652667  0.845988  0.396878  0.466474  0.679631  0.676512  0.503111  0.634365  0.466755  0.660657  0.661597  0.495234  0.730116  0.600879  0.686317  0.706995  0.540060  0.481385  0.550718  0.794365  0.742027  0.704326  0.804667  0.469806  0.504235  0.374339  0.841797  0.213216  0.138951  0.205193  0.856234  0.834523  0.437162  0.657652  0.363779  0.431839  0.420066  0.557366  0.344481  0.461343  0.246523  0.355622  0.424452  0.288125  0.328588  0.532735  0.607906  0.333364  0.705918  0.757808  0.737532  0.808792  0.593067  0.539965  0.736145  0.733407  0.505487  0.565336  0.374580  0.287798  0.455312  0.408594  0.169375  0.819205  0.116368  0.017145  0.102815  0.123073  0.171794  0.042684  0.079473  0.052669  0.057475  0.751884  0.281044  0.626039  0.136046  0.048446  0.557593  0.803209  0.745992  0.425786  0.310188  0.563038  0.706479  0.265191  0.387848  0.151176  0.054530  0.146684  0.711749  0.142464  0.142464  0.101176  0.901749  0.716556  0.649083  0.751706  0.794102  0.222412  0.907584  0.872385  0.748514  0.846363  0.503040  0.451492  0.178301  0.272902  0.065505  0.112951  0.810918  0.208535  0.304303  0.224463  0.448959  0.322815  0.151747  0.102638  0.098240  0.091678  0.119181  0.656542  0.108464  0.844015  0.633847  0.919782  0.760183  0.784572
  0.529300  0.030165  0.907378  0.057560  0.045362  0.257360  0.055999  0.407770  0.856600  0.765234  0.000000  0.755755  0.694388  0.861059  0.525801  0.752516  0.637548  0.557763  0.655502  0.714290  0.886568  0.592102  0.832566  0.433327  0.466334  0.183231  0.316475  0.671666  0.665387  0.392443  0.432984  0.726280  0.509379  0.656395  0.848049  0.403776  0.473574  0.681272  0.681789  0.505496  0.636290  0.466769  0.662484  0.660134  0.497227  0.730918  0.601476  0.685515  0.708263  0.537037  0.480696  0.551748  0.794760  0.741772  0.705752  0.805759  0.621366  0.505337  0.377260  0.841059  0.214380  0.142864  0.208471  0.856857  0.835120  0.440111  0.661443  0.366087  0.431802  0.423112  0.558448  0.352167  0.462842  0.246554  0.356026  0.427538  0.289374  0.329695  0.532344  0.610641  0.335526  0.706735  0.758364  0.738776  0.811772  0.593040  0.544291  0.736636  0.733897  0.505270  0.567248  0.376527  0.290015  0.457931  0.411557  0.167370  0.820579  0.121150  0.017845  0.104105  0.121064  0.173016  0.043142  0.079364  0.053091  0.056500  0.753071  0.283146  0.626963  0.137838  0.048796  0.556314  0.802378  0.746720  0.427299  0.313967  0.558756  0.699723  0.262401  0.378548  0.152764  0.053253  0.144077  0.713021  0.143758  0.143758  0.101784  0.890563  0.714989  0.649368  0.752112  0.797639  0.226651  0.907956  0.880803  0.749199  0.847844  0.504979  0.453486  0.180655  0.272407  0.066328  0.112744  0.814466  0.208028  0.308504  0.227076  0.453744  0.325741  0.152639  0.104505  0.099348  0.093260  0.118727  0.663947  0.109567  0.850793  0.638360  0.922094  0.762470  0.785680
  0.531300  0.031535  0.909635  0.056848  0.045431  0.257165  0.055809  0.407478  0.856490  0.768446  0.000000  0.756262  0.697233  0.856596  0.529223  0.755254  0.641633  0.562954  0.653012  0.714966  0.886185  0.589695  0.834012  0.432056  0.467665  0.194091  0.316346  0.674367  0.664545  0.395413  0.434697  0.728486  0.512789  0.659176  0.850962  0.409385  0.480766  0.685873  0.685906  0.507406  0.637072  0.467674  0.662551  0.659919  0.496534  0.732869  0.601353  0.686147  0.709743  0.539115  0.482350  0.554510  0.795754  0.746829  0.709180  0.808360  0.617334  0.504124  0.378240  0.840503  0.222183  0.145333  0.212944  0.856125  0.840792  0.442700  0.662157  0.372428  0.438265  0.428154  0.561857  0.356009  0.462891  0.249554  0.358858  0.430921  0.295489  0.333319  0.536413  0.613815  0.336470  0.708781  0.759742  0.740852  0.815777  0.596576  0.544718  0.738026  0.737341  0.512923  0.569757  0.378377  0.291991  0.461115  0.417781  0.167299  0.820197  0.122195  0.016863  0.103116  0.124424  0.174940  0.041798  0.079681  0.052830  0.057979  0.752405  0.285004  0.628750  0.137397  0.050200  0.557790  0.803075  0.751623  0.428262  0.317978  0.552338  0.695800  0.258644  0.375012  0.152607  0.053304  0.146144  0.714410  0.144157  0.144157  0.101455  0.865785  0.714966  0.649971  0.759555  0.799109  0.230557  0.908405  0.879450  0.749389  0.848030  0.507523  0.454916  0.182954  0.271771  0.067004  0.112682  0.809312  0.210552  0.312230  0.226686  0.455547  0.333363  0.154671  0.106555  0.100882  0.095310  0.120453  0.661468  0.111390  0.850292  0.639402  0.922036  0.764880  0.787565
  0.533300  0.030452  0.909681  0.057409  0.046380  0.256966  0.057416  0.408715  0.855009  0.771052  0.000000  0.756951  0.699313  0.856936  0.530318  0.754460  0.639644  0.562534  0.657892  0.715663  0.886273  0.588363  0.832547  0.429261  0.469181  0.195236  0.318449  0.675180  0.666804  0.394650  0.436313  0.732257  0.516969  0.661816  0.850370  0.414972  0.487396  0.686716  0.690641  0.510498  0.638327  0.467436  0.663104  0.661694  0.498919  0.734153  0.603332  0.687633  0.709718  0.541201  0.481203  0.552830  0.796474  0.747518  0.707270  0.808706  0.721884  0.504694  0.377553  0.841461  0.225842  0.150316  0.216689  0.861282  0.839482  0.447127  0.664011  0.376875  0.443316  0.430677  0.561940  0.357705  0.466854  0.251886  0.361556  0.433510  0.298972  0.336888  0.537801  0.611716  0.337641  0.709284  0.756939  0.738750  0.819296  0.598858  0.547719  0.739026  0.737655  0.513524  0.571627  0.380765  0.294205  0.459910  0.417843  0.169237  0.820067  0.124979  0.018249  0.101023  0.123455  0.174415  0.042227  0.080427  0.052976  0.057159  0.754797  0.286330  0.629153  0.137056  0.051250  0.549939  0.802110  0.751391  0.430341  0.318584  0.546660  0.689406  0.255750  0.368429  0.153878  0.052722  0.143738  0.717450  0.145356  0.145356  0.102128  0.856612  0.714264  0.650530  0.763991  0.800284  0.233987  0.908498  0.877373  0.753397  0.846928  0.508605  0.458411  0.182559  0.270465  0.068037  0.112695  0.813702  0.209770  0.318368  0.233113  0.459910  0.330781  0.155412  0.106969  0.102414  0.095797  0.119212  0.659869  0.109858  0.849075  0.645955  0.920524  0.767533  0.786623
  0.535300  0.033125  0.913434  0.057536  0.044884  0.258188  0.056137  0.408581  0.856366  0.767715  0.000000  0.757506  0.701259  0.850722  0.533361  0.759648  0.640771  0.569299  0.659022  0.715976  0.886452  0.587569  0.833874  0.427892  0.468160  0.206125  0.316281  0.677890  0.666959  0.397769  0.439752  0.732525  0.520544  0.665634  0.851282  0.420595  0.494823  0.689989  0.694449  0.511830  0.638906  0.468498  0.662776  0.663058  0.495849  0.733081  0.601306  0.687777  0.708643  0.541773  0.484042  0.555810  0.797107  0.746590  0.712087  0.809541  0.698397  0.506492  0.377496  0.841469  0.229158  0.154491  0.217335  0.860435  0.840245  0.450827  0.667597  0.379979  0.445537  0.433801  0.565014  0.366101  0.464797  0.255433  0.363732  0.436078  0.300879  0.338956  0.539165  0.612799  0.340390  0.711206  0.760110  0.741896  0.821671  0.601705  0.550710  0.738825  0.738825  0.515675  0.573684  0.383428  0.296420  0.463101  0.415453  0.169784  0.820714  0.127461  0.017166  0.100930  0.123568  0.175259  0.042772  0.080028  0.052558  0.058153  0.755980  0.287957  0.632023  0.137104  0.052249  0.550321  0.801269  0.752783  0.431830  0.322526  0.541089  0.686429  0.253064  0.362637  0.153410  0.052064  0.144745  0.716241  0.146687  0.146687  0.103482  0.875952  0.716677  0.653067  0.763542  0.803575  0.239384  0.909801  0.880656  0.752338  0.851031  0.511481  0.459565  0.184805  0.269568  0.069198  0.113516  0.818425  0.209679  0.324922  0.236675  0.463181  0.332781  0.156341  0.108459  0.104701  0.097199  0.121428  0.663869  0.112369  0.849146  0.647799  0.923516  0.771115  0.787852
  0.537300  0.032789  0.915739  0.057994  0.045982  0.258117  0.056194  0.409769  0.855551  0.771185  0.000000  0.758138  0.699601  0.859293  0.535321  0.763246  0.643145  0.570051  0.663741  0.714589  0.886934  0.585650  0.834629  0.425866  0.470336  0.209183  0.317492  0.677800  0.666936  0.399841  0.441264  0.735368  0.524746  0.667114  0.851764  0.426329  0.500357  0.692478  0.698975  0.513474  0.640245  0.469559  0.663446  0.661942  0.497754  0.735249  0.603673  0.689573  0.710249  0.543406  0.483080  0.554656  0.797027  0.749288  0.716143  0.812557  0.698001  0.506817  0.375483  0.841060  0.237026  0.157502  0.224115  0.863236  0.844659  0.454638  0.668464  0.386619  0.452766  0.437499  0.567976  0.372411  0.468284  0.258125  0.367796  0.441673  0.306468  0.342846  0.543494  0.616948  0.341148  0.712059  0.761521  0.741908  0.820429  0.602539  0.551210  0.741387  0.740701  0.518037  0.577044  0.385927  0.298388  0.464165  0.418128  0.171222  0.822052  0.129009  0.017217  0.104075  0.123032  0.176745  0.041636  0.080412  0.052652  0.057449  0.756494  0.293431  0.633941  0.139098  0.052728  0.547921  0.803874  0.752181  0.433161  0.324526  0.538780  0.683359  0.250700  0.358441  0.156360  0.051891  0.145482  0.717328  0.147005  0.147005  0.103862  0.878553  0.715290  0.652387  0.769179  0.804736  0.243847  0.910344  0.882151  0.754905  0.848435  0.513457  0.461973  0.186487  0.270798  0.070085  0.112401  0.821459  0.209587  0.328638  0.239832  0.464892  0.338898  0.157934  0.109427  0.105942  0.097666  0.123491  0.666101  0.113165  0.850623  0.656012  0.922720  0.773310  0.786575
  0.539300  0.034481  0.919548  0.057260  0.046545  0.258283  0.055982  0.410103  0.856996  0.765439  0.000000  0.759370  0.701487  0.861170  0.537346  0.760374  0.642681  0.567961  0.662552  0.716039  0.887012  0.585654  0.837631  0.425419  0.470688  0.209469  0.317226  0.681103  0.669932  0.400020  0.443476  0.734125  0.529364  0.669981  0.854674  0.431940  0.508930  0.693884  0.702350  0.514919  0.640680  0.469270  0.662922  0.663955  0.497163  0.735143  0.603756  0.687998  0.711101  0.537766  0.485298  0.557137  0.797738  0.747326  0.711373  0.811674  0.800227  0.506843  0.376679  0.840548  0.237986  0.161668  0.229840  0.864013  0.843818  0.458013  0.671184  0.387235  0.453006  0.437579  0.568528  0.381013  0.467877  0.259381  0.368246  0.441013  0.309660  0.344673  0.541839  0.613946  0.343537  0.713823  0.761560  0.741951  0.824431  0.605166  0.553579  0.740731  0.740044  0.518687  0.579616  0.388431  0.300356  0.460123  0.420865  0.169726  0.822649  0.132654  0.017866  0.102960  0.119691  0.176540  0.042397  0.080249  0.053181  0.057748  0.758581  0.294887  0.634904  0.139515  0.053855  0.540739  0.803206  0.751812  0.434637  0.322486  0.534152  0.680470  0.249579  0.354465  0.155052  0.051767  0.145745  0.718758  0.149136  0.149136  0.104164  0.897146  0.716740  0.653151  0.765006  0.807211  0.248791  0.909968  0.884831  0.756571  0.852844  0.516776  0.463036  0.185801  0.271167  0.070912  0.113278  0.820947  0.210115  0.332574  0.245042  0.468201  0.338360  0.159750  0.111791  0.108257  0.100300  0.123268  0.664391  0.115065  0.854072  0.659580  0.924981  0.773353  0.788924
  0.541300  0.035652  0.920321  0.057013  0.045968  0.257023  0.055879  0.410725  0.857003  0.767795  0.000000  0.758546  0.700355  0.862081  0.539540  0.764374  0.644570  0.573447  0.667659  0.715145  0.885714  0.586074  0.838428  0.424225  0.469347  0.215004  0.317773  0.681844  0.671647  0.403451  0.445768  0.734798  0.532629  0.672976  0.856099  0.437314  0.513945  0.697958  0.706836  0.516155  0.641233  0.472491  0.664665  0.662601  0.498752  0.734913  0.604265  0.689237  0.709965  0.540757  0.485895  0.556575  0.797728  0.750685  0.713726  0.812962  0.841067  0.507798  0.377917  0.840427  0.245886  0.165039  0.232857  0.863672  0.848333  0.461871  0.672121  0.393022  0.460243  0.441395  0.572439  0.386669  0.467609  0.261824  0.371825  0.445332  0.312503  0.349243  0.546055  0.615887  0.343663  0.713694  0.761396  0.742475  0.824922  0.605633  0.557018  0.740077  0.741449  0.525493  0.582535  0.391458  0.302320  0.464380  0.421754  0.171732  0.822625  0.134373  0.017682  0.105268  0.121790  0.179789  0.042671  0.081725  0.053351  0.057789  0.759296  0.297008  0.637703  0.138406  0.055182  0.539540  0.802541  0.749600  0.436609  0.331351  0.532184  0.678870  0.248806  0.349904  0.156448  0.051633  0.146679  0.719397  0.150810  0.150810  0.104490  0.913752  0.716546  0.654878  0.768577  0.808705  0.255013  0.909171  0.880990  0.759560  0.852930  0.517820  0.465840  0.187878  0.270167  0.071958  0.113527  0.819535  0.208464  0.339651  0.246819  0.469869  0.342658  0.160002  0.112389  0.110235  0.101976  0.126115  0.671491  0.116503  0.854990  0.664400  0.927306  0.775829  0.786871
  0.543300  0.036843  0.921144  0.056819  0.045969  0.255849  0.055993  0.411607  0.855541  0.770369  0.000000  0.759932  0.703318  0.863374  0.543429  0.765142  0.644479  0.580475  0.670065  0.716284  0.887283  0.583758  0.836982  0.423028  0.470098  0.220827  0.316147  0.683657  0.676920  0.406203  0.448139  0.737592  0.536242  0.677023  0.857495  0.444227  0.522026  0.697810  0.710692  0.518342  0.643050  0.470541  0.664144  0.662456  0.499244  0.735432  0.604394  0.689939  0.710012  0.543657  0.486697  0.558099  0.798163  0.752549  0.719628  0.816019  0.868658  0.505570  0.375227  0.841329  0.247575  0.168771  0.235057  0.862480  0.847952  0.466282  0.674748  0.397031  0.463421  0.445079  0.572932  0.391090  0.470951  0.264468  0.373536  0.449252  0.316336  0.351891  0.547308  0.619372  0.345094  0.715671  0.761875  0.744340  0.827774  0.608484  0.558529  0.740666  0.741352  0.526560  0.586062  0.393219  0.304614  0.465462  0.423412  0.170060  0.823545  0.136844  0.018614  0.103794  0.124614  0.176206  0.041884  0.080686  0.053467  0.057938  0.758519  0.299310  0.637918  0.138969  0.056121  0.536165  0.803837  0.753035  0.437867  0.329289  0.529140  0.675472  0.248546  0.345606  0.156995  0.050908  0.143692  0.720878  0.151303  0.151303  0.104940  0.910914  0.717687  0.655122  0.774890  0.810792  0.259553  0.909896  0.879904  0.759581  0.855713  0.520217  0.468269  0.187897  0.270440  0.072792  0.113801  0.824017  0.211545  0.344880  0.249484  0.471112  0.346982  0.161917  0.114922  0.110896  0.102723  0.124722  0.672807  0.114883  0.854715  0.667927  0.927348  0.778307  0.787052
  0.545300  0.037364  0.922622  0.058448  0.045596  0.254701  0.056051  0.412639  0.856974  0.765322  0.899563  0.759899  0.701022  0.860803  0.547912  0.766940  0.643082  0.579984  0.672737  0.715584  0.886322  0.582871  0.839185  0.421498  0.470329  0.223802  0.315104  0.685328  0.677966  0.407136  0.450677  0.737867  0.541469  0.679739  0.857511  0.448086  0.526249  0.702761  0.715544  0.518806  0.643573  0.470164  0.665558  0.663402  0.499402  0.736499  0.604737  0.691048  0.711103  0.544851  0.486841  0.558520  0.799556  0.752583  0.715803  0.817184  0.885277  0.506719  0.376428  0.841596  0.252016  0.172305  0.236330  0.863883  0.849378  0.468136  0.676568  0.399049  0.466161  0.447875  0.572512  0.397783  0.472404  0.266695  0.375511  0.449507  0.318487  0.353672  0.547798  0.617648  0.345942  0.716482  0.761172  0.745041  0.825202  0.608670  0.560518  0.741214  0.741901  0.530344  0.588487  0.394989  0.306909  0.466683  0.425424  0.170052  0.824060  0.138335  0.017690  0.107549  0.124057  0.177053  0.041857  0.080757  0.054257  0.058469  0.759763  0.301894  0.639405  0.139039  0.056619  0.530989  0.804417  0.751790  0.439458  0.331833  0.527492  0.675501  0.250085  0.342986  0.163011  0.050400  0.147449  0.722490  0.152007  0.152007  0.105945  0.916447  0.716986  0.657160  0.778495  0.811990  0.266143  0.908780  0.883596  0.760486  0.854295  0.521778  0.471328  0.186572  0.269194  0.074156  0.113289  0.823076  0.210667  0.349916  0.254971  0.476433  0.349976  0.162419  0.115625  0.112618  0.105005  0.124420  0.670989  0.117660  0.858445  0.673347  0.928831  0.779763  0.788227
  0.547300  0.038403  0.921949  0.057657  0.045222  0.252996  0.056523  0.413389  0.855631  0.767940  0.898912  0.758517  0.700869  0.859794  0.549633  0.761411  0.645311  0.581472  0.673532  0.715555  0.887349  0.581650  0.837870  0.420645  0.470384  0.225533  0.314779  0.686328  0.681523  0.411316  0.454281  0.740254  0.542870  0.680565  0.859383  0.453424  0.533151  0.704039  0.717096  0.521301  0.645234  0.473490  0.666238  0.663240  0.500945  0.736797  0.606174  0.691539  0.711872  0.544645  0.488576  0.561346  0.798850  0.754305  0.717885  0.819986  0.892263  0.507089  0.373312  0.840976  0.254475  0.175471  0.239362  0.860547  0.842859  0.471818  0.678897  0.403754  0.469692  0.449369  0.576254  0.401475  0.474296  0.270317  0.378585  0.453241  0.322827  0.356178  0.551767  0.620901  0.347013  0.716815  0.763952  0.745014  0.823562  0.610159  0.563011  0.741948  0.741948  0.535241  0.592625  0.397537  0.309121  0.466256  0.425171  0.171583  0.824446  0.141768  0.017894  0.101442  0.121523  0.179696  0.042147  0.081208  0.053043  0.059186  0.759119  0.303467  0.639512  0.138702  0.057908  0.529532  0.804449  0.751361  0.441060  0.333770  0.525667  0.673439  0.251414  0.340829  0.160351  0.050003  0.146102  0.724006  0.154523  0.154523  0.107041  0.913721  0.716958  0.655515  0.775322  0.812854  0.271852  0.909846  0.884197  0.762673  0.855760  0.524121  0.472544  0.186618  0.268788  0.075467  0.113685  0.825156  0.210819  0.349915  0.257730  0.480085  0.350809  0.163586  0.117065  0.113858  0.105584  0.129807  0.671649  0.118156  0.857432  0.675506  0.927373  0.781815  0.787776
  0.549300  0.039508  0.922776  0.057630  0.045413  0.251500  0.055796  0.413669  0.854185  0.767211  0.897810  0.758515  0.707576  0.861366  0.556323  0.769709  0.650936  0.591470  0.677277  0.715781  0.886415  0.580886  0.838011  0.418630  0.471513  0.229254  0.318050  0.689204  0.681937  0.409062  0.454939  0.741301  0.547873  0.684304  0.859850  0.458295  0.539190  0.707468  0.720747  0.522292  0.645895  0.471955  0.667314  0.663757  0.501161  0.737613  0.606282  0.693056  0.713930  0.543972  0.487952  0.559562  0.799100  0.750485  0.717181  0.820600  0.894972  0.506725  0.375497  0.840245  0.259203  0.178959  0.244124  0.865535  0.852607  0.473185  0.678876  0.405848  0.473603  0.451591  0.576506  0.407487  0.475121  0.271601  0.380269  0.457153  0.324199  0.358344  0.549865  0.622140  0.347766  0.718124  0.761334  0.744514  0.826752  0.610013  0.564657  0.742039  0.742039  0.543395  0.596049  0.400135  0.310821  0.469627  0.427369  0.170675  0.823756  0.143489  0.017592  0.106506  0.121869  0.179562  0.041420  0.081469  0.053682  0.058662  0.761949  0.308147  0.640933  0.137096  0.058414  0.529983  0.804515  0.756054  0.441465  0.337285  0.524834  0.673869  0.252528  0.341886  0.161577  0.050255  0.146228  0.724244  0.155743  0.155743  0.107335  0.912285  0.715781  0.657544  0.773624  0.812969  0.278496  0.909760  0.884981  0.764303  0.858217  0.525951  0.474348  0.190471  0.269346  0.076023  0.113622  0.823582  0.209862  0.358368  0.260760  0.486190  0.351383  0.164370  0.118484  0.116077  0.107235  0.126548  0.671974  0.117732  0.859792  0.683861  0.925873  0.782221  0.786933
  0.551300  0.040778  0.921992  0.057475  0.045573  0.251001  0.056371  0.414237  0.854959  0.772557  0.896850  0.760645  0.706999  0.863848  0.559912  0.769933  0.647293  0.594445  0.678518  0.713418  0.886136  0.580045  0.839568  0.417749  0.470156  0.233867  0.317859  0.690469  0.684347  0.415199  0.458656  0.740040  0.548630  0.684885  0.862674  0.463577  0.545623  0.708324  0.725224  0.523137  0.646452  0.473313  0.666791  0.664079  0.500993  0.738235  0.607691  0.692414  0.712613  0.544095  0.489117  0.561455  0.797517  0.754082  0.715686  0.820290  0.893079  0.507544  0.376113  0.839054  0.262810  0.182360  0.246937  0.865706  0.853603  0.475214  0.680996  0.408924  0.476094  0.453976  0.579944  0.413858  0.474467  0.272729  0.381291  0.459526  0.326474  0.360995  0.551554  0.620682  0.348282  0.719603  0.763221  0.744282  0.831818  0.613335  0.566384  0.741399  0.742772  0.547567  0.601236  0.402471  0.313358  0.470433  0.429607  0.171256  0.824741  0.146580  0.017925  0.099920  0.121449  0.183186  0.041095  0.081573  0.053309  0.058794  0.760618  0.309820  0.641390  0.136686  0.059932  0.526347  0.805234  0.752748  0.442376  0.345296  0.526367  0.674320  0.256116  0.337950  0.165239  0.049767  0.145441  0.725323  0.156536  0.156536  0.108031  0.907594  0.716926  0.656602  0.778889  0.813642  0.285581  0.909640  0.892243  0.764522  0.858598  0.527581  0.476341  0.189087  0.268243  0.077701  0.114534  0.827565  0.209258  0.359331  0.265806  0.488829  0.350651  0.164961  0.119682  0.118069  0.108282  0.128404  0.674860  0.120437  0.863848  0.688742  0.927411  0.782758  0.786945
  0.553300  0.041406  0.923648  0.057519  0.046314  0.248677  0.056015  0.415865  0.853635  0.769157  0.900704  0.758652  0.704496  0.863807  0.560638  0.769623  0.646695  0.597347  0.681634  0.711760  0.887236  0.578347  0.839053  0.415988  0.470865  0.235647  0.314540  0.690495  0.685334  0.416007  0.460699  0.741942  0.551762  0.685522  0.861838  0.467218  0.550733  0.709296  0.728187  0.526403  0.648784  0.472248  0.667993  0.663321  0.502427  0.739657  0.605952  0.692099  0.714243  0.544241  0.489917  0.561601  0.796402  0.755360  0.721034  0.823520  0.888072  0.507829  0.375078  0.840857  0.268476  0.185617  0.248952  0.863973  0.849482  0.477464  0.681670  0.410377  0.476124  0.455645  0.580727  0.418052  0.475465  0.275708  0.384925  0.460926  0.330258  0.363579  0.555174  0.621382  0.350390  0.720513  0.762883  0.745375  0.830967  0.613029  0.568360  0.743447  0.744133  0.552668  0.605755  0.404394  0.315240  0.469186  0.428049  0.171164  0.826024  0.149069  0.017612  0.106297  0.122114  0.179967  0.040989  0.081522  0.053944  0.059117  0.760607  0.313280  0.641361  0.135592  0.060104  0.521513  0.805224  0.752476  0.443145  0.341626  0.526743  0.674684  0.259462  0.339818  0.163988  0.049820  0.147312  0.727714  0.157992  0.157992  0.108676  0.903301  0.715262  0.657416  0.781044  0.813132  0.294206  0.910167  0.888977  0.767047  0.859153  0.529297  0.477789  0.187909  0.267422  0.078226  0.114916  0.825265  0.209000  0.359944  0.268524  0.490278  0.357758  0.166568  0.121236  0.119710  0.110632  0.130401  0.672511  0.122928  0.860660  0.693040  0.926740  0.785339  0.787587
  0.555300  0.043253  0.924403  0.057350  0.046079  0.246388  0.055931  0.415363  0.854388  0.767327  0.892764  0.760063  0.704008  0.863249  0.569555  0.766877  0.648161  0.602967  0.686980  0.710852  0.887985  0.577260  0.841371  0.414288  0.470783  0.238829  0.317113  0.691900  0.688345  0.419634  0.464657  0.745559  0.556079  0.688294  0.864643  0.472886  0.557624  0.711767  0.731598  0.527086  0.648717  0.473760  0.669414  0.664933  0.503164  0.739797  0.607338  0.693777  0.714220  0.543531  0.490218  0.562399  0.798237  0.755908  0.723441  0.824889  0.874250  0.508059  0.372395  0.841426  0.271376  0.189309  0.253901  0.868483  0.854764  0.479237  0.682554  0.412607  0.478823  0.455033  0.580110  0.418925  0.476988  0.277362  0.385567  0.463041  0.332018  0.364113  0.553479  0.621215  0.353163  0.722808  0.763412  0.746593  0.835395  0.615177  0.571758  0.741547  0.744290  0.558337  0.610678  0.407962  0.317516  0.472952  0.431470  0.172894  0.825445  0.151738  0.018161  0.107097  0.123748  0.180283  0.041251  0.082019  0.054663  0.058575  0.760753  0.316783  0.643261  0.136202  0.061196  0.520890  0.804654  0.756627  0.445092  0.342053  0.529446  0.678338  0.263366  0.339952  0.167940  0.049778  0.146991  0.727975  0.159525  0.159525  0.109462  0.892936  0.716458  0.658641  0.776324  0.815449  0.301465  0.909865  0.888450  0.769168  0.860260  0.532125  0.479870  0.190003  0.266992  0.079870  0.114038  0.827022  0.210744  0.361984  0.273862  0.495630  0.361284  0.167500  0.122194  0.121714  0.111375  0.130611  0.674006  0.123996  0.860098  0.700860  0.928268  0.786246  0.787332
  0.557300  0.042873  0.926721  0.056918  0.046859  0.244826  0.055937  0.415531  0.853609  0.767881  0.896048  0.761437  0.703564  0.865074  0.572614  0.769925  0.649042  0.609822  0.689551  0.710348  0.887042  0.576457  0.840594  0.413333  0.471022  0.244918  0.315467  0.693849  0.690581  0.421220  0.467903  0.744599  0.559458  0.691358  0.865671  0.476763  0.562378  0.714548  0.733842  0.528525  0.649400  0.474557  0.668895  0.663766  0.504491  0.740979  0.606789  0.694539  0.715521  0.543955  0.491828  0.563364  0.796857  0.756095  0.722173  0.826402  0.859704  0.508581  0.374016  0.841076  0.276007  0.191912  0.257376  0.861493  0.850218  0.480987  0.683052  0.414260  0.480521  0.458596  0.585747  0.423664  0.476698  0.278558  0.386670  0.464704  0.333288  0.367779  0.554354  0.623768  0.354461  0.722715  0.764272  0.746764  0.829279  0.617436  0.573246  0.742765  0.744138  0.561420  0.615690  0.410337  0.319479  0.469933  0.431034  0.170988  0.826958  0.153710  0.017903  0.103643  0.123001  0.184149  0.040938  0.082592  0.054176  0.059044  0.763356  0.319757  0.644619  0.133070  0.062111  0.515676  0.805910  0.752529  0.446068  0.344034  0.532104  0.680752  0.268627  0.341802  0.168153  0.049084  0.145842  0.729841  0.161396  0.161396  0.110013  0.886696  0.715951  0.659156  0.777413  0.817895  0.309891  0.908649  0.890302  0.770632  0.863876  0.534899  0.482557  0.187256  0.266964  0.080444  0.114030  0.828809  0.206262  0.363144  0.277815  0.497395  0.361445  0.167790  0.124167  0.123616  0.113499  0.131572  0.674130  0.126369  0.865862  0.705901  0.928267  0.787985  0.786369
  0.559300  0.045545  0.927490  0.058289  0.045909  0.241905  0.056413  0.416025  0.853605  0.768196  0.897554  0.761448  0.706618  0.863046  0.576944  0.772303  0.649568  0.616080  0.692416  0.707538  0.887992  0.574804  0.842940  0.412530  0.470213  0.247150  0.316224  0.695004  0.690805  0.423828  0.471461  0.746636  0.561845  0.693372  0.866888  0.481348  0.567859  0.716913  0.737453  0.529929  0.650059  0.475559  0.669251  0.664495  0.505494  0.740125  0.607516  0.696202  0.715693  0.544499  0.492359  0.563292  0.798769  0.755225  0.722653  0.827237  0.852861  0.508110  0.374081  0.841221  0.279729  0.195115  0.258803  0.866472  0.858403  0.482093  0.685320  0.414291  0.480339  0.458116  0.584115  0.425090  0.475755  0.280714  0.387729  0.465236  0.335588  0.367842  0.554616  0.622408  0.356201  0.723535  0.763563  0.747456  0.834195  0.615192  0.575435  0.742935  0.744306  0.571941  0.620742  0.411724  0.321626  0.474463  0.432019  0.171702  0.824370  0.155529  0.018223  0.100132  0.123693  0.183316  0.041286  0.081952  0.053778  0.058948  0.762139  0.321694  0.646422  0.136905  0.062806  0.514084  0.806036  0.755196  0.446769  0.344062  0.537126  0.685619  0.273654  0.346242  0.169714  0.048924  0.144003  0.731434  0.162416  0.162416  0.111666  0.879146  0.715241  0.658866  0.780128  0.817668  0.319052  0.908997  0.890650  0.771481  0.864245  0.535471  0.484143  0.187034  0.267195  0.082668  0.114051  0.831499  0.205755  0.364075  0.281392  0.502222  0.361093  0.168945  0.124969  0.125771  0.114516  0.132567  0.674551  0.125390  0.867778  0.710751  0.930582  0.788546  0.786245
  0.561300  0.046756  0.927534  0.057427  0.046022  0.240406  0.055559  0.418452  0.853713  0.768516  0.899198  0.762167  0.707394  0.865088  0.584533  0.773072  0.648592  0.620768  0.697284  0.705613  0.888296  0.574913  0.842272  0.411468  0.471983  0.251212  0.316000  0.696979  0.697030  0.426911  0.474442  0.746505  0.565425  0.696033  0.869331  0.486406  0.574195  0.716808  0.739320  0.532045  0.654383  0.477052  0.671526  0.665344  0.507216  0.741785  0.610074  0.695695  0.716866  0.544538  0.492282  0.566125  0.798638  0.761246  0.719869  0.828154  0.843992  0.508176  0.370677  0.838784  0.283260  0.198059  0.266471  0.871830  0.862124  0.482925  0.683183  0.417285  0.481015  0.459465  0.583466  0.427699  0.477201  0.282385  0.389277  0.466498  0.338995  0.370497  0.555356  0.622688  0.357341  0.722738  0.762303  0.746906  0.836242  0.616593  0.579452  0.742869  0.743556  0.579599  0.627431  0.413693  0.323592  0.476634  0.435384  0.170006  0.822940  0.159048  0.017510  0.103161  0.123189  0.182609  0.041133  0.082035  0.054048  0.059210  0.762765  0.325150  0.646131  0.136763  0.063549  0.514650  0.805986  0.757461  0.447620  0.348688  0.540772  0.688463  0.280128  0.349243  0.171366  0.048418  0.146458  0.734216  0.164521  0.164521  0.111891  0.864725  0.716811  0.659981  0.784440  0.818713  0.327094  0.903648  0.893465  0.773578  0.867569  0.537824  0.486335  0.188851  0.265242  0.083109  0.114311  0.832771  0.208910  0.365096  0.285266  0.508502  0.363288  0.170170  0.126647  0.126568  0.116408  0.134162  0.671656  0.128408  0.867453  0.715640  0.928307  0.787336  0.782269
  0.563300  0.048755  0.929080  0.057483  0.045625  0.238193  0.055742  0.419008  0.854502  0.768410  0.894263  0.762142  0.708635  0.865812  0.589683  0.772426  0.650328  0.629763  0.701216  0.704266  0.887270  0.573474  0.843061  0.410781  0.471152  0.254356  0.316212  0.696009  0.694694  0.431369  0.478598  0.747006  0.568346  0.695150  0.868862  0.489790  0.578734  0.720452  0.741636  0.532785  0.653736  0.476373  0.672561  0.664145  0.506110  0.742321  0.607944  0.696781  0.716044  0.545621  0.493760  0.566615  0.795810  0.756153  0.724942  0.831366  0.832708  0.508448  0.372019  0.838615  0.285111  0.200939  0.264654  0.868557  0.855653  0.482928  0.686176  0.416959  0.482004  0.457576  0.586024  0.431527  0.476133  0.281826  0.389470  0.467511  0.338284  0.370567  0.553304  0.622272  0.359685  0.723947  0.763045  0.748350  0.835492  0.616595  0.580705  0.743072  0.745814  0.585650  0.633797  0.415621  0.325721  0.477665  0.433874  0.174516  0.823274  0.160827  0.018325  0.105395  0.121474  0.181269  0.040489  0.082502  0.054875  0.059346  0.763637  0.329641  0.648504  0.136072  0.064233  0.510811  0.807508  0.755894  0.449442  0.345621  0.546433  0.693421  0.287769  0.352341  0.173014  0.048506  0.144773  0.736302  0.167290  0.167290  0.112594  0.875617  0.716162  0.660462  0.783516  0.819975  0.337035  0.905035  0.894289  0.775224  0.867114  0.539671  0.487737  0.187984  0.265435  0.084580  0.114194  0.836543  0.206694  0.365083  0.290642  0.514682  0.363387  0.170987  0.128242  0.129002  0.118140  0.133936  0.678017  0.131721  0.873722  0.725480  0.929852  0.789000  0.783600
  0.565300  0.050133  0.929853  0.058579  0.046427  0.235654  0.056236  0.417682  0.853724  0.768610  0.899667  0.763376  0.705634  0.865775  0.593593  0.773504  0.652274  0.632928  0.704587  0.702796  0.887273  0.572831  0.846198  0.409816  0.471206  0.254568  0.316150  0.696717  0.697675  0.434052  0.482534  0.748090  0.573266  0.697662  0.871118  0.493286  0.582373  0.722200  0.744240  0.534463  0.655654  0.474869  0.671536  0.665650  0.506448  0.741982  0.607912  0.696295  0.717130  0.546461  0.493297  0.566666  0.796314  0.759786  0.726634  0.832165  0.809165  0.508271  0.371767  0.839784  0.289451  0.204528  0.266267  0.864185  0.858543  0.484215  0.686001  0.415997  0.483744  0.460041  0.588542  0.430265  0.477763  0.284043  0.390750  0.468010  0.339970  0.371805  0.555458  0.624577  0.361354  0.725521  0.765088  0.747590  0.834361  0.619048  0.582700  0.742928  0.746358  0.597382  0.639889  0.418492  0.327745  0.474378  0.434237  0.172108  0.824916  0.163448  0.018234  0.101732  0.120342  0.184605  0.041252  0.082759  0.054094  0.058636  0.762819  0.331978  0.649775  0.136191  0.064739  0.509361  0.806715  0.754159  0.450092  0.347237  0.552323  0.699304  0.295393  0.356372  0.173739  0.048434  0.145499  0.736166  0.169159  0.169159  0.113496  0.868687  0.715394  0.661641  0.784700  0.820823  0.345794  0.905119  0.894173  0.775835  0.868533  0.542082  0.490118  0.187907  0.265005  0.086199  0.113465  0.835011  0.207413  0.362981  0.290564  0.515084  0.363259  0.172677  0.129824  0.130620  0.119006  0.138479  0.679692  0.132642  0.872086  0.726469  0.928309  0.788708  0.783807
  0.567300  0.050497  0.930625  0.058513  0.046097  0.232928  0.056772  0.418501  0.853723  0.768310  0.898103  0.762706  0.704498  0.870311  0.599437  0.770936  0.653298  0.641364  0.706513  0.700757  0.888019  0.571556  0.845415  0.408911  0.472044  0.250794  0.315701  0.696887  0.698102  0.436795  0.486770  0.748730  0.573887  0.698089  0.871212  0.496636  0.587191  0.724645  0.746357  0.535559  0.657211  0.476123  0.672917  0.665438  0.507442  0.742006  0.609251  0.697785  0.717979  0.544302  0.494579  0.566825  0.797972  0.758034  0.725588  0.835422  0.778014  0.509625  0.369965  0.839770  0.290934  0.206514  0.268481  0.862935  0.856485  0.483503  0.686274  0.416291  0.482989  0.458119  0.587873  0.431976  0.474380  0.284973  0.390243  0.467540  0.341193  0.372799  0.554147  0.624095  0.364091  0.726066  0.765136  0.751140  0.839552  0.618816  0.585910  0.743151  0.746577  0.602340  0.647519  0.421412  0.330227  0.475348  0.437855  0.174276  0.824456  0.166285  0.017780  0.102936  0.120917  0.183593  0.040997  0.082615  0.054523  0.059459  0.763709  0.333295  0.650010  0.136170  0.065257  0.505907  0.806195  0.753923  0.451068  0.350087  0.559583  0.704787  0.303827  0.365288  0.176306  0.048298  0.145493  0.739054  0.170961  0.170961  0.114999  0.870067  0.716852  0.661570  0.779968  0.821019  0.355973  0.905202  0.894804  0.777484  0.870358  0.544617  0.491724  0.186855  0.265545  0.087129  0.114279  0.835548  0.205077  0.365611  0.298373  0.522274  0.369397  0.172531  0.131198  0.132982  0.120953  0.137513  0.679981  0.134353  0.878212  0.731336  0.929080  0.792045  0.784285
  0.569300  0.051802  0.933615  0.058026  0.046303  0.230585  0.056004  0.417445  0.855823  0.768540  0.900465  0.761993  0.707734  0.867772  0.605748  0.778502  0.654922  0.649988  0.709675  0.698691  0.888040  0.571250  0.846717  0.408245  0.471260  0.239133  0.316775  0.697445  0.699864  0.437873  0.489555  0.749311  0.577655  0.700193  0.872435  0.498825  0.590707  0.726933  0.747974  0.537521  0.656771  0.477249  0.674833  0.666238  0.507797  0.742937  0.609252  0.697815  0.719115  0.543639  0.495083  0.567672  0.797357  0.757252  0.721673  0.836333  0.738217  0.509781  0.368294  0.840475  0.294956  0.209402  0.271001  0.868599  0.858085  0.483323  0.686000  0.415051  0.481426  0.458677  0.584917  0.431406  0.478853  0.285066  0.391121  0.467297  0.340022  0.373887  0.553894  0.621622  0.365748  0.727794  0.763062  0.750468  0.841101  0.621285  0.585442  0.744299  0.746357  0.613594  0.653273  0.424065  0.331702  0.478448  0.438899  0.173623  0.824822  0.167378  0.018363  0.102713  0.119699  0.183971  0.040701  0.082669  0.054355  0.059453  0.763504  0.334479  0.651778  0.135421  0.066269  0.506755  0.808086  0.759010  0.452632  0.350104  0.566219  0.712280  0.312883  0.369426  0.177299  0.048369  0.146620  0.740533  0.173935  0.173935  0.115507  0.877523  0.716883  0.661748  0.780432  0.821023  0.364843  0.905632  0.896164  0.780189  0.871592  0.545968  0.494028  0.189475  0.264581  0.088477  0.113490  0.833071  0.205246  0.371286  0.302617  0.528835  0.366090  0.173297  0.132708  0.134579  0.122598  0.137314  0.680150  0.132897  0.876448  0.735435  0.931294  0.792740  0.784903
  0.571300  0.054412  0.934392  0.057558  0.046393  0.227418  0.056969  0.418144  0.855831  0.766484  0.896766  0.763230  0.709793  0.863237  0.610784  0.778144  0.654949  0.655111  0.720632  0.697041  0.888317  0.570676  0.848293  0.407278  0.472331  0.220733  0.315698  0.696908  0.702985  0.440911  0.493471  0.748226  0.580027  0.701113  0.872717  0.502707  0.594015  0.729792  0.750895  0.537842  0.658090  0.475476  0.673873  0.665194  0.507671  0.741249  0.609482  0.697856  0.720159  0.546872  0.496122  0.568340  0.796220  0.763288  0.726354  0.837861  0.681776  0.510041  0.369004  0.840031  0.297194  0.211820  0.273004  0.871410  0.856850  0.482537  0.686667  0.414691  0.479830  0.459268  0.587330  0.427366  0.477801  0.287590  0.393005  0.471779  0.342292  0.376071  0.553956  0.627218  0.368748  0.729971  0.765668  0.750262  0.839863  0.620457  0.587134  0.743598  0.749085  0.618387  0.661451  0.426244  0.334160  0.479095  0.440672  0.174707  0.825896  0.169937  0.018332  0.099007  0.120795  0.184537  0.040846  0.083488  0.054803  0.059660  0.764176  0.339405  0.653131  0.133243  0.066637  0.505465  0.808074  0.760025  0.453587  0.352659  0.573743  0.717090  0.322238  0.375394  0.179153  0.047850  0.143716  0.741958  0.175436  0.175436  0.117139  0.895688  0.717349  0.662938  0.782985  0.822064  0.375932  0.906415  0.894736  0.780810  0.871886  0.547332  0.496284  0.187973  0.264461  0.089730  0.114127  0.834887  0.206173  0.374990  0.305701  0.528276  0.367701  0.175113  0.133318  0.136870  0.124421  0.137022  0.680620  0.138597  0.873474  0.734248  0.932071  0.795794  0.786134
  0.573300  0.055730  0.935170  0.057678  0.045840  0.225389  0.056882  0.417745  0.855841  0.771205  0.901398  0.761130  0.706971  0.865910  0.620115  0.778476  0.657605  0.660271  0.720626  0.694711  0.888983  0.570321  0.847520  0.406222  0.471561  0.184704  0.316159  0.697961  0.711083  0.445008  0.499114  0.750772  0.583066  0.702255  0.874130  0.505438  0.599467  0.730758  0.752513  0.540020  0.658714  0.476942  0.674883  0.666111  0.508765  0.742917  0.609556  0.698401  0.719305  0.547500  0.498174  0.569219  0.797807  0.767140  0.728467  0.839227  0.601980  0.509869  0.368919  0.839614  0.299832  0.213391  0.274399  0.871149  0.860646  0.481810  0.685750  0.415148  0.483225  0.460993  0.589786  0.431729  0.476459  0.288679  0.393778  0.471966  0.344296  0.375438  0.553988  0.628124  0.371350  0.730767  0.764793  0.750076  0.842870  0.621418  0.589774  0.746156  0.748902  0.629972  0.669115  0.429102  0.336814  0.478560  0.437919  0.176139  0.826626  0.172186  0.019291  0.098358  0.119470  0.184518  0.041864  0.083328  0.055081  0.060340  0.764690  0.342489  0.652368  0.134370  0.067221  0.502476  0.806562  0.758600  0.454588  0.352168  0.581041  0.724379  0.332372  0.386452  0.179266  0.047291  0.145435  0.743979  0.178473  0.178473  0.117193  0.905251  0.717138  0.664436  0.787555  0.822865  0.384883  0.906412  0.897528  0.782916  0.873310  0.550606  0.498605  0.187208  0.264738  0.091292  0.112885  0.835084  0.204337  0.382251  0.314666  0.535844  0.366869  0.175165  0.135065  0.137928  0.126456  0.141958  0.678026  0.134686  0.877767  0.745449  0.932076  0.796532  0.785801
  0.575300  0.057434  0.933580  0.057543  0.046450  0.222063  0.056782  0.417642  0.855731  0.773004  0.898721  0.761659  0.705782  0.863046  0.623480  0.778231  0.657726  0.665641  0.724117  0.691449  0.888890  0.569939  0.849758  0.405788  0.472206  0.165609  0.316402  0.697575  0.713436  0.446007  0.501546  0.750793  0.584532  0.702726  0.875448  0.507624  0.602385  0.733319  0.753921  0.539344  0.660312  0.475860  0.676623  0.665610  0.509647  0.743638  0.610169  0.699864  0.721424  0.546938  0.498154  0.570321  0.798744  0.764259  0.726591  0.841265  0.424185  0.509346  0.368982  0.840080  0.301046  0.217043  0.278881  0.872406  0.861906  0.481275  0.686240  0.415765  0.481483  0.460010  0.587365  0.429682  0.473334  0.289377  0.394208  0.472120  0.345809  0.377497  0.556982  0.625382  0.371603  0.731522  0.766919  0.750802  0.843330  0.620997  0.590795  0.745998  0.749433  0.637372  0.676060  0.431962  0.338537  0.478099  0.441753  0.173605  0.827459  0.174422  0.018506  0.099829  0.120011  0.185632  0.040865  0.084162  0.054981  0.059430  0.765231  0.343089  0.653523  0.132361  0.067371  0.497968  0.809878  0.755778  0.456004  0.353687  0.590726  0.731150  0.343693  0.393939  0.178734  0.047483  0.145138  0.745274  0.180255  0.180255  0.118960  0.910160  0.717166  0.664470  0.787463  0.821886  0.394420  0.907159  0.891437  0.783353  0.873793  0.552172  0.500779  0.189274  0.263198  0.091911  0.113158  0.831499  0.201147  0.387881  0.317852  0.541178  0.372677  0.175713  0.135556  0.140413  0.127878  0.141037  0.677949  0.138513  0.881184  0.750505  0.930484  0.799227  0.788341
  0.577300  0.059134  0.937362  0.058397  0.046959  0.219450  0.056028  0.417336  0.857846  0.769132  0.895346  0.764137  0.712621  0.871243  0.632562  0.781984  0.659626  0.677373  0.733203  0.691637  0.889742  0.570116  0.851863  0.406925  0.472176  0.169385  0.314837  0.698568  0.705290  0.451300  0.506508  0.752541  0.587869  0.703982  0.874889  0.511034  0.605918  0.733736  0.755726  0.542072  0.660112  0.475674  0.677785  0.665660  0.509530  0.741674  0.609327  0.700636  0.721528  0.549318  0.498978  0.570943  0.798542  0.760308  0.730707  0.842814  0.431300  0.509676  0.367102  0.840840  0.303206  0.217516  0.280109  0.873631  0.863097  0.480519  0.686516  0.413195  0.480459  0.458227  0.590588  0.429290  0.475361  0.290998  0.394038  0.472486  0.346114  0.379159  0.553124  0.627088  0.373936  0.732694  0.766587  0.753254  0.842029  0.623324  0.592149  0.747042  0.750481  0.647067  0.682872  0.434225  0.340389  0.479736  0.444082  0.175219  0.827449  0.174927  0.019266  0.101300  0.118597  0.187460  0.040893  0.082954  0.054556  0.060508  0.766989  0.346631  0.655155  0.132306  0.067697  0.496672  0.809632  0.758728  0.457119  0.356235  0.599690  0.737318  0.354651  0.405835  0.180919  0.047033  0.144657  0.746368  0.183599  0.183599  0.119645  0.919645  0.718165  0.664689  0.784876  0.823195  0.403358  0.908646  0.902121  0.785572  0.877507  0.555382  0.502698  0.188184  0.263647  0.093293  0.112376  0.836406  0.205849  0.395949  0.322008  0.545615  0.370869  0.176584  0.137502  0.143914  0.128527  0.142836  0.684153  0.140065  0.883910  0.755568  0.931934  0.800076  0.786975
  0.579300  0.060953  0.937369  0.058154  0.047023  0.217542  0.056370  0.417077  0.857074  0.770345  0.897943  0.762421  0.707527  0.868700  0.633532  0.779824  0.661674  0.682700  0.730979  0.689114  0.890128  0.571221  0.851091  0.405421  0.471988  0.157536  0.314098  0.698614  0.715500  0.453938  0.509492  0.752095  0.590275  0.706008  0.876966  0.515126  0.609535  0.736849  0.757515  0.543582  0.661732  0.475934  0.679560  0.667604  0.511989  0.744384  0.610626  0.701044  0.725329  0.549752  0.500469  0.572554  0.798197  0.763252  0.731307  0.845057  0.252957  0.511550  0.366097  0.841311  0.301737  0.218554  0.278466  0.875088  0.862149  0.480374  0.686100  0.412941  0.478124  0.458833  0.589257  0.428963  0.473168  0.291445  0.396116  0.473520  0.346115  0.377776  0.552521  0.621293  0.374597  0.733908  0.766979  0.752221  0.843549  0.623492  0.592696  0.748775  0.750841  0.652779  0.691059  0.437530  0.342275  0.480204  0.443894  0.173548  0.829139  0.177380  0.018944  0.105971  0.122001  0.182097  0.041549  0.084425  0.054895  0.059831  0.766682  0.351116  0.657076  0.131722  0.068762  0.496054  0.809384  0.757909  0.458289  0.356149  0.608096  0.743619  0.365837  0.414781  0.180169  0.046972  0.145000  0.747791  0.185407  0.185407  0.121194  0.925161  0.719192  0.666486  0.787041  0.824855  0.413290  0.908842  0.897151  0.786907  0.877889  0.559235  0.505128  0.187781  0.262852  0.094786  0.111925  0.837087  0.200962  0.404187  0.327328  0.550560  0.376165  0.178326  0.138348  0.143572  0.131224  0.143419  0.684080  0.141285  0.882925  0.757738  0.933492  0.803242  0.788794
  0.581300  0.062822  0.939653  0.058478  0.046397  0.213635  0.055190  0.419128  0.857742  0.770898  0.895911  0.765767  0.708281  0.872593  0.638613  0.778997  0.658530  0.686510  0.735052  0.687436  0.889656  0.570567  0.851754  0.406192  0.471467  0.153033  0.314947  0.698098  0.708521  0.458415  0.513039  0.753423  0.593288  0.707118  0.877905  0.516056  0.611072  0.739639  0.758543  0.545380  0.663086  0.475632  0.681733  0.666505  0.511975  0.743396  0.610074  0.700793  0.723495  0.549987  0.500593  0.573862  0.799088  0.763727  0.732921  0.845413  0.369530  0.510091  0.362440  0.842739  0.304022  0.220501  0.280264  0.867776  0.858906  0.478891  0.686563  0.410114  0.478626  0.456508  0.592040  0.424730  0.472587  0.291066  0.394045  0.472733  0.348429  0.380568  0.549987  0.624373  0.377018  0.734562  0.766830  0.752765  0.841973  0.624144  0.595274  0.748595  0.752042  0.659900  0.697876  0.438990  0.344898  0.479924  0.442268  0.173030  0.829771  0.178937  0.019296  0.098317  0.119838  0.184020  0.040876  0.084116  0.054226  0.058867  0.768583  0.350956  0.657898  0.130424  0.068360  0.493391  0.810628  0.757307  0.459859  0.355600  0.615702  0.753042  0.378261  0.423722  0.183561  0.046764  0.143392  0.749338  0.188285  0.188285  0.121460  0.927850  0.719714  0.666691  0.790596  0.824011  0.421874  0.907273  0.903431  0.788844  0.877991  0.561330  0.508414  0.189883  0.262265  0.096204  0.112504  0.837011  0.201333  0.409611  0.330793  0.553866  0.376288  0.178665  0.140795  0.145134  0.132160  0.145369  0.684718  0.142127  0.889198  0.761023  0.934222  0.802432  0.790369
  0.583300  0.065317  0.941165  0.058160  0.046364  0.210661  0.056928  0.416954  0.861558  0.769518  0.899370  0.765605  0.712025  0.873788  0.646014  0.782492  0.662699  0.694935  0.741427  0.684957  0.889203  0.570755  0.851628  0.406964  0.471493  0.167409  0.316199  0.698548  0.708696  0.459943  0.516480  0.753213  0.598572  0.707988  0.876961  0.517131  0.613418  0.740047  0.760598  0.546599  0.663657  0.476361  0.684452  0.668574  0.513067  0.743292  0.610947  0.703785  0.723398  0.546361  0.502866  0.574393  0.799660  0.768309  0.730394  0.846166  0.382645  0.511729  0.363662  0.842676  0.303764  0.222102  0.281647  0.873288  0.863569  0.477137  0.686382  0.409860  0.473962  0.455905  0.591421  0.424916  0.472845  0.291423  0.395256  0.472564  0.348949  0.379187  0.550075  0.628090  0.379165  0.736524  0.767366  0.753994  0.845750  0.625687  0.596124  0.751900  0.753279  0.670637  0.705764  0.441531  0.347194  0.482402  0.446116  0.177534  0.828766  0.180542  0.019150  0.096676  0.118008  0.181602  0.040856  0.083547  0.055299  0.059126  0.766383  0.355177  0.659897  0.129911  0.068447  0.495038  0.811900  0.760623  0.460162  0.357415  0.625641  0.758514  0.392102  0.438502  0.183282  0.046813  0.143036  0.751485  0.192228  0.192228  0.122676  0.928507  0.719511  0.667293  0.791117  0.824583  0.430553  0.906615  0.903834  0.788250  0.877047  0.562014  0.509535  0.186929  0.260806  0.097743  0.111355  0.835835  0.201104  0.419954  0.336992  0.561940  0.379241  0.179171  0.142290  0.147609  0.133931  0.145962  0.686079  0.143511  0.885648  0.768389  0.934175  0.804848  0.788505
  0.585300  0.066865  0.941947  0.058492  0.046978  0.207604  0.056411  0.417354  0.858419  0.777210  0.896781  0.766335  0.707783  0.872434  0.648612  0.779431  0.658916  0.694016  0.741594  0.682922  0.889869  0.569889  0.853214  0.406957  0.471103  0.173798  0.316290  0.698376  0.713969  0.460773  0.519655  0.757110  0.598229  0.707894  0.878745  0.519688  0.617264  0.742683  0.761206  0.547899  0.662930  0.476590  0.683768  0.667329  0.514607  0.743829  0.612405  0.703197  0.725055  0.546708  0.502835  0.575403  0.798573  0.765719  0.732946  0.847671  0.381354  0.510539  0.360326  0.841167  0.306098  0.223311  0.281562  0.868791  0.859131  0.475996  0.685671  0.410371  0.475518  0.457548  0.589648  0.425652  0.469007  0.292848  0.396553  0.475144  0.349641  0.381521  0.549905  0.627487  0.379083  0.736223  0.767371  0.753296  0.839810  0.624955  0.597749  0.749815  0.753953  0.672119  0.710805  0.443933  0.348628  0.478104  0.444453  0.176615  0.829718  0.181325  0.019610  0.099354  0.119228  0.181084  0.041063  0.084760  0.055273  0.060976  0.769127  0.359120  0.660313  0.127008  0.069508  0.493239  0.812579  0.758500  0.461178  0.362859  0.634050  0.766838  0.403645  0.447029  0.186437  0.047108  0.143187  0.751707  0.193757  0.193757  0.124364  0.929899  0.720221  0.667862  0.790688  0.827441  0.437920  0.908214  0.900846  0.790749  0.879723  0.563589  0.511217  0.187403  0.261079  0.099017  0.111921  0.839287  0.196983  0.426178  0.340415  0.564726  0.379181  0.180674  0.143208  0.150647  0.136944  0.147686  0.685939  0.144766  0.887429  0.768887  0.934182  0.807663  0.788446
  0.587300  0.069052  0.943543  0.057985  0.046513  0.205732  0.056688  0.417600  0.860112  0.769999  0.897815  0.766873  0.709343  0.872605  0.649789  0.780341  0.660426  0.701768  0.741820  0.680125  0.889954  0.572251  0.854123  0.408988  0.471392  0.194227  0.312127  0.699216  0.713854  0.468157  0.523305  0.755390  0.604277  0.709336  0.878937  0.521174  0.619543  0.741551  0.763311  0.549530  0.665026  0.477298  0.686509  0.666633  0.515370  0.745483  0.611297  0.703119  0.724674  0.548176  0.503474  0.577432  0.800703  0.764393  0.730109  0.849510  0.492191  0.511545  0.361124  0.842689  0.307293  0.224662  0.282713  0.874306  0.858994  0.474716  0.684311  0.407712  0.474867  0.454082  0.591108  0.421426  0.468708  0.294208  0.394918  0.474409  0.350760  0.381032  0.548521  0.624503  0.381873  0.737019  0.768641  0.753149  0.843683  0.624942  0.598832  0.750521  0.753279  0.682024  0.718925  0.446408  0.350551  0.480394  0.447514  0.173193  0.830168  0.182660  0.019403  0.096767  0.113454  0.182927  0.042048  0.084387  0.055665  0.059469  0.769142  0.360146  0.659485  0.130365  0.070075  0.489500  0.811902  0.762289  0.462776  0.356711  0.643102  0.772838  0.416645  0.456701  0.186110  0.046680  0.144123  0.752982  0.197020  0.197020  0.125027  0.929906  0.720757  0.668718  0.791475  0.826475  0.445934  0.905863  0.906605  0.792429  0.882488  0.568000  0.514329  0.187941  0.259946  0.100960  0.111600  0.839395  0.197450  0.432927  0.347811  0.568476  0.382175  0.182025  0.144995  0.152409  0.138437  0.148472  0.687579  0.147682  0.888419  0.774715  0.934232  0.809798  0.789461
  0.589300  0.071275  0.941955  0.059362  0.046648  0.202868  0.057571  0.417128  0.861578  0.771003  0.900178  0.764941  0.711411  0.870798  0.661056  0.786419  0.666310  0.705915  0.750855  0.678976  0.889212  0.572926  0.857159  0.407820  0.470731  0.210770  0.316330  0.697909  0.713946  0.465588  0.525419  0.755589  0.601660  0.713165  0.880063  0.523239  0.620773  0.745470  0.764916  0.551541  0.666122  0.475794  0.688479  0.667677  0.515532  0.743610  0.612547  0.704431  0.726632  0.550176  0.505651  0.577199  0.799772  0.762483  0.733019  0.850190  0.508026  0.510903  0.360704  0.842397  0.305079  0.225776  0.284770  0.879612  0.867488  0.473162  0.684126  0.404211  0.473325  0.453531  0.592218  0.422297  0.469739  0.292508  0.395269  0.475267  0.350260  0.381844  0.547680  0.622896  0.384257  0.738999  0.768475  0.755790  0.844049  0.626388  0.600201  0.749686  0.752446  0.693306  0.724059  0.449169  0.353289  0.477418  0.452361  0.176095  0.830123  0.183559  0.019860  0.100259  0.117028  0.181929  0.040410  0.084863  0.054901  0.061139  0.769009  0.360744  0.662773  0.125631  0.069608  0.489138  0.811105  0.758614  0.464378  0.358694  0.652622  0.781214  0.429409  0.472568  0.189624  0.047173  0.143734  0.754575  0.201047  0.201047  0.127532  0.932654  0.721259  0.669462  0.790366  0.827574  0.453808  0.908003  0.901496  0.793120  0.882778  0.568321  0.516255  0.190482  0.259778  0.100980  0.111670  0.836952  0.200424  0.442015  0.350511  0.577885  0.379412  0.183296  0.144635  0.155090  0.138807  0.148221  0.687556  0.146962  0.886540  0.775399  0.934190  0.810561  0.788052
  0.591300  0.073004  0.946619  0.058417  0.046016  0.200875  0.056155  0.418108  0.863160  0.773340  0.900719  0.766349  0.713064  0.871224  0.663899  0.788268  0.667861  0.714681  0.754871  0.676128  0.890230  0.573420  0.857952  0.409437  0.470447  0.227475  0.318123  0.698146  0.720575  0.470648  0.527198  0.755018  0.606156  0.711421  0.881187  0.525558  0.622601  0.748652  0.766165  0.552378  0.669223  0.476305  0.693241  0.668909  0.517044  0.744421  0.613626  0.704894  0.727454  0.552435  0.506544  0.578833  0.799759  0.767727  0.732794  0.851113  0.544373  0.511444  0.362033  0.842231  0.307868  0.226169  0.284378  0.877541  0.867838  0.471362  0.682260  0.404600  0.474972  0.453295  0.591705  0.416412  0.471846  0.295928  0.397853  0.475463  0.351047  0.383432  0.549499  0.628430  0.383800  0.739061  0.767950  0.755275  0.848431  0.625906  0.601905  0.751226  0.753984  0.695759  0.730618  0.452134  0.355053  0.482439  0.452520  0.177501  0.830491  0.184051  0.019162  0.102594  0.118220  0.181957  0.040060  0.083782  0.055405  0.059678  0.769846  0.367149  0.662783  0.127862  0.070561  0.489798  0.811226  0.764413  0.464237  0.361324  0.661096  0.788988  0.442396  0.487776  0.187940  0.046946  0.145309  0.755956  0.203657  0.203657  0.126872  0.930611  0.720772  0.668312  0.793980  0.827587  0.460759  0.906051  0.908329  0.796132  0.882211  0.570953  0.518429  0.189711  0.259175  0.103381  0.110771  0.839645  0.198849  0.451630  0.356413  0.584005  0.383064  0.182212  0.145866  0.156560  0.141543  0.151072  0.690910  0.148625  0.892539  0.781461  0.935748  0.810136  0.787672
  0.593300  0.075523  0.943597  0.059246  0.047771  0.198540  0.055371  0.416829  0.861823  0.772290  0.899713  0.767765  0.714558  0.869339  0.666059  0.788275  0.669131  0.718761  0.753518  0.673586  0.889312  0.573858  0.858196  0.410091  0.470629  0.245254  0.316547  0.699241  0.719168  0.468413  0.528549  0.757411  0.606631  0.713805  0.883070  0.527386  0.625907  0.747816  0.766723  0.553376  0.668203  0.477040  0.692630  0.667299  0.517364  0.746178  0.612354  0.705947  0.727273  0.551021  0.507140  0.579291  0.799665  0.766693  0.735956  0.851616  0.586771  0.511957  0.360438  0.842973  0.305903  0.227569  0.284206  0.877189  0.869106  0.469886  0.682975  0.403882  0.469573  0.454075  0.592301  0.415643  0.467620  0.296275  0.398026  0.475223  0.350156  0.382098  0.546027  0.625667  0.385276  0.739920  0.768095  0.753317  0.850515  0.627178  0.603320  0.749868  0.754005  0.703969  0.735667  0.453885  0.357378  0.482816  0.453474  0.176629  0.830367  0.185067  0.020028  0.098064  0.114822  0.185195  0.040027  0.084937  0.055414  0.060943  0.769866  0.368142  0.663344  0.127257  0.070107  0.490818  0.812622  0.762571  0.464802  0.362640  0.667836  0.794747  0.455198  0.500679  0.189543  0.046994  0.142356  0.756362  0.207176  0.207176  0.127862  0.930666  0.719539  0.669645  0.797774  0.829860  0.467331  0.907145  0.904729  0.796244  0.886687  0.574077  0.522405  0.186975  0.258186  0.102984  0.110104  0.840241  0.196352  0.458324  0.357211  0.590401  0.386818  0.183297  0.147857  0.158132  0.143256  0.152344  0.691526  0.151715  0.889786  0.780000  0.933519  0.811181  0.787785
  0.595300  0.077225  0.945927  0.058116  0.047021  0.194660  0.055223  0.417529  0.864972  0.770344  0.898549  0.766531  0.709704  0.876055  0.665812  0.785487  0.665409  0.716388  0.756736  0.670709  0.890146  0.573189  0.857414  0.410737  0.469633  0.262814  0.314920  0.697825  0.719785  0.473723  0.529778  0.756554  0.609176  0.714922  0.881174  0.528306  0.625931  0.750276  0.768543  0.556108  0.668325  0.476292  0.694389  0.668243  0.519930  0.745563  0.614556  0.707043  0.729001  0.551253  0.507868  0.580875  0.799213  0.765701  0.733289  0.853559  0.601537  0.512186  0.358167  0.840866  0.305765  0.228858  0.284956  0.878827  0.861915  0.468014  0.681786  0.401586  0.468965  0.451166  0.590828  0.415582  0.467856  0.295537  0.397511  0.474609  0.352713  0.385473  0.545406  0.625717  0.386230  0.740815  0.767547  0.754888  0.849029  0.627092  0.605718  0.750490  0.755319  0.703100  0.740381  0.454953  0.359781  0.481064  0.451910  0.173661  0.829538  0.186047  0.019311  0.099055  0.114760  0.180656  0.041182  0.085005  0.054907  0.060066  0.770495  0.375191  0.663270  0.124405  0.070347  0.488795  0.813263  0.760280  0.463880  0.360365  0.678617  0.800178  0.468083  0.510701  0.192880  0.046492  0.143496  0.758674  0.210288  0.210288  0.128895  0.931356  0.720429  0.668951  0.792185  0.830141  0.473122  0.907055  0.906032  0.797969  0.883929  0.574810  0.524103  0.187755  0.257418  0.104504  0.110442  0.840555  0.197500  0.460447  0.365330  0.586082  0.382595  0.184155  0.150064  0.160339  0.144524  0.153751  0.690666  0.153278  0.891043  0.784544  0.936624  0.812820  0.789289
  0.597300  0.079699  0.944419  0.058318  0.046907  0.192454  0.055843  0.417404  0.865090  0.770583  0.898799  0.767233  0.712612  0.874449  0.670444  0.785336  0.672218  0.720674  0.759455  0.670437  0.889120  0.574308  0.858322  0.412134  0.469989  0.280860  0.317303  0.699281  0.717839  0.476746  0.532744  0.757583  0.611486  0.713557  0.882864  0.529504  0.628327  0.750649  0.768737  0.556888  0.669297  0.476614  0.696862  0.669993  0.519753  0.745206  0.612816  0.707460  0.729773  0.550943  0.508619  0.580685  0.798308  0.764494  0.734168  0.854131  0.617352  0.513008  0.358584  0.841376  0.303773  0.229367  0.284991  0.881523  0.869429  0.465721  0.680712  0.400127  0.465523  0.449828  0.589918  0.411489  0.468477  0.295215  0.396140  0.474066  0.351887  0.382847  0.543053  0.621698  0.387184  0.740778  0.768257  0.755599  0.849272  0.625749  0.606095  0.750675  0.753433  0.711160  0.745470  0.456513  0.360823  0.482264  0.453238  0.177578  0.829850  0.186274  0.020931  0.092624  0.113512  0.180274  0.041513  0.084164  0.054663  0.060499  0.771354  0.375979  0.666385  0.127494  0.070701  0.484602  0.814090  0.761794  0.465977  0.359605  0.685534  0.805758  0.479231  0.525399  0.191332  0.046090  0.143355  0.757933  0.213155  0.213155  0.130934  0.927930  0.720437  0.670015  0.791766  0.831121  0.477805  0.906594  0.904434  0.798192  0.887352  0.577633  0.526588  0.187657  0.256615  0.105966  0.110816  0.840518  0.195800  0.465816  0.369824  0.596914  0.381021  0.184539  0.150340  0.161946  0.146598  0.154639  0.695088  0.155665  0.894965  0.785281  0.934349  0.812511  0.786927
  0.599300  0.082391  0.943646  0.059270  0.047106  0.189716  0.055785  0.417203  0.865875  0.770918  0.899189  0.767918  0.713930  0.871456  0.675236  0.788087  0.669420  0.727259  0.763045  0.668219  0.889481  0.574274  0.859892  0.412296  0.469097  0.293625  0.316567  0.699748  0.719094  0.474998  0.533631  0.756523  0.613347  0.714262  0.884255  0.530617  0.631020  0.750645  0.769934  0.558070  0.669996  0.476004  0.699661  0.668917  0.521330  0.746194  0.613839  0.708856  0.731611  0.550239  0.510389  0.582370  0.799298  0.766113  0.734778  0.853874  0.700011  0.511826  0.357361  0.840325  0.305278  0.230423  0.282798  0.878886  0.870808  0.463215  0.680423  0.397604  0.465296  0.449423  0.589557  0.408149  0.466416  0.296404  0.397428  0.475638  0.352812  0.384215  0.542688  0.622740  0.388669  0.741693  0.768983  0.756326  0.850612  0.627321  0.607825  0.749287  0.756180  0.712234  0.749817  0.460079  0.362944  0.481118  0.456561  0.175684  0.829243  0.185133  0.020309  0.100987  0.116764  0.179409  0.039748  0.085532  0.056346  0.060908  0.771346  0.378692  0.666064  0.125122  0.070912  0.489196  0.814084  0.761429  0.465885  0.361478  0.693275  0.812728  0.493063  0.536292  0.193385  0.046107  0.143189  0.757935  0.217573  0.217573  0.132235  0.930753  0.720464  0.669555  0.800605  0.831738  0.483164  0.906578  0.900521  0.801436  0.888772  0.579196  0.528152  0.187559  0.256444  0.106297  0.109998  0.839249  0.193052  0.469890  0.370129  0.601644  0.385338  0.185908  0.151685  0.164496  0.147877  0.154815  0.692983  0.156150  0.889523  0.784262  0.938223  0.813806  0.786635
  0.601100  0.083965  0.941366  0.058312  0.046739  0.187787  0.056854  0.416935  0.865990  0.769032  0.900050  0.767919  0.712330  0.870652  0.679581  0.787184  0.672241  0.727978  0.765405  0.667077  0.889140  0.576171  0.858442  0.413702  0.469344  0.302406  0.318458  0.700139  0.719010  0.477901  0.535013  0.759467  0.614396  0.716467  0.886241  0.532243  0.631750  0.752280  0.771330  0.560495  0.673044  0.475828  0.700524  0.668822  0.521898  0.746316  0.614038  0.708311  0.729260  0.553672  0.509356  0.583304  0.799187  0.765257  0.735734  0.855600  0.738758  0.511367  0.357256  0.839677  0.305193  0.230661  0.284344  0.879461  0.869782  0.461272  0.678662  0.396342  0.463924  0.449767  0.589999  0.405070  0.464859  0.298085  0.398115  0.477687  0.353585  0.383958  0.542175  0.625830  0.388541  0.742185  0.766863  0.756315  0.851230  0.628316  0.608105  0.750850  0.752916  0.719267  0.754425  0.462511  0.365988  0.479217  0.457196  0.174880  0.828601  0.185270  0.020615  0.093780  0.114081  0.179066  0.040746  0.083900  0.054205  0.059776  0.770825  0.381107  0.668149  0.123804  0.071414  0.486477  0.812843  0.762017  0.465927  0.359677  0.697928  0.815970  0.502118  0.546731  0.194513  0.045969  0.141481  0.759124  0.219693  0.219693  0.133797  0.932103  0.719747  0.668553  0.796145  0.830892  0.487677  0.906937  0.903650  0.800799  0.891630  0.583193  0.529794  0.186172  0.255018  0.108310  0.109841  0.833726  0.194481  0.472038  0.375608  0.606340  0.381703  0.185418  0.151487  0.166895  0.150410  0.156409  0.690893  0.156644  0.891865  0.786587  0.935174  0.815602  0.787169
  0.602700  0.086164  0.943723  0.059292  0.047781  0.184952  0.055606  0.417067  0.868439  0.770781  0.898030  0.766701  0.712291  0.873586  0.678931  0.783525  0.669905  0.727360  0.763138  0.665100  0.889304  0.574337  0.860110  0.414384  0.468562  0.308902  0.315106  0.698106  0.721595  0.477783  0.537533  0.759026  0.616623  0.715170  0.884531  0.531984  0.631896  0.753088  0.771214  0.560777  0.672228  0.476667  0.704050  0.669475  0.523571  0.746783  0.615062  0.711188  0.732137  0.553814  0.511084  0.582840  0.799217  0.767439  0.734561  0.857046  0.751450  0.512593  0.356203  0.840507  0.303342  0.232047  0.284748  0.879981  0.873534  0.460462  0.678025  0.394484  0.466067  0.446616  0.590118  0.406399  0.464504  0.298053  0.398030  0.476816  0.353128  0.384834  0.540875  0.624508  0.389707  0.742127  0.768264  0.757012  0.850972  0.627594  0.609713  0.750201  0.755022  0.720349  0.756218  0.464115  0.367048  0.480862  0.454592  0.176104  0.830134  0.185782  0.020607  0.098029  0.112896  0.178064  0.040239  0.084576  0.055922  0.061311  0.771551  0.380269  0.667905  0.123379  0.070709  0.486100  0.812185  0.760882  0.466846  0.362383  0.704391  0.819957  0.512253  0.555158  0.195236  0.045267  0.145101  0.758338  0.223759  0.223759  0.134153  0.930063  0.719741  0.670022  0.795974  0.832488  0.490806  0.906812  0.905855  0.801490  0.891617  0.584969  0.530259  0.184243  0.254270  0.108359  0.109781  0.842104  0.194235  0.476672  0.380584  0.605360  0.382969  0.187108  0.153057  0.167564  0.150542  0.157064  0.696108  0.157300  0.890114  0.788585  0.937535  0.815593  0.787498
  0.604300  0.087744  0.943763  0.058444  0.046504  0.183940  0.056168  0.417223  0.868546  0.766669  0.895330  0.769485  0.711827  0.874875  0.681064  0.785673  0.672609  0.727047  0.765541  0.664490  0.889056  0.575977  0.861007  0.415726  0.467604  0.320128  0.316907  0.699602  0.718485  0.477932  0.539121  0.759780  0.618340  0.714540  0.885755  0.533237  0.633534  0.753763  0.772310  0.562740  0.672903  0.477567  0.705500  0.668638  0.524062  0.747734  0.615383  0.710131  0.732359  0.553858  0.511843  0.583984  0.799578  0.765559  0.735391  0.857019  0.774566  0.511843  0.354998  0.840739  0.301149  0.231672  0.283550  0.882068  0.869183  0.458222  0.677797  0.391284  0.460822  0.444590  0.588519  0.400085  0.463392  0.298214  0.396748  0.473939  0.351127  0.384616  0.537625  0.624681  0.388958  0.742849  0.769128  0.756479  0.845829  0.627935  0.611033  0.750185  0.755695  0.722699  0.759896  0.465755  0.368376  0.479014  0.457835  0.175577  0.828389  0.187422  0.021276  0.099785  0.113763  0.178383  0.039606  0.084787  0.054998  0.059535  0.772225  0.385302  0.668874  0.124946  0.071181  0.485054  0.816306  0.758454  0.467449  0.361635  0.707936  0.824729  0.521587  0.557692  0.196974  0.045221  0.140437  0.759344  0.226840  0.226840  0.133969  0.929423  0.721342  0.669620  0.795887  0.832941  0.494751  0.906258  0.909473  0.802578  0.892854  0.585904  0.532661  0.187495  0.254834  0.108839  0.108513  0.841062  0.196273  0.479175  0.385066  0.612211  0.380751  0.186597  0.154610  0.169150  0.153390  0.158051  0.697870  0.155377  0.891388  0.793096  0.935261  0.816579  0.785413
  0.605900  0.089292  0.942262  0.058524  0.047182  0.181143  0.055097  0.417246  0.867881  0.769501  0.895801  0.768948  0.711368  0.874782  0.678533  0.782027  0.671773  0.728188  0.765851  0.663118  0.889334  0.576141  0.859565  0.416217  0.468914  0.330467  0.316061  0.698362  0.725180  0.480394  0.539737  0.759912  0.621467  0.716094  0.885457  0.534342  0.634425  0.754612  0.773575  0.564167  0.673675  0.476034  0.706922  0.669025  0.525483  0.747498  0.614677  0.710619  0.733264  0.551571  0.511152  0.583853  0.799475  0.766597  0.739309  0.857298  0.799562  0.511582  0.354610  0.838827  0.302130  0.232373  0.282916  0.882947  0.870875  0.456083  0.676740  0.390697  0.460368  0.444399  0.585723  0.401359  0.463174  0.297910  0.397261  0.475519  0.350806  0.384366  0.536968  0.624926  0.390416  0.743461  0.767188  0.757357  0.849146  0.626714  0.612504  0.747151  0.754028  0.723279  0.763213  0.466987  0.370227  0.479511  0.457943  0.176271  0.829311  0.185395  0.021728  0.097864  0.110096  0.179758  0.039890  0.084571  0.055542  0.060388  0.771218  0.390542  0.668530  0.122721  0.071099  0.484823  0.815226  0.763518  0.467638  0.359089  0.711573  0.827960  0.530414  0.572302  0.197572  0.044802  0.143566  0.759622  0.228956  0.228956  0.135330  0.927339  0.720139  0.669649  0.792728  0.835156  0.497920  0.907153  0.909523  0.804147  0.891707  0.587282  0.536495  0.184882  0.253981  0.109377  0.109386  0.843199  0.191723  0.480477  0.384462  0.613266  0.387698  0.186448  0.154681  0.170532  0.154465  0.161015  0.697682  0.160305  0.897679  0.798194  0.935311  0.816191  0.787380
  0.607500  0.091614  0.941531  0.058029  0.046959  0.179635  0.055390  0.418022  0.868773  0.770655  0.899055  0.768275  0.710341  0.870367  0.680922  0.783086  0.671999  0.727141  0.769261  0.661829  0.888487  0.577384  0.862027  0.417198  0.467530  0.333674  0.317196  0.699024  0.728568  0.482804  0.540667  0.759223  0.621345  0.717186  0.887330  0.535651  0.635414  0.754342  0.773150  0.564316  0.673672  0.476079  0.710543  0.669863  0.525727  0.749651  0.615685  0.712392  0.732824  0.552093  0.512507  0.585930  0.800579  0.770056  0.736124  0.857760  0.827552  0.512149  0.354010  0.839154  0.303335  0.233058  0.286911  0.880268  0.869818  0.453477  0.676247  0.389270  0.460562  0.444224  0.589104  0.396923  0.462445  0.297630  0.397346  0.475489  0.352522  0.385456  0.537893  0.624462  0.390503  0.743807  0.768671  0.756737  0.852134  0.626200  0.613171  0.748624  0.755498  0.726176  0.765395  0.469556  0.371471  0.473136  0.458747  0.176609  0.827861  0.184480  0.020730  0.094610  0.109423  0.177501  0.040283  0.084785  0.054946  0.059850  0.771307  0.389701  0.670365  0.124443  0.071198  0.481656  0.814610  0.761866  0.467326  0.360991  0.716269  0.829633  0.537952  0.581570  0.197450  0.044660  0.142342  0.760427  0.233125  0.233125  0.137121  0.928812  0.720234  0.668919  0.796232  0.835650  0.500456  0.906696  0.902553  0.805122  0.893605  0.588347  0.538691  0.181914  0.253398  0.110881  0.109787  0.839751  0.191559  0.481897  0.388602  0.614848  0.385138  0.187593  0.155912  0.172179  0.155410  0.162046  0.693424  0.159612  0.889992  0.791080  0.936901  0.816603  0.785196
  0.609100  0.092934  0.940028  0.057712  0.047288  0.177506  0.056450  0.415798  0.867313  0.771179  0.896959  0.768950  0.712111  0.871291  0.682132  0.785285  0.674718  0.731291  0.770859  0.662459  0.889884  0.578036  0.862136  0.418391  0.466858  0.341647  0.314488  0.698981  0.728939  0.482293  0.540646  0.761200  0.623466  0.717902  0.886951  0.535934  0.636506  0.756111  0.774252  0.565956  0.676805  0.476427  0.710507  0.669770  0.525479  0.748104  0.616192  0.711801  0.735726  0.554165  0.514496  0.587304  0.800999  0.771179  0.737593  0.858978  0.838538  0.512989  0.354621  0.839412  0.301238  0.232604  0.283795  0.881588  0.871917  0.452317  0.674465  0.387927  0.456773  0.443691  0.589203  0.394582  0.461562  0.298207  0.397090  0.476135  0.352200  0.385376  0.538346  0.626760  0.392846  0.743545  0.766661  0.756837  0.848547  0.628260  0.612892  0.747941  0.754127  0.723474  0.768099  0.471038  0.372712  0.474940  0.460272  0.177811  0.828715  0.185385  0.021962  0.096023  0.111101  0.178879  0.040585  0.084595  0.054850  0.060396  0.771998  0.392694  0.669833  0.123030  0.071724  0.485013  0.813926  0.759980  0.468271  0.360579  0.718943  0.832840  0.545383  0.588408  0.197526  0.045926  0.142146  0.761200  0.235800  0.235800  0.137616  0.931542  0.718946  0.671792  0.793839  0.836593  0.503163  0.908624  0.905904  0.804947  0.894075  0.590823  0.539625  0.184177  0.252171  0.112433  0.108036  0.841398  0.193606  0.485980  0.393244  0.619757  0.385800  0.187551  0.157023  0.173345  0.156234  0.162048  0.696734  0.162363  0.890957  0.794200  0.933859  0.817890  0.785419
  0.610700  0.095132  0.942386  0.057527  0.046744  0.175642  0.055154  0.416221  0.868213  0.772242  0.901464  0.769803  0.716413  0.872569  0.686368  0.788054  0.678453  0.735313  0.769558  0.660859  0.888313  0.578458  0.863039  0.419342  0.467875  0.347390  0.317102  0.699149  0.732739  0.484037  0.542212  0.759696  0.623188  0.717202  0.887872  0.536497  0.637069  0.756407  0.775636  0.568242  0.674366  0.477655  0.712261  0.670654  0.526182  0.748610  0.616961  0.712907  0.735417  0.555788  0.515684  0.586643  0.800653  0.773613  0.738267  0.860096  0.850333  0.513175  0.354255  0.838011  0.301802  0.232553  0.283550  0.886186  0.876494  0.450263  0.672614  0.386324  0.454502  0.443791  0.588889  0.392799  0.460382  0.298055  0.398461  0.477077  0.351845  0.384921  0.536594  0.626997  0.392605  0.745299  0.766112  0.756996  0.853879  0.627356  0.614955  0.749320  0.754818  0.732405  0.770392  0.472371  0.374277  0.478394  0.461594  0.176164  0.829122  0.183020  0.021236  0.094174  0.109439  0.179779  0.040320  0.084735  0.055376  0.060660  0.771314  0.397215  0.669414  0.120188  0.071186  0.484936  0.815991  0.766166  0.469283  0.362299  0.722409  0.833746  0.553362  0.598332  0.199519  0.045039  0.141559  0.761660  0.239220  0.239220  0.139365  0.932929  0.719832  0.670326  0.800691  0.835555  0.506115  0.906573  0.909632  0.805630  0.894161  0.591765  0.540960  0.185129  0.251636  0.112265  0.108370  0.844180  0.191752  0.492447  0.397530  0.622724  0.379279  0.188403  0.157776  0.174997  0.157274  0.164506  0.698293  0.161352  0.891494  0.800808  0.933910  0.818631  0.784103
  0.612300  0.096917  0.941656  0.057870  0.047066  0.175131  0.055669  0.416706  0.869882  0.769973  0.894780  0.769108  0.717148  0.873544  0.686977  0.785557  0.675845  0.736025  0.773537  0.659244  0.889147  0.579658  0.863150  0.420195  0.467391  0.350984  0.320168  0.699343  0.726774  0.485220  0.542913  0.758652  0.624185  0.715960  0.887603  0.537183  0.639950  0.757944  0.775559  0.567382  0.675604  0.477039  0.714457  0.671122  0.526367  0.749216  0.615802  0.713166  0.735202  0.555089  0.515168  0.586537  0.800932  0.771085  0.737558  0.860865  0.859459  0.513735  0.352839  0.838878  0.299828  0.233446  0.288366  0.883894  0.873407  0.448593  0.673439  0.384231  0.452779  0.441145  0.589282  0.388690  0.460131  0.298776  0.397347  0.475746  0.352694  0.385200  0.535243  0.625234  0.394165  0.745249  0.766955  0.757845  0.853239  0.627977  0.615279  0.750060  0.755558  0.735702  0.772256  0.473606  0.376211  0.478121  0.464810  0.176896  0.827533  0.183662  0.022001  0.091531  0.108819  0.181865  0.040828  0.084511  0.055110  0.060172  0.774799  0.397587  0.670693  0.119808  0.071278  0.481912  0.815342  0.763695  0.469192  0.362189  0.726468  0.836949  0.562459  0.606306  0.198307  0.045684  0.142405  0.761053  0.242672  0.242672  0.140001  0.932976  0.720002  0.670457  0.797261  0.837621  0.508686  0.908155  0.906613  0.808247  0.895589  0.594702  0.542658  0.186093  0.250281  0.113618  0.108823  0.842838  0.189965  0.494497  0.400658  0.624941  0.382541  0.188465  0.158720  0.175704  0.159079  0.163349  0.699617  0.160593  0.898740  0.799533  0.931648  0.817665  0.784036
  0.613900  0.098384  0.941656  0.058553  0.046422  0.172963  0.055162  0.416098  0.869879  0.771825  0.899363  0.769254  0.716958  0.871981  0.687820  0.783685  0.678322  0.736356  0.774268  0.659249  0.887845  0.579577  0.863928  0.421057  0.468194  0.353135  0.315868  0.698489  0.730111  0.484086  0.543341  0.758853  0.626461  0.718071  0.887682  0.537915  0.638976  0.759117  0.775867  0.568643  0.677590  0.476959  0.714351  0.671440  0.528342  0.748238  0.615821  0.714351  0.735899  0.557348  0.517241  0.587891  0.800114  0.774395  0.741521  0.859492  0.849049  0.513441  0.351445  0.840035  0.299702  0.232336  0.285740  0.880115  0.870456  0.445869  0.671259  0.383130  0.451823  0.442058  0.589340  0.385125  0.458741  0.299604  0.397604  0.477213  0.353236  0.385356  0.535763  0.623558  0.392743  0.746695  0.767659  0.759250  0.849528  0.629199  0.616138  0.749065  0.755240  0.734022  0.774798  0.475365  0.377187  0.475322  0.462363  0.176054  0.827376  0.182159  0.022089  0.093791  0.109910  0.177217  0.040105  0.085137  0.055298  0.059930  0.773080  0.401894  0.672172  0.118156  0.071872  0.481922  0.816991  0.764448  0.471061  0.363685  0.729311  0.840796  0.568410  0.609340  0.201294  0.044576  0.141460  0.760850  0.245375  0.245375  0.141131  0.934361  0.720707  0.671162  0.796921  0.837967  0.511011  0.906826  0.909771  0.807792  0.895674  0.596066  0.544449  0.184988  0.251034  0.113457  0.107473  0.844426  0.191106  0.497860  0.405751  0.622863  0.379948  0.189381  0.159341  0.176835  0.159987  0.163661  0.700353  0.164449  0.893238  0.800338  0.933186  0.818185  0.783729
  0.615500  0.100332  0.941693  0.057804  0.047300  0.171570  0.055740  0.415515  0.871539  0.774593  0.895636  0.769983  0.716292  0.874005  0.689238  0.786226  0.680355  0.735511  0.775405  0.657956  0.889433  0.580470  0.864030  0.422250  0.465843  0.354748  0.318246  0.699088  0.727801  0.483928  0.545985  0.760015  0.628702  0.717324  0.888444  0.539143  0.640291  0.758672  0.777240  0.572034  0.677891  0.476556  0.716684  0.671936  0.528946  0.749463  0.618442  0.714198  0.737677  0.556885  0.516758  0.589328  0.801465  0.770316  0.736855  0.860537  0.883043  0.513104  0.349741  0.839563  0.298289  0.232829  0.285030  0.888624  0.878126  0.443774  0.671054  0.379527  0.449272  0.437809  0.588667  0.383832  0.460215  0.301069  0.398289  0.476342  0.351582  0.385628  0.533447  0.626175  0.394327  0.746405  0.765726  0.758724  0.856322  0.629410  0.616806  0.748118  0.755674  0.736561  0.776508  0.477219  0.379058  0.478627  0.466191  0.178135  0.828063  0.180872  0.022668  0.093584  0.110718  0.176304  0.040238  0.085237  0.055296  0.059760  0.773532  0.401144  0.672257  0.122809  0.071298  0.486542  0.815430  0.766522  0.469389  0.362788  0.730038  0.843213  0.576474  0.616800  0.201502  0.044621  0.143269  0.762106  0.248395  0.248395  0.142410  0.933672  0.720910  0.671401  0.801026  0.838549  0.514216  0.908687  0.909417  0.808380  0.897294  0.597940  0.545427  0.185888  0.250947  0.114611  0.107552  0.840168  0.192348  0.501401  0.406967  0.628106  0.382807  0.189696  0.159125  0.178376  0.160988  0.165382  0.698679  0.163021  0.894465  0.803182  0.933999  0.819477  0.784256
  0.617100  0.101365  0.940926  0.058598  0.047098  0.168932  0.055508  0.414538  0.872324  0.770092  0.895674  0.771363  0.715487  0.874191  0.688777  0.786204  0.675583  0.735278  0.771562  0.657126  0.889790  0.581832  0.864816  0.423108  0.465212  0.358362  0.315803  0.699517  0.726330  0.486210  0.546278  0.761521  0.632909  0.719560  0.890889  0.540800  0.641693  0.759860  0.776702  0.571992  0.676749  0.475926  0.718594  0.671679  0.529279  0.748675  0.617222  0.715650  0.738188  0.553922  0.519242  0.589997  0.801085  0.766431  0.739929  0.861899  0.893451  0.513578  0.350800  0.837277  0.295777  0.232991  0.284538  0.886206  0.873333  0.441089  0.669643  0.374896  0.446475  0.434981  0.586856  0.378333  0.455870  0.298685  0.397094  0.473421  0.351203  0.385174  0.529486  0.624758  0.395751  0.745737  0.767833  0.758030  0.854829  0.629657  0.618531  0.750357  0.755848  0.735681  0.779697  0.480175  0.380360  0.474856  0.465041  0.175013  0.828780  0.180032  0.022343  0.092973  0.109080  0.176325  0.040137  0.085333  0.054991  0.060254  0.773693  0.404811  0.674381  0.118893  0.071565  0.485235  0.816247  0.763115  0.470907  0.362442  0.733433  0.843988  0.581927  0.618945  0.201470  0.044598  0.141600  0.762999  0.252308  0.252308  0.143766  0.932288  0.720918  0.672321  0.798870  0.837317  0.514974  0.908221  0.904833  0.807988  0.898064  0.600244  0.547283  0.186115  0.249514  0.116020  0.107870  0.843548  0.190540  0.505026  0.412275  0.629002  0.385235  0.189724  0.159819  0.179686  0.161612  0.166349  0.698821  0.163992  0.894619  0.800335  0.934771  0.819142  0.784699
  0.618700  0.103631  0.941693  0.058228  0.047410  0.167406  0.055556  0.415388  0.872317  0.771424  0.893417  0.769966  0.717849  0.874528  0.691230  0.785240  0.677156  0.736988  0.772293  0.657232  0.889817  0.582188  0.866368  0.424586  0.465203  0.358853  0.316392  0.699215  0.732039  0.487624  0.547515  0.758838  0.631500  0.719317  0.888904  0.540872  0.641721  0.761654  0.777583  0.573918  0.678761  0.476846  0.720310  0.673805  0.528407  0.748250  0.617925  0.715347  0.738048  0.553697  0.518697  0.590619  0.801830  0.767758  0.742124  0.862234  0.894828  0.513037  0.349283  0.838295  0.295561  0.233618  0.282262  0.885846  0.874587  0.439651  0.667998  0.374290  0.443384  0.434518  0.584020  0.375294  0.454071  0.299070  0.396837  0.475895  0.352166  0.386522  0.529912  0.623687  0.398329  0.746994  0.765200  0.759602  0.853678  0.628833  0.619911  0.748986  0.755850  0.735702  0.780401  0.480761  0.381661  0.474819  0.466134  0.177828  0.828053  0.179719  0.022120  0.096162  0.109994  0.176723  0.040331  0.086229  0.055305  0.060879  0.773008  0.406422  0.675614  0.120135  0.072207  0.485595  0.815562  0.764975  0.471162  0.363249  0.736112  0.846289  0.589343  0.620701  0.203145  0.045223  0.141123  0.761340  0.255533  0.255533  0.145338  0.934362  0.721117  0.671367  0.797340  0.838323  0.517484  0.906439  0.903613  0.808979  0.897762  0.601177  0.550261  0.181849  0.249166  0.116464  0.106746  0.841513  0.190776  0.511008  0.417585  0.631075  0.383537  0.190190  0.160814  0.181019  0.162462  0.165963  0.697583  0.163369  0.893394  0.801423  0.935538  0.817694  0.785144
  0.620300  0.105224  0.939426  0.057834  0.047868  0.165126  0.055915  0.414486  0.873201  0.772398  0.898754  0.770811  0.714653  0.873498  0.694440  0.789787  0.679945  0.740181  0.774647  0.658804  0.889061  0.583364  0.865697  0.425375  0.465364  0.362093  0.316433  0.698956  0.729767  0.486836  0.547815  0.761082  0.632065  0.720743  0.888982  0.541089  0.642277  0.761220  0.778035  0.573978  0.679009  0.477344  0.722671  0.673036  0.531299  0.749143  0.617610  0.717892  0.738941  0.558987  0.520163  0.590893  0.802108  0.770946  0.742106  0.862594  0.889971  0.513290  0.348000  0.839094  0.295854  0.232565  0.284918  0.886101  0.875632  0.437141  0.668107  0.371319  0.441944  0.433572  0.585450  0.371740  0.456071  0.301297  0.398715  0.476408  0.351983  0.388463  0.528488  0.626052  0.395806  0.747931  0.768532  0.760830  0.853889  0.628369  0.619663  0.749120  0.755980  0.741308  0.782004  0.483183  0.383462  0.474996  0.467265  0.179210  0.829168  0.179094  0.022604  0.094830  0.107731  0.176504  0.040147  0.085656  0.054720  0.061113  0.773129  0.409033  0.675792  0.118310  0.071375  0.486512  0.817031  0.765064  0.472048  0.362748  0.737155  0.847939  0.593473  0.631465  0.202551  0.044318  0.141392  0.762498  0.259380  0.259380  0.145652  0.934361  0.721616  0.671969  0.805119  0.838920  0.519802  0.907200  0.905687  0.810400  0.897844  0.602789  0.551933  0.182753  0.248737  0.117229  0.106721  0.842094  0.190725  0.518804  0.419239  0.631707  0.377199  0.189539  0.160007  0.182094  0.163658  0.167143  0.697714  0.166594  0.893911  0.801269  0.933276  0.820317  0.785941
  0.621900  0.106542  0.943270  0.058024  0.047098  0.163777  0.054917  0.414128  0.875539  0.772398  0.897899  0.771505  0.712475  0.874267  0.688927  0.784487  0.674621  0.738837  0.772110  0.656382  0.889917  0.583076  0.866476  0.426273  0.464791  0.358527  0.316815  0.699514  0.730280  0.488025  0.549203  0.760868  0.634838  0.720818  0.890966  0.542381  0.644296  0.762869  0.778336  0.576152  0.680639  0.476870  0.722581  0.672980  0.530605  0.749311  0.617316  0.718264  0.740493  0.556082  0.521131  0.590676  0.803166  0.768981  0.744363  0.862750  0.892054  0.512324  0.344703  0.841042  0.296879  0.232982  0.283979  0.883502  0.873858  0.435747  0.668277  0.368551  0.439637  0.433059  0.588874  0.369067  0.455774  0.300857  0.398800  0.476408  0.353094  0.387096  0.529683  0.625710  0.397846  0.747710  0.767339  0.760343  0.853765  0.628261  0.620842  0.748990  0.757226  0.740444  0.784268  0.484699  0.385566  0.474420  0.468312  0.175525  0.828632  0.177471  0.023557  0.086373  0.107041  0.176162  0.040293  0.085662  0.055218  0.060623  0.773698  0.411939  0.676730  0.118037  0.071683  0.479724  0.816250  0.761180  0.472330  0.360697  0.740307  0.848708  0.599918  0.633472  0.205902  0.045320  0.140494  0.761675  0.262119  0.262119  0.146450  0.933669  0.722565  0.671983  0.800335  0.838464  0.521734  0.907628  0.906461  0.810775  0.898998  0.605695  0.553511  0.180588  0.247200  0.117882  0.106818  0.841289  0.188866  0.523687  0.424581  0.632106  0.377350  0.190627  0.161235  0.181892  0.163885  0.169468  0.699559  0.165150  0.895468  0.804384  0.932507  0.819688  0.785091
  0.623500  0.108793  0.944809  0.058012  0.047587  0.162587  0.055227  0.415110  0.873983  0.770337  0.899140  0.771526  0.712688  0.872524  0.692754  0.787680  0.681019  0.735917  0.777071  0.656752  0.889444  0.585282  0.866479  0.428073  0.464265  0.351871  0.317550  0.700837  0.732046  0.487384  0.549697  0.761365  0.638179  0.721723  0.891347  0.543125  0.643720  0.764995  0.779613  0.576508  0.679438  0.478095  0.725676  0.674984  0.531634  0.751389  0.619425  0.717595  0.739726  0.559911  0.522317  0.592317  0.803635  0.771021  0.741898  0.863829  0.887908  0.512865  0.345763  0.838780  0.295297  0.232729  0.288032  0.885500  0.877463  0.433341  0.666507  0.367031  0.437433  0.430681  0.586229  0.363775  0.450897  0.302924  0.399826  0.477632  0.355382  0.389570  0.528800  0.624868  0.400343  0.749721  0.767305  0.759609  0.852545  0.629789  0.621783  0.750958  0.757137  0.741945  0.785976  0.486023  0.386307  0.473885  0.465686  0.176647  0.829705  0.176989  0.023276  0.088803  0.106656  0.177007  0.040707  0.085543  0.054876  0.061213  0.775675  0.415357  0.679316  0.117735  0.072012  0.484575  0.816184  0.766380  0.472750  0.364869  0.742004  0.847942  0.605263  0.637213  0.203051  0.044466  0.141482  0.763562  0.266890  0.266890  0.148052  0.933678  0.720425  0.673125  0.802559  0.840105  0.523918  0.908273  0.910267  0.811604  0.900236  0.607233  0.555095  0.182274  0.247524  0.118122  0.106230  0.842644  0.189267  0.532079  0.428174  0.636329  0.379653  0.191443  0.161348  0.183280  0.165072  0.170104  0.700241  0.166172  0.893755  0.803328  0.933277  0.820749  0.786824
  0.625100  0.110228  0.941734  0.058416  0.047126  0.161796  0.054951  0.414197  0.876323  0.771352  0.906366  0.772903  0.718277  0.871674  0.694608  0.785258  0.684142  0.739530  0.777690  0.656236  0.889914  0.585242  0.867259  0.428927  0.463814  0.356241  0.317196  0.699637  0.732789  0.487804  0.552531  0.760316  0.636916  0.719296  0.891500  0.543216  0.644745  0.765154  0.780379  0.578399  0.680336  0.476451  0.725735  0.673346  0.531960  0.749314  0.618571  0.720505  0.741516  0.558442  0.523077  0.592507  0.804648  0.781185  0.742415  0.864233  0.831727  0.513841  0.345936  0.839842  0.296279  0.232251  0.284394  0.886132  0.878081  0.432117  0.665954  0.366181  0.436595  0.430353  0.589556  0.363272  0.454539  0.303407  0.400255  0.480047  0.355107  0.389224  0.527745  0.625393  0.397873  0.749874  0.767987  0.760990  0.855540  0.629654  0.622138  0.749888  0.756745  0.742268  0.787463  0.488783  0.387355  0.473297  0.469594  0.179530  0.829778  0.175711  0.023231  0.090124  0.104546  0.175288  0.039307  0.085402  0.054743  0.060629  0.776632  0.414873  0.680256  0.116325  0.071788  0.484326  0.817090  0.767788  0.474209  0.363145  0.743082  0.850249  0.609655  0.638173  0.204470  0.044694  0.142831  0.762878  0.269801  0.269801  0.148479  0.932287  0.721103  0.673730  0.803673  0.840912  0.526043  0.908891  0.906963  0.813223  0.899545  0.607299  0.556783  0.180174  0.246146  0.120055  0.106216  0.840305  0.189191  0.540197  0.433615  0.636966  0.381324  0.191867  0.162262  0.184135  0.165627  0.169572  0.699540  0.167847  0.888926  0.803448  0.934046  0.821168  0.786861
  0.626700  0.111761  0.943271  0.057938  0.047699  0.159085  0.054465  0.412762  0.875544  0.770187  0.897843  0.772217  0.718444  0.874318  0.695446  0.791697  0.679203  0.737903  0.776580  0.656051  0.890108  0.587576  0.865701  0.431901  0.463919  0.355954  0.316151  0.700406  0.738784  0.494216  0.552128  0.760882  0.637802  0.721445  0.892263  0.544022  0.644445  0.766805  0.780657  0.579543  0.682324  0.476366  0.727573  0.674818  0.533617  0.749959  0.619493  0.720049  0.741702  0.555982  0.522734  0.595142  0.804620  0.769422  0.741607  0.865709  0.838677  0.513569  0.344294  0.841534  0.294118  0.232306  0.284161  0.885456  0.876611  0.431031  0.664210  0.361281  0.432071  0.427560  0.584943  0.361767  0.452446  0.303293  0.398881  0.477447  0.355392  0.387902  0.526791  0.622022  0.399053  0.750060  0.767817  0.760814  0.857312  0.630214  0.623837  0.751773  0.757949  0.744657  0.788765  0.490853  0.389551  0.469895  0.471101  0.177202  0.830344  0.173664  0.024678  0.085189  0.107144  0.175228  0.039461  0.085768  0.055525  0.060207  0.776477  0.418621  0.681352  0.118367  0.071718  0.481555  0.817650  0.762910  0.473729  0.365690  0.745236  0.851788  0.614528  0.644868  0.205065  0.044510  0.143093  0.765463  0.273084  0.273084  0.150851  0.933680  0.722998  0.674188  0.801165  0.839835  0.528070  0.907989  0.913690  0.812148  0.901168  0.609949  0.559143  0.182268  0.246152  0.120422  0.105324  0.847544  0.185484  0.543953  0.440906  0.638355  0.381404  0.191376  0.161892  0.184574  0.166187  0.171520  0.702811  0.168055  0.899516  0.808172  0.934815  0.822219  0.786979
  0.628300  0.113088  0.944040  0.057979  0.047390  0.158235  0.055058  0.413355  0.877884  0.769195  0.901474  0.773610  0.716692  0.874550  0.694031  0.786604  0.683906  0.739273  0.774631  0.656739  0.890828  0.589034  0.868820  0.432305  0.464008  0.362151  0.314579  0.700065  0.732352  0.492672  0.553599  0.760711  0.640271  0.721445  0.891423  0.545044  0.645297  0.766337  0.780942  0.580933  0.682509  0.476416  0.730350  0.675215  0.533386  0.750075  0.619988  0.721360  0.744111  0.558624  0.524737  0.593713  0.804794  0.771839  0.741126  0.866357  0.828135  0.514141  0.344794  0.840899  0.295516  0.233262  0.285964  0.886329  0.875882  0.428683  0.664258  0.361385  0.430524  0.426430  0.586110  0.358752  0.451028  0.305262  0.400503  0.479997  0.357093  0.389416  0.526812  0.621906  0.402193  0.751382  0.765897  0.760299  0.856596  0.630589  0.624091  0.751707  0.758571  0.741925  0.791208  0.492092  0.390771  0.469430  0.467180  0.177005  0.831293  0.172551  0.024152  0.088953  0.105309  0.174240  0.040083  0.086639  0.055981  0.060664  0.776418  0.423276  0.681044  0.117082  0.072271  0.483412  0.816230  0.765791  0.474088  0.362466  0.745470  0.853327  0.618338  0.646861  0.204869  0.044454  0.139717  0.763175  0.277186  0.277186  0.151720  0.935710  0.722514  0.673603  0.801689  0.841248  0.529227  0.909807  0.906772  0.812758  0.899464  0.611737  0.560091  0.182309  0.246010  0.121506  0.105466  0.843899  0.189943  0.551476  0.444338  0.635289  0.380824  0.191313  0.162417  0.185657  0.166927  0.171703  0.697875  0.169346  0.893412  0.805389  0.935584  0.821681  0.788916
  0.629900  0.115246  0.942576  0.058275  0.047164  0.156666  0.055005  0.412803  0.878071  0.771050  0.898833  0.773574  0.714137  0.874028  0.692387  0.783804  0.682675  0.737333  0.774975  0.656624  0.890827  0.589388  0.867462  0.434593  0.462563  0.365883  0.315078  0.700852  0.735968  0.492835  0.554457  0.761740  0.641667  0.722567  0.893751  0.545353  0.646947  0.767165  0.781965  0.581287  0.682052  0.475384  0.730255  0.673474  0.533813  0.749395  0.619441  0.720822  0.740786  0.562944  0.523917  0.594476  0.806711  0.774123  0.744830  0.865808  0.869860  0.513542  0.342768  0.840321  0.293892  0.232128  0.286210  0.886860  0.873215  0.427841  0.665038  0.359767  0.432942  0.424919  0.585823  0.356464  0.448793  0.306140  0.401189  0.478966  0.359363  0.391116  0.524533  0.626281  0.399455  0.750599  0.767825  0.762223  0.853150  0.631027  0.624988  0.750835  0.758392  0.744316  0.792942  0.494095  0.391508  0.469661  0.469420  0.176948  0.831201  0.171815  0.024474  0.093724  0.105485  0.176694  0.039987  0.086193  0.055442  0.059949  0.778313  0.423983  0.681205  0.116424  0.071676  0.485393  0.817468  0.760769  0.475611  0.365423  0.746595  0.853529  0.621486  0.648885  0.208802  0.044466  0.138225  0.764635  0.280471  0.280471  0.152874  0.933668  0.721609  0.674201  0.802548  0.841693  0.530576  0.908156  0.906964  0.814000  0.900974  0.613905  0.561905  0.177831  0.244704  0.121966  0.105090  0.844229  0.187222  0.556986  0.446018  0.639815  0.381770  0.190866  0.162419  0.186501  0.167642  0.174454  0.703154  0.170455  0.892849  0.805019  0.935667  0.822673  0.788265
  0.631700  0.116505  0.944115  0.058067  0.047572  0.155529  0.055299  0.411459  0.880417  0.773677  0.903877  0.774287  0.718057  0.877418  0.697851  0.787769  0.688352  0.742448  0.779719  0.656516  0.890276  0.591232  0.869030  0.435888  0.462422  0.368770  0.314353  0.700381  0.735916  0.493417  0.556158  0.761669  0.641732  0.722087  0.893368  0.546566  0.647180  0.768832  0.781900  0.582181  0.683062  0.475544  0.732624  0.674834  0.535075  0.748835  0.619974  0.722000  0.743981  0.563428  0.525283  0.595581  0.805868  0.772310  0.741181  0.866008  0.834381  0.514265  0.342850  0.840397  0.294828  0.232393  0.285687  0.885737  0.875272  0.426494  0.662924  0.357560  0.433314  0.424771  0.587380  0.356650  0.450718  0.306931  0.402986  0.481076  0.360098  0.391367  0.523958  0.625708  0.400799  0.752005  0.767799  0.760796  0.858367  0.631661  0.626666  0.752907  0.759776  0.746553  0.794025  0.495229  0.393377  0.469153  0.472614  0.178470  0.833255  0.170444  0.024755  0.091413  0.106265  0.172830  0.039538  0.085699  0.054755  0.060758  0.777636  0.426761  0.684275  0.114363  0.072214  0.486621  0.818163  0.763700  0.476694  0.364284  0.748457  0.852772  0.627205  0.654462  0.207949  0.044184  0.141606  0.766107  0.283977  0.283977  0.154026  0.933627  0.724379  0.674725  0.805117  0.842898  0.532194  0.908132  0.905682  0.813599  0.902290  0.615770  0.562925  0.180080  0.244844  0.122546  0.104754  0.847584  0.187245  0.563337  0.452041  0.639972  0.380236  0.191231  0.163277  0.186866  0.167999  0.173953  0.703436  0.168771  0.898616  0.803617  0.934904  0.822747  0.788824
  0.633700  0.118044  0.942580  0.058166  0.047462  0.153218  0.055509  0.412403  0.880418  0.774611  0.898692  0.774141  0.714000  0.874301  0.697988  0.787462  0.686724  0.740311  0.783439  0.658421  0.890385  0.593066  0.869809  0.438319  0.462453  0.369624  0.315714  0.701447  0.735804  0.491791  0.556246  0.760717  0.645157  0.721970  0.893750  0.547481  0.649245  0.768678  0.782734  0.585882  0.683223  0.475949  0.733286  0.675470  0.535503  0.748929  0.619574  0.722399  0.743989  0.560150  0.527028  0.595621  0.805430  0.776057  0.747940  0.867693  0.855910  0.514284  0.342508  0.841352  0.292500  0.233055  0.286458  0.889407  0.874119  0.424423  0.661681  0.354260  0.427219  0.421091  0.584329  0.354032  0.450649  0.306889  0.401518  0.479983  0.360668  0.391050  0.522535  0.622872  0.401310  0.752500  0.766408  0.762906  0.857222  0.629906  0.627020  0.750507  0.757367  0.748438  0.794966  0.497070  0.395490  0.468592  0.474546  0.178286  0.831967  0.168195  0.025137  0.091656  0.105083  0.173866  0.039469  0.086060  0.055352  0.060421  0.776572  0.430957  0.686464  0.115169  0.072152  0.488305  0.816355  0.766864  0.476144  0.362455  0.750610  0.855077  0.629718  0.657355  0.206617  0.044441  0.139581  0.765347  0.289275  0.289275  0.156011  0.934327  0.723689  0.675578  0.804312  0.843726  0.533896  0.909989  0.910409  0.815244  0.903527  0.617992  0.565653  0.180619  0.244088  0.124078  0.105046  0.843688  0.187539  0.571180  0.457567  0.644481  0.380721  0.192454  0.163908  0.187800  0.169063  0.176003  0.703651  0.170665  0.898635  0.808365  0.934904  0.822701  0.788504
  0.635700  0.119861  0.944842  0.057709  0.047771  0.151461  0.055139  0.411457  0.881092  0.770878  0.898831  0.775548  0.719384  0.871545  0.699877  0.792090  0.690527  0.738245  0.782256  0.656202  0.891034  0.594480  0.869695  0.440439  0.461952  0.376247  0.316760  0.700741  0.743307  0.494113  0.557037  0.762100  0.647891  0.724910  0.893175  0.547469  0.648912  0.771693  0.783572  0.586032  0.684913  0.476404  0.736212  0.674736  0.536599  0.750208  0.621220  0.725051  0.745451  0.568150  0.527000  0.597694  0.805407  0.776511  0.745550  0.867615  0.857269  0.514040  0.343601  0.841854  0.292099  0.232670  0.288343  0.890831  0.879547  0.423987  0.661506  0.353396  0.425942  0.421503  0.585383  0.352419  0.452741  0.309042  0.404943  0.482612  0.364227  0.392396  0.525897  0.625853  0.402330  0.753523  0.768664  0.761665  0.859395  0.630633  0.627623  0.751752  0.758614  0.750336  0.797721  0.499442  0.397359  0.471200  0.471200  0.177796  0.833078  0.167051  0.025793  0.092700  0.105054  0.173364  0.040231  0.086234  0.055217  0.060838  0.777830  0.431469  0.687526  0.114639  0.072011  0.490464  0.817634  0.763475  0.477159  0.364739  0.752023  0.857266  0.633644  0.662154  0.211431  0.044075  0.140859  0.767285  0.293622  0.293622  0.157905  0.933620  0.723875  0.675097  0.809545  0.842636  0.537501  0.910054  0.910010  0.814966  0.902946  0.619467  0.566670  0.177232  0.243013  0.124325  0.103987  0.847210  0.185615  0.576551  0.461064  0.638295  0.379702  0.192917  0.164242  0.188764  0.170184  0.175321  0.700805  0.172181  0.893525  0.811099  0.934855  0.822498  0.789546
  0.637700  0.121511  0.944112  0.058064  0.047110  0.150409  0.055523  0.410809  0.881971  0.774498  0.902402  0.776091  0.713349  0.874044  0.700577  0.787891  0.686841  0.741463  0.780019  0.657623  0.891853  0.596434  0.872139  0.442423  0.462928  0.375903  0.315578  0.700845  0.740753  0.495421  0.558872  0.760405  0.646986  0.723903  0.893822  0.547862  0.649709  0.772906  0.784022  0.587508  0.683701  0.474916  0.738075  0.675671  0.535948  0.750245  0.621410  0.723709  0.745853  0.562744  0.527721  0.598109  0.807675  0.774668  0.744181  0.867908  0.881410  0.513617  0.339676  0.842174  0.293557  0.232715  0.287933  0.887173  0.876730  0.422567  0.661341  0.353376  0.424700  0.420780  0.586655  0.350762  0.450284  0.310883  0.404419  0.483647  0.366329  0.395046  0.524654  0.626739  0.403970  0.753907  0.767789  0.762887  0.857452  0.633298  0.628618  0.752417  0.759280  0.751584  0.799533  0.501583  0.398821  0.467795  0.475586  0.179267  0.833310  0.165955  0.025779  0.088962  0.100920  0.171874  0.039577  0.086331  0.056403  0.060792  0.776439  0.434578  0.688642  0.116719  0.072291  0.485145  0.818305  0.768050  0.478534  0.367607  0.753445  0.856608  0.636839  0.658246  0.210022  0.044144  0.139457  0.765664  0.297733  0.297733  0.159072  0.935623  0.725067  0.675202  0.804578  0.845331  0.537882  0.911039  0.907758  0.816030  0.902752  0.621461  0.568844  0.178062  0.243078  0.125351  0.104201  0.845818  0.185853  0.582178  0.465234  0.642582  0.378932  0.193295  0.164421  0.189358  0.171795  0.176778  0.703432  0.170820  0.897566  0.810535  0.933366  0.823351  0.791960
  0.639700  0.124171  0.945610  0.057960  0.047815  0.149916  0.055325  0.411884  0.883431  0.773048  0.898992  0.775531  0.714740  0.874111  0.701699  0.792345  0.685437  0.742191  0.781879  0.658899  0.890837  0.597461  0.873591  0.444950  0.461887  0.373569  0.315688  0.702226  0.740923  0.497896  0.560224  0.761942  0.650165  0.724088  0.893630  0.549446  0.650590  0.773032  0.784995  0.589777  0.685850  0.474612  0.739610  0.675531  0.538050  0.750853  0.621142  0.724893  0.746557  0.562318  0.529684  0.598483  0.808224  0.772367  0.748271  0.868911  0.850139  0.514004  0.340563  0.842500  0.293387  0.232472  0.291171  0.888948  0.877678  0.423039  0.660443  0.352873  0.427767  0.421461  0.587530  0.349871  0.449403  0.312727  0.406038  0.486018  0.367351  0.395812  0.526528  0.626909  0.404184  0.754092  0.767800  0.762898  0.860772  0.632495  0.630642  0.752413  0.760649  0.751530  0.800315  0.503007  0.400769  0.467516  0.477096  0.178350  0.833248  0.163809  0.026192  0.092030  0.103499  0.175964  0.039968  0.086908  0.055368  0.061691  0.778494  0.436539  0.688861  0.113689  0.072193  0.488366  0.817615  0.766101  0.478202  0.364880  0.754334  0.857269  0.639853  0.663701  0.211014  0.043672  0.140567  0.766836  0.301344  0.301344  0.160299  0.936319  0.722979  0.675917  0.802702  0.845904  0.539505  0.910127  0.909374  0.817423  0.904259  0.622773  0.571675  0.177867  0.242114  0.126145  0.103640  0.847468  0.185032  0.590927  0.471880  0.646152  0.379575  0.193449  0.164945  0.191301  0.171819  0.178337  0.705320  0.173557  0.896052  0.810638  0.935623  0.825859  0.791384
  0.641700  0.125545  0.945613  0.058776  0.047298  0.147460  0.055839  0.410584  0.884221  0.769087  0.903408  0.776785  0.719202  0.877587  0.700378  0.792327  0.686219  0.745588  0.778892  0.658621  0.891127  0.598246  0.872824  0.447665  0.461470  0.376665  0.317537  0.701224  0.741185  0.496715  0.560577  0.763054  0.651981  0.727419  0.893438  0.550178  0.649430  0.773839  0.786063  0.590576  0.687738  0.476811  0.742263  0.677362  0.538146  0.750215  0.622882  0.724621  0.746650  0.562120  0.530370  0.598920  0.808841  0.775808  0.749134  0.869752  0.837653  0.514965  0.338695  0.842261  0.291523  0.233178  0.286845  0.890229  0.878162  0.423573  0.661819  0.353689  0.421505  0.419889  0.586699  0.351666  0.447537  0.313419  0.407299  0.487130  0.369870  0.396495  0.526647  0.621242  0.403701  0.755887  0.766400  0.762898  0.859659  0.632171  0.630504  0.752802  0.759674  0.751139  0.802805  0.504411  0.401909  0.466362  0.476095  0.177080  0.834004  0.162183  0.026842  0.084786  0.102120  0.172770  0.040679  0.087416  0.055688  0.060668  0.778228  0.439844  0.692092  0.113248  0.072432  0.493391  0.818772  0.768112  0.479994  0.366722  0.755430  0.859585  0.642853  0.664257  0.212438  0.044050  0.138340  0.767876  0.306858  0.306858  0.162436  0.936327  0.723681  0.675429  0.816214  0.846969  0.541179  0.911107  0.913770  0.817670  0.904065  0.624255  0.576121  0.176517  0.241185  0.128329  0.103057  0.848482  0.185366  0.592259  0.474297  0.648410  0.379430  0.193963  0.166348  0.193031  0.172940  0.179165  0.706108  0.174288  0.899611  0.813085  0.932555  0.824097  0.790775
  0.643700  0.127840  0.944066  0.057868  0.047228  0.145378  0.054531  0.410026  0.884974  0.772594  0.900084  0.776777  0.717211  0.876822  0.700755  0.789379  0.689677  0.742819  0.780790  0.660064  0.890941  0.601595  0.872796  0.449537  0.460938  0.378207  0.316314  0.701564  0.744376  0.499100  0.562650  0.762798  0.653597  0.725037  0.895115  0.551028  0.651300  0.773397  0.786404  0.592907  0.687277  0.477469  0.741763  0.676648  0.539296  0.750256  0.621671  0.726694  0.748247  0.562149  0.530589  0.599707  0.808570  0.774719  0.745341  0.868402  0.873842  0.514765  0.336945  0.841243  0.293399  0.232846  0.290254  0.888038  0.880813  0.424035  0.663074  0.352385  0.421994  0.420719  0.587070  0.356288  0.449251  0.312976  0.408395  0.490176  0.370488  0.398111  0.524242  0.625809  0.405776  0.756042  0.768340  0.764135  0.859942  0.633156  0.631845  0.754139  0.762387  0.753335  0.803057  0.507075  0.403940  0.463941  0.476223  0.175831  0.833957  0.160897  0.027172  0.084484  0.100747  0.171263  0.039465  0.087023  0.054889  0.061269  0.778882  0.440549  0.694291  0.111110  0.072477  0.491556  0.818057  0.767625  0.480256  0.363688  0.756611  0.860326  0.645961  0.667119  0.212928  0.044151  0.139641  0.767340  0.309930  0.309930  0.165068  0.937048  0.724889  0.677023  0.805061  0.846497  0.542865  0.911114  0.910526  0.818027  0.904914  0.627742  0.577165  0.176313  0.240111  0.128480  0.103662  0.846253  0.184421  0.595032  0.478329  0.645525  0.381463  0.193637  0.166300  0.193350  0.174390  0.180243  0.704617  0.172718  0.900336  0.812549  0.935615  0.825815  0.792161
  0.645700  0.128814  0.946338  0.057674  0.048860  0.144826  0.054896  0.410272  0.888009  0.770139  0.901398  0.777471  0.716207  0.876096  0.702389  0.790114  0.690178  0.739905  0.785936  0.660320  0.891482  0.603055  0.874263  0.452745  0.460804  0.377840  0.313814  0.702544  0.743292  0.501079  0.562830  0.766357  0.655067  0.726283  0.896337  0.552029  0.653535  0.776610  0.786086  0.594333  0.688526  0.474665  0.744278  0.675575  0.539536  0.750483  0.624024  0.726304  0.749296  0.562503  0.530610  0.600774  0.809178  0.773452  0.750545  0.871123  0.906430  0.514070  0.338476  0.841921  0.292423  0.233423  0.289110  0.889567  0.874304  0.424582  0.663617  0.350899  0.420879  0.419265  0.584724  0.355741  0.451908  0.317132  0.409495  0.489713  0.372538  0.401169  0.527161  0.622908  0.404590  0.755784  0.767622  0.763417  0.857434  0.633342  0.633993  0.753935  0.761501  0.751875  0.804958  0.508022  0.404503  0.463074  0.477856  0.180298  0.834496  0.159870  0.027010  0.086317  0.102160  0.169490  0.040299  0.086902  0.055669  0.060409  0.778698  0.446921  0.696813  0.111441  0.072319  0.493842  0.819970  0.766255  0.480791  0.365826  0.757065  0.862541  0.647933  0.668006  0.212839  0.043755  0.140682  0.767604  0.316088  0.316088  0.165877  0.937705  0.725570  0.676370  0.808540  0.847906  0.544399  0.911123  0.910682  0.817820  0.906152  0.629541  0.579081  0.175880  0.240142  0.129576  0.102453  0.848585  0.183753  0.598598  0.482921  0.648726  0.377013  0.194732  0.166944  0.194016  0.175106  0.182420  0.707020  0.174638  0.901249  0.815571  0.934806  0.825490  0.792983
  0.647700  0.131230  0.947105  0.058093  0.047940  0.142788  0.054702  0.410079  0.886446  0.773642  0.897285  0.778040  0.718097  0.874685  0.704177  0.788018  0.692993  0.745534  0.785041  0.661924  0.891578  0.604571  0.877376  0.455361  0.460385  0.376053  0.314017  0.701518  0.742113  0.497978  0.565562  0.764256  0.656631  0.726086  0.895570  0.551897  0.652211  0.776604  0.787168  0.596819  0.688386  0.475582  0.744280  0.675304  0.540361  0.751306  0.622385  0.727492  0.749846  0.567173  0.534067  0.600692  0.810204  0.777902  0.749632  0.870150  0.916802  0.515639  0.335822  0.842138  0.294920  0.235238  0.293641  0.891009  0.876526  0.425772  0.663864  0.350529  0.422397  0.421545  0.587441  0.356290  0.450802  0.319576  0.412086  0.494061  0.377064  0.402798  0.528742  0.626225  0.405421  0.756956  0.768876  0.763967  0.859629  0.633279  0.634221  0.753914  0.760105  0.752534  0.806226  0.509947  0.406947  0.462791  0.479527  0.177393  0.834647  0.156827  0.027602  0.087598  0.099630  0.170936  0.039308  0.086788  0.056903  0.061234  0.779367  0.448917  0.696571  0.110516  0.072374  0.495700  0.818579  0.766696  0.481084  0.366242  0.759596  0.861769  0.650794  0.671349  0.214054  0.044492  0.140895  0.768545  0.319355  0.319355  0.168601  0.937667  0.725394  0.677493  0.810709  0.848499  0.546016  0.909383  0.910794  0.817610  0.907926  0.631383  0.579847  0.177312  0.239971  0.130168  0.103022  0.847996  0.184232  0.604726  0.488872  0.647934  0.378372  0.196349  0.167920  0.195130  0.177671  0.181556  0.706466  0.174413  0.897449  0.814242  0.937110  0.826623  0.793281
  0.649700  0.131982  0.947097  0.057134  0.047483  0.142198  0.054053  0.410197  0.887988  0.770085  0.901940  0.777334  0.719872  0.872686  0.703562  0.790814  0.690547  0.744215  0.783583  0.662489  0.892398  0.607647  0.875799  0.459487  0.459179  0.376649  0.316794  0.704225  0.744715  0.501364  0.565708  0.765414  0.658610  0.726267  0.898206  0.554870  0.654610  0.778926  0.788176  0.596415  0.689975  0.475407  0.747294  0.677042  0.541372  0.751491  0.623668  0.727770  0.749849  0.563564  0.532979  0.601671  0.810984  0.774582  0.753086  0.871424  0.923059  0.513204  0.334549  0.842320  0.295527  0.234968  0.292218  0.891563  0.877102  0.426950  0.664534  0.349866  0.424921  0.422291  0.586676  0.357122  0.454340  0.318824  0.411939  0.493133  0.376812  0.400570  0.528436  0.625418  0.405934  0.757964  0.767476  0.763969  0.858623  0.634660  0.635894  0.753801  0.761371  0.754981  0.807412  0.511847  0.407832  0.460205  0.480049  0.177962  0.834742  0.156106  0.028016  0.085527  0.101002  0.168000  0.039929  0.086812  0.055436  0.061304  0.781331  0.451661  0.697542  0.110411  0.072784  0.497002  0.819873  0.766551  0.481665  0.366206  0.760255  0.863287  0.653109  0.671988  0.215786  0.043944  0.139699  0.769278  0.324641  0.324641  0.169783  0.938360  0.726098  0.677076  0.808521  0.848630  0.548488  0.909461  0.913517  0.817769  0.907195  0.634526  0.581847  0.175471  0.237866  0.131163  0.103197  0.853056  0.184068  0.606669  0.492491  0.648287  0.380772  0.196079  0.168945  0.196938  0.177614  0.182964  0.706145  0.176368  0.900954  0.818507  0.937102  0.826077  0.792457
  0.651700  0.135037  0.947871  0.058532  0.048572  0.140762  0.056094  0.410753  0.891120  0.772147  0.900852  0.778559  0.720047  0.874001  0.706039  0.792741  0.690985  0.746130  0.786542  0.664025  0.890867  0.609927  0.878151  0.461926  0.459555  0.377103  0.315598  0.703478  0.748753  0.500594  0.566900  0.763123  0.660766  0.728408  0.897174  0.555091  0.656171  0.779739  0.789013  0.597003  0.689317  0.474967  0.748886  0.677876  0.542239  0.751347  0.624734  0.729379  0.750071  0.565180  0.534490  0.603054  0.811883  0.776485  0.750190  0.870911  0.923752  0.514557  0.333390  0.844271  0.294840  0.235733  0.293394  0.889748  0.878477  0.426857  0.664520  0.351348  0.420653  0.419802  0.586609  0.359027  0.452695  0.321922  0.412061  0.497611  0.381182  0.402108  0.529537  0.632468  0.407278  0.758986  0.768028  0.765221  0.862376  0.634362  0.636720  0.753790  0.761361  0.756595  0.808687  0.512793  0.409375  0.461792  0.483367  0.177052  0.835717  0.153984  0.028398  0.090681  0.100661  0.168772  0.041162  0.086984  0.056252  0.061106  0.781321  0.453379  0.700469  0.109697  0.072968  0.500273  0.821241  0.767865  0.483822  0.367146  0.762588  0.863302  0.655779  0.675126  0.215892  0.044563  0.139893  0.769230  0.327007  0.327007  0.171237  0.935576  0.725922  0.677990  0.811787  0.850353  0.549802  0.911268  0.911647  0.821082  0.909553  0.637113  0.582766  0.174154  0.238031  0.132588  0.101838  0.852040  0.185183  0.608952  0.495496  0.651780  0.381686  0.196333  0.170620  0.198054  0.179009  0.183893  0.706395  0.176520  0.895177  0.815178  0.937108  0.828187  0.792951
  0.653700  0.135941  0.946328  0.058653  0.047347  0.139209  0.054805  0.408892  0.890329  0.771721  0.901702  0.779971  0.717702  0.870349  0.705706  0.793538  0.693308  0.748213  0.784924  0.664273  0.891321  0.612679  0.877359  0.466509  0.459590  0.380059  0.316620  0.704453  0.751985  0.505368  0.568120  0.764752  0.663374  0.728947  0.897628  0.556384  0.655210  0.779716  0.789814  0.599124  0.689826  0.474482  0.751424  0.677129  0.542578  0.751059  0.622889  0.730093  0.750421  0.565946  0.535365  0.603419  0.811874  0.774613  0.753042  0.871910  0.923010  0.514371  0.333204  0.843805  0.296711  0.237202  0.295265  0.892964  0.879277  0.427510  0.664912  0.350847  0.423290  0.421248  0.587745  0.360364  0.453400  0.321746  0.414443  0.498033  0.382798  0.405681  0.531579  0.629745  0.406471  0.759510  0.768005  0.763794  0.860761  0.635887  0.638575  0.754463  0.761346  0.758196  0.810139  0.514219  0.409781  0.460082  0.482141  0.179357  0.836081  0.152277  0.028654  0.084071  0.098258  0.169367  0.039651  0.086403  0.057141  0.061555  0.781995  0.457635  0.702237  0.110631  0.072805  0.501462  0.820542  0.769789  0.484415  0.366720  0.762566  0.864058  0.658580  0.674067  0.216852  0.044118  0.139601  0.769232  0.331448  0.331448  0.172527  0.936929  0.726597  0.678310  0.808469  0.851956  0.551765  0.911281  0.911958  0.821053  0.908313  0.638030  0.586195  0.176620  0.237191  0.132976  0.101387  0.853863  0.184671  0.609985  0.499950  0.651043  0.379029  0.195885  0.169446  0.199396  0.179262  0.186627  0.707917  0.177912  0.902537  0.817749  0.938640  0.827463  0.794335
  0.655700  0.137883  0.947101  0.058202  0.047854  0.137995  0.055956  0.409292  0.891119  0.767613  0.899068  0.779110  0.719409  0.878649  0.706061  0.788639  0.693759  0.744656  0.788237  0.666191  0.891673  0.614082  0.877371  0.468646  0.459617  0.381378  0.316651  0.704727  0.744626  0.503569  0.569624  0.765268  0.666463  0.728535  0.896597  0.556435  0.656855  0.781308  0.790107  0.601463  0.691334  0.474957  0.750826  0.676053  0.542536  0.751008  0.623775  0.730243  0.752648  0.565919  0.536673  0.603311  0.813166  0.776809  0.759105  0.872351  0.922308  0.516797  0.331767  0.845414  0.301903  0.237676  0.296114  0.892685  0.879821  0.428733  0.666562  0.351064  0.424163  0.421353  0.590610  0.362640  0.454146  0.322899  0.417437  0.497105  0.384999  0.404496  0.535780  0.628837  0.406770  0.759560  0.767319  0.765214  0.861327  0.634785  0.639284  0.752932  0.762575  0.757441  0.812026  0.515165  0.411231  0.458247  0.481887  0.178511  0.835249  0.150934  0.028883  0.083147  0.101090  0.170363  0.039963  0.088124  0.056429  0.061431  0.782549  0.459784  0.703047  0.109264  0.072814  0.499817  0.821119  0.768135  0.484811  0.367801  0.763356  0.864070  0.658779  0.675909  0.218022  0.044241  0.140181  0.770480  0.335203  0.335203  0.174949  0.936925  0.725914  0.677490  0.814866  0.850316  0.552842  0.911340  0.909252  0.821851  0.909819  0.640274  0.588923  0.176019  0.236262  0.134407  0.101495  0.855109  0.184301  0.608930  0.503805  0.650017  0.381217  0.196978  0.170665  0.201356  0.181859  0.187184  0.710256  0.178395  0.904544  0.819013  0.935569  0.828695  0.794498
  0.657700  0.140046  0.948677  0.058167  0.048071  0.137129  0.054493  0.409197  0.889659  0.771604  0.902008  0.781086  0.720370  0.877043  0.706065  0.793578  0.692806  0.747210  0.788275  0.666568  0.891482  0.615815  0.875144  0.472328  0.459685  0.382293  0.316477  0.706351  0.751162  0.506163  0.570347  0.768476  0.665842  0.732222  0.899883  0.557337  0.657247  0.782290  0.790995  0.602360  0.692142  0.474508  0.753014  0.676876  0.543451  0.751102  0.625054  0.730974  0.753105  0.568120  0.538041  0.605763  0.814498  0.777652  0.753833  0.872266  0.919528  0.515222  0.330862  0.844066  0.299307  0.239336  0.301351  0.893145  0.878680  0.430101  0.666454  0.350294  0.421108  0.421959  0.590250  0.361264  0.453894  0.325407  0.417019  0.500874  0.385504  0.403817  0.534987  0.631235  0.408059  0.761356  0.765738  0.765738  0.860197  0.636450  0.640182  0.754130  0.763090  0.762077  0.812895  0.516829  0.413041  0.457992  0.481618  0.177373  0.835556  0.150207  0.029077  0.084170  0.099587  0.169669  0.039898  0.087832  0.056660  0.061977  0.782390  0.463227  0.703306  0.107888  0.073129  0.504923  0.821679  0.768265  0.486048  0.364977  0.763550  0.864947  0.660733  0.677055  0.217386  0.044353  0.137637  0.770566  0.340140  0.340140  0.177314  0.936231  0.727109  0.677875  0.817429  0.854022  0.554978  0.910367  0.908440  0.823911  0.908895  0.642950  0.590022  0.175685  0.235748  0.134905  0.101488  0.852710  0.185489  0.610356  0.507811  0.648447  0.376087  0.197908  0.170934  0.202429  0.182846  0.187166  0.709617  0.177590  0.900591  0.817388  0.934850  0.827994  0.794669
  0.659700  0.142097  0.948631  0.058021  0.048312  0.136119  0.055786  0.408508  0.891881  0.770667  0.903711  0.778977  0.723247  0.876023  0.707936  0.794319  0.694640  0.749999  0.791498  0.669349  0.891583  0.618766  0.877351  0.474225  0.460236  0.387305  0.317845  0.706257  0.751077  0.501795  0.571090  0.765778  0.666463  0.729470  0.898274  0.557965  0.657790  0.783630  0.792393  0.604392  0.693642  0.475200  0.754363  0.677127  0.544786  0.751540  0.625393  0.732504  0.753817  0.569568  0.538829  0.606030  0.813411  0.777567  0.751715  0.872641  0.918078  0.516840  0.330818  0.842645  0.301521  0.240397  0.298881  0.895286  0.882393  0.430985  0.666171  0.349959  0.421278  0.422896  0.591038  0.365242  0.454429  0.324793  0.417019  0.501551  0.387122  0.408842  0.534306  0.631320  0.408573  0.760935  0.768381  0.766273  0.864666  0.636150  0.641857  0.756192  0.763085  0.761764  0.814998  0.518236  0.415059  0.456766  0.483841  0.179246  0.836478  0.149221  0.029477  0.087220  0.096923  0.166688  0.039876  0.088116  0.056684  0.061836  0.781696  0.467775  0.707065  0.106638  0.073216  0.507532  0.820297  0.770064  0.487382  0.366169  0.765628  0.867126  0.663000  0.680055  0.218656  0.044561  0.139953  0.770407  0.342864  0.342864  0.179020  0.938277  0.727616  0.679541  0.819132  0.853585  0.556504  0.910431  0.912081  0.821870  0.908968  0.643080  0.592466  0.174411  0.235228  0.136263  0.101038  0.853290  0.184726  0.613899  0.509007  0.654592  0.381487  0.198207  0.172265  0.203741  0.184266  0.188946  0.711171  0.177658  0.900323  0.816447  0.934022  0.828316  0.795151
  0.661700  0.144283  0.948598  0.058495  0.048068  0.135567  0.054890  0.408445  0.894919  0.771774  0.902859  0.781621  0.720621  0.878266  0.711925  0.795266  0.694049  0.750334  0.789469  0.670701  0.892499  0.621425  0.880377  0.477895  0.459103  0.389108  0.317362  0.707684  0.754399  0.505179  0.572312  0.765941  0.669327  0.731157  0.898466  0.559530  0.658356  0.784249  0.794056  0.606303  0.694280  0.473793  0.756026  0.677431  0.545285  0.750652  0.624426  0.732347  0.754751  0.568205  0.539846  0.607814  0.814408  0.779525  0.754524  0.874102  0.907577  0.515719  0.329762  0.844399  0.302458  0.242405  0.299818  0.892538  0.885291  0.429855  0.665397  0.351548  0.419744  0.423066  0.591212  0.364888  0.456506  0.325495  0.417785  0.501212  0.387974  0.409012  0.535498  0.631065  0.409056  0.761781  0.769652  0.767542  0.865160  0.636964  0.643531  0.752045  0.763074  0.762574  0.816013  0.520833  0.415709  0.456506  0.484447  0.178942  0.835950  0.147399  0.030040  0.088157  0.097954  0.164303  0.040113  0.088030  0.056671  0.061970  0.781686  0.470812  0.708489  0.107062  0.073246  0.508121  0.820288  0.766761  0.491015  0.368384  0.765464  0.867804  0.664294  0.680521  0.219734  0.044384  0.139153  0.771064  0.346718  0.346718  0.180590  0.937545  0.728862  0.679140  0.820324  0.854503  0.558192  0.912233  0.915143  0.823565  0.910012  0.646024  0.595760  0.175399  0.235220  0.137146  0.101066  0.853943  0.186109  0.612398  0.515065  0.656122  0.381029  0.199045  0.173015  0.204574  0.185150  0.189604  0.710200  0.179561  0.902589  0.820204  0.936287  0.828516  0.794528
  0.663700  0.146482  0.944026  0.058481  0.047623  0.134554  0.056023  0.408806  0.894240  0.770923  0.902008  0.782171  0.718444  0.876716  0.710240  0.793565  0.693913  0.750455  0.788257  0.670678  0.892303  0.624674  0.877373  0.480760  0.458806  0.390450  0.315731  0.707608  0.756528  0.507613  0.574463  0.766682  0.674156  0.731698  0.900075  0.559924  0.660366  0.785239  0.793825  0.607836  0.694911  0.475201  0.757684  0.679642  0.546050  0.752311  0.627006  0.733734  0.756045  0.572890  0.541290  0.607032  0.816109  0.776885  0.758068  0.875263  0.901244  0.517935  0.328358  0.843841  0.303650  0.243618  0.304502  0.892253  0.881797  0.429615  0.667838  0.351047  0.418722  0.421448  0.589374  0.364679  0.453990  0.325583  0.419830  0.504767  0.388996  0.407224  0.535924  0.632853  0.410210  0.761844  0.767526  0.766823  0.863298  0.637466  0.643711  0.753981  0.764327  0.765174  0.817890  0.521643  0.416277  0.454874  0.485760  0.177793  0.837830  0.145776  0.030535  0.087049  0.096236  0.167285  0.040223  0.088850  0.056843  0.062290  0.782259  0.472625  0.709070  0.108151  0.073450  0.509406  0.820882  0.768310  0.491408  0.371365  0.764898  0.868685  0.665837  0.679033  0.220098  0.044415  0.138668  0.771846  0.349255  0.349255  0.182845  0.936811  0.728140  0.680243  0.819558  0.854887  0.559303  0.910430  0.914371  0.823973  0.910792  0.648194  0.597166  0.177150  0.234204  0.138506  0.100886  0.858673  0.184871  0.612196  0.518989  0.656352  0.383554  0.199014  0.173194  0.204763  0.185841  0.191072  0.711345  0.181187  0.901035  0.823371  0.936338  0.827689  0.794864
  0.665700  0.148677  0.948609  0.058582  0.048155  0.133304  0.055708  0.408826  0.898066  0.769868  0.904021  0.782875  0.724710  0.879317  0.711975  0.796767  0.695855  0.749616  0.791044  0.673357  0.892755  0.626082  0.881187  0.484278  0.460328  0.392474  0.316790  0.711147  0.751873  0.509594  0.575955  0.767436  0.672231  0.733203  0.900460  0.562037  0.662097  0.785875  0.795473  0.609201  0.696364  0.475094  0.760176  0.679596  0.547024  0.753894  0.626057  0.733862  0.755533  0.569534  0.540547  0.608042  0.815755  0.781978  0.760476  0.875444  0.895728  0.516617  0.329606  0.844137  0.305576  0.245603  0.303444  0.893246  0.885992  0.429880  0.667897  0.352420  0.423440  0.422161  0.591360  0.366324  0.456794  0.326002  0.421052  0.503552  0.390776  0.412097  0.538149  0.629403  0.408597  0.764012  0.769493  0.768085  0.864230  0.639419  0.645436  0.754461  0.765506  0.766139  0.819702  0.521764  0.417414  0.454053  0.487502  0.178641  0.836832  0.144183  0.030357  0.081677  0.094037  0.171935  0.040111  0.088678  0.056886  0.062484  0.782764  0.476604  0.712002  0.106331  0.073236  0.512972  0.820731  0.769766  0.494094  0.370700  0.767057  0.867834  0.666655  0.682798  0.222032  0.044338  0.138850  0.772026  0.353849  0.353849  0.184542  0.937545  0.730081  0.679762  0.824280  0.858121  0.561475  0.911262  0.913093  0.825575  0.913736  0.649664  0.598816  0.176706  0.233710  0.138981  0.100827  0.857324  0.185089  0.610499  0.522083  0.657892  0.381856  0.199489  0.174050  0.205238  0.186698  0.193205  0.714603  0.180480  0.902096  0.821192  0.933223  0.829256  0.796521
  0.667700  0.150300  0.949331  0.057485  0.049155  0.132325  0.055135  0.408985  0.898731  0.775139  0.900079  0.783464  0.723541  0.879062  0.715624  0.801091  0.698902  0.754884  0.794952  0.673746  0.891845  0.629543  0.882614  0.488577  0.458305  0.395892  0.319472  0.709122  0.746156  0.507896  0.576473  0.769997  0.675066  0.736707  0.901107  0.562854  0.661104  0.786418  0.794930  0.609607  0.697120  0.474433  0.762038  0.679800  0.548383  0.752293  0.627434  0.733714  0.758668  0.571920  0.541953  0.608501  0.816357  0.781769  0.753430  0.873008  0.890849  0.516370  0.329651  0.843926  0.308866  0.248198  0.307676  0.896251  0.880095  0.429952  0.667012  0.350880  0.422587  0.421482  0.590298  0.363619  0.456882  0.327339  0.417997  0.502675  0.389694  0.408903  0.536478  0.629886  0.409886  0.763134  0.767358  0.768061  0.866362  0.637204  0.645748  0.753831  0.762803  0.772979  0.820121  0.523333  0.418551  0.455508  0.487659  0.179801  0.836512  0.142571  0.031041  0.085758  0.096116  0.169222  0.040962  0.088918  0.056737  0.062163  0.784887  0.478083  0.714190  0.105426  0.073568  0.517225  0.820084  0.773868  0.491881  0.367596  0.769897  0.870010  0.668324  0.684524  0.222715  0.044870  0.139397  0.772577  0.354976  0.354976  0.185720  0.936150  0.729349  0.679728  0.819336  0.856445  0.562427  0.909507  0.912797  0.824702  0.913541  0.651483  0.600549  0.177863  0.233750  0.140517  0.099941  0.857879  0.187314  0.612547  0.522802  0.659804  0.382233  0.199518  0.174452  0.206130  0.187172  0.191883  0.714622  0.181684  0.901029  0.823359  0.937009  0.829226  0.795966
  0.670200  0.154015  0.948600  0.058099  0.047750  0.131551  0.054834  0.409358  0.897263  0.776900  0.902086  0.782600  0.716635  0.879560  0.712531  0.794847  0.696760  0.752361  0.790582  0.675205  0.891227  0.630887  0.881161  0.492633  0.458541  0.388580  0.317449  0.710771  0.746689  0.510542  0.577456  0.767510  0.677801  0.734455  0.901686  0.563556  0.663318  0.787399  0.796418  0.613079  0.697617  0.474990  0.762377  0.679682  0.547861  0.751460  0.627281  0.735449  0.759102  0.571920  0.542606  0.608758  0.815931  0.781070  0.759269  0.873842  0.878751  0.515207  0.326301  0.843003  0.310454  0.249516  0.309688  0.897842  0.880944  0.428779  0.667633  0.351832  0.424576  0.422108  0.590269  0.362558  0.453113  0.326619  0.419300  0.503658  0.389003  0.408917  0.534188  0.631630  0.410470  0.763716  0.767394  0.766691  0.864046  0.638443  0.647363  0.755211  0.762803  0.770305  0.821687  0.523621  0.420031  0.447883  0.486345  0.178487  0.838167  0.141669  0.030629  0.082345  0.096068  0.165014  0.039319  0.088618  0.057171  0.062190  0.782817  0.481932  0.715068  0.106173  0.073275  0.517565  0.821464  0.767891  0.492973  0.371557  0.770087  0.870116  0.670463  0.682357  0.222020  0.044870  0.138466  0.772521  0.360515  0.360515  0.188937  0.936723  0.727985  0.679990  0.824558  0.859163  0.564588  0.907790  0.910913  0.826608  0.913276  0.654543  0.601975  0.176475  0.232089  0.141331  0.100437  0.857614  0.184280  0.607766  0.524101  0.658861  0.381109  0.200156  0.174116  0.206556  0.187707  0.193803  0.713392  0.180948  0.901507  0.820774  0.934749  0.829943  0.796275
  0.673200  0.157213  0.946257  0.058318  0.047969  0.130188  0.055562  0.408022  0.899525  0.770029  0.907267  0.782588  0.721268  0.882631  0.718043  0.798177  0.696357  0.751257  0.793904  0.677620  0.892420  0.634672  0.881849  0.498383  0.458260  0.387592  0.316809  0.709615  0.750557  0.514610  0.580424  0.769736  0.679895  0.737206  0.902140  0.564507  0.663715  0.787233  0.797763  0.615256  0.698078  0.475213  0.764397  0.682345  0.550898  0.752662  0.628129  0.736288  0.759758  0.572760  0.544237  0.609748  0.817633  0.777426  0.759525  0.874223  0.822163  0.517607  0.327451  0.843449  0.312059  0.252989  0.314610  0.896853  0.886373  0.428496  0.666511  0.352784  0.424468  0.422853  0.591424  0.363577  0.454182  0.326866  0.418686  0.503228  0.389946  0.410098  0.534497  0.628795  0.411105  0.763873  0.765800  0.767913  0.868637  0.639364  0.651164  0.754255  0.764619  0.776410  0.823164  0.524572  0.421412  0.448942  0.486993  0.179276  0.837377  0.140432  0.030519  0.082657  0.096586  0.169039  0.040857  0.089597  0.056749  0.062061  0.783273  0.488008  0.717670  0.104876  0.073836  0.521175  0.821272  0.771573  0.492976  0.370049  0.772234  0.870026  0.671209  0.685393  0.224900  0.044675  0.139585  0.773643  0.364540  0.364540  0.192083  0.936020  0.729880  0.680014  0.828019  0.860778  0.567001  0.910437  0.915686  0.825777  0.913737  0.656306  0.605437  0.178631  0.232612  0.143719  0.099833  0.863742  0.187660  0.607194  0.533893  0.659353  0.383052  0.200144  0.175688  0.208421  0.190154  0.196724  0.717588  0.184446  0.904668  0.827538  0.936246  0.829034  0.795573
  0.676200  0.161121  0.950073  0.057575  0.048154  0.128265  0.055321  0.408629  0.899441  0.768839  0.904716  0.783826  0.724147  0.880185  0.721473  0.803239  0.701538  0.755346  0.797971  0.679344  0.891944  0.638187  0.883314  0.504679  0.459022  0.390360  0.321155  0.712421  0.756254  0.512611  0.581865  0.769964  0.682414  0.736462  0.903108  0.565965  0.665450  0.791780  0.798595  0.616832  0.700005  0.473037  0.767362  0.680930  0.550372  0.752259  0.628980  0.737702  0.762085  0.572250  0.545923  0.611949  0.818541  0.781423  0.758787  0.875735  0.840791  0.516250  0.324964  0.844301  0.318181  0.255997  0.317161  0.899590  0.887435  0.429400  0.666845  0.355540  0.426509  0.425319  0.593521  0.362300  0.453730  0.326866  0.419111  0.503904  0.389181  0.408908  0.532541  0.631006  0.411295  0.764434  0.768287  0.768287  0.872038  0.638890  0.651562  0.756068  0.765751  0.777145  0.826836  0.526637  0.422408  0.450894  0.490115  0.179829  0.837883  0.139534  0.031430  0.082555  0.094870  0.165638  0.040233  0.088508  0.057503  0.062537  0.785118  0.490162  0.720185  0.100846  0.073508  0.527392  0.822467  0.773093  0.495094  0.368689  0.771292  0.873012  0.673277  0.690680  0.226667  0.044761  0.139228  0.773862  0.370210  0.370210  0.194670  0.937332  0.730904  0.680331  0.823683  0.861984  0.569851  0.912178  0.916291  0.828573  0.913864  0.660164  0.608876  0.180234  0.230403  0.144542  0.100022  0.860562  0.184772  0.605916  0.532626  0.662236  0.384215  0.201800  0.176902  0.211523  0.190802  0.198724  0.714647  0.184282  0.903732  0.823671  0.935431  0.830235  0.796259
  0.679200  0.165735  0.948527  0.057804  0.049069  0.127825  0.055037  0.408266  0.900211  0.769308  0.900624  0.782979  0.720207  0.882124  0.718754  0.795053  0.695339  0.755975  0.797879  0.681598  0.892868  0.640488  0.884082  0.509501  0.458331  0.376980  0.320219  0.713121  0.757254  0.515414  0.582852  0.772442  0.686700  0.736730  0.902914  0.567889  0.665904  0.791755  0.799411  0.619314  0.700680  0.473119  0.768177  0.681652  0.552183  0.753893  0.629428  0.739700  0.762082  0.573225  0.547448  0.612112  0.819546  0.776608  0.761127  0.875485  0.818010  0.517176  0.326356  0.844102  0.316364  0.259936  0.321118  0.896302  0.886613  0.428595  0.666619  0.356599  0.427988  0.426290  0.592420  0.359733  0.452553  0.326483  0.417462  0.502537  0.388347  0.407446  0.531462  0.627466  0.411564  0.766160  0.768132  0.768838  0.868850  0.640084  0.653359  0.755212  0.765594  0.777129  0.826957  0.528080  0.424545  0.446336  0.490259  0.179812  0.838274  0.136894  0.031857  0.082474  0.095308  0.165864  0.040600  0.089914  0.056961  0.062669  0.784282  0.493903  0.722347  0.103169  0.074025  0.526430  0.822349  0.771558  0.496033  0.370606  0.774351  0.872228  0.675133  0.689768  0.228546  0.044884  0.139126  0.774808  0.372997  0.372997  0.197090  0.937430  0.730723  0.681104  0.822446  0.864182  0.571938  0.910367  0.915097  0.829148  0.915373  0.663006  0.611856  0.180781  0.230012  0.146205  0.099145  0.858572  0.186110  0.602488  0.539280  0.664012  0.382275  0.203360  0.178393  0.212370  0.193601  0.199185  0.715530  0.185603  0.900966  0.826383  0.935425  0.831580  0.797125
  0.682200  0.169094  0.947758  0.058170  0.047964  0.125434  0.054686  0.409270  0.900216  0.771615  0.904176  0.784101  0.724193  0.880697  0.719910  0.798775  0.702052  0.756191  0.797644  0.683782  0.892678  0.646008  0.884088  0.515123  0.457504  0.393380  0.318313  0.713510  0.759525  0.515303  0.584897  0.770530  0.688842  0.740228  0.903429  0.569767  0.667502  0.792553  0.800505  0.620946  0.703034  0.472838  0.771825  0.681283  0.552198  0.752735  0.628922  0.739554  0.763098  0.574433  0.549608  0.613681  0.818901  0.786088  0.760234  0.876742  0.716818  0.518665  0.323404  0.844059  0.327700  0.263945  0.325486  0.897841  0.883296  0.426959  0.666095  0.356498  0.431825  0.427653  0.593496  0.357784  0.450509  0.327637  0.417607  0.502944  0.388830  0.408837  0.529820  0.630710  0.413717  0.766343  0.767269  0.768682  0.869559  0.640672  0.656526  0.757010  0.767404  0.778170  0.830021  0.529380  0.425952  0.447196  0.491396  0.180623  0.838714  0.135193  0.031694  0.079963  0.092845  0.164744  0.040012  0.089155  0.058184  0.063327  0.784728  0.498544  0.725416  0.102622  0.074761  0.531798  0.820761  0.772918  0.498413  0.371291  0.774361  0.873005  0.676697  0.688881  0.228905  0.045000  0.139445  0.775694  0.378186  0.378186  0.199219  0.940102  0.729834  0.680956  0.830190  0.864857  0.575037  0.908612  0.919251  0.830601  0.917602  0.664685  0.614378  0.180865  0.229894  0.147072  0.098800  0.862601  0.186845  0.606704  0.542999  0.666660  0.386215  0.202898  0.179190  0.214438  0.194985  0.200344  0.716018  0.187361  0.904302  0.830342  0.936199  0.830532  0.796371
  0.685200  0.174448  0.952289  0.058145  0.049093  0.126302  0.056284  0.408195  0.905456  0.769253  0.901701  0.783927  0.721970  0.881547  0.722132  0.799935  0.699995  0.754691  0.800096  0.686712  0.892311  0.646779  0.887724  0.519958  0.458268  0.410354  0.318573  0.715406  0.760662  0.514785  0.586122  0.771730  0.690401  0.738191  0.904078  0.569730  0.668639  0.794417  0.801602  0.623589  0.702950  0.473136  0.771694  0.682791  0.554214  0.752494  0.630832  0.742394  0.765143  0.576238  0.550506  0.615474  0.820991  0.780397  0.762200  0.877189  0.681239  0.517470  0.323583  0.845063  0.330992  0.267305  0.328951  0.897855  0.888160  0.423802  0.664268  0.352518  0.421843  0.423800  0.592552  0.351456  0.450427  0.327795  0.416569  0.502345  0.387476  0.407467  0.526815  0.628639  0.412763  0.766894  0.766929  0.769758  0.871194  0.642478  0.656400  0.757485  0.766502  0.778444  0.831100  0.530451  0.426360  0.446549  0.490096  0.179853  0.838434  0.134320  0.032399  0.085577  0.092680  0.164093  0.040080  0.089876  0.056803  0.063663  0.785923  0.500080  0.727127  0.101470  0.074073  0.538167  0.823376  0.775616  0.499516  0.371144  0.776954  0.875049  0.678417  0.689976  0.228704  0.045364  0.139923  0.775231  0.379944  0.379944  0.202761  0.936598  0.731560  0.683175  0.832372  0.864063  0.576593  0.909431  0.914575  0.831443  0.917405  0.667445  0.618110  0.181630  0.229402  0.148158  0.098707  0.864247  0.186882  0.606194  0.546869  0.662749  0.387383  0.204997  0.179708  0.217476  0.196226  0.201575  0.715938  0.186004  0.904352  0.828861  0.938385  0.829710  0.796912
  0.688200  0.177160  0.952288  0.058091  0.048866  0.123812  0.054910  0.409470  0.905453  0.772051  0.905492  0.784327  0.722973  0.882708  0.722003  0.801460  0.700906  0.760398  0.800166  0.689103  0.893141  0.650662  0.886154  0.524009  0.457586  0.419777  0.318416  0.717610  0.752222  0.520286  0.586881  0.772896  0.695820  0.741707  0.906087  0.573456  0.670271  0.798355  0.803221  0.625637  0.704720  0.473602  0.774237  0.683801  0.555296  0.754383  0.632435  0.744092  0.766314  0.576230  0.549504  0.614499  0.821615  0.781582  0.766799  0.877555  0.757084  0.517624  0.321326  0.844044  0.336070  0.270722  0.332241  0.896598  0.882048  0.420657  0.663080  0.349326  0.420577  0.421598  0.592456  0.347805  0.449846  0.327848  0.416663  0.502137  0.388664  0.406961  0.526019  0.628823  0.412707  0.767325  0.768019  0.770144  0.870732  0.642145  0.658121  0.756437  0.766162  0.782626  0.834421  0.532193  0.426628  0.447987  0.491393  0.180276  0.839133  0.132769  0.032373  0.083664  0.091088  0.164418  0.039533  0.089913  0.056764  0.062584  0.787696  0.505185  0.730965  0.100449  0.074894  0.541993  0.821732  0.774139  0.500944  0.371983  0.776948  0.874273  0.679057  0.691126  0.228571  0.045564  0.137650  0.776063  0.383519  0.383519  0.204955  0.937924  0.731891  0.682232  0.831623  0.865116  0.579098  0.909452  0.916528  0.830857  0.918589  0.671723  0.618609  0.181327  0.229224  0.151076  0.098294  0.864618  0.185530  0.604718  0.552139  0.667604  0.392643  0.204594  0.181853  0.216640  0.198226  0.204110  0.716440  0.188380  0.906303  0.832372  0.937612  0.830244  0.799147
  0.691200  0.181752  0.950778  0.057500  0.047517  0.123834  0.055237  0.410321  0.902406  0.773110  0.905729  0.785454  0.727193  0.878994  0.728979  0.802519  0.702923  0.760473  0.803006  0.691168  0.893561  0.654582  0.885470  0.527753  0.457923  0.428568  0.319638  0.718606  0.754348  0.518672  0.590296  0.773633  0.696612  0.742311  0.907452  0.574149  0.672393  0.795377  0.804713  0.627400  0.707820  0.474774  0.776965  0.684614  0.557289  0.754378  0.632791  0.745999  0.767766  0.580451  0.554471  0.616628  0.822182  0.786415  0.763528  0.879407  0.787763  0.518759  0.320368  0.843995  0.338753  0.275548  0.340117  0.902682  0.889695  0.418464  0.662230  0.347479  0.419518  0.420371  0.592325  0.341808  0.446913  0.327409  0.417215  0.501943  0.385148  0.409198  0.523992  0.628808  0.413515  0.769301  0.768419  0.771256  0.872650  0.644328  0.659550  0.758164  0.767208  0.787421  0.837309  0.532624  0.427877  0.448049  0.493585  0.181000  0.839396  0.132292  0.032645  0.078403  0.096360  0.167585  0.041345  0.090074  0.057334  0.062560  0.786687  0.507446  0.732446  0.099710  0.074479  0.548132  0.824253  0.775408  0.502051  0.371758  0.777895  0.874370  0.680596  0.695212  0.231121  0.045726  0.138725  0.778153  0.386467  0.386467  0.208270  0.936477  0.731532  0.683649  0.836477  0.869013  0.582936  0.911190  0.914320  0.833069  0.919117  0.673335  0.623207  0.182866  0.227758  0.151594  0.098513  0.868004  0.187412  0.607224  0.554390  0.670049  0.391211  0.204366  0.181956  0.218969  0.199450  0.202154  0.715004  0.187867  0.903329  0.824043  0.936114  0.830551  0.798886
  0.694200  0.185873  0.953060  0.058312  0.049118  0.121503  0.055459  0.409499  0.906236  0.767225  0.898766  0.786018  0.718562  0.881597  0.724396  0.801460  0.701787  0.761672  0.801947  0.694417  0.892579  0.657184  0.886936  0.533815  0.457935  0.441423  0.320033  0.719691  0.752940  0.523173  0.591691  0.774458  0.704692  0.743775  0.907976  0.576387  0.673751  0.797563  0.805439  0.630012  0.707776  0.474399  0.777735  0.685376  0.559191  0.754576  0.635047  0.747100  0.769803  0.575992  0.553031  0.617833  0.824823  0.781254  0.766509  0.880967  0.769910  0.518210  0.319789  0.845027  0.345221  0.279605  0.341565  0.893921  0.889870  0.415727  0.660732  0.343600  0.417327  0.417327  0.590115  0.338676  0.446042  0.326341  0.415371  0.498159  0.384760  0.403297  0.518852  0.625650  0.413684  0.769753  0.768797  0.773060  0.870421  0.643251  0.662006  0.757842  0.767595  0.789548  0.837877  0.532868  0.427902  0.445880  0.492718  0.180004  0.839782  0.131523  0.032504  0.085455  0.092555  0.161897  0.039634  0.090736  0.058022  0.063336  0.788494  0.514102  0.734180  0.101488  0.075266  0.548956  0.824718  0.776583  0.505431  0.371325  0.779262  0.875044  0.681840  0.693846  0.233137  0.045452  0.140139  0.777460  0.392712  0.392712  0.211124  0.937099  0.731856  0.684329  0.830997  0.869240  0.584478  0.910305  0.920248  0.835735  0.921362  0.676408  0.624243  0.183894  0.227435  0.154151  0.097898  0.866610  0.186811  0.606247  0.563086  0.671318  0.391466  0.204391  0.183209  0.220824  0.202393  0.207186  0.715952  0.189280  0.906838  0.835059  0.938384  0.831568  0.799748
  0.697200  0.190943  0.951452  0.057476  0.047827  0.122645  0.055158  0.409337  0.907651  0.772722  0.904258  0.786439  0.725823  0.881851  0.724366  0.797196  0.703084  0.760619  0.803185  0.695961  0.892347  0.661264  0.889891  0.540353  0.457462  0.455784  0.319349  0.719609  0.758192  0.521951  0.590813  0.776152  0.701849  0.748867  0.908957  0.578725  0.675336  0.798025  0.806530  0.631262  0.708110  0.473342  0.779617  0.685357  0.559405  0.753843  0.634995  0.748652  0.769872  0.580930  0.554476  0.619141  0.825487  0.784003  0.766306  0.879095  0.801517  0.518182  0.319916  0.844635  0.349481  0.283041  0.348455  0.896083  0.887991  0.411656  0.657935  0.344869  0.416488  0.418882  0.592281  0.333856  0.445264  0.326791  0.414095  0.500984  0.384523  0.405292  0.519051  0.631271  0.413392  0.770843  0.768073  0.770915  0.870997  0.645610  0.664106  0.758385  0.767447  0.784572  0.839705  0.532200  0.428442  0.444698  0.492604  0.181538  0.838525  0.130071  0.032910  0.085896  0.096395  0.164271  0.039949  0.090336  0.057114  0.063677  0.787663  0.516678  0.737223  0.099012  0.074885  0.549573  0.823214  0.772029  0.504093  0.372130  0.779712  0.876412  0.682682  0.694748  0.233197  0.045832  0.138913  0.777806  0.393957  0.393957  0.212692  0.937800  0.733971  0.683030  0.838960  0.870505  0.586294  0.911035  0.915692  0.834520  0.921498  0.678940  0.627524  0.182509  0.227129  0.155607  0.098316  0.870045  0.188497  0.609618  0.564135  0.670310  0.397180  0.206027  0.184091  0.223051  0.202636  0.207069  0.715162  0.189833  0.905461  0.835417  0.936753  0.828457  0.798444
  0.700200  0.193978  0.952219  0.058239  0.047487  0.120066  0.056143  0.408229  0.906852  0.767080  0.899841  0.787699  0.724426  0.885178  0.728572  0.803201  0.705322  0.764180  0.808241  0.701379  0.893427  0.665910  0.887521  0.545687  0.457682  0.464771  0.322586  0.720333  0.757195  0.522358  0.596434  0.773736  0.703162  0.746004  0.908699  0.578928  0.675860  0.799574  0.808160  0.632269  0.708062  0.471418  0.780885  0.687891  0.559876  0.756116  0.635814  0.751943  0.772719  0.580806  0.557163  0.619439  0.825309  0.776453  0.769389  0.881521  0.868787  0.521276  0.317546  0.847033  0.357380  0.287367  0.351671  0.901730  0.890349  0.410041  0.659930  0.343249  0.412597  0.415835  0.590154  0.330894  0.442740  0.325372  0.412342  0.495416  0.380558  0.403480  0.513915  0.625969  0.413416  0.773122  0.769728  0.771864  0.878968  0.646262  0.661955  0.760360  0.768730  0.796128  0.842554  0.534421  0.429805  0.447048  0.492817  0.183409  0.842103  0.128878  0.033364  0.081062  0.089057  0.163352  0.040256  0.090414  0.058217  0.062806  0.791048  0.522043  0.739700  0.098424  0.074981  0.559317  0.824524  0.778162  0.505623  0.371781  0.780455  0.875621  0.684062  0.697843  0.233663  0.046506  0.139666  0.775986  0.396752  0.396752  0.216997  0.937724  0.734130  0.686000  0.836528  0.870436  0.592288  0.916115  0.916720  0.833613  0.919520  0.682471  0.630346  0.185604  0.225391  0.155808  0.096756  0.868618  0.191132  0.613947  0.568410  0.672885  0.391724  0.205760  0.185417  0.223667  0.203831  0.209376  0.711693  0.189977  0.907258  0.837864  0.934424  0.830333  0.803694
  0.702000  0.196139  0.953742  0.056485  0.048735  0.120301  0.054687  0.408554  0.910717  0.770778  0.904883  0.786838  0.722460  0.884594  0.731961  0.805367  0.700535  0.762980  0.805936  0.700206  0.892775  0.667809  0.888233  0.550133  0.456710  0.469759  0.319778  0.722431  0.761695  0.520988  0.594549  0.774704  0.706931  0.747836  0.910605  0.581114  0.678770  0.797861  0.807967  0.632338  0.706601  0.472642  0.783551  0.687356  0.561305  0.755237  0.634631  0.752333  0.773387  0.581918  0.558133  0.619913  0.825291  0.787317  0.771191  0.880956  0.881844  0.519780  0.320347  0.846607  0.359468  0.289450  0.355526  0.901430  0.889249  0.408107  0.656651  0.344499  0.414652  0.417651  0.592053  0.327138  0.441500  0.326135  0.412510  0.496147  0.380291  0.405398  0.515081  0.628362  0.413606  0.773291  0.767895  0.772161  0.877881  0.648296  0.663018  0.758721  0.769892  0.794811  0.842703  0.534183  0.429641  0.442800  0.494525  0.183196  0.841169  0.128374  0.032904  0.079477  0.091112  0.163667  0.041194  0.090575  0.057479  0.064069  0.790837  0.523753  0.741896  0.097268  0.075429  0.560462  0.826443  0.772805  0.505071  0.378234  0.781873  0.877098  0.685624  0.694364  0.234479  0.046856  0.138581  0.777024  0.398551  0.398551  0.219192  0.936864  0.733766  0.685062  0.840787  0.873580  0.593629  0.916927  0.917771  0.835078  0.923169  0.684282  0.632411  0.184008  0.225698  0.156913  0.097153  0.871165  0.188474  0.613974  0.571939  0.671140  0.397684  0.206721  0.185761  0.224702  0.205047  0.207858  0.714364  0.190638  0.905132  0.834828  0.935936  0.831545  0.803927
  0.704000  0.199249  0.955253  0.058322  0.048135  0.119342  0.055340  0.408466  0.911408  0.772120  0.906913  0.786673  0.724046  0.883309  0.730462  0.799412  0.704311  0.763678  0.804610  0.701949  0.893768  0.669331  0.888902  0.555408  0.458391  0.473096  0.321064  0.722370  0.765170  0.524212  0.595082  0.773274  0.706634  0.744898  0.907530  0.580407  0.677227  0.800024  0.808528  0.633720  0.708143  0.470226  0.781027  0.687913  0.561163  0.753283  0.636959  0.753827  0.773955  0.582071  0.556501  0.620328  0.826410  0.788508  0.770604  0.880945  0.889537  0.518481  0.321632  0.846803  0.361306  0.291710  0.359419  0.897356  0.885986  0.405834  0.655770  0.342754  0.414074  0.416133  0.592202  0.322525  0.438824  0.325585  0.411586  0.496619  0.380183  0.404550  0.514461  0.628747  0.412576  0.773854  0.768305  0.773288  0.876240  0.649095  0.665874  0.760690  0.769072  0.791210  0.844103  0.534635  0.431035  0.443453  0.495754  0.182676  0.842026  0.128118  0.032849  0.083218  0.092788  0.164051  0.040560  0.091118  0.057727  0.062936  0.791425  0.522164  0.741950  0.097676  0.075774  0.563080  0.825653  0.777322  0.506132  0.376922  0.782441  0.877759  0.686994  0.698139  0.235390  0.046634  0.138092  0.778275  0.402149  0.402149  0.219834  0.938240  0.734130  0.684790  0.842305  0.872906  0.594571  0.916038  0.916398  0.834363  0.920912  0.683676  0.634516  0.184381  0.226189  0.158233  0.097229  0.864401  0.191284  0.618143  0.575579  0.674181  0.401062  0.207500  0.185928  0.226002  0.206027  0.210022  0.715342  0.191744  0.906156  0.836827  0.938205  0.831728  0.805394
  0.706000  0.202408  0.953670  0.057464  0.047777  0.119265  0.055632  0.408796  0.911329  0.769814  0.907379  0.787966  0.726895  0.885350  0.729412  0.801506  0.704406  0.761400  0.808082  0.704296  0.894039  0.674326  0.889592  0.561470  0.459562  0.476595  0.321285  0.722385  0.760466  0.524948  0.597056  0.775811  0.708683  0.748581  0.909497  0.583302  0.678695  0.801432  0.808959  0.635953  0.709352  0.471382  0.783519  0.686674  0.561692  0.754475  0.636118  0.752841  0.774443  0.583879  0.560342  0.621846  0.826439  0.786881  0.768802  0.883013  0.889521  0.520377  0.320067  0.846984  0.366725  0.294517  0.364753  0.901447  0.889269  0.402924  0.655084  0.342691  0.413981  0.417755  0.590537  0.318869  0.438032  0.325179  0.410636  0.492654  0.378818  0.402489  0.509522  0.626074  0.414290  0.774554  0.767970  0.772961  0.874655  0.648035  0.665421  0.760506  0.770293  0.792251  0.845595  0.536235  0.430542  0.441847  0.494700  0.182374  0.842884  0.126950  0.033142  0.077556  0.093526  0.165266  0.039841  0.091580  0.057638  0.063095  0.789168  0.525818  0.745041  0.097618  0.076107  0.566957  0.825521  0.773009  0.507780  0.373929  0.783044  0.876113  0.686473  0.696693  0.237085  0.047780  0.139182  0.780521  0.402434  0.402434  0.222886  0.937525  0.735883  0.685472  0.843142  0.872086  0.596157  0.915050  0.916958  0.836003  0.922908  0.686623  0.635500  0.185053  0.224940  0.159086  0.097391  0.875078  0.189762  0.620296  0.579313  0.676722  0.403347  0.207190  0.186982  0.226156  0.207110  0.211642  0.716963  0.192203  0.905105  0.837939  0.937383  0.830637  0.806220
  0.708000  0.204569  0.952129  0.057472  0.048289  0.118253  0.055327  0.409902  0.910565  0.771661  0.906370  0.788375  0.723447  0.891065  0.728726  0.803045  0.704278  0.763815  0.806781  0.705548  0.892859  0.678065  0.891191  0.566756  0.457245  0.476610  0.320987  0.726529  0.762468  0.526989  0.597530  0.777406  0.711586  0.748556  0.909114  0.584782  0.681008  0.802275  0.810075  0.638171  0.709229  0.471830  0.783825  0.688357  0.561490  0.753243  0.637447  0.753787  0.773843  0.585575  0.560275  0.621394  0.827728  0.789358  0.769859  0.882736  0.885831  0.519847  0.317494  0.847783  0.369851  0.297092  0.367101  0.900188  0.888817  0.401515  0.653827  0.341005  0.413150  0.415985  0.591381  0.317079  0.436567  0.323794  0.409886  0.491883  0.377411  0.401037  0.508942  0.626555  0.413774  0.774365  0.767833  0.772828  0.876633  0.649944  0.667191  0.760871  0.772072  0.795329  0.846943  0.536030  0.431802  0.444040  0.496022  0.181446  0.842153  0.127751  0.033120  0.078687  0.092301  0.161085  0.039305  0.090695  0.059297  0.063333  0.792375  0.529048  0.746443  0.098222  0.075624  0.568798  0.824579  0.775998  0.508640  0.375435  0.783869  0.877691  0.687922  0.696318  0.236314  0.046974  0.138842  0.778250  0.406116  0.406116  0.223323  0.936028  0.734301  0.684858  0.842452  0.874458  0.598456  0.915055  0.918778  0.837529  0.922522  0.688869  0.636960  0.185669  0.225508  0.159772  0.097376  0.875228  0.191517  0.622730  0.583049  0.674388  0.403674  0.209072  0.188341  0.227613  0.208628  0.213114  0.715995  0.192765  0.907693  0.838805  0.935071  0.832877  0.806669
  0.710000  0.207360  0.948946  0.057456  0.048592  0.117984  0.055513  0.408617  0.912752  0.769322  0.905740  0.788934  0.726969  0.889383  0.732019  0.802728  0.707663  0.766070  0.809082  0.707701  0.892870  0.680756  0.890981  0.573007  0.459277  0.480547  0.321289  0.724086  0.761524  0.529088  0.598893  0.776818  0.713126  0.747733  0.910879  0.585310  0.680935  0.801097  0.811104  0.638156  0.711623  0.470951  0.785526  0.689055  0.563061  0.753550  0.637549  0.755640  0.775715  0.582519  0.562207  0.623123  0.827277  0.787403  0.770603  0.881403  0.887882  0.518833  0.316809  0.846919  0.371551  0.299672  0.369066  0.901949  0.887286  0.398861  0.652649  0.339366  0.412767  0.414481  0.591173  0.311215  0.435662  0.323133  0.407626  0.490782  0.373179  0.399485  0.503341  0.622964  0.412934  0.775545  0.767674  0.773386  0.879139  0.649457  0.667651  0.761946  0.771761  0.796293  0.846549  0.536207  0.431859  0.444622  0.495292  0.181745  0.841583  0.126782  0.033221  0.082125  0.091717  0.163924  0.040145  0.091130  0.058031  0.063883  0.792092  0.531941  0.748414  0.096274  0.075753  0.575531  0.825743  0.775683  0.508575  0.374550  0.784266  0.879812  0.687212  0.699190  0.237032  0.048021  0.138993  0.777022  0.406118  0.406118  0.226420  0.936696  0.735546  0.686354  0.840530  0.874011  0.600033  0.915948  0.919500  0.838671  0.922584  0.691291  0.639620  0.186877  0.223887  0.160849  0.097106  0.874325  0.192172  0.628563  0.586786  0.676951  0.395652  0.209172  0.189392  0.228676  0.210642  0.214840  0.717716  0.193124  0.905235  0.835490  0.936518  0.833106  0.806506
  0.712000  0.209803  0.950498  0.056850  0.048875  0.117159  0.055284  0.409096  0.910385  0.769214  0.902234  0.788658  0.726502  0.886634  0.733104  0.804094  0.703843  0.767010  0.805806  0.708208  0.893227  0.683769  0.890977  0.579023  0.458271  0.480439  0.320689  0.725586  0.761067  0.528403  0.599607  0.775632  0.713117  0.751388  0.912147  0.588175  0.683332  0.803469  0.812467  0.638783  0.710153  0.471489  0.787103  0.689104  0.564130  0.752681  0.637516  0.755315  0.776477  0.584479  0.563084  0.623992  0.828749  0.788597  0.774964  0.883095  0.886383  0.520334  0.320200  0.847286  0.375645  0.301811  0.368526  0.902308  0.890897  0.396556  0.649989  0.338059  0.410122  0.413381  0.590096  0.307331  0.432025  0.322616  0.405233  0.485494  0.373587  0.398458  0.503347  0.624016  0.414660  0.776051  0.768225  0.773940  0.877041  0.650507  0.668490  0.761248  0.770362  0.798633  0.849624  0.535947  0.432464  0.442539  0.495843  0.181642  0.842297  0.127241  0.033262  0.083439  0.092402  0.166810  0.040053  0.091086  0.058204  0.063615  0.792095  0.533157  0.751878  0.096005  0.075406  0.575555  0.825045  0.777361  0.509667  0.377017  0.786588  0.878254  0.688127  0.699605  0.236810  0.047892  0.139031  0.778250  0.407808  0.407808  0.227493  0.937360  0.735358  0.686345  0.841942  0.876150  0.602093  0.914996  0.921498  0.838328  0.923866  0.692510  0.641737  0.187184  0.225100  0.161292  0.097443  0.877126  0.193378  0.635298  0.591159  0.677273  0.403022  0.208703  0.189542  0.230115  0.211900  0.215337  0.716987  0.192992  0.904066  0.839092  0.936516  0.832739  0.806774
  0.714000  0.212682  0.952802  0.057451  0.048546  0.117302  0.055540  0.409388  0.913475  0.768688  0.900049  0.789770  0.726394  0.886088  0.733728  0.802178  0.703007  0.764123  0.808616  0.709904  0.894766  0.689016  0.892476  0.585253  0.457823  0.483723  0.321237  0.725229  0.762339  0.529420  0.600488  0.776259  0.713207  0.750830  0.912008  0.587276  0.682675  0.803330  0.813588  0.640731  0.712890  0.471227  0.787255  0.689064  0.565599  0.754616  0.638787  0.756707  0.778618  0.586619  0.563667  0.624400  0.830131  0.782159  0.773882  0.884354  0.880560  0.520270  0.319199  0.847444  0.375378  0.304584  0.375206  0.902327  0.891733  0.393849  0.649132  0.337446  0.411414  0.410728  0.589382  0.304708  0.430675  0.320722  0.404979  0.485618  0.369972  0.397686  0.500389  0.621454  0.412744  0.777232  0.768584  0.773593  0.876251  0.649613  0.670737  0.760394  0.770215  0.800304  0.850581  0.537157  0.432770  0.443632  0.497902  0.182055  0.843428  0.126736  0.033422  0.078310  0.092874  0.163279  0.040538  0.092139  0.057874  0.064154  0.791962  0.536323  0.749496  0.095785  0.076124  0.579146  0.824934  0.778139  0.511793  0.373233  0.786452  0.878955  0.688418  0.702356  0.237024  0.048067  0.139744  0.780320  0.410225  0.410225  0.228747  0.938698  0.735666  0.686075  0.847110  0.875561  0.604127  0.916716  0.919414  0.837727  0.922862  0.692795  0.643947  0.186700  0.224673  0.162814  0.097184  0.876566  0.193871  0.637328  0.595755  0.678479  0.405734  0.210003  0.191419  0.232029  0.212716  0.216790  0.717315  0.192907  0.909099  0.840066  0.934923  0.832348  0.808063
  0.716000  0.214822  0.952022  0.057102  0.049057  0.116450  0.055060  0.410035  0.915046  0.767661  0.913104  0.789183  0.722833  0.883586  0.736873  0.806338  0.705364  0.765361  0.810746  0.711352  0.894134  0.691287  0.892470  0.590525  0.458300  0.482928  0.322529  0.726463  0.760690  0.528758  0.600797  0.776564  0.717535  0.752554  0.911431  0.589336  0.685291  0.803318  0.813289  0.642133  0.713359  0.471198  0.789521  0.690784  0.566113  0.754758  0.640279  0.757761  0.779329  0.590290  0.564864  0.625386  0.829511  0.787799  0.773344  0.883360  0.871965  0.520227  0.318938  0.847629  0.382023  0.306198  0.377204  0.901353  0.892374  0.391578  0.648112  0.338638  0.411198  0.413263  0.590106  0.299223  0.429870  0.320984  0.403969  0.484780  0.371266  0.398461  0.499152  0.620411  0.412878  0.777110  0.767166  0.773606  0.875232  0.651348  0.671077  0.762705  0.773251  0.800787  0.850856  0.536610  0.433678  0.444726  0.498437  0.183190  0.842978  0.125764  0.033436  0.082971  0.094198  0.169367  0.040455  0.091725  0.058057  0.064170  0.794341  0.535881  0.751773  0.095491  0.076307  0.585453  0.826681  0.776952  0.512918  0.374708  0.784886  0.877394  0.689239  0.703160  0.237803  0.048007  0.139973  0.779781  0.411530  0.411530  0.230304  0.940078  0.734250  0.685806  0.844513  0.876605  0.604986  0.914911  0.916038  0.837931  0.924873  0.695345  0.644475  0.187925  0.223853  0.163713  0.097274  0.874089  0.194210  0.643654  0.594927  0.675407  0.409140  0.210539  0.190824  0.233441  0.214528  0.216828  0.714522  0.195062  0.904166  0.836888  0.936475  0.833705  0.807055
  0.718000  0.217306  0.952706  0.057075  0.048566  0.116131  0.055554  0.409228  0.914835  0.772365  0.908259  0.790334  0.726797  0.888430  0.734303  0.804470  0.707623  0.768978  0.808957  0.711667  0.893399  0.695887  0.892209  0.596564  0.458364  0.483580  0.320402  0.726517  0.759008  0.530682  0.601098  0.778876  0.719744  0.752046  0.913023  0.591147  0.684925  0.806021  0.813850  0.642013  0.712718  0.472298  0.790161  0.689333  0.567211  0.753943  0.639920  0.757401  0.779969  0.589679  0.566414  0.626642  0.830315  0.787790  0.770669  0.882624  0.863951  0.521093  0.318526  0.847519  0.384588  0.309019  0.378470  0.900989  0.893646  0.388791  0.647062  0.337132  0.409923  0.412250  0.590166  0.295252  0.428100  0.320691  0.404408  0.482412  0.369422  0.395532  0.495148  0.620615  0.413393  0.777399  0.768994  0.774010  0.875697  0.652075  0.671020  0.760039  0.770578  0.796718  0.852471  0.536247  0.433738  0.441644  0.498674  0.183986  0.840971  0.125770  0.033276  0.082338  0.091625  0.165020  0.040687  0.092082  0.057762  0.063661  0.791655  0.539572  0.753246  0.094272  0.076488  0.588911  0.824677  0.779340  0.513596  0.379935  0.788308  0.879467  0.688304  0.702320  0.240483  0.048462  0.140786  0.779668  0.413749  0.413749  0.232283  0.937859  0.734598  0.686873  0.850351  0.875954  0.606110  0.914847  0.919387  0.838069  0.926489  0.697689  0.646751  0.185454  0.224680  0.164960  0.096944  0.875730  0.194266  0.649369  0.603073  0.679638  0.408647  0.211304  0.192701  0.235207  0.215800  0.217464  0.716025  0.194921  0.907480  0.842392  0.939461  0.834500  0.808414
  0.720000  0.219929  0.950401  0.057324  0.048808  0.115284  0.055292  0.410167  0.914114  0.769983  0.907641  0.791498  0.726928  0.889286  0.735582  0.804167  0.706189  0.767425  0.807760  0.713072  0.893316  0.699151  0.891505  0.602567  0.456560  0.477981  0.321297  0.725413  0.763420  0.532225  0.601632  0.775372  0.718140  0.751129  0.907876  0.589733  0.684804  0.805380  0.813697  0.643101  0.713426  0.471906  0.788788  0.690599  0.567635  0.754813  0.639228  0.759094  0.780226  0.591392  0.566740  0.626627  0.829530  0.787514  0.773718  0.884525  0.851897  0.520615  0.318602  0.849926  0.391210  0.310957  0.384042  0.896839  0.891940  0.386486  0.645634  0.336592  0.407704  0.411677  0.591980  0.290985  0.426379  0.319785  0.403041  0.482773  0.368065  0.394750  0.493719  0.619545  0.412698  0.776705  0.766821  0.774704  0.876427  0.652262  0.672320  0.761288  0.771131  0.803024  0.852897  0.535915  0.433738  0.442872  0.499291  0.184698  0.842837  0.126144  0.033788  0.082068  0.091824  0.170301  0.040968  0.091965  0.058179  0.063640  0.791519  0.538413  0.754148  0.095041  0.076463  0.589350  0.824563  0.774202  0.513984  0.377910  0.786902  0.874880  0.687818  0.705373  0.239659  0.048267  0.139386  0.778765  0.415353  0.415353  0.233922  0.939291  0.734572  0.686126  0.844426  0.876667  0.608002  0.915753  0.917051  0.838747  0.922135  0.696753  0.648321  0.187475  0.224468  0.165137  0.097288  0.875800  0.194006  0.652464  0.604256  0.680143  0.412814  0.211408  0.193280  0.235604  0.216891  0.218398  0.718649  0.195551  0.905152  0.840102  0.935608  0.834694  0.808063
  0.722000  0.221933  0.951887  0.056928  0.048808  0.114822  0.055692  0.410056  0.915538  0.774301  0.905914  0.790614  0.726817  0.887891  0.736240  0.804244  0.708792  0.770815  0.811044  0.713562  0.893663  0.701857  0.892890  0.606488  0.459009  0.473481  0.323625  0.726389  0.767306  0.532047  0.602462  0.775937  0.723178  0.753289  0.910714  0.591541  0.685951  0.806619  0.815055  0.645269  0.713653  0.471697  0.790508  0.691585  0.568160  0.753708  0.639938  0.759993  0.780944  0.588973  0.566328  0.627729  0.830736  0.786478  0.774338  0.884500  0.838989  0.519729  0.319774  0.847944  0.391382  0.312700  0.387323  0.905513  0.894042  0.383525  0.643356  0.333454  0.408568  0.409950  0.589850  0.289386  0.425386  0.319340  0.401832  0.478138  0.367115  0.395441  0.492596  0.618854  0.412271  0.777657  0.766637  0.773810  0.880933  0.652770  0.674239  0.762210  0.771369  0.803916  0.853927  0.535616  0.433384  0.446770  0.502321  0.183028  0.842859  0.125712  0.033496  0.080453  0.094699  0.172460  0.040234  0.091486  0.058311  0.063659  0.792505  0.543731  0.755460  0.094971  0.076709  0.597281  0.827731  0.777534  0.513872  0.377047  0.788113  0.879359  0.689150  0.705187  0.240345  0.048750  0.140276  0.780443  0.416158  0.416158  0.235892  0.938538  0.735796  0.685446  0.849521  0.876569  0.609775  0.917426  0.918889  0.841092  0.922412  0.699141  0.649517  0.188518  0.224028  0.166762  0.097015  0.879943  0.194417  0.662746  0.609701  0.683147  0.410905  0.211532  0.194209  0.236624  0.218496  0.220156  0.717242  0.196947  0.906172  0.839407  0.937070  0.832911  0.808956
  0.724000  0.224556  0.952634  0.057094  0.049255  0.114379  0.056054  0.410850  0.916254  0.771975  0.911673  0.791049  0.727570  0.883573  0.734266  0.804813  0.705687  0.770029  0.809875  0.716590  0.893396  0.705911  0.893588  0.614295  0.458020  0.461303  0.322903  0.728122  0.764782  0.529967  0.604116  0.777887  0.722467  0.757442  0.909672  0.593094  0.688188  0.805651  0.815633  0.646020  0.715379  0.471826  0.791986  0.690705  0.570007  0.755248  0.642116  0.761538  0.783326  0.591981  0.568612  0.628206  0.829540  0.788874  0.774660  0.883871  0.822402  0.521210  0.318249  0.847051  0.396560  0.315566  0.391101  0.900101  0.888670  0.381384  0.641294  0.333681  0.405746  0.409906  0.592442  0.284493  0.422845  0.319740  0.402800  0.480322  0.363109  0.393874  0.490327  0.621272  0.412239  0.778661  0.768335  0.775522  0.877238  0.653848  0.674382  0.762718  0.771885  0.803343  0.854932  0.537351  0.434741  0.443666  0.497801  0.183441  0.842595  0.125684  0.033504  0.082701  0.091183  0.164569  0.040064  0.091521  0.058134  0.063754  0.792333  0.543662  0.757869  0.094194  0.076740  0.598805  0.825475  0.776398  0.516237  0.378708  0.789506  0.880826  0.690372  0.704054  0.239056  0.049007  0.140264  0.780091  0.419762  0.419762  0.237681  0.939887  0.735994  0.686764  0.848237  0.876222  0.610177  0.914699  0.916820  0.842375  0.926574  0.701238  0.651012  0.186136  0.224492  0.167421  0.097049  0.874074  0.195362  0.668454  0.612056  0.676701  0.411161  0.211819  0.194991  0.238121  0.220047  0.220770  0.712272  0.195835  0.903363  0.836077  0.938584  0.835755  0.808413
  0.726000  0.226521  0.951819  0.056828  0.048837  0.114249  0.055705  0.411319  0.917765  0.774046  0.908602  0.792314  0.729823  0.887562  0.736136  0.805009  0.709079  0.769835  0.813126  0.717080  0.893674  0.707677  0.893497  0.617206  0.458502  0.452280  0.323635  0.729413  0.770578  0.530675  0.604945  0.778035  0.724621  0.756338  0.913646  0.594091  0.689069  0.807878  0.817031  0.647612  0.714943  0.471494  0.792146  0.691037  0.570781  0.754127  0.641895  0.760601  0.783120  0.593799  0.569970  0.628815  0.831391  0.789738  0.772017  0.883596  0.805875  0.521910  0.319371  0.846959  0.394826  0.317811  0.394306  0.903400  0.896020  0.377442  0.641198  0.333231  0.406357  0.408177  0.590829  0.279591  0.419565  0.319879  0.399768  0.475016  0.363961  0.393179  0.488114  0.619722  0.411004  0.779057  0.766710  0.774622  0.878802  0.654975  0.675546  0.763268  0.771735  0.807469  0.856539  0.537693  0.434637  0.446049  0.499098  0.183511  0.842739  0.125710  0.034177  0.084583  0.094546  0.173137  0.040205  0.091870  0.058728  0.063857  0.793609  0.545290  0.759892  0.093879  0.077106  0.601341  0.826066  0.778690  0.516487  0.382168  0.789343  0.879955  0.689320  0.707275  0.242655  0.049227  0.141220  0.780091  0.420956  0.420956  0.239130  0.939131  0.737220  0.686871  0.849040  0.878264  0.611238  0.917347  0.917746  0.841063  0.926252  0.703359  0.652331  0.188430  0.223724  0.168472  0.097595  0.880413  0.197204  0.670379  0.614952  0.683497  0.415184  0.212789  0.195481  0.239424  0.221748  0.222161  0.715036  0.196823  0.905037  0.840697  0.938540  0.835025  0.810456
  0.728000  0.228912  0.954101  0.056590  0.049438  0.113246  0.055819  0.411236  0.918418  0.768087  0.911276  0.792764  0.731478  0.881620  0.739366  0.806249  0.708964  0.772150  0.813234  0.718295  0.892129  0.710755  0.894905  0.622398  0.458502  0.430501  0.324177  0.728236  0.765575  0.533996  0.606286  0.778721  0.729806  0.755005  0.913387  0.595354  0.689523  0.807555  0.817221  0.648254  0.716220  0.471077  0.793171  0.692345  0.570442  0.753571  0.643347  0.763881  0.784776  0.594928  0.570181  0.629612  0.831989  0.789657  0.775136  0.883874  0.791489  0.521940  0.320069  0.846296  0.399592  0.319710  0.392143  0.902385  0.893346  0.375848  0.639528  0.330133  0.404963  0.407649  0.590048  0.275879  0.419326  0.316922  0.397340  0.474947  0.360612  0.390151  0.484223  0.616757  0.410244  0.779026  0.766526  0.774444  0.881021  0.653921  0.675914  0.764191  0.772676  0.810358  0.855209  0.536891  0.435582  0.449892  0.499767  0.184904  0.841602  0.125358  0.034080  0.081668  0.092192  0.169435  0.041089  0.092099  0.057735  0.064072  0.794597  0.550357  0.760615  0.092894  0.077398  0.608638  0.826416  0.777984  0.518362  0.379669  0.791372  0.880560  0.690440  0.704198  0.241410  0.049145  0.140149  0.779191  0.424062  0.424062  0.240642  0.938381  0.736292  0.688277  0.845269  0.877433  0.612963  0.916447  0.915771  0.841057  0.924246  0.705217  0.652978  0.187369  0.224089  0.169638  0.097607  0.875267  0.196490  0.678973  0.616911  0.684396  0.414828  0.213107  0.196879  0.241009  0.223093  0.221396  0.716266  0.197252  0.903064  0.836350  0.938454  0.834454  0.809157
  0.730000  0.230565  0.953318  0.057208  0.048941  0.113762  0.055466  0.412274  0.917623  0.771403  0.908453  0.793325  0.727716  0.883658  0.739461  0.804266  0.711781  0.770509  0.815683  0.720280  0.893024  0.713416  0.894111  0.627804  0.459112  0.394901  0.322950  0.728803  0.767929  0.532228  0.605030  0.778536  0.726098  0.756287  0.913989  0.596618  0.690936  0.808351  0.818763  0.649719  0.716936  0.472317  0.794582  0.693001  0.570886  0.754515  0.643626  0.761725  0.783447  0.592753  0.570544  0.631148  0.833473  0.788600  0.776613  0.884572  0.760798  0.521309  0.320075  0.847814  0.403419  0.320937  0.399164  0.905294  0.892973  0.372339  0.639079  0.329378  0.403680  0.405590  0.590791  0.271057  0.417652  0.317305  0.394995  0.472997  0.358691  0.388220  0.481150  0.617852  0.410568  0.779699  0.766381  0.775745  0.883117  0.653589  0.677134  0.763991  0.773899  0.809605  0.857578  0.538184  0.435997  0.448864  0.502745  0.183072  0.842582  0.125555  0.033799  0.085365  0.101545  0.167968  0.040268  0.092084  0.058318  0.063462  0.793008  0.548422  0.759498  0.094826  0.077227  0.609933  0.826979  0.777901  0.518928  0.379622  0.790586  0.880558  0.691025  0.705950  0.241844  0.049860  0.141344  0.782414  0.424419  0.424419  0.241626  0.939087  0.737568  0.686930  0.848613  0.876854  0.614915  0.915454  0.912236  0.840470  0.926600  0.706467  0.655240  0.187918  0.223451  0.170492  0.097412  0.877307  0.198021  0.686566  0.621455  0.683444  0.416261  0.214142  0.197351  0.243095  0.225202  0.220886  0.713698  0.196278  0.902710  0.840791  0.936888  0.834772  0.811449
  0.732000  0.233017  0.952534  0.056152  0.048675  0.112730  0.055357  0.412194  0.918414  0.769689  0.905925  0.793905  0.732619  0.886683  0.739465  0.808007  0.713566  0.772540  0.818647  0.721514  0.892761  0.715166  0.894108  0.632383  0.459497  0.320051  0.326732  0.727422  0.766044  0.534967  0.606680  0.776358  0.725503  0.755772  0.910346  0.596400  0.690697  0.808346  0.817605  0.649179  0.716850  0.471754  0.794036  0.694008  0.572330  0.755395  0.643035  0.764165  0.785906  0.596140  0.571215  0.630423  0.831568  0.787651  0.775929  0.884128  0.714962  0.523012  0.321618  0.847413  0.404716  0.323813  0.400724  0.909045  0.897498  0.370436  0.637010  0.328238  0.401071  0.405584  0.584748  0.268866  0.416389  0.315329  0.395084  0.471722  0.357511  0.388315  0.476652  0.617486  0.409975  0.779832  0.767649  0.775578  0.881002  0.655102  0.678051  0.764598  0.773802  0.811306  0.856501  0.537261  0.437227  0.451525  0.504560  0.184701  0.842414  0.125389  0.033901  0.085889  0.094366  0.170859  0.040778  0.091830  0.057734  0.063783  0.790795  0.558026  0.758935  0.092688  0.077049  0.614095  0.825489  0.784252  0.519507  0.380506  0.792146  0.878208  0.690679  0.712577  0.242615  0.049545  0.141121  0.781616  0.428511  0.428511  0.244094  0.938336  0.736652  0.687921  0.846484  0.878302  0.614530  0.917290  0.918599  0.841024  0.926396  0.706661  0.656542  0.186927  0.223824  0.171089  0.097337  0.880299  0.199217  0.694678  0.628800  0.684698  0.419770  0.215245  0.199047  0.244903  0.226866  0.222428  0.717846  0.197932  0.906630  0.841202  0.936887  0.834916  0.810175
  0.734000  0.234609  0.951719  0.056763  0.048756  0.112739  0.055873  0.412361  0.918344  0.772436  0.907112  0.792865  0.728438  0.887582  0.741514  0.806980  0.710180  0.770793  0.813066  0.723982  0.893022  0.719791  0.893226  0.636153  0.459741  0.233253  0.322157  0.728265  0.768352  0.533414  0.606589  0.777572  0.727828  0.754882  0.910746  0.597709  0.690041  0.808185  0.819817  0.651543  0.717902  0.471031  0.795967  0.693842  0.573339  0.754093  0.644379  0.764698  0.785361  0.594228  0.572188  0.630226  0.832130  0.788423  0.779286  0.884198  0.632176  0.521996  0.318785  0.848094  0.405507  0.324369  0.404464  0.904767  0.894898  0.368211  0.634087  0.326450  0.397861  0.402466  0.586318  0.265336  0.413940  0.315295  0.391779  0.468108  0.355981  0.385523  0.474149  0.612388  0.409492  0.780080  0.767300  0.775242  0.878449  0.655154  0.678889  0.764932  0.775570  0.810763  0.858362  0.538507  0.437510  0.449716  0.504243  0.182180  0.843352  0.125324  0.033817  0.080067  0.091422  0.169606  0.040904  0.092501  0.057624  0.063578  0.794009  0.554059  0.763753  0.093791  0.077273  0.618561  0.825922  0.780415  0.520513  0.381005  0.791206  0.878901  0.691034  0.708617  0.244929  0.050517  0.142178  0.781492  0.428944  0.428944  0.245724  0.939645  0.737699  0.689327  0.848810  0.877987  0.615808  0.916305  0.919468  0.840697  0.925930  0.708629  0.660131  0.188101  0.224633  0.171614  0.097796  0.880408  0.201342  0.698995  0.630425  0.684520  0.419337  0.214961  0.200949  0.246901  0.229356  0.224682  0.714444  0.199093  0.906714  0.842145  0.937625  0.834762  0.810250
  0.736000  0.236818  0.951719  0.056128  0.048521  0.111526  0.056320  0.412835  0.917552  0.770263  0.904506  0.792734  0.730441  0.890221  0.741168  0.807182  0.711215  0.776816  0.816011  0.725975  0.891838  0.721061  0.894815  0.640192  0.459245  0.223539  0.326025  0.729123  0.773652  0.536493  0.606555  0.776496  0.733930  0.755519  0.911285  0.598454  0.692239  0.808188  0.820384  0.651961  0.718836  0.472289  0.796883  0.694023  0.573776  0.754696  0.645522  0.767142  0.787549  0.595879  0.573155  0.631975  0.833680  0.785382  0.776026  0.884743  0.442360  0.522444  0.319094  0.850227  0.410373  0.326609  0.406550  0.909420  0.901169  0.364456  0.633206  0.324744  0.397687  0.400989  0.585068  0.260600  0.412503  0.315742  0.389259  0.465258  0.354330  0.383959  0.470847  0.611953  0.408606  0.780792  0.766431  0.776546  0.884665  0.654969  0.679605  0.766198  0.773294  0.813618  0.858179  0.538284  0.437778  0.452359  0.505252  0.185994  0.842623  0.125537  0.033654  0.077452  0.102203  0.173516  0.040206  0.091699  0.058258  0.064007  0.796004  0.558606  0.764552  0.091998  0.077210  0.622674  0.825100  0.781684  0.521964  0.380570  0.791992  0.878902  0.691470  0.712040  0.243676  0.050542  0.143010  0.781034  0.431909  0.431909  0.247516  0.937462  0.738256  0.688407  0.849880  0.881195  0.617740  0.917216  0.918162  0.842211  0.926481  0.710069  0.660978  0.188387  0.223783  0.172335  0.098258  0.878246  0.202497  0.709152  0.634684  0.687945  0.420213  0.216485  0.201648  0.250980  0.231500  0.224756  0.716909  0.199370  0.904590  0.843121  0.936060  0.835784  0.810433
  0.738000  0.238538  0.953215  0.056246  0.048707  0.111414  0.056253  0.412733  0.920578  0.772406  0.910043  0.793898  0.728871  0.887733  0.738166  0.806279  0.708881  0.769837  0.814423  0.726483  0.892926  0.725022  0.897007  0.646142  0.459474  0.199435  0.324555  0.729444  0.766316  0.537851  0.606968  0.776313  0.730405  0.756726  0.912548  0.598368  0.692980  0.808634  0.819646  0.651773  0.718740  0.471593  0.797720  0.693952  0.574354  0.754346  0.646095  0.766700  0.788844  0.596661  0.573918  0.632617  0.833635  0.789371  0.779218  0.885003  0.484728  0.522799  0.320195  0.847270  0.410650  0.327087  0.407605  0.906803  0.898577  0.360119  0.630424  0.322009  0.396295  0.401863  0.586641  0.255085  0.410765  0.314722  0.387508  0.463880  0.352881  0.384202  0.467898  0.610668  0.408899  0.781339  0.769141  0.777817  0.880479  0.655084  0.680786  0.764724  0.773952  0.811873  0.858961  0.539221  0.439651  0.451155  0.502158  0.186437  0.842752  0.126251  0.034643  0.081251  0.102688  0.166522  0.039820  0.092457  0.058473  0.064190  0.795247  0.559904  0.767320  0.092729  0.077522  0.623494  0.826480  0.780367  0.522382  0.381853  0.792430  0.878705  0.691611  0.705591  0.244539  0.050857  0.140189  0.781015  0.433684  0.433684  0.248469  0.937462  0.738774  0.687801  0.850012  0.879787  0.616630  0.916237  0.918095  0.842453  0.926888  0.711430  0.662256  0.188165  0.223641  0.172934  0.097968  0.879743  0.200504  0.709539  0.636927  0.684779  0.420649  0.217783  0.203908  0.253780  0.235848  0.226641  0.714830  0.199315  0.907708  0.845386  0.937529  0.834493  0.812186
  0.740000  0.240515  0.953185  0.056352  0.048837  0.111094  0.055436  0.414075  0.919717  0.771114  0.911094  0.792280  0.730340  0.887992  0.743301  0.805707  0.711272  0.773596  0.816026  0.727535  0.891483  0.726250  0.896925  0.648464  0.459679  0.207644  0.326266  0.728671  0.773383  0.539005  0.607916  0.777867  0.731910  0.756683  0.911826  0.599551  0.694181  0.809283  0.820425  0.653534  0.720111  0.471911  0.797713  0.694761  0.575962  0.754480  0.644750  0.766571  0.788004  0.597622  0.575179  0.633031  0.834721  0.795287  0.776840  0.884018  0.444254  0.522253  0.319992  0.848642  0.416363  0.329504  0.414967  0.906499  0.894117  0.357008  0.629903  0.320599  0.396989  0.398647  0.587009  0.253303  0.409557  0.315060  0.386866  0.461749  0.352569  0.382677  0.467503  0.609840  0.409120  0.780384  0.767360  0.776774  0.883385  0.657340  0.682119  0.764575  0.772388  0.815613  0.859253  0.539345  0.437444  0.451740  0.505231  0.183127  0.842683  0.125574  0.034367  0.081920  0.096577  0.167121  0.040462  0.092566  0.057887  0.063128  0.795118  0.563167  0.767539  0.091690  0.077705  0.631530  0.826371  0.783667  0.523945  0.381979  0.791495  0.878620  0.690562  0.711932  0.243542  0.051345  0.141614  0.781409  0.433953  0.433953  0.250608  0.938811  0.739121  0.688869  0.848500  0.878502  0.617829  0.916222  0.919195  0.841941  0.926158  0.711776  0.662628  0.188410  0.223776  0.173764  0.098997  0.882392  0.202691  0.722168  0.644933  0.686837  0.418825  0.218202  0.206229  0.258358  0.239963  0.226101  0.716859  0.201219  0.905593  0.844789  0.936702  0.834651  0.811660
  0.742000  0.241396  0.952368  0.056031  0.049821  0.111056  0.055950  0.413789  0.922039  0.771341  0.904745  0.794885  0.731954  0.885817  0.741763  0.805234  0.709286  0.775312  0.814384  0.729015  0.892118  0.729482  0.894450  0.652597  0.459653  0.211323  0.323511  0.731900  0.771341  0.541075  0.607889  0.778454  0.732952  0.757237  0.912368  0.601792  0.694025  0.809123  0.820982  0.653990  0.720530  0.472736  0.796671  0.693976  0.574516  0.754164  0.646338  0.767539  0.789251  0.598925  0.576515  0.634071  0.833014  0.789801  0.775319  0.885010  0.512727  0.523581  0.320956  0.847537  0.415538  0.330088  0.413710  0.904563  0.893847  0.355087  0.628379  0.321692  0.389937  0.395510  0.583844  0.249221  0.404788  0.312485  0.387586  0.456583  0.347965  0.379139  0.463692  0.609114  0.407505  0.781083  0.768835  0.775351  0.885604  0.656029  0.683787  0.765664  0.773489  0.812653  0.859949  0.540701  0.437594  0.453422  0.508320  0.183792  0.841723  0.126425  0.034202  0.082916  0.102163  0.171109  0.040360  0.091761  0.057413  0.063261  0.796251  0.564875  0.770385  0.092316  0.077703  0.629246  0.826127  0.781412  0.524150  0.381578  0.792910  0.878530  0.692256  0.707225  0.245535  0.051441  0.142561  0.781214  0.438570  0.438570  0.251078  0.938731  0.739874  0.689267  0.845967  0.879857  0.619556  0.916152  0.920275  0.842455  0.927587  0.716645  0.665505  0.185935  0.224200  0.175375  0.098365  0.883413  0.203245  0.725277  0.646613  0.687524  0.422036  0.219511  0.207467  0.263129  0.243619  0.229909  0.720738  0.200900  0.907454  0.843346  0.938229  0.834836  0.811385
  0.744000  0.242724  0.953877  0.056692  0.049212  0.111091  0.055708  0.415269  0.921107  0.771714  0.908002  0.795474  0.730467  0.884975  0.745663  0.804960  0.714198  0.777624  0.818339  0.729332  0.891751  0.729298  0.897465  0.656869  0.460910  0.192666  0.326786  0.729650  0.770317  0.541625  0.609760  0.779054  0.734038  0.757028  0.914905  0.602850  0.695427  0.811214  0.820789  0.653672  0.719946  0.472407  0.798987  0.694925  0.577753  0.753328  0.645966  0.769098  0.789819  0.600242  0.576804  0.634576  0.835166  0.791795  0.780139  0.885548  0.400512  0.522723  0.322327  0.848783  0.419864  0.331532  0.416197  0.905633  0.896548  0.352377  0.626005  0.316624  0.389393  0.393759  0.584934  0.244691  0.399792  0.311599  0.383456  0.456831  0.346263  0.380750  0.459850  0.614647  0.406025  0.781623  0.767763  0.775739  0.884160  0.656963  0.682467  0.765383  0.774642  0.812889  0.860739  0.539351  0.439422  0.450005  0.507402  0.185233  0.842040  0.125857  0.034602  0.081781  0.095739  0.174790  0.040981  0.092077  0.058475  0.063750  0.796720  0.567038  0.771772  0.088048  0.077933  0.632603  0.828057  0.784066  0.525913  0.382845  0.794958  0.879138  0.691456  0.707839  0.246776  0.051897  0.141438  0.781931  0.439953  0.439953  0.253431  0.937936  0.738758  0.688218  0.849600  0.878887  0.619812  0.916994  0.915438  0.843938  0.927529  0.716049  0.667691  0.189115  0.225366  0.175824  0.098617  0.882570  0.205302  0.732945  0.650250  0.683063  0.423521  0.220879  0.209945  0.268893  0.248563  0.228738  0.718070  0.200680  0.906619  0.844090  0.938142  0.834875  0.811573
  0.746000  0.245444  0.950728  0.055903  0.049252  0.110171  0.056154  0.414808  0.922700  0.772946  0.908476  0.796779  0.731788  0.886454  0.743376  0.808846  0.714655  0.775325  0.816957  0.731333  0.890285  0.732737  0.895068  0.660326  0.460213  0.186838  0.325476  0.731451  0.770939  0.540379  0.610520  0.777726  0.737861  0.759023  0.910314  0.603601  0.694746  0.811206  0.821821  0.654537  0.719868  0.471552  0.795824  0.695222  0.578481  0.754281  0.646068  0.767487  0.788487  0.597447  0.577384  0.635671  0.836102  0.790837  0.777536  0.885086  0.303645  0.523154  0.321999  0.847762  0.417148  0.333776  0.419243  0.907093  0.894677  0.348525  0.623508  0.314600  0.387739  0.392713  0.581988  0.239009  0.400795  0.311732  0.382066  0.453768  0.345937  0.377092  0.456594  0.610451  0.407829  0.782527  0.768338  0.778497  0.883918  0.659410  0.683634  0.765204  0.776609  0.819606  0.860001  0.540427  0.439876  0.453602  0.509636  0.186424  0.842213  0.126310  0.033973  0.086493  0.095081  0.181608  0.041336  0.091970  0.057220  0.063575  0.796566  0.566303  0.770803  0.090932  0.078133  0.641653  0.829353  0.779960  0.525439  0.382939  0.794950  0.878346  0.692432  0.707868  0.247597  0.052809  0.142538  0.780732  0.441186  0.441186  0.254589  0.937932  0.740040  0.687942  0.849500  0.880733  0.622036  0.916081  0.916952  0.843255  0.928143  0.719509  0.668858  0.188327  0.224943  0.177349  0.098586  0.882441  0.205957  0.741969  0.653062  0.687838  0.425119  0.220852  0.212203  0.273825  0.253043  0.229699  0.718392  0.200565  0.903308  0.846325  0.938140  0.834227  0.811376
  0.748000  0.245595  0.953844  0.055763  0.049089  0.110475  0.055977  0.415316  0.921834  0.768810  0.907052  0.794762  0.728657  0.884085  0.745877  0.808963  0.711354  0.772536  0.815587  0.732005  0.890829  0.733682  0.898970  0.663222  0.460109  0.193500  0.324309  0.730997  0.770208  0.539738  0.611167  0.775526  0.735125  0.758136  0.912248  0.603646  0.696744  0.811046  0.822555  0.654841  0.720898  0.472587  0.797988  0.695578  0.577384  0.753207  0.647584  0.770459  0.791473  0.599720  0.576508  0.636068  0.835841  0.794501  0.779182  0.883434  0.345987  0.521093  0.320500  0.849472  0.420844  0.334439  0.420844  0.909140  0.895893  0.344775  0.620783  0.310982  0.385978  0.391570  0.583294  0.235106  0.397413  0.308811  0.381172  0.452195  0.342111  0.374967  0.453177  0.605138  0.406410  0.782616  0.766841  0.777727  0.884303  0.659159  0.683844  0.766490  0.777901  0.817988  0.861521  0.537794  0.439793  0.455200  0.507855  0.185552  0.842257  0.127027  0.034098  0.083723  0.098379  0.176255  0.040196  0.092127  0.057494  0.063250  0.797870  0.568220  0.774136  0.090852  0.078202  0.644625  0.827825  0.778331  0.528304  0.381434  0.795581  0.878255  0.692174  0.710360  0.245696  0.052123  0.143483  0.781998  0.441034  0.441034  0.255560  0.937845  0.739988  0.689403  0.849900  0.880655  0.622214  0.916076  0.915375  0.843985  0.927470  0.717033  0.670884  0.185801  0.224891  0.176544  0.099488  0.879271  0.205836  0.746539  0.654547  0.690159  0.427567  0.221971  0.213159  0.278643  0.257254  0.231977  0.717929  0.202211  0.902538  0.846377  0.939671  0.835001  0.812678
  0.750500  0.246892  0.951483  0.055772  0.048666  0.109270  0.056209  0.415834  0.922636  0.775066  0.913027  0.796474  0.730853  0.882846  0.744629  0.810519  0.714505  0.775914  0.815415  0.735290  0.889540  0.735977  0.898176  0.667754  0.460539  0.203150  0.324059  0.733427  0.771214  0.538709  0.611821  0.779338  0.738098  0.760481  0.913542  0.605388  0.698355  0.810249  0.823301  0.655372  0.720426  0.472427  0.797263  0.696142  0.577861  0.754044  0.648151  0.770102  0.790381  0.600164  0.577409  0.637536  0.835782  0.794500  0.780127  0.883514  0.434777  0.523763  0.320906  0.847976  0.420185  0.335088  0.421761  0.908525  0.898567  0.340118  0.618803  0.307575  0.382718  0.387971  0.578925  0.230287  0.393850  0.308543  0.377991  0.448206  0.338687  0.374927  0.448197  0.603140  0.406006  0.783045  0.767265  0.778166  0.885289  0.659936  0.684193  0.765570  0.775563  0.815664  0.861873  0.536897  0.441030  0.455176  0.509283  0.185391  0.840324  0.126431  0.034453  0.081787  0.098376  0.174114  0.040926  0.092894  0.056958  0.063449  0.794123  0.566317  0.775026  0.090481  0.077766  0.646789  0.828388  0.783632  0.528547  0.384294  0.794801  0.878260  0.692186  0.708862  0.246578  0.052483  0.141845  0.780972  0.443910  0.443910  0.257017  0.939210  0.738923  0.688489  0.850087  0.880277  0.622387  0.916001  0.917356  0.842740  0.930553  0.721619  0.672405  0.186221  0.224606  0.177809  0.099073  0.880438  0.206718  0.753591  0.657889  0.691850  0.425021  0.222192  0.216880  0.286211  0.263560  0.231009  0.715994  0.200672  0.902910  0.843521  0.936524  0.834983  0.809225
  0.753500  0.248680  0.954605  0.055965  0.049274  0.109688  0.056552  0.416191  0.921778  0.777119  0.910179  0.795735  0.730852  0.885418  0.745642  0.804221  0.713653  0.776552  0.819261  0.737649  0.888817  0.738880  0.898899  0.672694  0.460767  0.250424  0.323045  0.731887  0.777119  0.541174  0.613334  0.779239  0.741058  0.758429  0.914150  0.606408  0.698908  0.813327  0.824065  0.657334  0.721535  0.473012  0.800387  0.697330  0.579563  0.753685  0.649432  0.770233  0.791746  0.602544  0.580669  0.638118  0.837172  0.789495  0.782679  0.884430  0.401858  0.523709  0.321549  0.848463  0.422966  0.336082  0.426476  0.908832  0.899692  0.335260  0.614595  0.303822  0.377939  0.383644  0.576851  0.222347  0.390680  0.306285  0.375570  0.444856  0.336687  0.373112  0.443592  0.602895  0.404574  0.784047  0.768965  0.779160  0.881412  0.659615  0.685267  0.768130  0.775992  0.819261  0.861493  0.538031  0.440861  0.458565  0.511244  0.185281  0.840018  0.127241  0.034300  0.085936  0.100762  0.176506  0.040694  0.092384  0.057658  0.063421  0.795291  0.570853  0.777666  0.090119  0.077922  0.651750  0.828171  0.783532  0.531522  0.382240  0.796240  0.878180  0.692506  0.712988  0.246315  0.053346  0.143605  0.779979  0.449274  0.449274  0.260072  0.937688  0.741291  0.690603  0.851987  0.883183  0.624071  0.915943  0.915178  0.843088  0.928527  0.723510  0.675861  0.186029  0.225494  0.178827  0.099674  0.883810  0.208795  0.761762  0.661016  0.692465  0.429443  0.224500  0.219056  0.296239  0.271412  0.231757  0.717318  0.201757  0.904722  0.841986  0.937272  0.834172  0.809529
  0.756500  0.250522  0.952957  0.055191  0.048599  0.108933  0.056120  0.417068  0.924026  0.777599  0.909956  0.798379  0.731443  0.887052  0.743641  0.804882  0.710448  0.775092  0.817662  0.738175  0.887537  0.741445  0.899507  0.677430  0.462134  0.295784  0.325575  0.732876  0.777335  0.542799  0.613834  0.782841  0.740115  0.758830  0.915165  0.606905  0.700125  0.814582  0.825402  0.657594  0.723225  0.473188  0.799443  0.696551  0.580866  0.752599  0.649983  0.772478  0.793461  0.606168  0.581396  0.638959  0.836126  0.794320  0.784880  0.883060  0.448667  0.522607  0.322836  0.849443  0.427169  0.337091  0.430513  0.907698  0.896080  0.330160  0.611618  0.301258  0.375071  0.381319  0.576033  0.221228  0.386816  0.304740  0.375599  0.442101  0.333445  0.371375  0.439314  0.600272  0.404549  0.785629  0.768058  0.778261  0.885292  0.661308  0.687109  0.767975  0.776558  0.820981  0.861676  0.539783  0.441403  0.455774  0.511788  0.185583  0.839561  0.127227  0.034526  0.088268  0.102539  0.180847  0.040490  0.092508  0.056990  0.063166  0.795871  0.576861  0.778377  0.089985  0.078273  0.657007  0.829488  0.784552  0.530767  0.387215  0.796679  0.878764  0.690869  0.710116  0.249317  0.053752  0.143903  0.779887  0.452492  0.452492  0.260698  0.938361  0.741819  0.688905  0.850818  0.881679  0.624507  0.915874  0.919338  0.844889  0.931323  0.725726  0.676157  0.186662  0.226422  0.180059  0.099362  0.886244  0.209399  0.766793  0.667828  0.690034  0.431226  0.225618  0.221872  0.303730  0.278728  0.236726  0.719809  0.203390  0.905616  0.849115  0.938750  0.833849  0.809807
  0.759500  0.251912  0.951343  0.055316  0.049336  0.108535  0.056075  0.419010  0.924757  0.770690  0.907469  0.798807  0.731521  0.888758  0.743577  0.806598  0.716389  0.775254  0.818488  0.740906  0.887532  0.743246  0.898616  0.682276  0.461121  0.324044  0.325125  0.733017  0.773238  0.544326  0.614068  0.778570  0.741331  0.761234  0.914379  0.609005  0.701350  0.815221  0.826522  0.659208  0.722790  0.474072  0.797681  0.698186  0.580561  0.752581  0.651523  0.771357  0.792434  0.604394  0.581365  0.640189  0.838566  0.793619  0.783643  0.884144  0.562987  0.524241  0.323628  0.847132  0.427292  0.337708  0.429313  0.907948  0.895477  0.324957  0.608793  0.296499  0.369313  0.376868  0.572036  0.213360  0.383074  0.302934  0.370718  0.436517  0.328200  0.362900  0.432300  0.597454  0.403366  0.785322  0.766435  0.778834  0.886331  0.663156  0.687559  0.768335  0.776215  0.819651  0.862814  0.538797  0.443119  0.458235  0.512859  0.184782  0.840385  0.128167  0.034648  0.086355  0.102535  0.174290  0.040469  0.092394  0.056990  0.062970  0.796274  0.576583  0.780352  0.088603  0.078378  0.664093  0.829229  0.783651  0.533171  0.384774  0.797304  0.877088  0.689961  0.711900  0.247150  0.053945  0.145296  0.780514  0.454972  0.454972  0.262946  0.937554  0.741636  0.689777  0.849402  0.881039  0.625234  0.916710  0.918597  0.844223  0.930534  0.728417  0.677293  0.187193  0.226255  0.180980  0.099724  0.883920  0.210389  0.777416  0.671744  0.689951  0.434997  0.226352  0.224395  0.312185  0.286205  0.238602  0.716663  0.202473  0.905694  0.849243  0.937914  0.834592  0.809917
  0.762500  0.253149  0.956023  0.055014  0.048834  0.108946  0.057280  0.417454  0.926232  0.773767  0.911975  0.800001  0.734540  0.885085  0.744609  0.807269  0.717149  0.774732  0.818253  0.740869  0.886145  0.746559  0.900049  0.685285  0.463033  0.376390  0.324798  0.734262  0.778177  0.542206  0.614231  0.781205  0.745954  0.765174  0.913854  0.610261  0.700516  0.817332  0.827017  0.659074  0.723451  0.474449  0.798684  0.698628  0.582619  0.753866  0.651690  0.772125  0.794258  0.608218  0.583195  0.641263  0.839656  0.799962  0.784576  0.884772  0.650425  0.524976  0.324382  0.849812  0.428558  0.337685  0.430763  0.908706  0.899553  0.319106  0.606113  0.293958  0.367436  0.373874  0.572055  0.207072  0.378471  0.300962  0.368935  0.434578  0.326335  0.364437  0.430322  0.596312  0.403581  0.786057  0.767131  0.777344  0.885406  0.664189  0.690207  0.767434  0.776755  0.814009  0.861790  0.538438  0.443711  0.461850  0.513110  0.184501  0.840366  0.128906  0.034410  0.083912  0.105079  0.179749  0.041086  0.092323  0.057503  0.063676  0.795396  0.576494  0.784172  0.088879  0.078366  0.666971  0.829811  0.781972  0.533771  0.386310  0.799369  0.878487  0.690430  0.711074  0.249508  0.054339  0.145192  0.782776  0.458997  0.458997  0.265339  0.938923  0.741599  0.690900  0.854116  0.881737  0.625547  0.914871  0.918163  0.844875  0.930892  0.730099  0.680754  0.186498  0.227267  0.181999  0.101079  0.883471  0.211212  0.785217  0.674275  0.692102  0.433634  0.227322  0.226122  0.319980  0.292913  0.236680  0.718567  0.203602  0.908481  0.848780  0.938617  0.834658  0.811008
  0.765500  0.254605  0.955989  0.054973  0.048992  0.108288  0.056294  0.419512  0.926962  0.768845  0.905712  0.802651  0.734161  0.883814  0.747357  0.808997  0.715118  0.777342  0.823947  0.744503  0.886600  0.748399  0.902362  0.689895  0.462955  0.418612  0.324649  0.735019  0.774292  0.543814  0.616096  0.779601  0.740603  0.762052  0.914465  0.609694  0.701517  0.816348  0.826357  0.659694  0.722841  0.474999  0.798568  0.698271  0.583501  0.753582  0.653284  0.773494  0.792852  0.605624  0.584920  0.641628  0.837614  0.792125  0.783996  0.884584  0.675524  0.524594  0.326320  0.847495  0.427644  0.338869  0.431334  0.912147  0.899619  0.314852  0.602662  0.289080  0.359210  0.368083  0.568967  0.201393  0.376350  0.297139  0.364832  0.428920  0.320557  0.363163  0.422549  0.592447  0.402882  0.786782  0.768648  0.779623  0.889596  0.664612  0.689016  0.769844  0.778466  0.820105  0.862316  0.540223  0.445098  0.465134  0.517002  0.184081  0.841423  0.128591  0.034976  0.083183  0.103598  0.180967  0.040766  0.092684  0.056899  0.063021  0.797145  0.574812  0.786065  0.089916  0.078190  0.677031  0.829475  0.788450  0.535845  0.383896  0.797613  0.877593  0.691390  0.712612  0.250229  0.055533  0.142789  0.782775  0.464284  0.464284  0.268210  0.937440  0.742308  0.691091  0.849929  0.884049  0.625890  0.915649  0.916103  0.846280  0.931515  0.731917  0.684041  0.188424  0.228172  0.182276  0.101200  0.883814  0.214316  0.796803  0.679427  0.693652  0.425695  0.227670  0.228282  0.328013  0.300329  0.240220  0.717366  0.203572  0.904802  0.848297  0.939360  0.833740  0.809717
  0.768500  0.255594  0.955137  0.055186  0.049059  0.108040  0.057016  0.419861  0.927641  0.769081  0.909733  0.802322  0.735371  0.884886  0.746652  0.811748  0.716653  0.775397  0.822026  0.746543  0.886216  0.752383  0.901395  0.693925  0.463121  0.447996  0.328166  0.732607  0.775346  0.543967  0.617617  0.778378  0.741726  0.760052  0.913447  0.609635  0.701621  0.817660  0.827224  0.659822  0.723676  0.476020  0.798880  0.699752  0.585024  0.753562  0.654433  0.772852  0.794173  0.607518  0.586002  0.644288  0.839656  0.796523  0.788332  0.884840  0.737988  0.525631  0.326328  0.851169  0.429189  0.339923  0.441807  0.910854  0.896648  0.310425  0.599188  0.284817  0.362305  0.367158  0.567323  0.196987  0.368444  0.297549  0.363364  0.426965  0.318362  0.360364  0.419395  0.592164  0.401534  0.786502  0.767042  0.779488  0.888292  0.665356  0.690093  0.769111  0.777015  0.819937  0.862366  0.540378  0.444970  0.467216  0.518942  0.187947  0.843010  0.129572  0.035165  0.091062  0.104503  0.182741  0.040337  0.092350  0.057547  0.063255  0.795695  0.577914  0.787008  0.089086  0.078438  0.680386  0.829465  0.784924  0.537414  0.384452  0.799689  0.878999  0.688999  0.713310  0.250089  0.055795  0.144451  0.783018  0.467920  0.467920  0.270026  0.939452  0.743614  0.690170  0.849378  0.884541  0.625095  0.915643  0.916408  0.846748  0.928707  0.732961  0.685164  0.187612  0.228811  0.183354  0.102245  0.884078  0.213851  0.804060  0.678783  0.695260  0.436190  0.229006  0.230172  0.333759  0.305785  0.242087  0.714912  0.203291  0.906709  0.849323  0.939275  0.833122  0.810166
  0.771500  0.255633  0.957457  0.055238  0.049375  0.107582  0.056412  0.421159  0.926705  0.770294  0.910541  0.801485  0.732816  0.885882  0.748092  0.804435  0.714870  0.774218  0.819210  0.749826  0.886403  0.753724  0.903639  0.696337  0.463463  0.457109  0.326392  0.732986  0.776212  0.546383  0.619160  0.778959  0.742394  0.760765  0.911313  0.610334  0.703787  0.817339  0.828176  0.662316  0.724726  0.476767  0.798340  0.702265  0.584943  0.752612  0.654136  0.774321  0.794645  0.608764  0.584885  0.642850  0.840062  0.797673  0.791989  0.886312  0.785259  0.524466  0.328812  0.849494  0.429482  0.338544  0.441228  0.910528  0.898007  0.305209  0.597103  0.282295  0.353177  0.364658  0.565014  0.194655  0.369296  0.295629  0.361125  0.420760  0.315819  0.359006  0.414557  0.589599  0.400967  0.787692  0.767424  0.779890  0.886321  0.664908  0.692829  0.769300  0.779383  0.821296  0.863728  0.542315  0.448276  0.466457  0.518043  0.184323  0.843071  0.129760  0.035161  0.089464  0.110476  0.182020  0.040871  0.092926  0.056382  0.062776  0.795947  0.579021  0.790521  0.087994  0.078383  0.683401  0.831237  0.783400  0.539819  0.383734  0.800168  0.876429  0.690079  0.710780  0.252318  0.056277  0.144038  0.783673  0.472428  0.472428  0.271868  0.938724  0.744693  0.688819  0.850044  0.881337  0.624555  0.914366  0.918276  0.846025  0.929212  0.735027  0.687878  0.189247  0.230271  0.183930  0.102289  0.885072  0.214623  0.807023  0.684223  0.689578  0.434760  0.229993  0.231271  0.340588  0.311657  0.243652  0.715079  0.203644  0.904509  0.847817  0.939981  0.835334  0.811775
  0.774500  0.256342  0.958223  0.054310  0.049112  0.107204  0.056684  0.421569  0.931476  0.767317  0.905321  0.803224  0.734515  0.886679  0.747581  0.804788  0.717260  0.778823  0.822713  0.751665  0.885278  0.753873  0.902748  0.701354  0.464100  0.464560  0.327614  0.733238  0.780817  0.545037  0.619408  0.778866  0.743092  0.760580  0.913268  0.612600  0.701814  0.819614  0.828122  0.661787  0.723731  0.477705  0.797893  0.702012  0.587917  0.753512  0.655875  0.772651  0.794010  0.608841  0.587021  0.644491  0.841026  0.794582  0.785674  0.885737  0.796570  0.525462  0.329373  0.850177  0.429454  0.338006  0.439160  0.911078  0.902703  0.301826  0.593507  0.276499  0.351010  0.359393  0.564512  0.186871  0.363379  0.293457  0.354981  0.417580  0.310862  0.351716  0.408806  0.587929  0.399889  0.787324  0.769289  0.780304  0.890976  0.665744  0.693128  0.770462  0.780557  0.819949  0.863129  0.543330  0.448958  0.468329  0.522689  0.185978  0.843186  0.131022  0.034846  0.089120  0.107084  0.187594  0.041127  0.092151  0.056766  0.062862  0.795700  0.580190  0.790746  0.088299  0.078987  0.692049  0.830312  0.789544  0.540910  0.385247  0.799214  0.877924  0.688042  0.712402  0.252640  0.056699  0.145887  0.784460  0.475840  0.475840  0.274282  0.937903  0.744321  0.690861  0.846554  0.881224  0.625063  0.915587  0.916648  0.847560  0.931195  0.738653  0.690347  0.186732  0.230522  0.184715  0.102815  0.884250  0.214121  0.812075  0.685323  0.695399  0.440981  0.231071  0.232899  0.346027  0.316400  0.244055  0.716101  0.202990  0.904499  0.851041  0.941527  0.833702  0.810444
  0.777500  0.256516  0.957428  0.055031  0.048993  0.106633  0.056771  0.422032  0.926640  0.773969  0.910500  0.804735  0.734590  0.889143  0.750976  0.813665  0.719800  0.777615  0.823833  0.751521  0.884443  0.756867  0.902750  0.701928  0.464312  0.454928  0.328458  0.734339  0.778766  0.548970  0.618379  0.780230  0.747972  0.765794  0.914989  0.613241  0.705646  0.820429  0.828490  0.661836  0.724209  0.478400  0.798255  0.700892  0.586499  0.754201  0.655634  0.774192  0.793165  0.611234  0.588535  0.645981  0.841277  0.798753  0.787281  0.883984  0.793238  0.525906  0.331567  0.850094  0.431888  0.338720  0.445390  0.910807  0.903244  0.296556  0.589966  0.273293  0.346434  0.357449  0.562455  0.182867  0.360223  0.290205  0.354162  0.414993  0.308415  0.352652  0.407726  0.589116  0.398058  0.787507  0.768421  0.780178  0.890639  0.667023  0.695329  0.771020  0.780401  0.822320  0.861098  0.540051  0.448364  0.470054  0.524591  0.185518  0.842716  0.131389  0.035630  0.091583  0.109415  0.191161  0.040069  0.092608  0.056546  0.062553  0.795555  0.582703  0.792042  0.088415  0.078604  0.695683  0.831636  0.788959  0.540104  0.386230  0.800808  0.873950  0.687673  0.713245  0.252771  0.057725  0.147183  0.784170  0.480296  0.480296  0.275768  0.937056  0.744173  0.692077  0.855160  0.883321  0.624131  0.915439  0.913529  0.847926  0.930287  0.740487  0.693537  0.188123  0.231091  0.184788  0.103340  0.885892  0.219215  0.822740  0.690973  0.698372  0.438710  0.231215  0.234283  0.351222  0.320463  0.245293  0.718284  0.206846  0.910277  0.853378  0.936758  0.832775  0.810243
  0.781000  0.258220  0.956574  0.054229  0.048964  0.107251  0.056824  0.421997  0.928126  0.770494  0.907352  0.805168  0.731359  0.886703  0.749915  0.807262  0.717085  0.776531  0.819353  0.754645  0.883712  0.757222  0.902584  0.707507  0.464668  0.432696  0.325725  0.735301  0.785602  0.544168  0.619796  0.780828  0.742442  0.762260  0.915752  0.613718  0.703700  0.819307  0.828561  0.661354  0.724193  0.479991  0.798094  0.701301  0.588189  0.752386  0.656983  0.774081  0.794386  0.611419  0.587063  0.646775  0.842068  0.803909  0.789898  0.884907  0.762954  0.525708  0.332947  0.849291  0.431281  0.337652  0.447278  0.912554  0.901639  0.290153  0.585855  0.267306  0.341257  0.351210  0.560059  0.177573  0.356625  0.287221  0.350055  0.409701  0.303488  0.347922  0.400888  0.584580  0.397735  0.787850  0.768638  0.781895  0.891563  0.667883  0.693465  0.771428  0.777932  0.819269  0.861084  0.539668  0.449732  0.471740  0.522790  0.183993  0.842687  0.132167  0.035525  0.081235  0.107492  0.184848  0.040682  0.092700  0.056802  0.062675  0.795998  0.581885  0.795824  0.085965  0.078825  0.700963  0.831407  0.787363  0.543372  0.384625  0.800501  0.875353  0.685651  0.714566  0.252192  0.058189  0.146847  0.785381  0.483510  0.483510  0.276989  0.934045  0.744334  0.691823  0.852254  0.883145  0.623154  0.913684  0.917592  0.846006  0.931066  0.742531  0.695254  0.189787  0.232110  0.184957  0.103747  0.884265  0.219762  0.825231  0.690969  0.697017  0.439993  0.231460  0.235016  0.356195  0.325473  0.246746  0.716167  0.205129  0.908650  0.852564  0.939056  0.833633  0.809429
  0.785000  0.257948  0.956542  0.054480  0.048563  0.106396  0.056915  0.421737  0.928058  0.765366  0.910981  0.806234  0.732642  0.884528  0.751436  0.808326  0.719831  0.780851  0.824593  0.757210  0.883868  0.761140  0.903302  0.711833  0.464125  0.388771  0.328257  0.735654  0.779129  0.545693  0.621038  0.781163  0.744237  0.765874  0.915430  0.614684  0.705255  0.820768  0.830295  0.662383  0.723954  0.481733  0.796574  0.701899  0.589124  0.751650  0.657624  0.774205  0.794161  0.612737  0.589022  0.647923  0.842674  0.801415  0.793875  0.884144  0.688153  0.526326  0.335168  0.851904  0.430452  0.335710  0.443327  0.910982  0.902554  0.284993  0.581625  0.261225  0.335714  0.345214  0.554632  0.171861  0.350929  0.283396  0.345480  0.403422  0.296113  0.342284  0.394936  0.584147  0.396360  0.789043  0.769750  0.781553  0.888226  0.669083  0.694925  0.771779  0.779741  0.821727  0.860203  0.540264  0.452261  0.472210  0.526994  0.186326  0.841786  0.132555  0.035838  0.091986  0.111158  0.185393  0.040422  0.092714  0.056209  0.062771  0.795666  0.583052  0.796695  0.087294  0.078525  0.709464  0.831134  0.788015  0.543365  0.384637  0.799540  0.872861  0.685497  0.713762  0.252927  0.058342  0.147362  0.786536  0.491001  0.491001  0.279600  0.936846  0.746883  0.692886  0.848385  0.879417  0.623109  0.915173  0.921968  0.848168  0.934319  0.744326  0.697325  0.190456  0.232100  0.184879  0.104266  0.886969  0.221303  0.831504  0.691955  0.696485  0.438255  0.232465  0.236758  0.362518  0.329524  0.248043  0.714663  0.206045  0.905689  0.851971  0.937415  0.833983  0.808556
  0.789000  0.258526  0.958079  0.054632  0.048978  0.106636  0.056778  0.422728  0.931167  0.769793  0.907526  0.806703  0.734054  0.887685  0.748135  0.810444  0.719636  0.780090  0.822670  0.759808  0.884876  0.762284  0.903944  0.713128  0.465839  0.296961  0.326387  0.734382  0.779866  0.547480  0.621879  0.779883  0.743249  0.762059  0.915313  0.614986  0.703659  0.820456  0.829864  0.662932  0.723723  0.482563  0.797107  0.702242  0.590915  0.752000  0.659274  0.774135  0.793573  0.614318  0.591367  0.647828  0.843873  0.802956  0.792305  0.886721  0.658475  0.527068  0.335409  0.849828  0.430852  0.334643  0.444492  0.913899  0.902095  0.278983  0.578284  0.259128  0.328599  0.343487  0.554489  0.165976  0.347972  0.281875  0.342239  0.399379  0.291960  0.338941  0.389666  0.579105  0.394123  0.789411  0.768673  0.781971  0.888605  0.670761  0.695595  0.770738  0.779437  0.823766  0.860524  0.541352  0.452441  0.474108  0.525794  0.184652  0.844381  0.133576  0.035853  0.088577  0.111786  0.193005  0.040543  0.093686  0.056326  0.062319  0.797558  0.585017  0.800327  0.088612  0.078492  0.720142  0.831628  0.792232  0.545144  0.388507  0.800824  0.873465  0.683246  0.715673  0.253726  0.059833  0.147575  0.785991  0.495114  0.495114  0.282142  0.936024  0.745771  0.691250  0.848332  0.882257  0.621649  0.914099  0.922851  0.846703  0.932420  0.748265  0.698898  0.188784  0.233591  0.185166  0.104800  0.887685  0.221161  0.840545  0.697710  0.700328  0.443785  0.232751  0.237690  0.365792  0.334365  0.249882  0.717256  0.208583  0.912219  0.855791  0.938123  0.832290  0.808393
  0.793000  0.260015  0.958019  0.054009  0.048561  0.106298  0.057194  0.423462  0.930229  0.763420  0.906964  0.806400  0.740511  0.884072  0.753643  0.810237  0.720601  0.782025  0.824555  0.761866  0.885502  0.765617  0.905393  0.718012  0.465262  0.208116  0.328337  0.735542  0.781274  0.549139  0.622881  0.779590  0.742360  0.761558  0.914104  0.617572  0.704053  0.820132  0.829433  0.662522  0.723330  0.484732  0.794183  0.703535  0.591295  0.751744  0.659048  0.773429  0.794462  0.610951  0.591379  0.651150  0.842725  0.802609  0.794828  0.884763  0.629857  0.526480  0.338673  0.849415  0.428933  0.333379  0.447501  0.917326  0.907159  0.274439  0.573256  0.252289  0.322883  0.338326  0.550926  0.162470  0.345281  0.277563  0.337969  0.394771  0.287800  0.335202  0.384924  0.576582  0.393099  0.789873  0.769259  0.781087  0.892757  0.670308  0.697283  0.772250  0.780247  0.824386  0.859832  0.540969  0.454032  0.475076  0.531501  0.185580  0.843672  0.135180  0.036334  0.088161  0.113828  0.193890  0.040610  0.092715  0.055760  0.062280  0.797696  0.582975  0.801034  0.086706  0.078566  0.727887  0.831141  0.785583  0.547465  0.385281  0.802102  0.874863  0.681660  0.713230  0.255562  0.059970  0.148576  0.786330  0.499713  0.499713  0.283487  0.936585  0.746341  0.691930  0.847154  0.880732  0.620652  0.914319  0.916764  0.847684  0.932996  0.750255  0.700917  0.190663  0.234244  0.185912  0.105147  0.886524  0.222095  0.848701  0.698625  0.700098  0.444631  0.233983  0.239590  0.370874  0.337919  0.250821  0.711947  0.204725  0.906139  0.853014  0.938030  0.832333  0.809123
  0.797000  0.260269  0.960363  0.053905  0.048592  0.105845  0.057193  0.423523  0.930102  0.764098  0.905266  0.806858  0.735230  0.890830  0.747423  0.809575  0.719480  0.781632  0.821599  0.765600  0.885499  0.766756  0.904415  0.720639  0.465970  0.188391  0.326667  0.733610  0.786147  0.548895  0.623369  0.776911  0.740603  0.759788  0.911717  0.614734  0.702143  0.823086  0.830809  0.662459  0.723979  0.486930  0.793799  0.704086  0.592853  0.752436  0.658437  0.772279  0.792495  0.613699  0.592743  0.650684  0.842600  0.803356  0.794871  0.884944  0.454397  0.527063  0.336744  0.850960  0.428433  0.332085  0.445283  0.911017  0.904243  0.270244  0.570281  0.249264  0.321325  0.332708  0.547176  0.158323  0.339623  0.274255  0.334321  0.390671  0.282784  0.331274  0.381556  0.575785  0.391804  0.791271  0.768566  0.783397  0.891542  0.671867  0.696977  0.772101  0.779376  0.824647  0.859507  0.541649  0.453443  0.475443  0.528958  0.184411  0.843598  0.135223  0.036467  0.084477  0.115284  0.190016  0.040604  0.093298  0.056467  0.062673  0.796109  0.583776  0.803543  0.086677  0.078678  0.732012  0.831759  0.788999  0.549962  0.385231  0.802590  0.873868  0.679340  0.714145  0.254124  0.060852  0.148579  0.788099  0.505665  0.505665  0.285579  0.936454  0.747061  0.692260  0.851219  0.880004  0.619780  0.914149  0.921126  0.846060  0.931469  0.748671  0.705106  0.190000  0.234449  0.184677  0.105437  0.887555  0.223362  0.850051  0.703814  0.701698  0.445224  0.233503  0.239239  0.373480  0.341728  0.251340  0.714459  0.206715  0.911300  0.856440  0.937138  0.834023  0.809528
  0.801500  0.259131  0.960309  0.053528  0.049122  0.106102  0.057267  0.423315  0.929977  0.769082  0.902902  0.806574  0.733399  0.885538  0.745413  0.805403  0.718930  0.778412  0.823425  0.767322  0.886026  0.768642  0.905876  0.724314  0.465321  0.179706  0.324729  0.736366  0.783891  0.551113  0.622174  0.781595  0.740781  0.760783  0.915373  0.617348  0.704292  0.821140  0.832059  0.661480  0.724321  0.489092  0.792410  0.703293  0.593810  0.751401  0.659574  0.774195  0.792504  0.611030  0.593083  0.651732  0.844184  0.807496  0.794751  0.886397  0.343075  0.527148  0.335897  0.848715  0.427846  0.329500  0.448220  0.911081  0.902620  0.263279  0.566197  0.243785  0.316285  0.328940  0.544690  0.153090  0.333105  0.270187  0.329119  0.384152  0.276256  0.327504  0.374893  0.571359  0.389754  0.792297  0.769552  0.782930  0.889083  0.673272  0.697549  0.771642  0.781848  0.819448  0.859797  0.541239  0.455483  0.474828  0.530925  0.183175  0.841447  0.136904  0.036717  0.089500  0.115350  0.188478  0.040332  0.092627  0.056162  0.061938  0.795700  0.583323  0.806474  0.086863  0.078419  0.735768  0.830694  0.785857  0.550599  0.388894  0.801482  0.868864  0.674460  0.709369  0.255225  0.061478  0.148653  0.786579  0.510577  0.510577  0.287556  0.934852  0.747999  0.692110  0.846807  0.879326  0.618968  0.912512  0.923335  0.847048  0.933409  0.755107  0.706127  0.190874  0.234438  0.184603  0.105669  0.888003  0.224042  0.851854  0.704275  0.699639  0.444111  0.234793  0.240251  0.376504  0.344112  0.254486  0.713642  0.207650  0.914297  0.855957  0.937849  0.831607  0.808473
  0.806500  0.259171  0.962666  0.054142  0.048925  0.105839  0.057521  0.422713  0.930667  0.759161  0.905025  0.806875  0.738641  0.886655  0.750205  0.805223  0.723334  0.781158  0.825546  0.770546  0.885823  0.770345  0.904899  0.727850  0.464060  0.198330  0.325967  0.736530  0.785853  0.549625  0.624406  0.777509  0.742487  0.761081  0.914365  0.617295  0.702592  0.824112  0.832964  0.663000  0.723351  0.491556  0.790982  0.703279  0.593767  0.751763  0.661252  0.772543  0.792199  0.612397  0.594254  0.652533  0.845397  0.806974  0.792064  0.886101  0.359711  0.528190  0.337872  0.850447  0.422855  0.326616  0.450446  0.913217  0.904714  0.258576  0.561858  0.238555  0.309884  0.324173  0.540627  0.148188  0.328008  0.264533  0.322646  0.377705  0.270249  0.320309  0.368661  0.572134  0.388669  0.793313  0.770546  0.784698  0.889407  0.672592  0.698298  0.770945  0.780452  0.824271  0.858361  0.541579  0.456411  0.476904  0.533792  0.184469  0.842219  0.138187  0.037290  0.091311  0.110792  0.197721  0.040614  0.093081  0.056017  0.062852  0.796541  0.580845  0.809414  0.087468  0.078560  0.745954  0.831645  0.791532  0.552843  0.387534  0.801978  0.869467  0.671923  0.713215  0.258400  0.062083  0.149335  0.787574  0.516823  0.516823  0.289526  0.939084  0.748945  0.692262  0.845889  0.875287  0.617408  0.913014  0.919432  0.848022  0.932397  0.758554  0.710338  0.188381  0.234669  0.184280  0.106893  0.880919  0.222990  0.852842  0.704414  0.705137  0.446367  0.236068  0.241482  0.379813  0.346576  0.253812  0.709577  0.207432  0.905502  0.853878  0.937759  0.833575  0.808361
  0.811500  0.259287  0.963394  0.053065  0.048479  0.105665  0.057065  0.422931  0.930477  0.759202  0.901755  0.807823  0.738393  0.885623  0.753725  0.807043  0.724169  0.777147  0.821778  0.771512  0.886466  0.771185  0.906280  0.729838  0.464929  0.244044  0.323341  0.736979  0.783681  0.551509  0.626297  0.777209  0.736799  0.759490  0.916712  0.617193  0.701269  0.823643  0.831970  0.662742  0.723022  0.493832  0.790013  0.704385  0.595498  0.751279  0.660961  0.772568  0.790482  0.611969  0.593802  0.653241  0.843739  0.806449  0.793596  0.887117  0.423162  0.528479  0.338843  0.850227  0.421269  0.323847  0.448357  0.913937  0.902012  0.252806  0.557874  0.233046  0.304815  0.318044  0.537940  0.143963  0.326748  0.260997  0.317954  0.370077  0.264947  0.317594  0.363132  0.566611  0.385933  0.792843  0.770765  0.783458  0.892643  0.673399  0.700627  0.772639  0.781435  0.818712  0.857283  0.542379  0.458556  0.476995  0.532102  0.183912  0.842319  0.139729  0.037254  0.093415  0.117661  0.191330  0.040834  0.093650  0.056152  0.061612  0.796094  0.581509  0.812195  0.088003  0.078810  0.753384  0.832011  0.792649  0.554498  0.386711  0.800701  0.866745  0.666722  0.712756  0.257285  0.062618  0.149567  0.787855  0.522213  0.522213  0.291901  0.939705  0.749860  0.692371  0.847307  0.876304  0.616584  0.913221  0.917765  0.846454  0.932073  0.760485  0.712895  0.191151  0.235060  0.182624  0.106417  0.888096  0.224114  0.857722  0.706616  0.703983  0.448906  0.236160  0.241605  0.381939  0.348829  0.257038  0.709253  0.209649  0.911172  0.855954  0.938426  0.830354  0.807622
  0.816500  0.259473  0.962540  0.052947  0.049323  0.105306  0.057615  0.421371  0.929540  0.756813  0.905935  0.808421  0.738499  0.886376  0.749102  0.809044  0.723450  0.779287  0.821528  0.773871  0.885235  0.771006  0.906941  0.731196  0.464627  0.300522  0.323610  0.735442  0.783819  0.550393  0.625247  0.777491  0.737440  0.760054  0.917316  0.619195  0.702294  0.824171  0.831248  0.663418  0.723439  0.495739  0.789922  0.704608  0.597120  0.751775  0.658757  0.769252  0.790392  0.610671  0.595944  0.653752  0.843658  0.808477  0.797517  0.885422  0.602555  0.529046  0.339685  0.848407  0.422529  0.320961  0.450258  0.914049  0.907208  0.247837  0.553139  0.230079  0.299600  0.314413  0.534791  0.141012  0.320788  0.257570  0.314052  0.365228  0.258232  0.312155  0.358761  0.563342  0.384334  0.792458  0.771625  0.785102  0.891817  0.674080  0.700253  0.771254  0.780810  0.823239  0.856647  0.541014  0.460018  0.475559  0.535672  0.182263  0.842493  0.140338  0.037663  0.088615  0.114352  0.191032  0.040841  0.093558  0.055243  0.061978  0.795513  0.579917  0.814349  0.086911  0.078044  0.759962  0.832270  0.791087  0.556318  0.387755  0.801210  0.864935  0.662527  0.711820  0.257872  0.063747  0.147774  0.787086  0.527314  0.527314  0.293490  0.937301  0.749163  0.691585  0.844335  0.875551  0.614527  0.913735  0.919364  0.846509  0.935422  0.763959  0.713681  0.189275  0.235019  0.181663  0.106775  0.887201  0.224248  0.863599  0.707664  0.705236  0.447546  0.237119  0.242329  0.384951  0.351334  0.258696  0.710797  0.207400  0.906169  0.854213  0.937534  0.831235  0.806098
  0.822000  0.258698  0.964865  0.052773  0.048323  0.105661  0.057163  0.421919  0.929281  0.756615  0.899841  0.808619  0.734573  0.888864  0.747827  0.806313  0.721576  0.776984  0.819225  0.778411  0.883977  0.774095  0.907431  0.734843  0.463064  0.370828  0.323287  0.736812  0.782549  0.551188  0.625095  0.776254  0.733260  0.758127  0.916455  0.618671  0.700924  0.826023  0.832731  0.660474  0.722477  0.496413  0.787096  0.703600  0.596759  0.749913  0.658887  0.769305  0.788131  0.606521  0.595608  0.653579  0.846546  0.807490  0.796371  0.886499  0.621638  0.527207  0.336198  0.847975  0.416305  0.317412  0.448113  0.908921  0.905501  0.242434  0.547587  0.224061  0.292236  0.308140  0.530207  0.136441  0.315848  0.252007  0.308230  0.358298  0.251663  0.303983  0.353322  0.557634  0.381475  0.792836  0.770148  0.783669  0.888399  0.674156  0.700561  0.770609  0.780931  0.817942  0.855677  0.540813  0.460672  0.475488  0.538250  0.180918  0.841387  0.141873  0.038112  0.091358  0.116410  0.191661  0.040700  0.093600  0.055636  0.061369  0.792727  0.578259  0.816173  0.087184  0.078025  0.768348  0.832540  0.792290  0.558119  0.384949  0.800576  0.862892  0.656186  0.709263  0.258133  0.063760  0.148113  0.786469  0.532757  0.532757  0.295136  0.940002  0.749866  0.692101  0.841918  0.872193  0.612512  0.910867  0.921978  0.845236  0.935476  0.768602  0.716696  0.187331  0.234465  0.177955  0.107125  0.883897  0.221106  0.867023  0.707816  0.704560  0.451700  0.236889  0.242591  0.385598  0.351451  0.260368  0.709968  0.209042  0.911216  0.855751  0.938158  0.830225  0.804920
  0.828000  0.257968  0.964865  0.051693  0.047876  0.105646  0.057402  0.419739  0.928398  0.756731  0.900602  0.808078  0.734128  0.887676  0.749485  0.804565  0.723575  0.777712  0.820180  0.780313  0.884583  0.774205  0.904890  0.735741  0.464146  0.423294  0.320426  0.738609  0.789925  0.551095  0.624540  0.774630  0.731569  0.760916  0.916219  0.618570  0.700211  0.823392  0.831787  0.660752  0.720489  0.500519  0.786383  0.704073  0.596248  0.750000  0.659091  0.767766  0.786950  0.607950  0.594216  0.654456  0.845967  0.808932  0.798233  0.885145  0.725162  0.528000  0.332781  0.847138  0.415334  0.313675  0.447527  0.913353  0.905632  0.237144  0.544441  0.219870  0.288560  0.305657  0.528090  0.131948  0.308758  0.247903  0.304293  0.353361  0.245908  0.304111  0.348400  0.558568  0.379060  0.794411  0.770497  0.785599  0.887615  0.671977  0.700483  0.770609  0.778158  0.818979  0.854017  0.538612  0.462730  0.472969  0.537229  0.179894  0.840235  0.143316  0.038888  0.092852  0.113486  0.194980  0.040748  0.093307  0.054766  0.061372  0.792727  0.577178  0.816021  0.089418  0.078119  0.774966  0.832304  0.792383  0.558678  0.387414  0.796941  0.857930  0.647318  0.707789  0.260865  0.064438  0.149308  0.785385  0.537542  0.537542  0.296169  0.938919  0.748600  0.690308  0.845673  0.870904  0.611015  0.911198  0.917580  0.845139  0.935261  0.768870  0.721814  0.187702  0.232736  0.176230  0.106685  0.886015  0.222277  0.867024  0.710082  0.704014  0.452557  0.237387  0.243863  0.387675  0.354606  0.264022  0.705763  0.211109  0.905951  0.857773  0.938158  0.829921  0.801841
  0.835000  0.255432  0.964865  0.052016  0.047228  0.105559  0.057105  0.421245  0.928692  0.759370  0.905614  0.806439  0.734182  0.884155  0.747030  0.795903  0.722376  0.778715  0.821772  0.781599  0.881529  0.772405  0.908336  0.737389  0.462544  0.477316  0.318717  0.735564  0.790447  0.550459  0.622793  0.772412  0.728397  0.754769  0.917252  0.620613  0.696236  0.822276  0.833122  0.659398  0.720963  0.500753  0.784939  0.703269  0.599307  0.751171  0.656315  0.767296  0.786646  0.607950  0.594802  0.654770  0.847097  0.812018  0.796587  0.884447  0.823697  0.526717  0.331391  0.846468  0.415334  0.309444  0.447871  0.911966  0.903285  0.230941  0.539763  0.215417  0.279965  0.301079  0.524375  0.122813  0.299359  0.242563  0.300988  0.348152  0.240297  0.297971  0.341570  0.555726  0.375071  0.793847  0.770940  0.783883  0.891132  0.672944  0.701730  0.770609  0.777375  0.816043  0.852823  0.538612  0.464248  0.467507  0.539384  0.176178  0.836635  0.145096  0.039230  0.092865  0.110464  0.193956  0.041273  0.093685  0.055047  0.061015  0.792727  0.572262  0.819694  0.089027  0.078030  0.790174  0.834342  0.792431  0.558729  0.391019  0.795542  0.857020  0.638331  0.704754  0.260868  0.065296  0.144366  0.784682  0.543465  0.543465  0.298481  0.939260  0.747569  0.686361  0.835783  0.870184  0.608894  0.911661  0.919938  0.843491  0.933583  0.771217  0.726442  0.184164  0.232539  0.176230  0.107007  0.881658  0.218974  0.865957  0.704325  0.702497  0.457531  0.237566  0.243519  0.391549  0.356249  0.265694  0.704930  0.209773  0.903294  0.853365  0.938158  0.829799  0.801428
  0.843000  0.255151  0.964865  0.051077  0.047788  0.106142  0.058377  0.418483  0.927616  0.757064  0.896744  0.806523  0.734182  0.878969  0.747030  0.795903  0.722376  0.778715  0.821772  0.784290  0.879242  0.773126  0.907198  0.738667  0.460955  0.477316  0.318717  0.736974  0.784526  0.549856  0.623947  0.773388  0.724959  0.754904  0.918936  0.620152  0.695292  0.821425  0.831903  0.658927  0.719935  0.503112  0.783239  0.703325  0.596709  0.746560  0.656764  0.765945  0.786565  0.607950  0.593561  0.654400  0.847194  0.806331  0.794488  0.884622  0.845940  0.527154  0.331391  0.845838  0.415334  0.304255  0.441393  0.911966  0.903285  0.224711  0.534414  0.209467  0.277079  0.301079  0.524375  0.122813  0.299359  0.236382  0.300988  0.342072  0.230185  0.291221  0.334648  0.548502  0.373682  0.795451  0.772045  0.785821  0.891132  0.673948  0.700764  0.770609  0.776440  0.816043  0.852724  0.538612  0.467021  0.467507  0.539384  0.176178  0.836586  0.146496  0.039987  0.087138  0.093970  0.197432  0.041050  0.093264  0.055840  0.062760  0.792727  0.571774  0.821595  0.087976  0.077062  0.790174  0.834406  0.792431  0.561292  0.384918  0.796315  0.850869  0.626934  0.704754  0.260868  0.066020  0.144366  0.782322  0.551188  0.551188  0.299542  0.939050  0.748854  0.687472  0.831511  0.869948  0.606559  0.911346  0.915779  0.845949  0.939009  0.776716  0.732390  0.184164  0.229271  0.176230  0.105887  0.887335  0.218974  0.865957  0.705294  0.702497  0.462157  0.239342  0.245222  0.395040  0.359649  0.265694  0.704460  0.210202  0.904067  0.852198  0.938158  0.828117  0.800479
  0.851000  0.255468  0.980385  0.052089  0.049262  0.107204  0.058377  0.413053  0.927625  0.770602  0.914443  0.807146  0.734254  0.882695  0.761418  0.804206  0.721382  0.780504  0.829772  0.788949  0.882535  0.776655  0.907202  0.744210  0.466858  0.462790  0.318182  0.734423  0.786330  0.551121  0.630267  0.775365  0.721230  0.753074  0.918938  0.613323  0.694390  0.821425  0.829508  0.655661  0.716072  0.504157  0.780252  0.702852  0.596221  0.744902  0.654295  0.765976  0.783845  0.601521  0.594428  0.654400  0.849891  0.814861  0.799667  0.887925  0.808294  0.529782  0.329278  0.847424  0.401715  0.297215  0.447529  0.912774  0.910111  0.221819  0.530752  0.210128  0.272047  0.278997  0.504511  0.120715  0.296699  0.223732  0.283935  0.318680  0.213248  0.275065  0.328011  0.543362  0.373682  0.790827  0.774191  0.786619  0.886142  0.678600  0.698315  0.775947  0.778997  0.819741  0.853947  0.545684  0.467700  0.463501  0.539045  0.171975  0.840760  0.147959  0.039858  0.090393  0.105902  0.182066  0.041050  0.095848  0.055465  0.063731  0.799582  0.567318  0.824063  0.088753  0.079981  0.805449  0.834654  0.789470  0.561296  0.390467  0.800831  0.856144  0.613628  0.688359  0.263895  0.068731  0.147913  0.781081  0.558636  0.558636  0.300982  0.941163  0.759279  0.690074  0.834612  0.870817  0.606701  0.919035  0.918209  0.852515  0.932586  0.780734  0.734356  0.187332  0.234771  0.166132  0.106270  0.890491  0.216804  0.872472  0.706254  0.704180  0.458783  0.238243  0.247400  0.395040  0.366367  0.267619  0.701490  0.208199  0.905216  0.852206  0.941360  0.828079  0.799596
  0.859000  0.251429  0.983791  0.053034  0.047617  0.108269  0.058721  0.407757  0.929344  0.764938  0.905492  0.808545  0.736648  0.885640  0.755974  0.805707  0.725833  0.778136  0.831593  0.794130  0.880587  0.780374  0.909778  0.742970  0.461548  0.371409  0.316002  0.733143  0.787452  0.553858  0.629879  0.766307  0.714153  0.749770  0.921313  0.615299  0.689349  0.824620  0.832476  0.652739  0.713937  0.502933  0.780227  0.701652  0.595494  0.740017  0.650953  0.765366  0.782461  0.597494  0.591115  0.659796  0.849507  0.813794  0.797565  0.886556  0.730175  0.527175  0.325842  0.847727  0.395503  0.292277  0.444087  0.913328  0.908896  0.216806  0.523834  0.205180  0.265158  0.280562  0.497957  0.118937  0.288609  0.217668  0.279468  0.316842  0.217030  0.271721  0.323221  0.544353  0.371356  0.792168  0.773909  0.787908  0.886733  0.671372  0.698324  0.774803  0.783968  0.823082  0.854689  0.547208  0.470400  0.464757  0.533284  0.174073  0.839767  0.152654  0.043904  0.086420  0.102089  0.192875  0.040452  0.092066  0.054226  0.060922  0.801534  0.570481  0.827852  0.092653  0.078871  0.814483  0.835140  0.794093  0.562218  0.389761  0.790335  0.847674  0.601890  0.684610  0.266551  0.069216  0.148878  0.779402  0.562465  0.562465  0.303186  0.935614  0.753145  0.692406  0.834303  0.869126  0.602828  0.914724  0.920454  0.855211  0.932216  0.780299  0.737429  0.185243  0.232768  0.157832  0.106877  0.890862  0.215827  0.866432  0.700166  0.706070  0.458110  0.243853  0.247690  0.395040  0.368818  0.268700  0.704082  0.211892  0.911750  0.856831  0.944230  0.827136  0.799331
  0.871000  0.249375  0.982924  0.049726  0.047323  0.109910  0.061195  0.408451  0.926694  0.769131  0.908045  0.805291  0.736036  0.887320  0.755022  0.800036  0.723467  0.779802  0.831056  0.792893  0.876832  0.781801  0.911358  0.744685  0.461112  0.310849  0.314326  0.731748  0.788455  0.558537  0.630448  0.770276  0.718327  0.743252  0.922103  0.617079  0.685186  0.820793  0.829160  0.651007  0.714202  0.502236  0.775934  0.698068  0.594666  0.739331  0.648163  0.761079  0.782925  0.595215  0.592290  0.655551  0.846512  0.811789  0.797094  0.888578  0.542648  0.526551  0.324398  0.846602  0.388849  0.285058  0.440714  0.907090  0.907090  0.207467  0.517886  0.197433  0.257866  0.276096  0.490756  0.115730  0.283484  0.205180  0.271356  0.311496  0.213020  0.264611  0.312921  0.537881  0.364691  0.793517  0.773405  0.786657  0.885073  0.672920  0.696739  0.774349  0.779706  0.824014  0.854881  0.550472  0.471625  0.461937  0.538150  0.173310  0.843617  0.156055  0.043201  0.083585  0.108014  0.185857  0.042335  0.095027  0.055329  0.059826  0.798840  0.574539  0.831954  0.089322  0.080171  0.831413  0.836341  0.792103  0.564659  0.384839  0.790974  0.842433  0.577429  0.673996  0.267879  0.071245  0.149570  0.777764  0.571947  0.571947  0.310232  0.931345  0.757660  0.688130  0.826920  0.870273  0.600553  0.913719  0.919674  0.850155  0.934885  0.785887  0.741756  0.184185  0.225944  0.153524  0.104726  0.890818  0.211015  0.861987  0.700281  0.705400  0.460630  0.239638  0.252483  0.412343  0.376958  0.270120  0.699757  0.210517  0.909181  0.858377  0.944600  0.829101  0.799619
  0.883000  0.246128  0.984621  0.051148  0.046656  0.111320  0.061094  0.406075  0.926642  0.767657  0.902553  0.803524  0.729991  0.878218  0.758208  0.799153  0.724383  0.777078  0.833512  0.798313  0.872669  0.776873  0.907032  0.744500  0.460190  0.367714  0.311369  0.731482  0.782019  0.554463  0.632450  0.760064  0.711911  0.741586  0.918448  0.611146  0.682328  0.821002  0.829393  0.650810  0.714357  0.500682  0.776291  0.699738  0.596179  0.735683  0.647376  0.761136  0.781828  0.588310  0.590995  0.658307  0.847259  0.808108  0.798449  0.889905  0.669437  0.525718  0.317066  0.847059  0.382419  0.281232  0.436869  0.905433  0.908993  0.205718  0.510390  0.190346  0.249977  0.269248  0.482683  0.112403  0.274162  0.203890  0.260612  0.300160  0.201800  0.256431  0.308608  0.532042  0.360258  0.792607  0.777179  0.788138  0.892081  0.668455  0.697289  0.770135  0.777801  0.824877  0.855721  0.553314  0.477487  0.455835  0.535501  0.167971  0.844358  0.159121  0.047732  0.085192  0.103172  0.181801  0.042171  0.093430  0.054328  0.060069  0.798840  0.573267  0.835923  0.094034  0.078280  0.834402  0.836067  0.793634  0.564586  0.385510  0.784168  0.829699  0.556083  0.664300  0.262745  0.072944  0.146180  0.777241  0.575626  0.575626  0.309694  0.926333  0.762542  0.685207  0.823561  0.862598  0.602826  0.917881  0.912169  0.853148  0.928461  0.783002  0.743527  0.178386  0.227745  0.142010  0.102036  0.890405  0.213278  0.850780  0.694011  0.705691  0.458402  0.242588  0.254411  0.423709  0.386555  0.270667  0.691051  0.209294  0.906075  0.852014  0.942842  0.825139  0.801315
  0.894000  0.244850  0.986310  0.050472  0.048634  0.114125  0.063764  0.409902  0.930773  0.759459  0.901420  0.802683  0.732729  0.878812  0.756319  0.794419  0.725518  0.780799  0.834834  0.799795  0.870927  0.777592  0.911976  0.741916  0.459580  0.399975  0.309532  0.727477  0.785469  0.549679  0.635817  0.761793  0.709727  0.744590  0.922089  0.614605  0.679324  0.826449  0.830776  0.651478  0.713317  0.500525  0.776844  0.700417  0.597416  0.738533  0.645037  0.762004  0.782178  0.588488  0.594503  0.659109  0.849608  0.812297  0.800396  0.890942  0.705830  0.524821  0.314606  0.845844  0.378502  0.276852  0.433795  0.906316  0.907206  0.199506  0.508843  0.183431  0.244271  0.263642  0.479539  0.108922  0.262797  0.194707  0.258913  0.294964  0.196344  0.255366  0.298927  0.528011  0.358234  0.795479  0.775519  0.790398  0.886732  0.667365  0.699446  0.777487  0.782094  0.822816  0.859091  0.557352  0.477487  0.455879  0.540002  0.165944  0.843022  0.164377  0.049404  0.082976  0.096854  0.177883  0.042171  0.095352  0.055658  0.063319  0.798985  0.582801  0.838240  0.090840  0.079691  0.843557  0.841980  0.796911  0.572387  0.386687  0.781849  0.828841  0.532183  0.645045  0.263144  0.074189  0.145087  0.774894  0.580440  0.580440  0.313706  0.923714  0.762363  0.682019  0.820118  0.865800  0.600664  0.914029  0.910977  0.854973  0.927551  0.792924  0.749148  0.175558  0.223404  0.139580  0.103694  0.886636  0.211344  0.844537  0.686687  0.705044  0.460431  0.239887  0.258755  0.439070  0.402097  0.270968  0.688947  0.210461  0.902284  0.850993  0.946270  0.824984  0.803088
  0.904000  0.245687  0.985476  0.049617  0.047486  0.116598  0.061618  0.409160  0.928365  0.751721  0.895101  0.802407  0.731056  0.881134  0.753131  0.788113  0.726250  0.776453  0.831195  0.799641  0.872122  0.776495  0.913874  0.746185  0.459651  0.419512  0.303172  0.731256  0.791463  0.551688  0.636161  0.755030  0.707755  0.745010  0.917258  0.614754  0.679427  0.820961  0.829970  0.651737  0.714281  0.499694  0.779202  0.699357  0.596033  0.735156  0.645123  0.763970  0.781143  0.587285  0.592586  0.655912  0.847932  0.815253  0.799568  0.890784  0.740149  0.523076  0.314744  0.845976  0.375633  0.275970  0.436886  0.901872  0.906322  0.191668  0.500459  0.178200  0.238724  0.261238  0.475625  0.102403  0.258666  0.194698  0.251941  0.293376  0.194516  0.251667  0.292047  0.523206  0.355292  0.795663  0.781616  0.787102  0.882111  0.666363  0.700714  0.774700  0.780086  0.820425  0.861444  0.558731  0.480477  0.460012  0.538789  0.163066  0.840859  0.167064  0.047084  0.081443  0.100448  0.185765  0.042171  0.097908  0.056506  0.061189  0.799323  0.584894  0.836901  0.088720  0.078855  0.846061  0.838566  0.792831  0.575424  0.385659  0.778085  0.819597  0.509615  0.630650  0.265383  0.074088  0.144935  0.772946  0.583545  0.583545  0.316139  0.911704  0.763199  0.681615  0.821634  0.863841  0.603564  0.913966  0.911638  0.852476  0.930921  0.796475  0.752353  0.172679  0.222997  0.133935  0.104424  0.889850  0.213180  0.828347  0.683292  0.704709  0.464047  0.245357  0.256994  0.452613  0.412316  0.273489  0.689306  0.206379  0.901180  0.846708  0.946265  0.822905  0.799977
  0.914000  0.240994  0.982892  0.047131  0.045577  0.118950  0.061260  0.407150  0.926494  0.745591  0.895600  0.797577  0.731578  0.883947  0.757294  0.790688  0.725953  0.775866  0.832475  0.801116  0.869062  0.775499  0.911968  0.743993  0.459358  0.443262  0.302989  0.729374  0.786205  0.555367  0.631910  0.752805  0.706125  0.742412  0.918100  0.616048  0.675947  0.822757  0.826365  0.650588  0.712362  0.498390  0.777286  0.698128  0.598017  0.734991  0.643028  0.761668  0.782331  0.589858  0.592462  0.656614  0.845562  0.808284  0.795119  0.889821  0.856678  0.521893  0.311293  0.847894  0.370978  0.269663  0.432763  0.904711  0.904711  0.183692  0.492205  0.171724  0.230419  0.248591  0.464836  0.099808  0.252272  0.191077  0.249863  0.288283  0.189714  0.245320  0.282300  0.517534  0.348989  0.795700  0.777593  0.787786  0.882120  0.665095  0.698506  0.773084  0.775393  0.823636  0.859932  0.562283  0.477575  0.461924  0.540142  0.160929  0.840518  0.169388  0.051558  0.088270  0.105488  0.180174  0.041634  0.095453  0.053078  0.060663  0.795407  0.597985  0.843436  0.088847  0.077541  0.850780  0.836973  0.794081  0.575848  0.381245  0.773110  0.806863  0.487279  0.618092  0.265809  0.077798  0.144531  0.771321  0.584128  0.584128  0.319744  0.893192  0.763871  0.679190  0.817006  0.857120  0.603143  0.912844  0.915516  0.850705  0.931776  0.798482  0.752404  0.173787  0.219731  0.126676  0.102226  0.888332  0.211913  0.815243  0.677346  0.702113  0.460189  0.243759  0.261312  0.465263  0.428892  0.275542  0.694270  0.208108  0.904116  0.849835  0.947002  0.819255  0.807265
  0.924000  0.240659  0.985446  0.048667  0.046635  0.122799  0.060451  0.409999  0.924712  0.746568  0.890010  0.797358  0.736310  0.877238  0.760502  0.788547  0.727081  0.781379  0.832720  0.803605  0.869124  0.776986  0.910170  0.744186  0.458479  0.471809  0.298254  0.729604  0.785474  0.552498  0.636733  0.758291  0.703931  0.743125  0.919999  0.617139  0.680360  0.821465  0.830514  0.652507  0.713206  0.500000  0.778239  0.697814  0.601866  0.735747  0.649403  0.764560  0.783090  0.591310  0.591143  0.659308  0.846620  0.812744  0.793810  0.890912  0.907128  0.521664  0.312142  0.846805  0.372512  0.268452  0.433233  0.902608  0.904400  0.176451  0.480510  0.162894  0.220798  0.240796  0.464139  0.094929  0.243418  0.187528  0.248068  0.283355  0.187801  0.244796  0.271702  0.510590  0.347282  0.795927  0.780789  0.786296  0.884957  0.665166  0.702529  0.769940  0.776100  0.828598  0.860965  0.561519  0.480594  0.463925  0.541698  0.162061  0.840136  0.175475  0.051707  0.079229  0.106172  0.187801  0.043010  0.093956  0.055225  0.062810  0.795349  0.603855  0.843278  0.088520  0.077757  0.861392  0.839237  0.793116  0.577097  0.381783  0.766890  0.800678  0.467421  0.602536  0.267614  0.077977  0.145760  0.766996  0.586689  0.586689  0.320797  0.864090  0.769538  0.676150  0.814290  0.853407  0.605063  0.915215  0.910599  0.852774  0.935530  0.799494  0.756121  0.169767  0.221824  0.120169  0.102655  0.890407  0.215105  0.807990  0.678127  0.704322  0.460242  0.243908  0.263996  0.484295  0.439924  0.277535  0.690242  0.207302  0.897430  0.843614  0.943531  0.818044  0.802414
  0.933000  0.240563  0.983746  0.047961  0.047474  0.126021  0.060168  0.410293  0.925634  0.740546  0.890302  0.795647  0.733632  0.878891  0.755954  0.779527  0.725417  0.775420  0.833815  0.803559  0.865792  0.777858  0.910252  0.747554  0.461222  0.482371  0.296649  0.731501  0.780451  0.556319  0.639637  0.753463  0.707716  0.741707  0.919502  0.618864  0.677734  0.821461  0.827833  0.657790  0.715555  0.501934  0.781689  0.698935  0.602033  0.737890  0.648643  0.767057  0.784790  0.593143  0.594863  0.660423  0.844441  0.807959  0.792290  0.890935  0.931683  0.522145  0.312810  0.846137  0.366835  0.267882  0.432076  0.898907  0.903372  0.168906  0.474808  0.154552  0.211287  0.231647  0.451621  0.089112  0.236021  0.181336  0.242143  0.273340  0.176631  0.237348  0.256350  0.499851  0.341238  0.795417  0.776881  0.786246  0.885960  0.662707  0.701330  0.770377  0.780401  0.824886  0.866176  0.565034  0.487988  0.468442  0.540677  0.156285  0.839690  0.179617  0.054554  0.082959  0.110394  0.184865  0.039763  0.096360  0.053143  0.059682  0.798137  0.614752  0.846928  0.087355  0.077980  0.863638  0.840548  0.791938  0.581639  0.379774  0.761043  0.792662  0.450286  0.588179  0.265204  0.083264  0.144295  0.764262  0.591658  0.591658  0.326634  0.840603  0.765943  0.678040  0.806783  0.853583  0.607736  0.913987  0.903494  0.849693  0.930437  0.800030  0.758494  0.170125  0.221805  0.118367  0.104071  0.887678  0.213699  0.783456  0.672131  0.705684  0.465202  0.244587  0.266259  0.498224  0.456746  0.280230  0.686366  0.210285  0.888556  0.843303  0.943581  0.817917  0.806294
  0.941000  0.239292  0.982028  0.047137  0.044761  0.128817  0.063760  0.411993  0.924733  0.739217  0.891742  0.793279  0.731990  0.876858  0.757424  0.780626  0.725387  0.781787  0.832832  0.801894  0.863018  0.776277  0.913616  0.747153  0.459072  0.478458  0.294444  0.724119  0.784131  0.552810  0.637345  0.752369  0.698694  0.735966  0.919502  0.617588  0.676093  0.820149  0.826544  0.658940  0.716209  0.502000  0.782935  0.702114  0.605013  0.737486  0.652691  0.767915  0.787587  0.595856  0.596100  0.660326  0.838335  0.809174  0.783319  0.888580  0.937160  0.522193  0.311846  0.846799  0.370198  0.267777  0.433622  0.895836  0.897621  0.161404  0.463535  0.149350  0.203337  0.225748  0.445508  0.085121  0.227603  0.179746  0.238179  0.271022  0.175844  0.235094  0.253332  0.496683  0.334224  0.794258  0.775677  0.786148  0.882450  0.662885  0.704294  0.768599  0.777090  0.826675  0.868880  0.567195  0.487908  0.472568  0.542354  0.158442  0.838032  0.182726  0.056405  0.086026  0.110878  0.187640  0.041878  0.095571  0.056445  0.059813  0.796388  0.618883  0.842212  0.088630  0.078077  0.865762  0.838072  0.789372  0.580264  0.383990  0.760716  0.785430  0.433275  0.571982  0.263334  0.082285  0.148210  0.760384  0.590898  0.590898  0.328056  0.792577  0.770638  0.672774  0.795019  0.844764  0.608033  0.913850  0.898795  0.843406  0.924970  0.802491  0.756145  0.166831  0.220604  0.112633  0.103933  0.887388  0.212076  0.759833  0.668636  0.701113  0.460658  0.242987  0.267444  0.510951  0.467639  0.278602  0.685659  0.206211  0.879491  0.830879  0.942692  0.817900  0.807473
  0.949000  0.236206  0.979427  0.046405  0.044132  0.130369  0.060620  0.411148  0.922849  0.741848  0.892649  0.789159  0.731792  0.873645  0.760956  0.779801  0.726318  0.780698  0.837591  0.804572  0.857106  0.775135  0.912562  0.745984  0.458956  0.491659  0.296035  0.728310  0.782951  0.551202  0.635508  0.749025  0.697100  0.736797  0.911825  0.616704  0.677024  0.816637  0.822880  0.656286  0.715216  0.502819  0.783079  0.702022  0.605665  0.739694  0.651955  0.767681  0.787630  0.598306  0.599407  0.658909  0.831240  0.807812  0.773142  0.883295  0.935470  0.521074  0.311021  0.846148  0.369563  0.265254  0.434257  0.894393  0.899777  0.151151  0.455942  0.141365  0.195080  0.219215  0.440336  0.081192  0.218863  0.178294  0.232916  0.262995  0.172941  0.229650  0.241808  0.485341  0.324665  0.790892  0.774421  0.784051  0.884792  0.660056  0.702142  0.766913  0.775409  0.830771  0.866411  0.571339  0.491921  0.473443  0.545232  0.155599  0.832835  0.185045  0.057569  0.088766  0.104526  0.184282  0.041812  0.094713  0.053994  0.058498  0.777726  0.623081  0.806779  0.084650  0.077396  0.872677  0.835657  0.794248  0.581284  0.381359  0.753544  0.777975  0.418481  0.559948  0.262103  0.082535  0.146323  0.756762  0.589096  0.589096  0.334098  0.725163  0.768975  0.672288  0.777416  0.829973  0.608007  0.911978  0.892384  0.839220  0.922593  0.800675  0.756270  0.164393  0.219912  0.110108  0.102082  0.883586  0.212222  0.760059  0.663199  0.705230  0.458347  0.242603  0.266593  0.523388  0.477979  0.279259  0.682818  0.205357  0.870302  0.815051  0.942566  0.814721  0.803864
  0.957000  0.238693  0.983705  0.046483  0.044783  0.132451  0.061053  0.414725  0.919366  0.743169  0.890844  0.787386  0.727437  0.870646  0.759245  0.772148  0.719373  0.779674  0.836929  0.805117  0.848703  0.774453  0.910788  0.746694  0.458004  0.502360  0.295740  0.727079  0.776650  0.543993  0.633148  0.747050  0.693884  0.733371  0.909646  0.619471  0.674004  0.817281  0.820798  0.657138  0.713538  0.505089  0.777265  0.700150  0.603103  0.736627  0.656125  0.765944  0.786747  0.601195  0.601009  0.660090  0.838925  0.803162  0.764137  0.881044  0.935286  0.520694  0.313839  0.846957  0.366472  0.265422  0.434066  0.889883  0.896783  0.145398  0.446954  0.134464  0.186132  0.209115  0.427279  0.078930  0.208110  0.175545  0.227394  0.259758  0.165772  0.230018  0.228480  0.477952  0.315922  0.787830  0.774770  0.783779  0.878056  0.659525  0.698069  0.765005  0.781036  0.831195  0.871063  0.575061  0.492362  0.476734  0.549042  0.154798  0.828645  0.191720  0.058747  0.088089  0.114194  0.187670  0.042595  0.096365  0.055724  0.060606  0.782584  0.631159  0.826117  0.085797  0.077047  0.868558  0.839891  0.789709  0.584387  0.378416  0.751140  0.768984  0.408853  0.547339  0.261979  0.086260  0.148575  0.749663  0.590587  0.590587  0.336033  0.701879  0.773268  0.674086  0.783979  0.839575  0.601305  0.911119  0.882620  0.840391  0.921957  0.803407  0.759960  0.160712  0.223388  0.106743  0.104382  0.884381  0.213755  0.748672  0.659598  0.703065  0.464601  0.243503  0.267490  0.534426  0.489514  0.282230  0.681345  0.207478  0.847754  0.797567  0.944244  0.815497  0.804461
  0.964000  0.238786  0.981134  0.045169  0.043422  0.137951  0.062554  0.411554  0.920241  0.744366  0.891246  0.786467  0.736744  0.862391  0.760009  0.775279  0.719858  0.782824  0.839323  0.805939  0.841097  0.777314  0.909091  0.747802  0.456675  0.509581  0.294993  0.726594  0.775718  0.544704  0.633999  0.744907  0.692064  0.734794  0.908812  0.622456  0.673842  0.815093  0.819591  0.656450  0.713926  0.506418  0.777038  0.703620  0.608506  0.736358  0.657903  0.764446  0.787208  0.603648  0.601385  0.665031  0.825580  0.799820  0.769951  0.876301  0.928801  0.520039  0.314484  0.849502  0.371141  0.269179  0.435656  0.892408  0.899235  0.138758  0.440722  0.130207  0.178865  0.201880  0.425236  0.076406  0.203732  0.173610  0.223718  0.251917  0.162012  0.228248  0.219821  0.474981  0.313646  0.792078  0.779232  0.788556  0.883875  0.662149  0.698932  0.767855  0.775600  0.837616  0.873903  0.575922  0.491929  0.477783  0.552427  0.158282  0.823639  0.196646  0.062518  0.082972  0.109458  0.190101  0.040727  0.097517  0.054610  0.060848  0.801932  0.637041  0.854201  0.087854  0.077238  0.875342  0.844527  0.796836  0.587142  0.382830  0.748710  0.768093  0.398591  0.537965  0.265850  0.087125  0.145927  0.741337  0.593648  0.593648  0.344586  0.742145  0.774175  0.673349  0.782876  0.840988  0.603282  0.910396  0.872319  0.839537  0.915645  0.804219  0.761445  0.166635  0.223227  0.105493  0.105723  0.879786  0.213792  0.736565  0.654085  0.707731  0.460014  0.243861  0.268741  0.544603  0.498824  0.281400  0.677630  0.205053  0.836913  0.780773  0.945113  0.813571  0.809155
  0.970000  0.236792  0.981137  0.047171  0.046667  0.138729  0.064195  0.414045  0.925403  0.748358  0.893600  0.784871  0.731103  0.853170  0.757590  0.765643  0.722334  0.778797  0.835527  0.806671  0.832558  0.778873  0.912541  0.748412  0.457803  0.511964  0.294615  0.727549  0.777043  0.551244  0.635073  0.745419  0.694545  0.737669  0.907613  0.621425  0.676220  0.813077  0.819332  0.657791  0.717766  0.508293  0.782725  0.705229  0.609716  0.740780  0.658829  0.767904  0.789990  0.611105  0.603509  0.666523  0.831365  0.794745  0.772783  0.873734  0.912746  0.522345  0.315643  0.847216  0.372727  0.265398  0.439810  0.886353  0.892885  0.133124  0.431053  0.124454  0.174562  0.196803  0.421836  0.073819  0.198781  0.172202  0.221131  0.244978  0.161218  0.221494  0.214504  0.466317  0.315108  0.794837  0.779402  0.787701  0.880357  0.658050  0.703733  0.768634  0.775604  0.834901  0.876229  0.580693  0.496737  0.480109  0.550710  0.154667  0.815090  0.199903  0.063719  0.090613  0.116193  0.195441  0.042587  0.098306  0.056959  0.060799  0.800386  0.639636  0.857665  0.083804  0.076207  0.873199  0.842207  0.788818  0.585672  0.377356  0.745854  0.761974  0.390782  0.527982  0.264123  0.092219  0.149733  0.728515  0.594724  0.594724  0.349150  0.786283  0.774343  0.673803  0.785122  0.840793  0.611715  0.912287  0.870531  0.841065  0.915363  0.807142  0.761546  0.161557  0.222984  0.103339  0.105038  0.887804  0.213456  0.714907  0.656997  0.700501  0.461786  0.243940  0.269426  0.552542  0.507009  0.284040  0.679910  0.206047  0.843211  0.785047  0.942552  0.815756  0.806067
  0.976000  0.237851  0.981126  0.045931  0.045204  0.138960  0.063966  0.415929  0.923634  0.748198  0.894099  0.783089  0.734141  0.842742  0.761069  0.767352  0.725703  0.783240  0.841674  0.809669  0.822482  0.779297  0.912479  0.748017  0.457778  0.509919  0.296648  0.730555  0.779955  0.555551  0.638632  0.750312  0.700783  0.735836  0.913194  0.623576  0.680844  0.816801  0.821274  0.665168  0.719029  0.509127  0.786113  0.706366  0.614134  0.742271  0.661944  0.771306  0.792597  0.613820  0.606141  0.668240  0.839155  0.794019  0.779674  0.872363  0.923024  0.520836  0.317024  0.847849  0.373464  0.265307  0.440970  0.889247  0.894813  0.128724  0.426372  0.119770  0.167768  0.188456  0.412752  0.070600  0.192167  0.171488  0.219578  0.241890  0.155610  0.221392  0.209597  0.465015  0.317497  0.794574  0.774149  0.785936  0.884310  0.660021  0.709140  0.767118  0.777737  0.837007  0.877831  0.579852  0.497174  0.481286  0.553632  0.154377  0.808285  0.203270  0.064886  0.090027  0.113328  0.194172  0.041304  0.096227  0.055697  0.060891  0.800991  0.646145  0.860134  0.084528  0.078966  0.881887  0.841298  0.792396  0.586577  0.379543  0.744721  0.756734  0.381725  0.521588  0.263076  0.092292  0.149503  0.717635  0.592472  0.592472  0.351344  0.843985  0.773595  0.674152  0.789028  0.841156  0.615443  0.910857  0.872324  0.839070  0.917746  0.803392  0.764766  0.162994  0.222311  0.103815  0.106013  0.885266  0.210927  0.716099  0.651164  0.705507  0.460080  0.243355  0.268824  0.560533  0.511960  0.281829  0.675815  0.206378  0.850402  0.789917  0.945944  0.812255  0.809052
  0.982000  0.239465  0.980275  0.045703  0.043792  0.141907  0.063521  0.417463  0.923667  0.744753  0.889400  0.782908  0.734964  0.842359  0.762897  0.762987  0.726701  0.780951  0.841667  0.807855  0.810893  0.776901  0.911659  0.749636  0.458802  0.511409  0.296655  0.729281  0.781005  0.555362  0.641911  0.750524  0.702112  0.738945  0.915362  0.624160  0.680322  0.811396  0.824013  0.666044  0.721326  0.510724  0.790086  0.709508  0.614807  0.747814  0.665689  0.775383  0.796374  0.618367  0.608817  0.668137  0.845269  0.791853  0.781539  0.868857  0.940706  0.519368  0.317134  0.849162  0.373190  0.269308  0.440812  0.891785  0.896546  0.123942  0.420940  0.115808  0.161824  0.184516  0.404470  0.068312  0.189413  0.167972  0.214801  0.240920  0.152422  0.216157  0.200969  0.455639  0.318941  0.795812  0.778468  0.787260  0.881187  0.659904  0.711441  0.766015  0.778422  0.838524  0.876438  0.583058  0.499010  0.486260  0.555240  0.154384  0.792851  0.207848  0.067926  0.085396  0.112102  0.191386  0.041155  0.096423  0.055765  0.060899  0.800910  0.646891  0.861056  0.083027  0.078002  0.888282  0.841234  0.793435  0.589791  0.378885  0.741065  0.754188  0.377204  0.513295  0.263701  0.093780  0.148497  0.710896  0.596153  0.596153  0.353979  0.877724  0.776963  0.676684  0.788418  0.843129  0.619410  0.909199  0.868849  0.841222  0.919921  0.806321  0.767664  0.162917  0.223277  0.102498  0.104769  0.884867  0.210880  0.704786  0.648035  0.706223  0.458651  0.245185  0.269372  0.565491  0.517975  0.283063  0.678750  0.205879  0.856264  0.795978  0.941679  0.813026  0.808110
  0.988000  0.237932  0.980275  0.045221  0.044629  0.142501  0.062828  0.417956  0.924526  0.744182  0.892873  0.781619  0.733030  0.848046  0.758598  0.759405  0.727648  0.782461  0.843105  0.807086  0.803454  0.781065  0.915092  0.750454  0.458048  0.514944  0.294615  0.732492  0.787210  0.558437  0.642904  0.752755  0.706022  0.740524  0.919151  0.627889  0.681560  0.812856  0.823813  0.669506  0.720949  0.513739  0.792518  0.710473  0.616901  0.748928  0.666690  0.777407  0.798911  0.622451  0.610782  0.670498  0.846927  0.794291  0.784722  0.869655  0.942230  0.519670  0.316774  0.847643  0.376267  0.267813  0.446437  0.886256  0.891010  0.120405  0.414190  0.112199  0.157587  0.180100  0.403953  0.067161  0.183823  0.166302  0.215139  0.231894  0.152867  0.216138  0.197619  0.449705  0.322665  0.798571  0.776515  0.783959  0.881770  0.658081  0.713847  0.764559  0.776667  0.838799  0.877714  0.582870  0.499011  0.483097  0.554237  0.155564  0.785512  0.209882  0.067691  0.086128  0.114741  0.196167  0.040475  0.098985  0.054428  0.061924  0.803833  0.654444  0.862773  0.083847  0.076497  0.884192  0.841866  0.791791  0.590632  0.379716  0.739353  0.747759  0.371345  0.507678  0.261945  0.093652  0.150761  0.711827  0.594271  0.594271  0.357843  0.889653  0.778099  0.676723  0.795561  0.841913  0.621881  0.910817  0.875754  0.840643  0.922803  0.814549  0.767686  0.163010  0.222946  0.101144  0.107381  0.890755  0.209749  0.688803  0.646679  0.702798  0.460444  0.243373  0.270138  0.573185  0.522197  0.282947  0.674652  0.206000  0.866489  0.810191  0.942537  0.812792  0.809018
  0.994000  0.239514  0.979411  0.045337  0.042602  0.144270  0.064209  0.419538  0.925349  0.735876  0.887398  0.778302  0.733224  0.855565  0.757974  0.753490  0.724256  0.778689  0.840744  0.805440  0.796997  0.779251  0.915052  0.751093  0.458988  0.508229  0.300183  0.733686  0.786595  0.558758  0.646275  0.756651  0.706530  0.738972  0.917678  0.626335  0.682107  0.815424  0.825801  0.670840  0.723675  0.514457  0.791384  0.713105  0.618667  0.747842  0.667918  0.777063  0.799511  0.623842  0.612572  0.669499  0.847230  0.791757  0.788133  0.872958  0.947043  0.521215  0.316146  0.848137  0.378670  0.270981  0.451398  0.882264  0.890155  0.116272  0.409572  0.108502  0.152428  0.177425  0.397147  0.066079  0.175804  0.163659  0.210030  0.229746  0.149258  0.212476  0.191464  0.446869  0.322181  0.799775  0.775572  0.782623  0.882533  0.659272  0.717143  0.768025  0.775790  0.838323  0.879672  0.584954  0.503556  0.486618  0.555398  0.154103  0.811767  0.214058  0.070819  0.084673  0.116291  0.198709  0.041545  0.100191  0.056795  0.061977  0.803746  0.657400  0.862706  0.085490  0.079002  0.885492  0.842573  0.788553  0.588995  0.382021  0.733988  0.745744  0.363523  0.502670  0.261068  0.096921  0.151045  0.720459  0.596094  0.596094  0.360261  0.894420  0.777315  0.678124  0.796648  0.843993  0.625362  0.910064  0.876652  0.843084  0.924057  0.813425  0.769247  0.163250  0.222806  0.097871  0.106563  0.889005  0.209881  0.673590  0.641342  0.704618  0.457698  0.244266  0.271306  0.578253  0.526897  0.284538  0.673987  0.205307  0.872594  0.819038  0.942511  0.811286  0.809849
  1.000000  0.241202  0.981975  0.044620  0.044012  0.146312  0.063557  0.418064  0.923568  0.731316  0.882520  0.778002  0.733352  0.860467  0.760647  0.757505  0.727606  0.782735  0.839299  0.808494  0.794459  0.779664  0.913261  0.752446  0.458569  0.504848  0.296366  0.736144  0.788775  0.556889  0.645740  0.756225  0.707848  0.744268  0.920979  0.630264  0.682565  0.814484  0.828559  0.672159  0.721673  0.514393  0.793873  0.713648  0.620843  0.749261  0.669810  0.779067  0.802002  0.627890  0.613904  0.671560  0.849154  0.800901  0.789634  0.876098  0.947789  0.521377  0.317376  0.849876  0.380498  0.273302  0.454969  0.881588  0.890208  0.111603  0.401563  0.104151  0.148127  0.171382  0.390723  0.061381  0.173899  0.162424  0.204682  0.225220  0.147041  0.209477  0.188032  0.439767  0.324475  0.801731  0.777418  0.782254  0.882127  0.659341  0.716011  0.765996  0.777113  0.842891  0.878784  0.586997  0.501988  0.483210  0.555218  0.152978  0.824006  0.218280  0.073333  0.087573  0.117633  0.197714  0.041173  0.096969  0.056272  0.059911  0.803543  0.660698  0.868596  0.085203  0.077789  0.887155  0.841635  0.796112  0.593656  0.379593  0.733229  0.739070  0.358730  0.500000  0.263276  0.097309  0.149500  0.727018  0.594543  0.594543  0.364953  0.891850  0.782333  0.678402  0.795743  0.843287  0.628708  0.909115  0.878901  0.847562  0.927368  0.818749  0.773692  0.160341  0.220191  0.098089  0.106490  0.888603  0.210800  0.658022  0.636267  0.705249  0.460284  0.243317  0.270819  0.580396  0.530726  0.283385  0.672164  0.204712  0.873874  0.825629  0.941605  0.811603  0.811727
  1.006000  0.239591  0.980264  0.046236  0.044122  0.147341  0.066037  0.417762  0.926171  0.719994  0.880466  0.775975  0.732688  0.871651  0.759376  0.752457  0.729453  0.781302  0.841059  0.810744  0.793953  0.780964  0.914151  0.754037  0.459008  0.498333  0.298753  0.737423  0.793117  0.561131  0.649224  0.755861  0.711775  0.746733  0.922806  0.632638  0.686035  0.815411  0.829238  0.672248  0.722147  0.517183  0.795037  0.712570  0.620919  0.750468  0.672739  0.777442  0.803061  0.631377  0.615011  0.671733  0.849150  0.805168  0.790913  0.879249  0.950957  0.518323  0.316366  0.850071  0.383737  0.275965  0.456317  0.880328  0.890123  0.109838  0.397304  0.102118  0.144071  0.166543  0.387090  0.062493  0.168995  0.160834  0.204056  0.222737  0.143437  0.205234  0.180588  0.441909  0.325329  0.800694  0.776790  0.782343  0.883923  0.661563  0.717829  0.765304  0.776342  0.840430  0.880401  0.584092  0.502693  0.487998  0.557820  0.154258  0.827822  0.222388  0.075003  0.097679  0.118338  0.197532  0.042652  0.098357  0.054492  0.061987  0.802772  0.664284  0.868644  0.086592  0.079023  0.891741  0.841640  0.793254  0.593373  0.381019  0.728347  0.736332  0.355171  0.494469  0.263615  0.097944  0.152235  0.734945  0.594765  0.594765  0.369290  0.887608  0.780042  0.680798  0.796651  0.844737  0.632921  0.908074  0.886072  0.847100  0.924631  0.816742  0.776559  0.162076  0.222626  0.096916  0.107716  0.887841  0.211589  0.641839  0.629693  0.704562  0.459599  0.244109  0.272447  0.585396  0.535216  0.285555  0.676846  0.206465  0.882533  0.834495  0.943344  0.810756  0.812183
  1.012000  0.238740  0.982818  0.044857  0.042165  0.148178  0.063331  0.418247  0.925170  0.705761  0.874325  0.772896  0.735313  0.872330  0.757448  0.748900  0.728385  0.779673  0.840409  0.809857  0.797284  0.780496  0.916566  0.751600  0.457211  0.494528  0.300983  0.734420  0.792306  0.562929  0.647698  0.756722  0.712849  0.745206  0.921339  0.632506  0.687348  0.815640  0.827685  0.674043  0.721902  0.516844  0.792549  0.713555  0.621589  0.752278  0.669992  0.779093  0.803101  0.630894  0.614274  0.672012  0.846927  0.806700  0.791757  0.882551  0.949295  0.517017  0.315019  0.850935  0.385471  0.277183  0.461515  0.878830  0.886388  0.106080  0.392971  0.098314  0.140862  0.166211  0.384113  0.059627  0.165474  0.158063  0.200792  0.223165  0.143216  0.204051  0.175897  0.436257  0.325242  0.800127  0.778188  0.782871  0.882879  0.661718  0.717874  0.763089  0.776013  0.840499  0.880441  0.585945  0.504264  0.484361  0.557514  0.152877  0.828072  0.225272  0.077795  0.086238  0.116148  0.198891  0.040390  0.095624  0.055492  0.060399  0.804040  0.663999  0.869244  0.082193  0.076828  0.891967  0.841410  0.792540  0.593327  0.378681  0.730889  0.732352  0.351164  0.491199  0.261751  0.099466  0.149892  0.738584  0.594482  0.594482  0.372173  0.882638  0.780331  0.684210  0.796923  0.843090  0.635846  0.908335  0.885682  0.848185  0.926823  0.821892  0.775670  0.160165  0.220233  0.096906  0.107685  0.885682  0.211183  0.624548  0.624031  0.707239  0.461286  0.243832  0.273070  0.588317  0.537041  0.283327  0.671604  0.202771  0.888335  0.834661  0.944100  0.812075  0.809657
  1.018000  0.239256  0.980232  0.043370  0.041896  0.149455  0.063576  0.416417  0.927717  0.693402  0.869630  0.769347  0.732188  0.878505  0.757329  0.747272  0.727430  0.780763  0.839214  0.810279  0.799938  0.778936  0.916525  0.752547  0.457192  0.487071  0.298340  0.735217  0.794661  0.564938  0.650175  0.758810  0.716379  0.746190  0.921764  0.634810  0.688031  0.815627  0.830908  0.674552  0.723396  0.518074  0.793435  0.715452  0.622181  0.752992  0.669204  0.780083  0.803111  0.634115  0.616693  0.671119  0.846304  0.812247  0.791269  0.885754  0.947641  0.518825  0.315310  0.847681  0.391075  0.278427  0.461784  0.873153  0.886352  0.102900  0.389249  0.097361  0.138970  0.162721  0.382645  0.058696  0.162762  0.156920  0.198711  0.221488  0.141418  0.201339  0.174597  0.431688  0.325567  0.801298  0.778226  0.782362  0.877642  0.660856  0.717734  0.760958  0.778466  0.839304  0.881151  0.586308  0.504003  0.484378  0.556835  0.152976  0.829279  0.228909  0.078186  0.086374  0.118030  0.197895  0.039965  0.100121  0.056743  0.062463  0.802588  0.668987  0.871758  0.085623  0.077664  0.892727  0.842272  0.790639  0.596409  0.378928  0.726782  0.728074  0.348086  0.490124  0.260960  0.100824  0.150786  0.743751  0.593482  0.593482  0.376747  0.876061  0.783078  0.685886  0.799103  0.844171  0.637909  0.907798  0.897237  0.849273  0.928166  0.824558  0.777483  0.156926  0.221520  0.096677  0.106751  0.888359  0.210080  0.605859  0.619360  0.705612  0.461068  0.242999  0.271445  0.591625  0.539342  0.285375  0.669964  0.205207  0.895462  0.845035  0.940630  0.807669  0.809335
  1.023500  0.240499  0.986251  0.044355  0.044243  0.151121  0.067646  0.418591  0.927653  0.678008  0.858424  0.768314  0.739097  0.880398  0.760189  0.744775  0.731615  0.783985  0.841944  0.811342  0.807415  0.780439  0.918173  0.753971  0.456914  0.489053  0.302738  0.736027  0.794934  0.565299  0.652264  0.762918  0.717277  0.746912  0.924722  0.639439  0.691117  0.820106  0.830995  0.674182  0.723652  0.520146  0.795581  0.714412  0.623277  0.754561  0.673392  0.782618  0.805933  0.634081  0.616151  0.678675  0.848419  0.810240  0.792394  0.889919  0.952546  0.519156  0.315087  0.849199  0.395067  0.281770  0.467251  0.875656  0.884850  0.103249  0.389945  0.095461  0.135674  0.158679  0.376953  0.058434  0.163294  0.156505  0.194816  0.216246  0.134497  0.199888  0.173351  0.432472  0.327043  0.802160  0.777906  0.781639  0.890619  0.661886  0.720392  0.763514  0.776047  0.842845  0.882627  0.586266  0.504717  0.485989  0.560623  0.156354  0.829096  0.234519  0.082752  0.087382  0.118013  0.193911  0.041371  0.097858  0.058413  0.061743  0.805627  0.667591  0.875086  0.088140  0.078529  0.899813  0.842992  0.794081  0.596511  0.380938  0.728503  0.729709  0.345964  0.493380  0.260632  0.104107  0.150117  0.747936  0.596017  0.596017  0.379952  0.872062  0.783386  0.690544  0.799825  0.844667  0.641478  0.908462  0.899849  0.851951  0.931124  0.825847  0.782030  0.159959  0.221623  0.096977  0.109791  0.888355  0.214763  0.595056  0.609947  0.711334  0.457275  0.244431  0.272434  0.597329  0.543955  0.283619  0.672896  0.203076  0.892776  0.845299  0.943164  0.809838  0.810965
  1.028500  0.242377  0.981106  0.043095  0.040030  0.153210  0.065925  0.419342  0.925199  0.663185  0.855554  0.767960  0.737058  0.876371  0.758928  0.743448  0.731298  0.778638  0.839478  0.812981  0.814502  0.782792  0.917458  0.753286  0.457973  0.482807  0.302807  0.738654  0.794935  0.563612  0.652835  0.759976  0.722091  0.753479  0.926978  0.639826  0.691619  0.817168  0.833312  0.677692  0.723853  0.518519  0.795654  0.716389  0.623205  0.755925  0.673277  0.781637  0.806673  0.637089  0.618922  0.676455  0.847250  0.815775  0.795520  0.891515  0.952480  0.518418  0.317297  0.849908  0.396063  0.282443  0.467827  0.875388  0.882408  0.102811  0.385429  0.094055  0.134286  0.157030  0.375766  0.059042  0.159257  0.154764  0.195268  0.215444  0.135464  0.200433  0.170893  0.429317  0.329459  0.804862  0.776378  0.783206  0.885558  0.662571  0.722414  0.761579  0.776909  0.842538  0.882894  0.587729  0.506813  0.486767  0.558407  0.155117  0.830498  0.236615  0.083659  0.092424  0.119154  0.196446  0.040749  0.099757  0.056326  0.065541  0.804921  0.671101  0.874452  0.085738  0.078405  0.896808  0.839937  0.794928  0.598765  0.382290  0.726512  0.725393  0.344811  0.489917  0.260738  0.104989  0.151749  0.750420  0.592551  0.592551  0.384786  0.862097  0.783841  0.690946  0.800915  0.842421  0.644555  0.907478  0.903552  0.848235  0.931554  0.828424  0.782736  0.161147  0.221537  0.094556  0.109072  0.884137  0.215417  0.579018  0.602972  0.710418  0.459111  0.242111  0.270793  0.597957  0.543019  0.287301  0.667483  0.202493  0.891197  0.848925  0.943261  0.808889  0.813927
  1.033500  0.241092  0.981983  0.046038  0.043915  0.153302  0.066287  0.418156  0.924436  0.640834  0.846151  0.764377  0.735687  0.882065  0.755820  0.740630  0.726249  0.777302  0.840939  0.809255  0.821831  0.781669  0.916706  0.755732  0.458861  0.478175  0.302994  0.736251  0.794211  0.564906  0.654444  0.760565  0.722084  0.745575  0.926827  0.640278  0.692195  0.815096  0.834561  0.674655  0.724842  0.518633  0.794944  0.715956  0.622757  0.753082  0.672547  0.784309  0.807512  0.637939  0.617410  0.674547  0.848640  0.814028  0.796517  0.894826  0.949192  0.519285  0.314769  0.850123  0.399684  0.285495  0.475694  0.872218  0.881476  0.099937  0.383370  0.092117  0.133922  0.154553  0.373986  0.058690  0.160621  0.155367  0.195273  0.211102  0.136456  0.197535  0.167674  0.426107  0.329327  0.806189  0.782497  0.782975  0.882464  0.660778  0.722443  0.761669  0.778259  0.841208  0.885618  0.585719  0.505762  0.484466  0.558439  0.157206  0.832383  0.240631  0.087264  0.093112  0.116367  0.197535  0.042082  0.100274  0.058062  0.062739  0.807078  0.671363  0.876337  0.083079  0.079848  0.898283  0.842906  0.792852  0.600133  0.382130  0.725511  0.722247  0.342790  0.493814  0.261021  0.104166  0.154741  0.752865  0.593180  0.593180  0.386637  0.850598  0.785762  0.692669  0.800093  0.844981  0.646936  0.906827  0.904188  0.850809  0.934139  0.827015  0.784794  0.158734  0.220126  0.096670  0.109263  0.890029  0.216797  0.563473  0.601011  0.702970  0.456786  0.245338  0.272614  0.599948  0.544959  0.286241  0.673663  0.200580  0.900648  0.850915  0.939897  0.808007  0.810129
  1.038500  0.241088  0.981959  0.044603  0.042311  0.152443  0.069848  0.417965  0.922577  0.624340  0.841583  0.763791  0.735960  0.881187  0.759386  0.736320  0.729833  0.778758  0.840476  0.811006  0.828164  0.783075  0.919995  0.753395  0.456971  0.478273  0.304470  0.738771  0.795386  0.566618  0.655138  0.760814  0.724136  0.749930  0.927466  0.645933  0.692672  0.817412  0.834155  0.677918  0.725994  0.519309  0.794806  0.716963  0.626935  0.756319  0.672868  0.785039  0.807473  0.634555  0.618791  0.677804  0.847049  0.816180  0.796952  0.897569  0.949958  0.518373  0.315192  0.850579  0.403841  0.285715  0.478064  0.874984  0.883184  0.100181  0.380768  0.091852  0.130184  0.155497  0.372380  0.058123  0.155984  0.153599  0.191388  0.207136  0.135427  0.197084  0.169149  0.424363  0.330622  0.804729  0.778942  0.783636  0.883093  0.662208  0.724362  0.760652  0.777331  0.842909  0.886928  0.586950  0.506024  0.485481  0.558282  0.153462  0.835066  0.243703  0.088644  0.085722  0.119516  0.197445  0.041821  0.099068  0.056534  0.064166  0.806169  0.675545  0.878687  0.086049  0.078749  0.900303  0.842802  0.794074  0.598964  0.381872  0.726274  0.721885  0.342265  0.495392  0.260013  0.107249  0.152503  0.756554  0.593937  0.593937  0.390065  0.832495  0.787216  0.697069  0.800178  0.845516  0.648082  0.909165  0.905963  0.852894  0.931124  0.831243  0.789047  0.156525  0.221876  0.095381  0.109265  0.886496  0.219055  0.548641  0.592633  0.708659  0.457527  0.246289  0.273768  0.602202  0.546893  0.285143  0.672182  0.201436  0.893575  0.854110  0.940650  0.807753  0.812059
  1.043500  0.243391  0.981943  0.044788  0.042791  0.153236  0.066724  0.417701  0.924220  0.613098  0.837123  0.761270  0.735559  0.887194  0.759546  0.738174  0.731681  0.781910  0.842328  0.810188  0.832778  0.782154  0.921635  0.755791  0.458374  0.470259  0.308303  0.740309  0.796111  0.564279  0.656847  0.760951  0.727795  0.748438  0.924358  0.643123  0.692173  0.818164  0.833621  0.677782  0.726247  0.519584  0.794767  0.715150  0.626740  0.757374  0.673892  0.785975  0.807135  0.641226  0.617315  0.677843  0.848142  0.820791  0.795779  0.897479  0.953181  0.516655  0.316058  0.850002  0.406675  0.289054  0.482349  0.872266  0.883628  0.097386  0.379007  0.091643  0.130931  0.153252  0.369928  0.056656  0.156806  0.153615  0.193448  0.210146  0.133834  0.198438  0.166771  0.424641  0.329504  0.805952  0.781381  0.780745  0.882366  0.660300  0.724999  0.759931  0.778872  0.841336  0.885114  0.587140  0.506986  0.485409  0.558001  0.157347  0.832011  0.248025  0.089516  0.088031  0.122583  0.197984  0.042758  0.099658  0.056775  0.064912  0.806153  0.677738  0.882004  0.083248  0.079615  0.901123  0.845127  0.794985  0.601463  0.384355  0.726065  0.721499  0.340735  0.499837  0.259889  0.107624  0.155294  0.754657  0.593851  0.593851  0.392655  0.816014  0.788305  0.697192  0.803733  0.844588  0.651782  0.904938  0.910240  0.851502  0.932579  0.829091  0.784906  0.158700  0.218789  0.095487  0.108580  0.885421  0.220922  0.536990  0.589098  0.710850  0.456439  0.244512  0.274465  0.602156  0.549897  0.288166  0.672242  0.203603  0.899603  0.856436  0.941451  0.808018  0.811307
  1.048500  0.243665  0.981077  0.043282  0.041692  0.155007  0.069573  0.418829  0.923351  0.596039  0.829165  0.760425  0.742195  0.885419  0.756525  0.734895  0.733453  0.778786  0.838808  0.811498  0.839561  0.782822  0.918181  0.755183  0.457194  0.457854  0.308429  0.737526  0.796560  0.565611  0.657924  0.758183  0.725827  0.751968  0.923164  0.645027  0.691459  0.820305  0.834795  0.678222  0.725498  0.521144  0.796470  0.716935  0.626674  0.752499  0.672674  0.783134  0.806327  0.638878  0.619344  0.677542  0.848957  0.818840  0.796794  0.898459  0.953971  0.518593  0.316000  0.849860  0.411005  0.291803  0.488623  0.871703  0.878733  0.097717  0.379263  0.090932  0.130511  0.151704  0.366173  0.056152  0.154678  0.150255  0.187479  0.206430  0.130601  0.196174  0.169727  0.428666  0.330530  0.806255  0.780656  0.781453  0.881527  0.661973  0.725690  0.758716  0.777907  0.842503  0.888195  0.585959  0.506906  0.483089  0.558252  0.157652  0.834189  0.251206  0.093323  0.088867  0.115748  0.194453  0.039688  0.100738  0.058102  0.064757  0.806772  0.677739  0.880271  0.086519  0.079407  0.901624  0.844217  0.791673  0.601898  0.381932  0.725358  0.718724  0.343222  0.500844  0.262821  0.107706  0.150782  0.757065  0.594932  0.594932  0.396568  0.795566  0.787510  0.698569  0.803352  0.845112  0.653941  0.903827  0.916443  0.852586  0.932305  0.830117  0.787969  0.157562  0.218744  0.097045  0.108707  0.890737  0.222901  0.520761  0.579261  0.709660  0.460929  0.245482  0.272529  0.607061  0.550537  0.286665  0.670116  0.199888  0.901374  0.855371  0.942306  0.807119  0.812990
  1.053500  0.242921  0.981081  0.042920  0.042046  0.154868  0.069712  0.418457  0.926835  0.586159  0.828089  0.757323  0.740653  0.886396  0.756070  0.733260  0.732719  0.778339  0.838835  0.813139  0.843743  0.782340  0.917364  0.754146  0.457941  0.446920  0.305102  0.739782  0.799093  0.566605  0.658176  0.761363  0.727345  0.751578  0.926328  0.648795  0.696712  0.820326  0.836112  0.678966  0.724656  0.520474  0.795906  0.718951  0.624884  0.756075  0.672643  0.782951  0.808280  0.638350  0.618940  0.677760  0.846567  0.822924  0.795687  0.900699  0.949881  0.517978  0.314478  0.850523  0.414361  0.294151  0.490384  0.869759  0.878414  0.097258  0.379157  0.089895  0.128848  0.150232  0.368513  0.055046  0.156071  0.149145  0.190463  0.207423  0.132110  0.192728  0.167720  0.427047  0.331064  0.806303  0.779836  0.781270  0.883463  0.660116  0.726000  0.758456  0.777811  0.843703  0.889768  0.586630  0.504975  0.482802  0.557814  0.155440  0.832908  0.254415  0.096412  0.088635  0.110182  0.192547  0.042493  0.102342  0.061322  0.065782  0.806688  0.680228  0.885506  0.085103  0.079121  0.902937  0.846491  0.794928  0.603759  0.381470  0.727334  0.717862  0.342007  0.507866  0.260806  0.109709  0.153206  0.757830  0.592956  0.592956  0.399534  0.765413  0.788361  0.698490  0.802899  0.843205  0.656866  0.903158  0.910307  0.852138  0.931814  0.833055  0.792071  0.155891  0.218376  0.096809  0.107267  0.889938  0.227115  0.505432  0.569970  0.712254  0.458214  0.245324  0.272909  0.605387  0.550935  0.286400  0.672877  0.201737  0.896137  0.861067  0.939751  0.808551  0.815553
  1.058500  0.245731  0.981064  0.044803  0.041721  0.155936  0.070247  0.418449  0.923328  0.582381  0.824212  0.755264  0.739593  0.883740  0.757403  0.731638  0.733627  0.781179  0.844100  0.809779  0.846717  0.780623  0.919020  0.754310  0.456697  0.429418  0.309723  0.737988  0.798989  0.567688  0.660736  0.757818  0.730221  0.750416  0.925683  0.650171  0.695770  0.819059  0.836655  0.680120  0.725986  0.519760  0.798377  0.719339  0.628305  0.756972  0.675321  0.783382  0.811341  0.637799  0.621866  0.678564  0.847490  0.822856  0.796370  0.898938  0.951444  0.516400  0.312616  0.852534  0.416852  0.295823  0.492882  0.870860  0.879539  0.095580  0.379140  0.088686  0.128554  0.149889  0.367944  0.053770  0.156127  0.149618  0.189034  0.206859  0.127650  0.189848  0.165620  0.427610  0.329635  0.806566  0.781868  0.783383  0.884511  0.661267  0.727714  0.760424  0.779172  0.844914  0.889069  0.586254  0.504101  0.485468  0.558514  0.159110  0.834452  0.258875  0.098717  0.093206  0.117706  0.198798  0.042983  0.101919  0.058566  0.064749  0.807293  0.675991  0.885412  0.081771  0.080641  0.906298  0.844008  0.793745  0.602123  0.379967  0.725905  0.718839  0.343363  0.513312  0.263592  0.110575  0.154847  0.759522  0.590906  0.590906  0.404994  0.736176  0.788806  0.704197  0.801068  0.844748  0.659034  0.904962  0.916505  0.852220  0.932994  0.832749  0.789079  0.155675  0.218173  0.097023  0.106882  0.887282  0.234055  0.489807  0.562286  0.711839  0.460625  0.245029  0.272180  0.609987  0.552059  0.288033  0.674219  0.199124  0.897908  0.859741  0.942286  0.805350  0.814043
  1.063500  0.244404  0.978478  0.042224  0.041398  0.155378  0.069077  0.419176  0.923346  0.582805  0.823897  0.753627  0.742386  0.885402  0.757642  0.730650  0.730830  0.779308  0.843494  0.810563  0.848970  0.782737  0.921624  0.755695  0.457589  0.403040  0.306987  0.738623  0.800983  0.569141  0.660397  0.763793  0.731209  0.752352  0.927169  0.650482  0.697711  0.820664  0.836685  0.678856  0.726917  0.519788  0.794429  0.719342  0.627828  0.757707  0.673150  0.785442  0.809118  0.637236  0.619319  0.679907  0.846780  0.822810  0.797369  0.899610  0.952241  0.517165  0.311140  0.850987  0.420869  0.298021  0.499754  0.867237  0.874368  0.098634  0.379706  0.089608  0.128697  0.153966  0.367978  0.052638  0.156949  0.150343  0.189196  0.203722  0.131142  0.192366  0.166826  0.427934  0.330347  0.807070  0.779859  0.780099  0.882854  0.658097  0.729795  0.759340  0.777474  0.841237  0.892225  0.587587  0.506458  0.482573  0.559668  0.158845  0.832858  0.261085  0.101598  0.088431  0.119550  0.194087  0.042244  0.101495  0.060361  0.066215  0.809520  0.680116  0.883721  0.085709  0.080267  0.905062  0.845475  0.793121  0.602978  0.382468  0.724443  0.714105  0.344220  0.516246  0.261744  0.112926  0.155378  0.759008  0.589619  0.589619  0.405470  0.696303  0.788632  0.702584  0.803247  0.847655  0.661229  0.904306  0.914652  0.853126  0.929914  0.837198  0.790388  0.155595  0.216545  0.095161  0.108174  0.885402  0.232961  0.477337  0.553629  0.709977  0.458526  0.244061  0.273937  0.610338  0.552334  0.288690  0.672582  0.197659  0.902243  0.859785  0.940575  0.805734  0.816266
  1.068500  0.244720  0.979326  0.045159  0.043745  0.156192  0.069441  0.417325  0.922447  0.588326  0.825975  0.748269  0.740283  0.885009  0.756055  0.728567  0.731181  0.781739  0.838246  0.811945  0.848653  0.783029  0.920723  0.757177  0.456947  0.370061  0.307787  0.739743  0.797627  0.571003  0.662408  0.763162  0.732881  0.752093  0.927651  0.653564  0.700130  0.822476  0.836568  0.680425  0.724835  0.519014  0.795383  0.721768  0.628130  0.756980  0.671564  0.785613  0.811344  0.638228  0.623599  0.678736  0.845540  0.822895  0.798892  0.902395  0.949727  0.517491  0.311752  0.850901  0.424037  0.301618  0.503736  0.862940  0.874836  0.099297  0.380656  0.089689  0.128968  0.157950  0.370149  0.055615  0.157013  0.146085  0.188290  0.206330  0.127610  0.190192  0.168184  0.428746  0.330346  0.808037  0.780968  0.780809  0.880243  0.659477  0.729343  0.757676  0.777667  0.839598  0.890995  0.586003  0.507429  0.480371  0.554992  0.158094  0.835241  0.264914  0.104379  0.085314  0.125345  0.199611  0.042738  0.102776  0.060102  0.065722  0.807342  0.684508  0.884527  0.086740  0.081055  0.904306  0.845606  0.794987  0.604605  0.382647  0.724660  0.715007  0.346296  0.519664  0.265447  0.111922  0.154077  0.757550  0.591070  0.591070  0.409213  0.638990  0.789910  0.704882  0.805507  0.845916  0.664214  0.901388  0.915253  0.852298  0.930396  0.836350  0.792855  0.155120  0.217739  0.096189  0.107322  0.890346  0.238393  0.462617  0.548142  0.708290  0.460009  0.245030  0.274512  0.613237  0.555567  0.287419  0.676502  0.197487  0.905469  0.862504  0.943130  0.806521  0.814070
  1.073500  0.244611  0.977604  0.044311  0.041598  0.154373  0.069348  0.417576  0.920745  0.590957  0.824753  0.748303  0.736851  0.884441  0.753512  0.722892  0.731448  0.779090  0.838979  0.810422  0.847957  0.782136  0.919022  0.756821  0.457117  0.335003  0.307445  0.741660  0.800514  0.568550  0.662624  0.758402  0.734982  0.753919  0.926732  0.653469  0.700675  0.820897  0.838013  0.682749  0.726593  0.521402  0.798179  0.718644  0.628286  0.757977  0.671001  0.786583  0.810646  0.635455  0.621504  0.680807  0.845722  0.823396  0.797706  0.901898  0.952128  0.516779  0.311228  0.852758  0.427345  0.302626  0.508473  0.862305  0.871401  0.100000  0.382788  0.090100  0.130329  0.155924  0.370637  0.056337  0.157405  0.146790  0.185590  0.208204  0.129515  0.186856  0.170667  0.434219  0.328965  0.808316  0.781852  0.779059  0.882208  0.660277  0.730622  0.758433  0.776864  0.842762  0.890880  0.586411  0.505138  0.480000  0.558712  0.158666  0.834160  0.267816  0.106380  0.085107  0.115315  0.199156  0.041487  0.101568  0.060110  0.064212  0.808103  0.683589  0.881977  0.083227  0.080090  0.904813  0.845589  0.793949  0.606282  0.380767  0.723892  0.714587  0.347567  0.526471  0.260743  0.114527  0.155475  0.760578  0.591361  0.591361  0.414381  0.574380  0.789753  0.705798  0.803408  0.847293  0.666720  0.902422  0.911358  0.854773  0.934965  0.837627  0.792562  0.153533  0.215863  0.095630  0.109231  0.886485  0.241881  0.450550  0.538258  0.707762  0.459151  0.244573  0.274296  0.612757  0.555971  0.286860  0.675683  0.197849  0.901586  0.861789  0.940559  0.807681  0.815286
  1.078500  0.246191  0.983615  0.043477  0.041324  0.155315  0.069455  0.417222  0.924935  0.599010  0.830875  0.744851  0.742118  0.885215  0.754390  0.721905  0.731650  0.780649  0.841198  0.810074  0.849085  0.783453  0.920621  0.755914  0.459002  0.321522  0.307896  0.740207  0.799434  0.570669  0.662638  0.758957  0.736365  0.749810  0.929260  0.657708  0.703073  0.822592  0.836901  0.684018  0.727174  0.523928  0.797121  0.721357  0.628489  0.756340  0.672942  0.788230  0.810746  0.637065  0.621206  0.679117  0.844986  0.824986  0.799424  0.901248  0.951353  0.517666  0.313491  0.851092  0.434465  0.305961  0.513566  0.865472  0.873954  0.102190  0.385846  0.091605  0.131925  0.161010  0.370496  0.055490  0.158463  0.148235  0.189099  0.207412  0.126036  0.191908  0.172427  0.436459  0.328562  0.808008  0.784569  0.778972  0.881083  0.659692  0.732640  0.758398  0.778179  0.841108  0.893385  0.585722  0.505765  0.481512  0.555958  0.159907  0.834511  0.272028  0.108849  0.089475  0.122140  0.203053  0.041633  0.103505  0.062301  0.065977  0.807889  0.682353  0.886104  0.084024  0.080059  0.906440  0.846200  0.793282  0.606670  0.384269  0.725944  0.715244  0.352226  0.531865  0.262337  0.114869  0.155092  0.759240  0.589207  0.589207  0.416375  0.538706  0.791365  0.708852  0.806864  0.847734  0.668003  0.903482  0.915400  0.851293  0.930175  0.836974  0.792701  0.154763  0.217420  0.096516  0.108613  0.893205  0.244730  0.436484  0.526368  0.711256  0.454848  0.246164  0.273928  0.615021  0.556032  0.288971  0.675695  0.194865  0.900307  0.859380  0.943057  0.805267  0.817539
  1.083500  0.247529  0.981036  0.044572  0.042091  0.155385  0.071657  0.416227  0.922406  0.606607  0.832455  0.743656  0.739740  0.887569  0.751263  0.716964  0.730197  0.781331  0.839577  0.811004  0.848999  0.783690  0.921543  0.754878  0.458514  0.336159  0.307892  0.739960  0.800514  0.568189  0.666548  0.759922  0.738312  0.751956  0.929415  0.657549  0.704340  0.824113  0.838082  0.684081  0.728035  0.522085  0.797641  0.718414  0.631167  0.757641  0.669428  0.785080  0.811651  0.634657  0.622970  0.679999  0.845826  0.823135  0.797462  0.903363  0.952946  0.517135  0.311493  0.849814  0.438849  0.308126  0.516484  0.857582  0.870186  0.104282  0.387080  0.092565  0.131655  0.159071  0.376143  0.055186  0.158991  0.147489  0.190741  0.207848  0.128307  0.192550  0.176806  0.436768  0.327048  0.807992  0.781841  0.777526  0.881709  0.659053  0.733122  0.756532  0.776397  0.839307  0.894350  0.588967  0.505487  0.479929  0.552579  0.157460  0.834617  0.275150  0.111058  0.091208  0.115910  0.196984  0.042651  0.103994  0.060840  0.064703  0.808618  0.681683  0.886193  0.084872  0.080623  0.903495  0.846158  0.792674  0.607104  0.383291  0.726424  0.716336  0.352200  0.535834  0.262286  0.113974  0.155885  0.759159  0.590143  0.590143  0.420535  0.499798  0.793426  0.707536  0.806396  0.848131  0.672002  0.902141  0.905302  0.851232  0.930330  0.838945  0.795334  0.153949  0.215647  0.096526  0.108354  0.890229  0.246855  0.422133  0.518801  0.709582  0.456207  0.246525  0.275609  0.616948  0.556899  0.289507  0.677516  0.192860  0.899096  0.854673  0.940512  0.804621  0.816495
  1.088500  0.247781  0.978451  0.044553  0.042206  0.155701  0.072282  0.418292  0.924122  0.617629  0.836493  0.741372  0.741245  0.883133  0.752593  0.716656  0.730076  0.776191  0.838247  0.811071  0.846036  0.784614  0.920673  0.757777  0.462195  0.357018  0.308832  0.742209  0.798162  0.569959  0.665868  0.759134  0.740197  0.751998  0.928563  0.659142  0.706622  0.825210  0.838908  0.683924  0.727285  0.522466  0.799147  0.719129  0.631186  0.757302  0.670036  0.784747  0.812290  0.633630  0.624035  0.680591  0.846091  0.822299  0.797479  0.902315  0.954543  0.516577  0.312074  0.852244  0.440169  0.312443  0.522345  0.860313  0.871572  0.103267  0.390125  0.093114  0.134067  0.161549  0.379147  0.055587  0.162112  0.149797  0.187404  0.206313  0.126382  0.190026  0.175652  0.443514  0.327011  0.808730  0.780401  0.777845  0.880759  0.658115  0.733521  0.756347  0.778732  0.842210  0.895316  0.588074  0.506015  0.480410  0.556246  0.160941  0.834339  0.278712  0.113439  0.090945  0.118065  0.195992  0.042060  0.104825  0.062417  0.067709  0.808475  0.681154  0.890490  0.084535  0.082461  0.904807  0.845262  0.791322  0.607323  0.381769  0.728195  0.715087  0.356077  0.541746  0.259891  0.117161  0.156683  0.759267  0.590742  0.590742  0.426076  0.430691  0.790624  0.708359  0.806479  0.849975  0.673945  0.900212  0.907005  0.851801  0.930392  0.838268  0.797391  0.153556  0.214747  0.096145  0.107092  0.888369  0.249928  0.408266  0.510413  0.709091  0.460869  0.245799  0.275599  0.617525  0.556583  0.289354  0.679113  0.195819  0.892806  0.854558  0.942232  0.807863  0.816602
  1.093500  0.248637  0.979307  0.044629  0.043648  0.156894  0.072249  0.417980  0.925786  0.623765  0.843592  0.741352  0.744311  0.883122  0.751529  0.715437  0.731768  0.776704  0.839144  0.812479  0.843947  0.783324  0.921470  0.757281  0.457797  0.370210  0.308492  0.740140  0.802528  0.571970  0.665758  0.761114  0.744261  0.754428  0.927808  0.660456  0.706801  0.824875  0.838773  0.685591  0.728290  0.522605  0.798912  0.722606  0.633824  0.760227  0.670672  0.786823  0.815063  0.636094  0.626609  0.681490  0.845104  0.821836  0.793339  0.900605  0.952905  0.517384  0.312282  0.851933  0.445275  0.313468  0.526588  0.857551  0.869281  0.107579  0.393313  0.095092  0.136338  0.163261  0.381366  0.057599  0.166558  0.150208  0.192270  0.207872  0.130174  0.191635  0.179488  0.448266  0.327545  0.810235  0.782016  0.779777  0.882906  0.658644  0.735390  0.758270  0.776354  0.845009  0.894565  0.586441  0.505245  0.480834  0.554644  0.162407  0.833401  0.282687  0.118569  0.092554  0.119024  0.198434  0.042970  0.103488  0.062652  0.069297  0.809233  0.686118  0.889531  0.083993  0.081116  0.907359  0.843678  0.794750  0.607230  0.383723  0.727503  0.716971  0.360591  0.549230  0.263484  0.117414  0.157514  0.757089  0.587727  0.587727  0.430117  0.402733  0.792970  0.707336  0.811049  0.850393  0.676381  0.901367  0.910415  0.852220  0.931471  0.842629  0.795691  0.154737  0.215694  0.097054  0.107766  0.891746  0.254353  0.396738  0.502005  0.710564  0.458913  0.246333  0.275576  0.619531  0.558611  0.291932  0.684340  0.191652  0.897969  0.859030  0.938735  0.805161  0.818062
  1.098500  0.249241  0.981054  0.043740  0.041818  0.155328  0.073829  0.419428  0.923249  0.636972  0.848088  0.737744  0.741464  0.885826  0.754113  0.716346  0.731164  0.776249  0.841573  0.811101  0.841817  0.784885  0.920661  0.757015  0.461083  0.376808  0.310038  0.739024  0.800086  0.570128  0.667102  0.760889  0.743232  0.754302  0.926753  0.661077  0.707827  0.824637  0.839602  0.684450  0.729260  0.522457  0.799832  0.721549  0.633021  0.759917  0.669553  0.787751  0.813943  0.633892  0.626808  0.681897  0.844719  0.823544  0.790193  0.900981  0.952059  0.517022  0.310219  0.852031  0.447411  0.316009  0.531459  0.858830  0.869310  0.110569  0.396261  0.096365  0.137937  0.163930  0.381296  0.058169  0.164935  0.149439  0.194633  0.211559  0.136306  0.190557  0.182044  0.448135  0.324436  0.809811  0.781231  0.776678  0.881779  0.658131  0.735209  0.755370  0.775621  0.844374  0.895324  0.585398  0.503759  0.479988  0.557690  0.162947  0.834241  0.288068  0.121478  0.092924  0.120457  0.206226  0.042761  0.104336  0.064000  0.068746  0.806348  0.682299  0.889602  0.085949  0.081291  0.909517  0.847787  0.796759  0.609358  0.383197  0.729389  0.715326  0.365221  0.555702  0.261545  0.120177  0.156401  0.756954  0.587663  0.587663  0.434259  0.436985  0.792492  0.707274  0.811589  0.853453  0.678999  0.900244  0.907264  0.851353  0.931327  0.838103  0.795854  0.154544  0.215017  0.096373  0.108347  0.892142  0.259894  0.385662  0.490692  0.710925  0.460339  0.246858  0.275917  0.618846  0.558869  0.292590  0.683189  0.192517  0.894811  0.853803  0.940504  0.806799  0.817844
  1.103500  0.249767  0.981051  0.043731  0.040377  0.154082  0.072680  0.419546  0.926609  0.643303  0.847718  0.734988  0.744085  0.885062  0.757006  0.715261  0.731615  0.781312  0.841400  0.812221  0.839246  0.782540  0.923152  0.757848  0.460679  0.379131  0.308019  0.740738  0.802815  0.570123  0.667027  0.760239  0.748337  0.753555  0.927410  0.665026  0.711350  0.826970  0.838688  0.686339  0.730676  0.522921  0.802255  0.720376  0.634442  0.759385  0.669202  0.787868  0.814807  0.634521  0.627211  0.684378  0.845241  0.824633  0.792776  0.900424  0.952096  0.516771  0.308290  0.851665  0.452195  0.317456  0.537112  0.856941  0.868869  0.110485  0.398317  0.096142  0.140502  0.169381  0.385203  0.058236  0.168959  0.147382  0.193824  0.211741  0.129457  0.194457  0.184046  0.449932  0.323421  0.810050  0.782429  0.776663  0.885585  0.658685  0.737682  0.754545  0.774110  0.844020  0.896397  0.586381  0.503938  0.483584  0.555418  0.166158  0.833013  0.289317  0.124590  0.091797  0.122305  0.196449  0.042903  0.106946  0.063457  0.068908  0.808543  0.685657  0.890314  0.084010  0.081713  0.911336  0.844542  0.796311  0.607924  0.384026  0.729752  0.716530  0.367953  0.561382  0.261500  0.121168  0.159841  0.756204  0.587406  0.587406  0.437943  0.473001  0.795403  0.709952  0.811597  0.853893  0.680547  0.898224  0.906407  0.849785  0.929242  0.839430  0.796829  0.152152  0.215313  0.097133  0.107937  0.890398  0.264376  0.374161  0.484029  0.710562  0.456267  0.247550  0.277162  0.619248  0.561023  0.291562  0.685124  0.189814  0.893956  0.849930  0.942164  0.805952  0.816999
  1.108500  0.251440  0.977633  0.044780  0.042060  0.153853  0.074449  0.421383  0.924104  0.652682  0.851760  0.732973  0.743111  0.881794  0.754857  0.710762  0.732448  0.777447  0.840065  0.811542  0.836285  0.782874  0.922377  0.757445  0.462001  0.385832  0.308846  0.742153  0.798848  0.571837  0.667147  0.760638  0.747827  0.753043  0.928836  0.665467  0.713510  0.826111  0.837661  0.685936  0.729580  0.525295  0.800855  0.723698  0.636582  0.761309  0.670036  0.789059  0.816422  0.631697  0.626655  0.683532  0.844391  0.825711  0.793899  0.899865  0.950434  0.515819  0.309298  0.851872  0.455683  0.319846  0.539349  0.854884  0.867535  0.114231  0.403370  0.099675  0.141191  0.169592  0.384409  0.059114  0.170869  0.150327  0.196998  0.213716  0.129252  0.198265  0.188134  0.451251  0.321027  0.808867  0.781846  0.776003  0.885155  0.658295  0.737734  0.755230  0.775301  0.842867  0.895454  0.586385  0.505521  0.481070  0.557152  0.162556  0.834655  0.293519  0.128319  0.089689  0.120840  0.204958  0.041471  0.107812  0.065345  0.068509  0.809013  0.686748  0.890432  0.086935  0.082663  0.911359  0.847429  0.797235  0.610717  0.383776  0.730277  0.717413  0.373657  0.567544  0.262770  0.122623  0.160044  0.754964  0.587399  0.587399  0.441607  0.527735  0.795534  0.709649  0.810968  0.852848  0.682642  0.897182  0.906431  0.850474  0.929751  0.840253  0.798430  0.152526  0.214672  0.097510  0.108198  0.893979  0.267101  0.360441  0.475426  0.712298  0.460751  0.248268  0.276302  0.620779  0.559629  0.291764  0.688171  0.187348  0.891311  0.849865  0.940508  0.803454  0.817202
  1.113500  0.251042  0.978518  0.043772  0.041938  0.153106  0.076131  0.421598  0.925842  0.661621  0.854186  0.730464  0.745386  0.881643  0.755058  0.710132  0.734177  0.779465  0.839758  0.813058  0.833874  0.781876  0.923251  0.757644  0.461800  0.404689  0.308690  0.741373  0.798780  0.572917  0.668495  0.762777  0.749056  0.752349  0.923857  0.667190  0.713017  0.826967  0.839325  0.689029  0.729796  0.526073  0.801860  0.723878  0.635846  0.763111  0.668991  0.789685  0.815099  0.631383  0.629518  0.684107  0.842518  0.826574  0.792714  0.898677  0.951265  0.515221  0.312848  0.851776  0.459369  0.322586  0.545738  0.857204  0.865520  0.113748  0.406610  0.100312  0.144582  0.172829  0.387756  0.058717  0.173641  0.151463  0.195100  0.216351  0.133537  0.199265  0.192203  0.459821  0.321490  0.809717  0.782223  0.777658  0.882243  0.659141  0.737949  0.753812  0.776943  0.844729  0.895514  0.586323  0.505278  0.481976  0.552755  0.165415  0.835791  0.296804  0.131794  0.088252  0.119143  0.202524  0.041847  0.106615  0.064982  0.069149  0.812149  0.686494  0.892164  0.085239  0.083116  0.914514  0.845866  0.796097  0.611231  0.384044  0.730423  0.716952  0.377520  0.571286  0.263209  0.122601  0.161489  0.753444  0.586823  0.586823  0.445646  0.570458  0.795358  0.709501  0.813084  0.855944  0.685171  0.898482  0.903128  0.850922  0.926601  0.838606  0.796959  0.152760  0.215582  0.098009  0.108797  0.891539  0.270995  0.350362  0.468165  0.714832  0.457574  0.246330  0.274980  0.621475  0.558751  0.292896  0.694250  0.187521  0.888864  0.845805  0.939659  0.805376  0.816522
  1.118500  0.251841  0.980258  0.045641  0.041299  0.153620  0.074874  0.420070  0.924956  0.671176  0.856225  0.728535  0.743470  0.881912  0.756208  0.705435  0.733261  0.777891  0.838782  0.809842  0.831515  0.782618  0.922363  0.757890  0.461973  0.424466  0.307561  0.741382  0.800339  0.571146  0.669579  0.762643  0.752745  0.755953  0.929247  0.669993  0.715905  0.829472  0.839491  0.690860  0.731450  0.526231  0.802092  0.724310  0.640247  0.762380  0.670684  0.790884  0.816296  0.631232  0.630829  0.685587  0.843440  0.826154  0.792342  0.899723  0.952913  0.514623  0.311716  0.851249  0.464479  0.326089  0.548897  0.855858  0.865253  0.118903  0.410578  0.102352  0.147188  0.173908  0.390931  0.060190  0.176381  0.150539  0.197277  0.216819  0.133692  0.197639  0.194922  0.460403  0.318294  0.809893  0.781806  0.775317  0.882961  0.657977  0.739415  0.753830  0.776014  0.842667  0.894837  0.586350  0.503979  0.482376  0.555012  0.167979  0.832856  0.301180  0.134359  0.091664  0.121283  0.198817  0.042370  0.106897  0.065803  0.070772  0.809093  0.686614  0.893848  0.086464  0.083234  0.910516  0.847502  0.795959  0.611583  0.382235  0.731310  0.718954  0.382829  0.572178  0.263230  0.125106  0.163354  0.753439  0.585795  0.585795  0.447955  0.637135  0.794622  0.709311  0.812658  0.856043  0.686452  0.897356  0.896524  0.848734  0.931080  0.841455  0.799492  0.153524  0.213800  0.097809  0.107539  0.892960  0.271333  0.341620  0.460756  0.709952  0.457840  0.248033  0.275778  0.621661  0.561267  0.293612  0.691603  0.188568  0.885654  0.843423  0.939645  0.804474  0.816762
  1.123500  0.252144  0.978551  0.045735  0.043183  0.154767  0.076358  0.422621  0.925850  0.676369  0.858991  0.726598  0.745855  0.879699  0.754714  0.706891  0.733198  0.776592  0.838699  0.811503  0.829561  0.785272  0.922394  0.757572  0.463825  0.441558  0.308213  0.742531  0.801345  0.568898  0.669269  0.762770  0.754895  0.755902  0.924959  0.671648  0.719087  0.828397  0.838380  0.690661  0.730954  0.528954  0.804486  0.724369  0.639612  0.763703  0.670441  0.791923  0.816180  0.630850  0.631742  0.686100  0.842941  0.825417  0.788341  0.899270  0.955300  0.517107  0.314180  0.853081  0.466961  0.325615  0.549312  0.852892  0.866724  0.119778  0.414431  0.103347  0.149409  0.178097  0.396283  0.061441  0.178756  0.150495  0.197825  0.219868  0.132758  0.202531  0.196920  0.463793  0.315099  0.809741  0.782031  0.776585  0.883900  0.659488  0.740163  0.751926  0.776441  0.840416  0.896969  0.586699  0.504691  0.484047  0.555285  0.165647  0.834643  0.306252  0.139646  0.093573  0.121627  0.199182  0.040374  0.107271  0.066870  0.070473  0.810042  0.683034  0.896476  0.086093  0.083416  0.913643  0.847637  0.794311  0.610485  0.382075  0.732067  0.719108  0.388976  0.580055  0.263528  0.127000  0.160521  0.754962  0.585070  0.585070  0.453510  0.710274  0.796287  0.710433  0.811571  0.856736  0.688581  0.896086  0.896615  0.847233  0.927706  0.838324  0.796977  0.154618  0.215081  0.098415  0.108244  0.889493  0.274402  0.331537  0.453160  0.709422  0.457368  0.248230  0.277311  0.622565  0.560517  0.294332  0.694430  0.185272  0.878898  0.835363  0.939673  0.803212  0.817192
  1.128500  0.252526  0.978547  0.044742  0.041834  0.152119  0.076872  0.423326  0.926663  0.683996  0.865585  0.724403  0.742932  0.876236  0.750710  0.705666  0.732349  0.778569  0.837905  0.810681  0.826657  0.786060  0.924069  0.759145  0.466017  0.458646  0.306509  0.740824  0.799734  0.570721  0.669382  0.757576  0.754189  0.754463  0.925458  0.671621  0.717756  0.827651  0.837580  0.693451  0.732246  0.529479  0.803020  0.727724  0.640539  0.762424  0.669439  0.791228  0.815682  0.630118  0.632849  0.686188  0.843943  0.827943  0.784460  0.898355  0.951204  0.517561  0.313112  0.852058  0.471206  0.328312  0.555378  0.853462  0.866035  0.121194  0.415433  0.106486  0.152019  0.181498  0.400094  0.061930  0.179517  0.154196  0.202178  0.224883  0.135602  0.202269  0.202088  0.464040  0.310443  0.807903  0.782966  0.774074  0.881411  0.656879  0.743769  0.752467  0.776529  0.841251  0.895767  0.585196  0.506365  0.484877  0.554614  0.168482  0.835763  0.308670  0.142214  0.096690  0.121362  0.201906  0.043735  0.107728  0.066908  0.071426  0.810703  0.684231  0.894668  0.084810  0.084844  0.914064  0.845974  0.796117  0.610027  0.384039  0.733827  0.719818  0.393094  0.584011  0.264671  0.128780  0.161764  0.752755  0.583957  0.583957  0.456090  0.765542  0.797064  0.709353  0.812433  0.855181  0.688710  0.894017  0.897442  0.846506  0.923627  0.840052  0.798014  0.152110  0.214554  0.099672  0.109701  0.890314  0.276480  0.319896  0.442688  0.712450  0.459188  0.248797  0.277569  0.621892  0.560351  0.294252  0.695636  0.185553  0.872850  0.830975  0.941363  0.804128  0.818893
  1.133500  0.251735  0.975974  0.045116  0.041853  0.151088  0.076498  0.423938  0.925015  0.685838  0.864308  0.722298  0.749485  0.879092  0.753471  0.705724  0.735713  0.778206  0.840903  0.808988  0.821843  0.785024  0.925015  0.758130  0.466654  0.474143  0.309246  0.741157  0.797732  0.569037  0.668341  0.761617  0.755929  0.755195  0.925758  0.676290  0.721523  0.826464  0.837769  0.693006  0.731663  0.530401  0.806656  0.724620  0.643164  0.765010  0.668673  0.791776  0.818058  0.630479  0.635761  0.688447  0.843039  0.824869  0.776567  0.894660  0.951219  0.515499  0.315498  0.851682  0.473447  0.329588  0.558204  0.850507  0.863010  0.124513  0.420341  0.106648  0.154318  0.182993  0.402348  0.061634  0.182583  0.153323  0.200722  0.224269  0.134960  0.203526  0.203255  0.464944  0.302231  0.807005  0.784705  0.772924  0.882580  0.658143  0.743078  0.752177  0.776496  0.845342  0.896672  0.586277  0.505128  0.485831  0.556139  0.168450  0.833053  0.312570  0.146573  0.089271  0.125191  0.201988  0.042736  0.108154  0.068046  0.071730  0.812112  0.687718  0.894785  0.082808  0.083495  0.913023  0.847414  0.798863  0.611361  0.381544  0.735515  0.719968  0.400180  0.590024  0.263625  0.130118  0.164858  0.748834  0.584754  0.584754  0.462738  0.799529  0.797768  0.711857  0.804154  0.853509  0.690645  0.894346  0.900345  0.845001  0.922088  0.841073  0.797798  0.153409  0.216248  0.100663  0.108923  0.892308  0.283424  0.312145  0.438210  0.712700  0.459521  0.248715  0.276245  0.622067  0.562200  0.295685  0.698792  0.183790  0.861678  0.819170  0.939698  0.804657  0.816286
  1.138500  0.253422  0.975908  0.045627  0.043701  0.151927  0.077761  0.424454  0.926535  0.687309  0.864390  0.719501  0.746843  0.868146  0.753626  0.699906  0.731921  0.775512  0.838004  0.811952  0.817707  0.784996  0.925669  0.760715  0.466872  0.483671  0.307590  0.740710  0.793829  0.563458  0.670085  0.759388  0.750507  0.753986  0.922912  0.675154  0.720750  0.828568  0.834843  0.692804  0.732567  0.532529  0.804620  0.726066  0.644709  0.767903  0.670218  0.791480  0.819500  0.629248  0.636505  0.690078  0.842564  0.824988  0.764073  0.895070  0.951995  0.515098  0.313740  0.853025  0.477258  0.332592  0.560952  0.847681  0.864231  0.124468  0.422719  0.109509  0.156610  0.188856  0.404161  0.062784  0.185952  0.154527  0.206066  0.225560  0.139038  0.203077  0.207787  0.469649  0.293926  0.805632  0.783626  0.774238  0.883222  0.658400  0.744765  0.752216  0.778987  0.841260  0.895837  0.586314  0.504946  0.483400  0.556111  0.168860  0.831895  0.317363  0.149797  0.092933  0.127716  0.205160  0.042945  0.109362  0.067781  0.072230  0.809605  0.683090  0.897950  0.085589  0.085545  0.914966  0.847289  0.794142  0.615361  0.382422  0.735625  0.724278  0.405683  0.594005  0.262598  0.129984  0.164952  0.748205  0.583525  0.583525  0.463988  0.822382  0.798311  0.710126  0.793829  0.847630  0.688592  0.891585  0.891290  0.838483  0.917418  0.832726  0.793939  0.153485  0.214868  0.099607  0.108273  0.889509  0.285795  0.300536  0.427893  0.712568  0.460880  0.249552  0.277994  0.623123  0.561517  0.296422  0.699024  0.179372  0.844202  0.789282  0.943859  0.804811  0.818762
  1.143500  0.253887  0.973307  0.044688  0.041119  0.151709  0.078326  0.425090  0.923999  0.690128  0.867517  0.717180  0.750802  0.861415  0.752704  0.700427  0.735399  0.775899  0.839773  0.810305  0.809412  0.785803  0.923999  0.759600  0.468156  0.492767  0.307939  0.739865  0.792531  0.558741  0.665783  0.756739  0.745826  0.752704  0.917954  0.679066  0.723909  0.823133  0.831267  0.695611  0.733242  0.533860  0.808070  0.728080  0.646059  0.768607  0.667918  0.794335  0.820063  0.632028  0.638725  0.690804  0.842251  0.824486  0.737174  0.890906  0.951894  0.515722  0.315912  0.852427  0.481783  0.331960  0.562942  0.851008  0.861064  0.128363  0.426143  0.110301  0.158688  0.188828  0.408158  0.064570  0.187801  0.156146  0.205168  0.233822  0.136355  0.206439  0.208164  0.472886  0.283506  0.801384  0.783904  0.772590  0.884621  0.656625  0.747258  0.751165  0.776759  0.844122  0.896850  0.587142  0.505648  0.486334  0.556098  0.169409  0.831943  0.320836  0.154465  0.094958  0.127731  0.212794  0.041823  0.109500  0.068190  0.073598  0.808790  0.683209  0.895452  0.084712  0.085067  0.915698  0.848044  0.795831  0.612339  0.383556  0.734465  0.724430  0.410991  0.598047  0.263897  0.132790  0.163361  0.741436  0.581965  0.581965  0.469244  0.831986  0.798268  0.711202  0.780729  0.840195  0.683989  0.889513  0.881700  0.832141  0.910343  0.831753  0.788670  0.151651  0.214912  0.098786  0.109257  0.888195  0.286376  0.294168  0.421283  0.710846  0.460406  0.248451  0.277480  0.622614  0.559572  0.298239  0.702694  0.180087  0.822002  0.765417  0.939570  0.801937  0.817849
  1.148500  0.254765  0.972405  0.045621  0.041594  0.151276  0.077016  0.427330  0.923989  0.690057  0.867104  0.713512  0.747288  0.850609  0.752811  0.699028  0.734159  0.778435  0.835749  0.809531  0.798336  0.785058  0.925718  0.760356  0.468190  0.503092  0.310234  0.738519  0.778535  0.553271  0.662100  0.752258  0.735588  0.747770  0.907875  0.678159  0.720658  0.817905  0.824161  0.695327  0.731393  0.537271  0.809928  0.729097  0.650975  0.769609  0.669829  0.794264  0.820853  0.631041  0.639519  0.691524  0.841297  0.817788  0.721251  0.886159  0.949418  0.515243  0.313765  0.852378  0.483185  0.333871  0.561963  0.852318  0.861735  0.131433  0.427986  0.112411  0.159823  0.191370  0.413291  0.064392  0.192075  0.158463  0.206691  0.231226  0.139063  0.207778  0.211223  0.474573  0.272863  0.794300  0.784023  0.772873  0.883284  0.653827  0.745685  0.752476  0.775704  0.845980  0.896321  0.587102  0.504568  0.486522  0.555788  0.168443  0.829496  0.324600  0.157084  0.096818  0.130723  0.207325  0.041191  0.108589  0.069143  0.074447  0.808036  0.681707  0.896322  0.082334  0.085094  0.918868  0.849627  0.797721  0.614454  0.385188  0.732486  0.724099  0.418020  0.599792  0.261280  0.133982  0.165376  0.733716  0.582612  0.582612  0.473845  0.833785  0.799103  0.714158  0.765028  0.828406  0.678734  0.889894  0.870039  0.822459  0.901922  0.825350  0.783389  0.152416  0.216682  0.100857  0.109742  0.892411  0.290314  0.283252  0.413871  0.714058  0.457519  0.249134  0.277762  0.620833  0.558933  0.297378  0.704524  0.176429  0.805420  0.734918  0.939551  0.800925  0.817416
  1.153500  0.255071  0.969732  0.045160  0.040106  0.151064  0.078839  0.428052  0.922167  0.687205  0.862629  0.710031  0.749405  0.835591  0.751035  0.697165  0.733923  0.776476  0.839581  0.811774  0.781982  0.785183  0.923897  0.756991  0.467540  0.511291  0.307943  0.738963  0.776774  0.556301  0.658331  0.753814  0.733647  0.746206  0.906264  0.680385  0.722004  0.812161  0.816694  0.698577  0.733591  0.536209  0.811548  0.728270  0.650499  0.771165  0.668854  0.794834  0.820146  0.629515  0.640522  0.691666  0.839506  0.806479  0.737247  0.875742  0.952577  0.515014  0.313103  0.851920  0.486332  0.334832  0.563946  0.848453  0.861129  0.134080  0.430015  0.114021  0.162201  0.192178  0.412432  0.066136  0.191511  0.157220  0.208933  0.232513  0.139922  0.208118  0.214186  0.473744  0.266516  0.793435  0.781920  0.773654  0.883672  0.653511  0.746926  0.752161  0.775940  0.842568  0.896545  0.589715  0.506641  0.489380  0.555292  0.173041  0.827424  0.327996  0.163725  0.093825  0.127877  0.205220  0.041800  0.109067  0.069283  0.074438  0.811882  0.684736  0.895357  0.082757  0.085881  0.917896  0.848766  0.796213  0.614673  0.382455  0.736057  0.724122  0.424208  0.604816  0.263077  0.136447  0.166794  0.722160  0.580666  0.580666  0.477531  0.838395  0.798131  0.714186  0.758026  0.828004  0.673942  0.889072  0.856848  0.819217  0.895080  0.823851  0.780317  0.152127  0.216469  0.100200  0.107931  0.892574  0.294724  0.278246  0.406339  0.711198  0.456100  0.249327  0.278705  0.621418  0.560997  0.298892  0.709298  0.177602  0.792987  0.714925  0.938599  0.802330  0.818508
  1.158500  0.255214  0.970497  0.045372  0.041813  0.150281  0.079343  0.429626  0.922048  0.685019  0.863696  0.706026  0.749401  0.814132  0.752669  0.699385  0.736239  0.779175  0.843262  0.811019  0.764458  0.783356  0.923778  0.755316  0.468705  0.527095  0.309236  0.740821  0.773724  0.555343  0.658574  0.753287  0.735138  0.747421  0.906639  0.683073  0.722030  0.812430  0.816088  0.698783  0.735259  0.537132  0.812500  0.727088  0.652304  0.771244  0.668826  0.795495  0.822839  0.630438  0.644270  0.692224  0.840590  0.794995  0.746458  0.866743  0.950832  0.513023  0.316770  0.852574  0.486972  0.335801  0.566806  0.850161  0.862506  0.134735  0.432863  0.116040  0.162927  0.193250  0.412840  0.066642  0.192682  0.158130  0.211987  0.234434  0.141475  0.211443  0.215788  0.478735  0.267751  0.796799  0.782871  0.773329  0.887288  0.653154  0.747354  0.750940  0.779214  0.847891  0.893777  0.588165  0.509472  0.492237  0.558775  0.172166  0.824660  0.333156  0.166697  0.092054  0.133329  0.210357  0.043284  0.110344  0.070633  0.074818  0.808508  0.683310  0.896958  0.083240  0.085426  0.919422  0.847777  0.798873  0.615832  0.383151  0.735863  0.724529  0.432549  0.610970  0.264071  0.137646  0.165731  0.710488  0.578858  0.578858  0.481620  0.839132  0.798990  0.711982  0.763858  0.833626  0.673116  0.888291  0.837959  0.817616  0.897473  0.820751  0.777451  0.151742  0.216500  0.100520  0.109594  0.889895  0.298434  0.270294  0.399356  0.712002  0.460488  0.249079  0.279002  0.618987  0.558567  0.299409  0.708832  0.175458  0.788164  0.707225  0.941081  0.803583  0.819675
  1.163500  0.255355  0.967821  0.045095  0.041952  0.150041  0.080179  0.430038  0.921145  0.683125  0.863667  0.704302  0.750480  0.808771  0.751114  0.697024  0.735259  0.775940  0.837822  0.812410  0.746170  0.785060  0.922874  0.756275  0.468316  0.534934  0.308697  0.740296  0.779963  0.559685  0.659875  0.754408  0.744878  0.751292  0.911832  0.684218  0.724811  0.814225  0.819316  0.700951  0.734071  0.540016  0.809880  0.730844  0.652580  0.771715  0.670166  0.795097  0.822151  0.630312  0.644395  0.693926  0.838932  0.786667  0.756013  0.855504  0.952313  0.513857  0.316761  0.851198  0.488451  0.336992  0.571339  0.847154  0.859114  0.136065  0.434377  0.116768  0.165686  0.195761  0.415527  0.066256  0.192452  0.160069  0.213154  0.236308  0.142404  0.210799  0.218680  0.481294  0.272474  0.800786  0.781919  0.770525  0.884393  0.654221  0.748855  0.752178  0.777326  0.844436  0.892076  0.589746  0.507156  0.489361  0.557404  0.171342  0.823431  0.335382  0.171696  0.097382  0.129813  0.209621  0.041682  0.109510  0.071311  0.075215  0.810646  0.684944  0.896079  0.083877  0.086265  0.916738  0.849153  0.795782  0.615423  0.385181  0.735309  0.724245  0.436813  0.611404  0.265830  0.140486  0.168505  0.700981  0.579976  0.579976  0.485493  0.834628  0.800374  0.712512  0.773079  0.841121  0.676606  0.886097  0.831961  0.819037  0.894330  0.825239  0.780093  0.152224  0.217042  0.100162  0.109974  0.895710  0.299999  0.261311  0.396283  0.713061  0.457597  0.249476  0.278851  0.618046  0.557253  0.302360  0.713148  0.174683  0.796863  0.716998  0.938433  0.801849  0.816538
  1.168500  0.255462  0.971129  0.046327  0.040698  0.150688  0.080366  0.432291  0.924384  0.678698  0.858675  0.702651  0.747585  0.811222  0.750574  0.693591  0.733633  0.775397  0.839356  0.809866  0.731810  0.784818  0.924384  0.758896  0.471767  0.545108  0.306938  0.741310  0.781866  0.558112  0.663251  0.755237  0.747174  0.752580  0.914475  0.685604  0.728575  0.818170  0.821942  0.702888  0.733594  0.543910  0.811717  0.730177  0.655980  0.775584  0.671727  0.796259  0.822151  0.631598  0.646647  0.695539  0.839277  0.782590  0.758466  0.845443  0.948118  0.514472  0.318353  0.852635  0.493014  0.338966  0.577160  0.845335  0.860826  0.136183  0.436032  0.117570  0.167297  0.200539  0.418831  0.066497  0.195328  0.162406  0.216390  0.240573  0.142841  0.212586  0.219832  0.481873  0.274932  0.802832  0.781859  0.768939  0.885105  0.652423  0.750003  0.751145  0.777109  0.842436  0.891490  0.587978  0.506930  0.492655  0.557157  0.172860  0.820840  0.339118  0.175803  0.097824  0.132515  0.207785  0.042162  0.111334  0.071232  0.074737  0.811099  0.683416  0.894952  0.084676  0.086007  0.918444  0.848078  0.794603  0.614299  0.382509  0.736366  0.725806  0.444844  0.613144  0.265588  0.140671  0.168348  0.694091  0.578562  0.578562  0.490360  0.822406  0.798631  0.710357  0.780507  0.847898  0.680512  0.886448  0.818640  0.820538  0.895876  0.825877  0.782105  0.153655  0.215248  0.100366  0.109590  0.892196  0.302771  0.254213  0.387496  0.710532  0.458179  0.249477  0.279212  0.618341  0.555175  0.302947  0.716306  0.170672  0.801570  0.725243  0.939966  0.801072  0.817681
  1.173500  0.255364  0.970146  0.047189  0.043206  0.150113  0.081088  0.431608  0.922542  0.669302  0.854089  0.701473  0.749364  0.814513  0.750543  0.692066  0.732410  0.777832  0.838847  0.809617  0.717424  0.785896  0.924273  0.759593  0.472309  0.551540  0.308204  0.742969  0.784060  0.561194  0.667396  0.758293  0.754806  0.755265  0.918503  0.688556  0.731866  0.819889  0.826812  0.703781  0.735163  0.545916  0.814380  0.730648  0.657527  0.776179  0.669971  0.796630  0.820264  0.630537  0.649088  0.695055  0.838337  0.776560  0.762503  0.838005  0.948794  0.513942  0.318721  0.851699  0.493189  0.340553  0.580296  0.845193  0.855166  0.137474  0.440273  0.119728  0.168523  0.201775  0.418009  0.068142  0.196690  0.164457  0.213974  0.237634  0.147198  0.210721  0.221293  0.484062  0.276132  0.803635  0.784240  0.772355  0.885538  0.652856  0.750806  0.749124  0.775850  0.843199  0.887577  0.592070  0.508168  0.493426  0.557705  0.172937  0.820970  0.343123  0.180729  0.095782  0.131746  0.210992  0.040958  0.111730  0.071597  0.076573  0.811145  0.684638  0.892248  0.084229  0.086087  0.914640  0.848091  0.795964  0.615438  0.382407  0.734980  0.726065  0.452064  0.618177  0.263303  0.143002  0.170587  0.688810  0.578805  0.578805  0.493702  0.810320  0.800783  0.713571  0.787042  0.850049  0.684644  0.884079  0.810226  0.825054  0.899693  0.831057  0.784312  0.153082  0.215745  0.099957  0.111739  0.889098  0.310108  0.248640  0.383978  0.709926  0.459828  0.249133  0.279485  0.616591  0.554695  0.299122  0.716080  0.168621  0.810851  0.736356  0.939853  0.801471  0.818195
  1.178500  0.254924  0.967461  0.045246  0.040635  0.149373  0.081664  0.433208  0.922508  0.655868  0.850111  0.702379  0.754156  0.824564  0.749713  0.693485  0.733751  0.777917  0.839586  0.811041  0.707262  0.787342  0.925101  0.763524  0.472382  0.555818  0.306421  0.743581  0.789557  0.564292  0.664193  0.757052  0.757327  0.754669  0.917333  0.687954  0.733409  0.821622  0.827692  0.705921  0.733048  0.546483  0.814515  0.733477  0.662099  0.778681  0.669729  0.795583  0.824753  0.633149  0.651792  0.697018  0.839480  0.768287  0.766756  0.833199  0.946225  0.515486  0.320569  0.852468  0.497920  0.341658  0.585538  0.849199  0.857271  0.139701  0.440580  0.121108  0.170801  0.203114  0.418901  0.067593  0.197412  0.162202  0.214791  0.240257  0.145366  0.214248  0.224023  0.482261  0.276054  0.804145  0.784612  0.770312  0.880215  0.652954  0.748481  0.747351  0.776732  0.844665  0.886598  0.589002  0.511744  0.496053  0.557994  0.174014  0.818654  0.346361  0.184697  0.099928  0.136677  0.211532  0.042215  0.112536  0.074300  0.077150  0.807212  0.686152  0.893115  0.083966  0.088534  0.916763  0.845706  0.797778  0.617520  0.386135  0.736470  0.725145  0.459513  0.621205  0.264474  0.145566  0.171245  0.691185  0.575775  0.575775  0.498801  0.793952  0.800598  0.713437  0.791368  0.855099  0.687183  0.881150  0.814274  0.829466  0.902854  0.831190  0.788911  0.151523  0.215614  0.099720  0.110457  0.894978  0.311953  0.242757  0.380966  0.712983  0.455920  0.249486  0.278983  0.615841  0.554737  0.301605  0.720240  0.171603  0.819643  0.750660  0.938069  0.802116  0.816548
  1.183500  0.256425  0.970825  0.047370  0.042482  0.149566  0.083771  0.436024  0.925048  0.645203  0.848377  0.701728  0.753120  0.824569  0.751127  0.690430  0.731740  0.779302  0.841448  0.811743  0.700553  0.791025  0.925048  0.764563  0.478177  0.549559  0.307948  0.743471  0.787669  0.564106  0.669725  0.762906  0.760981  0.758322  0.917650  0.693601  0.733937  0.822181  0.831761  0.706796  0.735253  0.548884  0.814655  0.733873  0.662827  0.777156  0.673238  0.799038  0.823909  0.630569  0.650639  0.699026  0.838219  0.763458  0.765363  0.832898  0.946891  0.513331  0.320269  0.852322  0.498221  0.344885  0.584496  0.842354  0.858389  0.142372  0.443834  0.121777  0.171645  0.201276  0.421433  0.069602  0.199781  0.162972  0.213291  0.239765  0.141652  0.216724  0.222506  0.486026  0.278362  0.805164  0.785476  0.772142  0.885113  0.656851  0.752787  0.748358  0.778198  0.843713  0.883424  0.594058  0.510441  0.497831  0.558890  0.174687  0.818256  0.353144  0.190576  0.097205  0.132889  0.211755  0.042556  0.112440  0.073874  0.079019  0.808745  0.678393  0.893091  0.085360  0.087598  0.915824  0.848008  0.796152  0.615746  0.383942  0.737710  0.728728  0.467863  0.624932  0.265341  0.150896  0.173680  0.697778  0.576767  0.576767  0.502862  0.776493  0.799694  0.712459  0.791192  0.856626  0.690843  0.883017  0.820827  0.829069  0.905550  0.834778  0.793181  0.149955  0.218450  0.099958  0.111692  0.887635  0.315196  0.235293  0.371877  0.710542  0.457098  0.250956  0.278877  0.614480  0.553171  0.299458  0.717587  0.164416  0.818957  0.755712  0.938867  0.800618  0.816917
  1.188500  0.256583  0.972421  0.046565  0.043664  0.150331  0.084011  0.438624  0.926587  0.629963  0.843634  0.698864  0.753405  0.830283  0.748714  0.688997  0.733379  0.775957  0.835133  0.812279  0.691019  0.790682  0.926587  0.766549  0.476963  0.547552  0.308232  0.745226  0.788382  0.566778  0.673832  0.761725  0.761359  0.757875  0.916637  0.692519  0.738534  0.828087  0.832358  0.709526  0.738092  0.552355  0.817098  0.735372  0.665114  0.779126  0.673210  0.800522  0.827796  0.630959  0.657679  0.703069  0.839274  0.779867  0.766311  0.838991  0.948423  0.516015  0.321673  0.854345  0.502430  0.345001  0.588026  0.842620  0.856422  0.143674  0.445113  0.123003  0.173998  0.204342  0.421907  0.070773  0.201968  0.162767  0.217203  0.239650  0.147459  0.214849  0.225990  0.487213  0.278598  0.806522  0.788240  0.770311  0.883845  0.658208  0.753909  0.752371  0.778717  0.840635  0.881337  0.593514  0.512057  0.498299  0.558557  0.174274  0.817483  0.357431  0.196575  0.101990  0.133329  0.213309  0.044602  0.115842  0.074140  0.081916  0.811511  0.683207  0.894590  0.084239  0.087997  0.911990  0.849259  0.792465  0.619000  0.384861  0.738149  0.728549  0.475155  0.629370  0.263599  0.152125  0.174066  0.698475  0.579787  0.579787  0.507553  0.760710  0.805043  0.716765  0.796443  0.860561  0.692440  0.880071  0.832607  0.830098  0.904812  0.834690  0.792591  0.152805  0.219965  0.100289  0.112699  0.892206  0.317704  0.232728  0.368948  0.706317  0.463182  0.252348  0.281874  0.611585  0.551261  0.304166  0.724846  0.165846  0.827335  0.758353  0.942153  0.802163  0.818153
  1.193500  0.257376  0.970577  0.047023  0.042978  0.149136  0.084676  0.440730  0.926424  0.614656  0.833614  0.698176  0.754933  0.830561  0.752213  0.693287  0.737164  0.778413  0.842235  0.810760  0.686056  0.791836  0.926424  0.767181  0.479335  0.534820  0.309087  0.744941  0.787417  0.565511  0.669477  0.761634  0.764936  0.759616  0.918106  0.696513  0.738154  0.826950  0.833494  0.710920  0.735640  0.554398  0.819793  0.737442  0.668318  0.783686  0.676814  0.799809  0.828385  0.633641  0.658291  0.702725  0.837607  0.787598  0.767137  0.847600  0.944983  0.514142  0.325133  0.852729  0.503188  0.343940  0.594225  0.846768  0.855199  0.145363  0.447498  0.123944  0.174118  0.206030  0.428333  0.070243  0.203473  0.166253  0.216517  0.240338  0.148172  0.218145  0.227095  0.486734  0.277661  0.807541  0.783531  0.771323  0.885568  0.659554  0.754706  0.754037  0.777714  0.844683  0.877998  0.596466  0.515262  0.500552  0.561745  0.173466  0.815961  0.360536  0.202363  0.098269  0.136148  0.213624  0.043546  0.113683  0.075414  0.081533  0.810594  0.681320  0.893526  0.083634  0.088470  0.921921  0.850711  0.798448  0.617350  0.383855  0.737172  0.729986  0.482029  0.633091  0.263106  0.152699  0.175024  0.699056  0.577076  0.577076  0.510677  0.739879  0.801121  0.715822  0.797091  0.860322  0.694626  0.878745  0.831899  0.829796  0.905541  0.839228  0.793605  0.151527  0.219457  0.101113  0.113820  0.888065  0.323864  0.226409  0.362601  0.713141  0.457201  0.249372  0.279914  0.609543  0.549922  0.305097  0.726610  0.163256  0.823697  0.757189  0.942873  0.799590  0.815961
  1.198500  0.256086  0.968773  0.047599  0.042135  0.149533  0.084805  0.439726  0.926346  0.594814  0.824104  0.694335  0.755984  0.828972  0.751456  0.689866  0.737236  0.775458  0.840218  0.811219  0.678937  0.791654  0.926346  0.768365  0.480701  0.518862  0.308912  0.743560  0.789434  0.566109  0.670769  0.758953  0.765001  0.758678  0.918111  0.694264  0.738520  0.826341  0.833125  0.712295  0.738382  0.555611  0.819676  0.736673  0.671719  0.783193  0.674904  0.802400  0.827590  0.635730  0.660176  0.703401  0.836357  0.790249  0.769923  0.850392  0.944953  0.515627  0.324400  0.850986  0.505651  0.345062  0.595176  0.842754  0.858695  0.146326  0.448996  0.124467  0.175339  0.207022  0.425178  0.069618  0.201763  0.162757  0.218156  0.246835  0.149360  0.218337  0.227932  0.487818  0.276945  0.805911  0.784834  0.768666  0.885958  0.657769  0.756413  0.751116  0.778746  0.845471  0.875296  0.596682  0.516193  0.499751  0.562247  0.175587  0.813419  0.364535  0.208347  0.097582  0.139855  0.219695  0.041964  0.113780  0.077298  0.080608  0.809604  0.679362  0.891712  0.083741  0.088382  0.915576  0.848962  0.794388  0.618965  0.386706  0.738198  0.729020  0.491268  0.636608  0.264217  0.154014  0.175913  0.699052  0.577771  0.577771  0.515385  0.714002  0.803980  0.716138  0.799392  0.861780  0.692118  0.878093  0.827724  0.829840  0.905558  0.835279  0.795154  0.153306  0.218951  0.100866  0.113545  0.889653  0.327208  0.221689  0.357511  0.709158  0.459020  0.251146  0.280360  0.608281  0.548797  0.303334  0.725965  0.160141  0.825764  0.764459  0.939334  0.799985  0.814377
  1.203500  0.257525  0.970459  0.047819  0.042404  0.149001  0.084436  0.442321  0.924569  0.570076  0.816643  0.693633  0.755183  0.832490  0.749923  0.689524  0.735685  0.776949  0.839978  0.807971  0.675093  0.792399  0.925435  0.767987  0.480339  0.490643  0.308811  0.743617  0.791751  0.565321  0.671233  0.761667  0.765332  0.758002  0.917152  0.693865  0.740502  0.826468  0.833335  0.712330  0.735796  0.560509  0.820950  0.736483  0.672168  0.786913  0.674289  0.802051  0.829918  0.634433  0.663745  0.702345  0.835382  0.787407  0.775325  0.848524  0.946486  0.515003  0.327583  0.851822  0.507257  0.346599  0.595511  0.842789  0.855032  0.145543  0.449326  0.125728  0.176689  0.211719  0.428869  0.070668  0.204971  0.164650  0.220409  0.245194  0.151344  0.218779  0.231633  0.487705  0.278133  0.805551  0.783198  0.769363  0.884960  0.659496  0.757060  0.750196  0.778221  0.845510  0.871100  0.596590  0.515466  0.503974  0.562378  0.175044  0.808251  0.368664  0.212533  0.099297  0.145551  0.213982  0.043051  0.115185  0.078246  0.081934  0.811126  0.679886  0.890801  0.086259  0.088248  0.918605  0.848912  0.794996  0.618146  0.382796  0.736680  0.730879  0.497188  0.639917  0.266019  0.157578  0.177947  0.700442  0.576527  0.576527  0.518393  0.684763  0.804754  0.715230  0.803338  0.866700  0.694126  0.873062  0.834101  0.832104  0.903683  0.840005  0.795129  0.153732  0.218298  0.101949  0.114842  0.891831  0.331574  0.218303  0.353286  0.710564  0.460929  0.250852  0.279931  0.603457  0.545293  0.304953  0.731888  0.159599  0.831864  0.767152  0.939288  0.798963  0.812173
  1.208500  0.257691  0.969585  0.047516  0.044296  0.149881  0.085161  0.443739  0.925455  0.545125  0.805955  0.690078  0.756699  0.832215  0.750711  0.687929  0.738191  0.776658  0.840892  0.810296  0.673743  0.794050  0.925455  0.769237  0.483067  0.455309  0.309876  0.746249  0.791641  0.567719  0.673026  0.764244  0.770671  0.760204  0.923630  0.699241  0.747167  0.826725  0.834238  0.715228  0.737181  0.561929  0.822743  0.738316  0.676107  0.789706  0.676300  0.804679  0.830953  0.636175  0.665784  0.705988  0.833919  0.786567  0.775573  0.846646  0.944825  0.514072  0.326297  0.850615  0.510698  0.346587  0.603741  0.844702  0.854682  0.148578  0.449897  0.127561  0.178205  0.212904  0.429704  0.073428  0.205813  0.163619  0.220967  0.248465  0.148127  0.220333  0.230570  0.490313  0.277170  0.806915  0.783743  0.769180  0.886890  0.660940  0.756642  0.751295  0.778609  0.847243  0.868653  0.596988  0.520396  0.506750  0.564179  0.177689  0.803588  0.371841  0.220497  0.104278  0.143778  0.221964  0.042227  0.116311  0.077994  0.083063  0.807182  0.680857  0.888248  0.085635  0.088979  0.920821  0.848113  0.797435  0.618472  0.387123  0.737428  0.729554  0.504682  0.643836  0.264112  0.159590  0.178923  0.701300  0.574610  0.574610  0.521173  0.646548  0.802250  0.715591  0.807585  0.868969  0.696360  0.873845  0.836322  0.832261  0.907287  0.840356  0.798299  0.151378  0.220676  0.101059  0.115403  0.889275  0.334462  0.212346  0.351265  0.706800  0.461490  0.252690  0.280465  0.603646  0.543299  0.305456  0.733542  0.157135  0.834894  0.772743  0.938435  0.798516  0.812773
  1.213500  0.257759  0.968712  0.047142  0.043915  0.150062  0.084784  0.446123  0.925442  0.517345  0.790189  0.688489  0.757897  0.838059  0.749014  0.690910  0.734692  0.779834  0.839660  0.811264  0.671151  0.795901  0.923711  0.769949  0.481344  0.409452  0.310285  0.743951  0.791457  0.570752  0.673397  0.760447  0.772361  0.759989  0.920088  0.698314  0.744318  0.829122  0.836326  0.715939  0.737505  0.565895  0.823186  0.738065  0.677941  0.789794  0.678423  0.806200  0.831099  0.637150  0.667282  0.706385  0.833610  0.788378  0.774689  0.850265  0.942305  0.515424  0.327689  0.851623  0.511911  0.348144  0.603010  0.841292  0.856611  0.150810  0.451876  0.127593  0.179662  0.214074  0.428600  0.072345  0.207039  0.164811  0.219869  0.245652  0.152315  0.220141  0.234902  0.493529  0.278619  0.807058  0.785781  0.768176  0.887522  0.660361  0.757346  0.750816  0.780325  0.845824  0.868721  0.599198  0.520373  0.507169  0.566180  0.176854  0.802928  0.377111  0.225812  0.105769  0.147696  0.221590  0.043213  0.116333  0.078892  0.084300  0.807237  0.678248  0.888229  0.087287  0.089114  0.919973  0.849729  0.794790  0.617607  0.384862  0.736178  0.729687  0.512703  0.642867  0.264835  0.160998  0.179555  0.699362  0.575133  0.575133  0.526317  0.604522  0.804029  0.715039  0.810292  0.870950  0.698511  0.872256  0.846300  0.835223  0.906983  0.840726  0.799679  0.153104  0.221435  0.100922  0.116114  0.893509  0.338204  0.208036  0.347518  0.711033  0.455058  0.252053  0.279970  0.599503  0.541162  0.309177  0.735042  0.154741  0.840388  0.778667  0.940154  0.801013  0.809718
  1.218500  0.258050  0.970404  0.046613  0.042723  0.149250  0.084935  0.448280  0.927042  0.488685  0.782131  0.687241  0.758224  0.835864  0.749695  0.689176  0.734815  0.774466  0.840429  0.810899  0.671473  0.795926  0.927909  0.772379  0.486228  0.359541  0.310001  0.748276  0.795358  0.568099  0.675809  0.764126  0.771731  0.761927  0.921716  0.698800  0.748092  0.832512  0.837472  0.718267  0.740414  0.567608  0.824474  0.741200  0.681567  0.790605  0.678479  0.807009  0.832580  0.638805  0.671596  0.709930  0.830638  0.790194  0.777591  0.854136  0.944738  0.513755  0.330597  0.852215  0.512512  0.347791  0.605918  0.841245  0.857487  0.152532  0.453852  0.128196  0.180743  0.211365  0.432152  0.073387  0.207200  0.165522  0.221693  0.248378  0.151389  0.222418  0.232565  0.493396  0.278542  0.807520  0.784316  0.769010  0.887338  0.661009  0.759014  0.752258  0.779816  0.845691  0.869166  0.600491  0.521168  0.510522  0.567503  0.176804  0.803109  0.380208  0.232916  0.103463  0.147403  0.219066  0.042948  0.115600  0.079955  0.084128  0.809499  0.677169  0.891485  0.086213  0.089285  0.919912  0.850441  0.799055  0.619904  0.383591  0.739110  0.730004  0.520934  0.648890  0.264187  0.163805  0.181537  0.698088  0.574784  0.574784  0.528522  0.577480  0.806066  0.716086  0.812028  0.872864  0.699343  0.870286  0.841665  0.832509  0.904766  0.841455  0.799933  0.154393  0.222234  0.100267  0.115781  0.889417  0.344026  0.206202  0.342910  0.713402  0.457974  0.251008  0.280082  0.595823  0.539843  0.309350  0.735095  0.153333  0.839255  0.778919  0.941785  0.800065  0.809140
  1.223500  0.257578  0.969577  0.048232  0.042813  0.149837  0.085955  0.448727  0.926259  0.464653  0.769109  0.685970  0.759686  0.835873  0.748271  0.689746  0.735135  0.776265  0.844211  0.810936  0.671864  0.795938  0.927125  0.773592  0.486738  0.316584  0.310243  0.746562  0.792111  0.568542  0.675377  0.764825  0.776296  0.762255  0.918634  0.699483  0.748581  0.831218  0.836840  0.718450  0.739264  0.572181  0.825947  0.741519  0.683336  0.794491  0.680827  0.807421  0.835210  0.639611  0.672926  0.710264  0.830843  0.790753  0.774269  0.855298  0.942273  0.515200  0.331533  0.850955  0.514913  0.347395  0.611720  0.841312  0.855445  0.153356  0.455720  0.129589  0.182203  0.215709  0.433864  0.072431  0.209591  0.165902  0.225218  0.247374  0.152319  0.221052  0.237896  0.496258  0.277771  0.807669  0.787175  0.768005  0.886248  0.662266  0.758448  0.752652  0.779739  0.846023  0.868892  0.601678  0.522847  0.513539  0.567533  0.178245  0.798908  0.384270  0.238596  0.101697  0.150689  0.220962  0.043303  0.116079  0.081178  0.085148  0.807141  0.675028  0.886406  0.087346  0.089523  0.920493  0.852023  0.795471  0.618834  0.386592  0.736611  0.729421  0.526115  0.650881  0.264169  0.165120  0.181693  0.698958  0.573820  0.573820  0.533128  0.534876  0.806908  0.716939  0.813845  0.876128  0.700870  0.869295  0.843371  0.834982  0.906428  0.844207  0.801442  0.154781  0.220344  0.101785  0.117233  0.885858  0.350920  0.202797  0.340039  0.709859  0.459228  0.252323  0.280416  0.594022  0.536347  0.309512  0.735903  0.152595  0.841050  0.779997  0.940121  0.798036  0.808578
  1.228500  0.259069  0.970467  0.047392  0.042183  0.149725  0.087463  0.451381  0.927154  0.445302  0.760717  0.682805  0.760573  0.837569  0.750848  0.688222  0.736850  0.779116  0.844832  0.807920  0.673256  0.797421  0.927154  0.774738  0.489139  0.295741  0.310284  0.746566  0.793030  0.566948  0.675556  0.766027  0.775574  0.762355  0.923455  0.701587  0.750055  0.828748  0.838622  0.721657  0.739893  0.573390  0.827543  0.744627  0.683816  0.793180  0.681982  0.808624  0.835362  0.642448  0.675038  0.710914  0.827265  0.795572  0.775776  0.854045  0.943056  0.515465  0.334098  0.852349  0.516736  0.348707  0.612041  0.843650  0.856103  0.153525  0.457002  0.131340  0.185164  0.217387  0.437042  0.075020  0.210937  0.165740  0.224194  0.253357  0.150491  0.223286  0.238354  0.497493  0.274239  0.807768  0.784746  0.767527  0.887280  0.660688  0.759761  0.752760  0.780327  0.850558  0.870037  0.603459  0.524464  0.516432  0.572604  0.178851  0.795538  0.388899  0.243406  0.107105  0.150038  0.222016  0.043257  0.117504  0.081182  0.086897  0.803169  0.676966  0.871714  0.088176  0.089489  0.922547  0.849639  0.795749  0.619150  0.387847  0.737012  0.728003  0.534742  0.656772  0.265224  0.168546  0.183626  0.697099  0.573385  0.573385  0.535573  0.459867  0.805506  0.715305  0.817537  0.875966  0.701622  0.867338  0.839357  0.832816  0.906014  0.841757  0.801117  0.152310  0.222199  0.101595  0.119006  0.886725  0.357004  0.199212  0.340118  0.711309  0.457072  0.253334  0.281132  0.589679  0.534058  0.310000  0.737829  0.149307  0.842664  0.783230  0.939282  0.797923  0.808082
  1.233500  0.257023  0.969595  0.048515  0.041023  0.149303  0.087558  0.452210  0.927972  0.428538  0.750122  0.682835  0.760261  0.840718  0.751725  0.686159  0.735651  0.778060  0.841536  0.809499  0.676267  0.798097  0.926238  0.775398  0.489960  0.303302  0.308297  0.746283  0.793954  0.571076  0.676053  0.766855  0.778794  0.761437  0.920226  0.703762  0.751426  0.830504  0.838488  0.721027  0.739728  0.577897  0.830036  0.745989  0.687833  0.794871  0.685032  0.809072  0.834576  0.642987  0.677370  0.710091  0.825340  0.791780  0.778543  0.854691  0.942247  0.515087  0.334268  0.852291  0.517922  0.349117  0.612559  0.840537  0.855703  0.156262  0.458865  0.132582  0.185561  0.218163  0.437594  0.073231  0.212219  0.167720  0.227219  0.251440  0.153230  0.226042  0.240351  0.498904  0.273247  0.806402  0.784146  0.767807  0.886760  0.662764  0.759867  0.750596  0.779587  0.850436  0.870198  0.604661  0.527464  0.515890  0.571375  0.178256  0.790175  0.391215  0.250148  0.109761  0.157849  0.229664  0.043765  0.118189  0.083076  0.084891  0.791326  0.679918  0.855565  0.087242  0.090478  0.920814  0.850413  0.794587  0.621080  0.384977  0.738153  0.730262  0.538671  0.655829  0.262465  0.171805  0.186230  0.693784  0.573643  0.573643  0.539898  0.418908  0.807890  0.715410  0.818858  0.878254  0.701999  0.864606  0.846452  0.832162  0.908379  0.842897  0.802840  0.155190  0.221765  0.101702  0.118754  0.889182  0.357879  0.195691  0.337087  0.710588  0.460223  0.252912  0.281566  0.587419  0.529274  0.312452  0.742267  0.147978  0.844033  0.785894  0.940112  0.798473  0.810085
  1.238500  0.257729  0.967924  0.048448  0.041955  0.151009  0.088494  0.454561  0.926385  0.413140  0.742729  0.682506  0.761841  0.841415  0.751386  0.687932  0.736568  0.777477  0.841295  0.807920  0.679143  0.799751  0.923788  0.776174  0.489615  0.334571  0.309571  0.746245  0.794236  0.570261  0.675774  0.765789  0.777992  0.761385  0.922140  0.702937  0.752026  0.831277  0.837265  0.723839  0.740255  0.577670  0.831512  0.746705  0.691614  0.795524  0.682931  0.808549  0.835661  0.642884  0.677460  0.712646  0.819870  0.789348  0.778377  0.855202  0.941418  0.515680  0.337299  0.852894  0.518417  0.348226  0.612921  0.844840  0.856204  0.157450  0.460305  0.133700  0.186474  0.220510  0.435318  0.075522  0.210572  0.169185  0.224493  0.249983  0.152348  0.221054  0.242236  0.500312  0.272199  0.804816  0.786271  0.767520  0.887294  0.664260  0.760607  0.752676  0.782631  0.846659  0.871207  0.605436  0.526591  0.521479  0.574660  0.180209  0.788114  0.397058  0.258337  0.108083  0.154792  0.227390  0.042633  0.117490  0.083564  0.088170  0.800682  0.677630  0.878788  0.090280  0.089798  0.921658  0.849555  0.799295  0.619197  0.383540  0.735996  0.730717  0.546385  0.657296  0.265974  0.172702  0.187709  0.691315  0.573912  0.573912  0.543303  0.415311  0.805506  0.714726  0.819491  0.879383  0.701753  0.863076  0.846071  0.832828  0.908193  0.844240  0.802494  0.155754  0.223416  0.102790  0.119236  0.888965  0.363844  0.194209  0.336181  0.712114  0.457190  0.253181  0.280075  0.583606  0.526904  0.313077  0.745418  0.144098  0.844728  0.787327  0.938500  0.798695  0.808049
  1.243500  0.259239  0.968764  0.048570  0.042395  0.150575  0.088661  0.457438  0.925446  0.397480  0.731472  0.679414  0.764642  0.838535  0.753169  0.689153  0.737415  0.783947  0.843319  0.810857  0.681279  0.801132  0.921981  0.777688  0.491715  0.382642  0.310704  0.748957  0.793876  0.568853  0.675845  0.766131  0.780734  0.764386  0.921158  0.704507  0.754927  0.831185  0.839279  0.725470  0.740446  0.580284  0.832776  0.746229  0.691848  0.798003  0.685956  0.809497  0.837895  0.644289  0.683070  0.715546  0.820902  0.789625  0.776531  0.853044  0.940547  0.515514  0.338204  0.851551  0.518669  0.350366  0.617790  0.847507  0.858070  0.158947  0.462427  0.133579  0.188385  0.224470  0.436641  0.076730  0.216729  0.169664  0.220853  0.252271  0.156008  0.224470  0.244005  0.503113  0.271596  0.803487  0.787563  0.767976  0.888667  0.663484  0.760030  0.751706  0.782551  0.851423  0.870087  0.606848  0.530638  0.523149  0.575691  0.180669  0.786597  0.400126  0.261772  0.109251  0.155736  0.227364  0.043120  0.117274  0.085081  0.088904  0.809215  0.673307  0.889925  0.088294  0.091307  0.922450  0.851026  0.796787  0.622566  0.384548  0.736664  0.729907  0.553778  0.662290  0.265248  0.176987  0.188541  0.688076  0.573363  0.573363  0.546713  0.388881  0.805215  0.717679  0.821007  0.881572  0.704741  0.862405  0.846949  0.835654  0.908943  0.845849  0.803483  0.154353  0.222908  0.101674  0.119229  0.890359  0.371077  0.191596  0.335242  0.711371  0.460424  0.252742  0.281574  0.579287  0.525190  0.314745  0.743479  0.143788  0.846591  0.787158  0.937575  0.796753  0.809672
  1.248500  0.257398  0.969580  0.048164  0.041610  0.150641  0.089063  0.458590  0.928798  0.384592  0.728539  0.675593  0.764746  0.839323  0.754275  0.687809  0.737522  0.781864  0.842867  0.810812  0.684563  0.799639  0.927930  0.777654  0.493546  0.403005  0.312229  0.749447  0.796493  0.567913  0.677389  0.766146  0.780185  0.760274  0.920293  0.705130  0.756053  0.833698  0.840526  0.724408  0.741585  0.583023  0.829979  0.746245  0.692609  0.796504  0.684699  0.808466  0.834898  0.648154  0.685777  0.717710  0.819665  0.792864  0.779178  0.856454  0.940538  0.516557  0.341729  0.853781  0.520773  0.348306  0.620483  0.842958  0.856433  0.159425  0.464245  0.135728  0.190164  0.224731  0.441115  0.077829  0.216171  0.166847  0.229993  0.252980  0.152784  0.226999  0.244600  0.504715  0.272580  0.802503  0.787271  0.767358  0.888847  0.664181  0.760874  0.752038  0.781519  0.851061  0.869956  0.609508  0.529311  0.524284  0.578823  0.179934  0.786070  0.403891  0.269923  0.107512  0.158772  0.229630  0.044314  0.118640  0.085653  0.088093  0.809344  0.677855  0.890619  0.089860  0.090076  0.920623  0.851122  0.799527  0.621440  0.385681  0.738684  0.731309  0.559781  0.664591  0.264657  0.179573  0.191304  0.685617  0.572787  0.572787  0.549851  0.348295  0.808393  0.715521  0.824165  0.882574  0.705019  0.858688  0.843169  0.833149  0.907356  0.845697  0.805364  0.155259  0.225004  0.101912  0.121472  0.890939  0.376328  0.190586  0.332465  0.711209  0.457121  0.253272  0.281864  0.575065  0.521471  0.316095  0.745662  0.141387  0.847732  0.789854  0.940946  0.799497  0.808573
  1.253500  0.258546  0.970408  0.047885  0.042337  0.150434  0.089455  0.459013  0.927881  0.373681  0.719679  0.675231  0.762538  0.837390  0.749384  0.686150  0.735957  0.779866  0.840106  0.809225  0.688563  0.801059  0.927013  0.780181  0.492566  0.390849  0.311467  0.749542  0.797192  0.567963  0.677701  0.766815  0.780413  0.763875  0.921538  0.708013  0.757352  0.833713  0.839341  0.726377  0.741924  0.587383  0.836108  0.748499  0.696919  0.800369  0.689867  0.811573  0.838040  0.650425  0.686715  0.717829  0.821667  0.791837  0.779238  0.856616  0.938009  0.515989  0.339409  0.852019  0.523171  0.350420  0.622015  0.841013  0.854803  0.162877  0.466388  0.136420  0.191152  0.225552  0.443480  0.077424  0.216209  0.170820  0.225280  0.251817  0.150307  0.227458  0.246519  0.504474  0.270281  0.802024  0.786660  0.768205  0.886465  0.664753  0.762557  0.754585  0.782607  0.848452  0.872416  0.610085  0.534130  0.527114  0.578100  0.181008  0.785277  0.407767  0.275942  0.113366  0.160019  0.233449  0.042379  0.118812  0.087256  0.090587  0.809841  0.675627  0.892297  0.087331  0.091051  0.919942  0.850887  0.795108  0.621931  0.388113  0.737810  0.730260  0.565374  0.665738  0.265665  0.181420  0.194188  0.678796  0.571777  0.571777  0.552140  0.318747  0.806002  0.717029  0.829505  0.883881  0.703641  0.858881  0.842854  0.833171  0.909594  0.848770  0.803919  0.153792  0.224794  0.102152  0.121498  0.890236  0.378783  0.187994  0.331409  0.708468  0.458870  0.253631  0.280870  0.572116  0.517591  0.314122  0.750776  0.140267  0.845541  0.786425  0.941767  0.798740  0.807301
  1.258500  0.257817  0.969511  0.047734  0.042000  0.152264  0.090638  0.461670  0.927034  0.359548  0.709511  0.674419  0.763427  0.842030  0.749522  0.685446  0.737434  0.779333  0.841499  0.812216  0.694521  0.802493  0.926167  0.782004  0.494480  0.381065  0.311172  0.749418  0.792978  0.570020  0.677980  0.768064  0.783404  0.764850  0.920355  0.706616  0.757685  0.833322  0.840048  0.730078  0.741310  0.587823  0.835783  0.748432  0.699497  0.802773  0.688300  0.813390  0.837520  0.649014  0.689027  0.719637  0.820503  0.792887  0.778077  0.855793  0.934578  0.515309  0.340802  0.852546  0.521689  0.349167  0.622699  0.843317  0.855042  0.162858  0.468055  0.138538  0.192073  0.228516  0.443286  0.078735  0.218922  0.166843  0.229149  0.257066  0.153730  0.225351  0.250761  0.505502  0.270374  0.801952  0.788579  0.768412  0.889397  0.667250  0.763965  0.755419  0.784298  0.846589  0.874287  0.611830  0.536158  0.529484  0.579381  0.180295  0.783063  0.413000  0.284425  0.109149  0.162050  0.233580  0.043823  0.118458  0.087690  0.091446  0.811441  0.674915  0.890624  0.090820  0.091000  0.922480  0.851681  0.797965  0.621753  0.384869  0.738224  0.729642  0.573390  0.667269  0.265825  0.185971  0.195984  0.679860  0.573179  0.573179  0.555746  0.363434  0.807376  0.716541  0.823724  0.883781  0.705016  0.855831  0.846244  0.833431  0.908414  0.846965  0.804725  0.154665  0.225629  0.102364  0.122033  0.888919  0.383700  0.185384  0.331182  0.711894  0.459087  0.253357  0.280414  0.568848  0.514546  0.314686  0.752376  0.137889  0.847140  0.791734  0.941771  0.798305  0.809990
  1.263500  0.258634  0.970287  0.050651  0.042687  0.151423  0.091288  0.463621  0.927776  0.352074  0.707775  0.671968  0.764730  0.844035  0.751633  0.687601  0.740536  0.778919  0.842223  0.810367  0.699164  0.802440  0.926909  0.781873  0.496550  0.389634  0.313869  0.749741  0.793369  0.571383  0.679241  0.765626  0.784542  0.763331  0.920074  0.709889  0.758739  0.834078  0.841236  0.731687  0.741861  0.593429  0.838294  0.751553  0.702483  0.804679  0.692534  0.812890  0.842351  0.654642  0.693682  0.719705  0.822235  0.795091  0.780391  0.855972  0.932834  0.516113  0.342337  0.854160  0.522717  0.350540  0.625718  0.845225  0.853957  0.165361  0.470805  0.139814  0.195123  0.229941  0.444649  0.081264  0.221368  0.169464  0.231664  0.256832  0.156316  0.230213  0.253334  0.508934  0.270438  0.803504  0.788566  0.768219  0.889338  0.667731  0.765952  0.755417  0.783192  0.847862  0.875046  0.613356  0.537402  0.531614  0.581002  0.183076  0.779868  0.415823  0.290982  0.114880  0.167922  0.232480  0.044578  0.119049  0.089698  0.092179  0.810572  0.678522  0.891338  0.091996  0.090916  0.924173  0.850814  0.797838  0.621995  0.386257  0.739079  0.729276  0.578274  0.670138  0.266939  0.189136  0.198147  0.680665  0.573038  0.573038  0.557794  0.404083  0.807944  0.718320  0.826010  0.883411  0.705051  0.854597  0.843675  0.833249  0.908871  0.846982  0.804271  0.155335  0.224955  0.103671  0.123378  0.891542  0.391271  0.184713  0.332408  0.709612  0.457384  0.254452  0.282402  0.563783  0.510880  0.318757  0.752881  0.137438  0.848256  0.792306  0.941657  0.797107  0.809198
  1.268500  0.258772  0.966736  0.048556  0.042787  0.151657  0.091219  0.466085  0.928574  0.348370  0.702537  0.670835  0.763206  0.839919  0.750843  0.688478  0.737297  0.780388  0.844117  0.811117  0.704447  0.804051  0.925972  0.783655  0.494836  0.409293  0.313019  0.750112  0.793117  0.569567  0.679934  0.769586  0.785018  0.766187  0.922254  0.708317  0.759941  0.831696  0.840465  0.733211  0.742330  0.595510  0.839768  0.752264  0.705324  0.807413  0.692093  0.814560  0.840927  0.654530  0.694466  0.721946  0.822896  0.795653  0.780052  0.858600  0.931886  0.516712  0.341928  0.853595  0.523008  0.350000  0.625182  0.842207  0.855026  0.167471  0.473667  0.141757  0.197373  0.231341  0.446287  0.080736  0.222563  0.170471  0.229167  0.258710  0.152084  0.224547  0.256250  0.513044  0.268799  0.804187  0.788755  0.766959  0.888208  0.665954  0.766422  0.754682  0.785941  0.849844  0.874485  0.616886  0.540959  0.532749  0.584477  0.182017  0.779754  0.420204  0.297934  0.113406  0.165580  0.233786  0.044722  0.119779  0.089178  0.092351  0.808832  0.676686  0.887811  0.090533  0.091972  0.922754  0.852247  0.797389  0.623828  0.387410  0.739589  0.730222  0.582757  0.671296  0.264255  0.191369  0.197563  0.683109  0.572520  0.572520  0.560888  0.394657  0.807888  0.716504  0.819657  0.882072  0.704762  0.852243  0.843146  0.830783  0.905995  0.844634  0.804909  0.156471  0.225451  0.104083  0.124473  0.889490  0.394747  0.184744  0.331484  0.710388  0.462790  0.253681  0.280606  0.558056  0.507390  0.318755  0.749742  0.134994  0.846822  0.790887  0.941584  0.798663  0.808460
  1.273500  0.257941  0.968357  0.047667  0.041797  0.151293  0.091535  0.466756  0.927575  0.347225  0.703601  0.668694  0.772214  0.836274  0.752455  0.686351  0.739617  0.780135  0.844965  0.809578  0.711169  0.803269  0.925839  0.782966  0.497548  0.422935  0.311759  0.751097  0.797113  0.570324  0.679168  0.769944  0.784561  0.767002  0.920255  0.710095  0.760383  0.834036  0.839679  0.733831  0.741988  0.597905  0.840619  0.753026  0.708747  0.809267  0.694759  0.815055  0.842452  0.657751  0.695340  0.724059  0.821487  0.799196  0.780152  0.856701  0.933484  0.514449  0.343809  0.853900  0.522830  0.349231  0.627487  0.845693  0.854981  0.169450  0.476611  0.142895  0.199165  0.236497  0.448257  0.080405  0.225805  0.169172  0.231604  0.258505  0.157574  0.228976  0.256794  0.513950  0.268714  0.802575  0.787884  0.770463  0.889672  0.667391  0.765308  0.755093  0.784877  0.853524  0.878641  0.616261  0.542351  0.537934  0.584553  0.185377  0.778522  0.424626  0.303878  0.113084  0.170078  0.233507  0.044442  0.120646  0.090382  0.091940  0.808578  0.677475  0.887661  0.094285  0.091281  0.923453  0.851239  0.799074  0.621907  0.386097  0.740237  0.728263  0.588557  0.674696  0.265638  0.194948  0.200002  0.683863  0.572731  0.572731  0.564018  0.420299  0.808772  0.717880  0.815507  0.874066  0.703757  0.848950  0.841027  0.830456  0.907108  0.847444  0.804015  0.153145  0.226122  0.104878  0.126362  0.891957  0.400535  0.184922  0.333336  0.711754  0.459812  0.254394  0.280168  0.554638  0.502137  0.318361  0.752885  0.133738  0.842731  0.790096  0.940591  0.796568  0.812438
  1.278500  0.257783  0.969103  0.049609  0.043687  0.152086  0.092381  0.469716  0.928303  0.347502  0.702441  0.665175  0.766218  0.836609  0.751675  0.686869  0.737042  0.781579  0.841932  0.810337  0.715905  0.806255  0.925699  0.784896  0.498350  0.433824  0.312847  0.751951  0.793579  0.570734  0.679087  0.769133  0.785487  0.766928  0.918806  0.710788  0.762977  0.834118  0.840389  0.734343  0.744034  0.601789  0.842110  0.755116  0.711474  0.808799  0.696701  0.816427  0.842690  0.658912  0.699706  0.723953  0.817571  0.801287  0.779562  0.856283  0.933319  0.515899  0.344568  0.853215  0.526060  0.350315  0.630166  0.841205  0.854929  0.171611  0.477754  0.146093  0.200957  0.233875  0.449250  0.081147  0.225044  0.170668  0.234782  0.261293  0.158244  0.230248  0.259539  0.514362  0.267803  0.804025  0.789215  0.766560  0.889650  0.666030  0.766581  0.755341  0.785869  0.848385  0.879663  0.617653  0.543346  0.538260  0.588796  0.184688  0.779531  0.428363  0.310911  0.116076  0.167494  0.236958  0.043343  0.119726  0.091383  0.093433  0.807956  0.677174  0.887504  0.092609  0.091312  0.920735  0.853707  0.797485  0.624103  0.385409  0.739325  0.730558  0.591897  0.676326  0.265068  0.196974  0.204078  0.684668  0.573392  0.573392  0.566057  0.476814  0.805500  0.717301  0.815071  0.872879  0.702784  0.847480  0.839752  0.829863  0.904657  0.845026  0.803723  0.150422  0.225515  0.105244  0.125837  0.890053  0.403830  0.183688  0.332974  0.711592  0.456510  0.254426  0.280530  0.550686  0.500338  0.322285  0.757205  0.132939  0.844064  0.789003  0.939588  0.797427  0.809618
  1.283500  0.258331  0.966402  0.050920  0.042022  0.151588  0.092942  0.472318  0.926507  0.348799  0.704945  0.664474  0.766938  0.834120  0.750586  0.685358  0.739684  0.777658  0.842886  0.809414  0.720686  0.807594  0.922171  0.785173  0.499083  0.443433  0.310978  0.749145  0.793301  0.567088  0.677440  0.766584  0.781362  0.763372  0.919681  0.712890  0.759058  0.832322  0.839650  0.737602  0.745763  0.602791  0.841456  0.752983  0.712610  0.810259  0.697542  0.817985  0.841939  0.662309  0.701239  0.725202  0.814676  0.802463  0.779304  0.856074  0.929789  0.515352  0.346045  0.852488  0.525057  0.350446  0.630650  0.843159  0.856422  0.173358  0.479411  0.146777  0.203564  0.240485  0.455207  0.085464  0.227671  0.171179  0.233409  0.265670  0.158025  0.230053  0.262801  0.517165  0.263719  0.802232  0.788211  0.767814  0.887129  0.668603  0.764966  0.755853  0.784121  0.850699  0.879533  0.619716  0.546447  0.541093  0.587062  0.184701  0.782252  0.432569  0.317586  0.119290  0.172993  0.238580  0.043432  0.120041  0.092514  0.095531  0.807652  0.675550  0.884011  0.095682  0.091063  0.922922  0.851870  0.797735  0.622537  0.388441  0.739697  0.728682  0.596984  0.678181  0.265008  0.200494  0.203248  0.683248  0.573003  0.573003  0.567850  0.508654  0.807801  0.718394  0.820879  0.880641  0.701129  0.844722  0.836092  0.829354  0.904628  0.847906  0.805591  0.151360  0.226704  0.105561  0.129552  0.886648  0.410001  0.183066  0.333492  0.710068  0.460789  0.254642  0.280908  0.547628  0.496238  0.318970  0.755687  0.131000  0.839140  0.783116  0.939517  0.795899  0.810115
  1.288500  0.257113  0.968857  0.050849  0.042146  0.152134  0.093416  0.472762  0.926321  0.347892  0.703487  0.662327  0.764325  0.832515  0.749345  0.685339  0.735363  0.779214  0.842675  0.812216  0.722628  0.808175  0.920245  0.787512  0.500046  0.459639  0.313833  0.751184  0.789848  0.568249  0.679136  0.767178  0.781702  0.766259  0.917930  0.713312  0.762950  0.833003  0.837354  0.736221  0.742551  0.606142  0.841636  0.756318  0.714914  0.809497  0.698313  0.817122  0.844339  0.662799  0.702922  0.726045  0.807878  0.798729  0.774661  0.856121  0.923856  0.514716  0.346698  0.852452  0.526415  0.349907  0.630809  0.843765  0.853933  0.176510  0.482676  0.149161  0.205346  0.240144  0.455731  0.085470  0.230671  0.169279  0.235070  0.267069  0.157408  0.231989  0.265518  0.519709  0.262398  0.801040  0.791301  0.769579  0.885618  0.667616  0.765089  0.757025  0.785447  0.848486  0.882360  0.622205  0.547346  0.543618  0.589648  0.184369  0.783533  0.435454  0.324681  0.121522  0.173085  0.240869  0.044272  0.121238  0.094453  0.095276  0.805184  0.676504  0.882918  0.093845  0.092363  0.918756  0.850975  0.796282  0.624385  0.385953  0.740206  0.729616  0.602284  0.676987  0.266282  0.204471  0.207666  0.681737  0.572369  0.572369  0.569471  0.577822  0.809793  0.718947  0.818575  0.882762  0.696164  0.842653  0.837811  0.828287  0.903866  0.845312  0.802516  0.151685  0.227522  0.106114  0.128356  0.884668  0.416333  0.182644  0.334772  0.707855  0.456591  0.255093  0.280476  0.540678  0.493431  0.320500  0.758998  0.127327  0.837272  0.778566  0.941078  0.795533  0.811974
  1.293500  0.257122  0.968740  0.050646  0.042858  0.153025  0.092455  0.474435  0.925358  0.350795  0.704674  0.661562  0.767299  0.828843  0.751672  0.684712  0.733047  0.779837  0.842346  0.809006  0.724866  0.808051  0.921020  0.787629  0.500155  0.476562  0.314658  0.752050  0.787476  0.565951  0.675549  0.766496  0.776894  0.763552  0.914827  0.712023  0.758215  0.831740  0.837396  0.732677  0.742842  0.608665  0.842437  0.756270  0.715698  0.809786  0.701884  0.816355  0.843596  0.665042  0.702286  0.728304  0.804205  0.796000  0.775069  0.854829  0.920347  0.515560  0.348638  0.852758  0.524198  0.350539  0.632665  0.844345  0.853249  0.180082  0.485483  0.151546  0.208228  0.245230  0.456814  0.086548  0.232524  0.171679  0.236252  0.266254  0.157441  0.231173  0.268901  0.522384  0.258061  0.800398  0.789318  0.768985  0.887138  0.666212  0.764706  0.756836  0.786776  0.850250  0.882890  0.622940  0.552552  0.544886  0.593039  0.184462  0.784341  0.440201  0.332682  0.123885  0.177846  0.239517  0.044629  0.120516  0.093310  0.097550  0.805735  0.675370  0.881109  0.095412  0.092514  0.916757  0.851553  0.798190  0.623747  0.386891  0.738383  0.730574  0.606189  0.677989  0.264197  0.207077  0.208771  0.677459  0.572296  0.572296  0.573624  0.637413  0.807392  0.717425  0.812506  0.878493  0.694344  0.841170  0.833500  0.826749  0.903049  0.846091  0.802253  0.154116  0.228125  0.106607  0.129983  0.881673  0.420868  0.182009  0.336457  0.707426  0.459004  0.254516  0.280036  0.539174  0.491670  0.321951  0.756315  0.124334  0.831261  0.773059  0.939241  0.795722  0.811636
  1.298500  0.257489  0.966037  0.050286  0.041925  0.154453  0.093397  0.475779  0.924434  0.351133  0.704442  0.658650  0.767560  0.827694  0.750209  0.683256  0.735674  0.779734  0.841417  0.810613  0.724527  0.808743  0.918367  0.788886  0.501316  0.489302  0.313518  0.748550  0.786289  0.562896  0.675794  0.764526  0.772054  0.762873  0.910692  0.710448  0.758650  0.828835  0.837538  0.733717  0.742257  0.609594  0.844521  0.756050  0.716783  0.810271  0.699802  0.816542  0.842302  0.667009  0.704518  0.726795  0.796419  0.796531  0.771720  0.854453  0.914407  0.515368  0.349583  0.851448  0.526609  0.350358  0.630663  0.841962  0.854862  0.182315  0.489316  0.154629  0.211097  0.246990  0.456818  0.087426  0.234755  0.170853  0.239648  0.268402  0.161155  0.232306  0.271734  0.522078  0.255451  0.800318  0.788681  0.767394  0.886931  0.664918  0.765095  0.755751  0.787634  0.851319  0.882602  0.623947  0.553499  0.548261  0.594047  0.186607  0.781591  0.444400  0.338015  0.119371  0.175839  0.243727  0.043902  0.121378  0.095452  0.097198  0.803419  0.673385  0.876765  0.096746  0.092646  0.918454  0.850771  0.797539  0.623785  0.386029  0.739130  0.729250  0.609985  0.679895  0.265212  0.210943  0.212163  0.674452  0.571119  0.571119  0.574240  0.670578  0.809000  0.717643  0.807589  0.875301  0.696414  0.837383  0.835311  0.825402  0.900317  0.842659  0.801095  0.154630  0.229241  0.107873  0.130231  0.881280  0.426347  0.181883  0.337438  0.708784  0.461795  0.254729  0.278619  0.534453  0.484590  0.323190  0.756812  0.124166  0.827335  0.763175  0.938302  0.794770  0.812421
  1.303500  0.256065  0.967627  0.050895  0.042537  0.153782  0.093099  0.477664  0.925996  0.353898  0.707524  0.657160  0.770189  0.825876  0.750953  0.687043  0.737277  0.782588  0.846224  0.809364  0.723561  0.810139  0.919058  0.788744  0.503618  0.498871  0.315074  0.749751  0.783289  0.560919  0.674310  0.762903  0.769893  0.761523  0.911713  0.714710  0.759592  0.830505  0.836196  0.735028  0.742408  0.609275  0.840265  0.754849  0.717347  0.810283  0.703079  0.815585  0.841518  0.667649  0.705519  0.727720  0.784111  0.796702  0.766590  0.852132  0.910103  0.516186  0.351906  0.851973  0.526452  0.348712  0.629404  0.845768  0.857620  0.184443  0.491960  0.155969  0.213880  0.252487  0.461472  0.089694  0.239769  0.168022  0.239436  0.267974  0.155878  0.235721  0.274871  0.526724  0.251448  0.798743  0.791190  0.768815  0.889073  0.666228  0.762825  0.754881  0.785901  0.851968  0.885472  0.626169  0.556421  0.551931  0.597971  0.187073  0.781523  0.447566  0.344618  0.124703  0.184154  0.240252  0.043792  0.122065  0.094683  0.099814  0.804055  0.676687  0.874825  0.097758  0.092769  0.920800  0.852993  0.797266  0.626250  0.387068  0.741085  0.729637  0.612409  0.681847  0.266930  0.214628  0.214512  0.666077  0.571738  0.571738  0.578892  0.702408  0.809364  0.719947  0.807577  0.877108  0.693545  0.833053  0.829282  0.821969  0.899941  0.842642  0.800593  0.154708  0.229978  0.109038  0.132116  0.880624  0.434050  0.184064  0.340046  0.710838  0.458796  0.254194  0.280132  0.531963  0.484111  0.322484  0.758943  0.122847  0.817096  0.756971  0.939006  0.794650  0.815726
  1.308500  0.256481  0.965770  0.050590  0.042879  0.154017  0.094706  0.480528  0.925008  0.356355  0.709808  0.656369  0.768735  0.822475  0.751276  0.687078  0.734544  0.780556  0.843207  0.810071  0.719375  0.810046  0.920671  0.790425  0.501154  0.504033  0.314350  0.749955  0.781550  0.563070  0.672368  0.763650  0.766684  0.758227  0.906030  0.714199  0.760433  0.828478  0.834172  0.735008  0.741238  0.615322  0.843227  0.756268  0.720984  0.811702  0.704787  0.816908  0.843131  0.671805  0.707076  0.728913  0.776931  0.795336  0.763665  0.850318  0.907522  0.514740  0.354269  0.853541  0.525871  0.349313  0.630355  0.844117  0.857756  0.186903  0.493647  0.159267  0.216498  0.253684  0.465556  0.091056  0.239786  0.176681  0.240533  0.271481  0.158178  0.237268  0.277719  0.528864  0.248509  0.798522  0.790687  0.768962  0.885945  0.667767  0.761846  0.756435  0.788611  0.851118  0.883436  0.629563  0.559665  0.552863  0.598875  0.188592  0.776806  0.449952  0.352444  0.122352  0.181669  0.244342  0.044234  0.121731  0.097589  0.099318  0.801260  0.678042  0.871235  0.097793  0.092924  0.918590  0.852648  0.796923  0.626737  0.386195  0.741575  0.728218  0.615712  0.682441  0.266658  0.217910  0.216357  0.661370  0.572079  0.572079  0.577692  0.726807  0.810071  0.718484  0.803953  0.874050  0.690700  0.830861  0.826428  0.820485  0.893989  0.840126  0.797462  0.155493  0.230737  0.110160  0.132977  0.883195  0.441018  0.184500  0.342108  0.708811  0.457271  0.256780  0.279811  0.527282  0.479430  0.327198  0.759510  0.120787  0.814212  0.745947  0.938017  0.794333  0.816816
  1.313500  0.257028  0.964769  0.051206  0.042997  0.154729  0.095714  0.481450  0.924850  0.363175  0.708246  0.652826  0.768480  0.809994  0.750351  0.687766  0.735775  0.780869  0.843454  0.809827  0.715820  0.811554  0.922247  0.790648  0.508430  0.509396  0.316085  0.749497  0.777767  0.560154  0.671948  0.761262  0.761721  0.757677  0.904728  0.713470  0.759515  0.827569  0.831594  0.735409  0.740687  0.617015  0.842291  0.754919  0.721070  0.809599  0.706025  0.815963  0.840651  0.670679  0.709018  0.729432  0.782769  0.786638  0.751690  0.846280  0.904849  0.515863  0.354528  0.851656  0.525844  0.348751  0.626414  0.844365  0.859852  0.192195  0.497626  0.160496  0.218883  0.257174  0.466914  0.092715  0.243115  0.176337  0.242962  0.275948  0.162216  0.237440  0.280166  0.531909  0.241906  0.797001  0.791966  0.769498  0.889276  0.666229  0.761995  0.757957  0.787103  0.852746  0.882460  0.631054  0.560950  0.558406  0.601770  0.188091  0.771335  0.452752  0.358121  0.126641  0.182131  0.244048  0.044252  0.122671  0.098024  0.101138  0.798950  0.680494  0.863236  0.099990  0.092624  0.919248  0.852659  0.799180  0.626528  0.385082  0.741135  0.731242  0.620446  0.685398  0.265053  0.220328  0.218982  0.653893  0.573789  0.573789  0.582731  0.737299  0.812251  0.719955  0.792432  0.870805  0.685955  0.826888  0.820501  0.818455  0.892320  0.838830  0.794851  0.154840  0.230258  0.111985  0.133912  0.878785  0.447358  0.187362  0.347764  0.712090  0.457985  0.256326  0.280089  0.522906  0.476321  0.326121  0.761679  0.119298  0.802899  0.732222  0.940471  0.793765  0.817182
  1.318500  0.255759  0.962924  0.051494  0.043763  0.155048  0.093043  0.483876  0.925613  0.366016  0.713650  0.651834  0.766186  0.799275  0.748465  0.687942  0.735015  0.780817  0.845520  0.811342  0.709563  0.810008  0.921274  0.789764  0.505764  0.504736  0.314987  0.745079  0.774683  0.559505  0.671129  0.759208  0.755722  0.755630  0.900957  0.713334  0.756180  0.826348  0.829701  0.734938  0.738771  0.620568  0.842930  0.757629  0.724857  0.810545  0.706833  0.814497  0.843123  0.675436  0.711307  0.732603  0.780757  0.779573  0.738139  0.839508  0.906372  0.516551  0.352246  0.851712  0.524303  0.347872  0.625723  0.843157  0.854335  0.193067  0.501462  0.163358  0.222761  0.258439  0.470333  0.092687  0.240378  0.174224  0.244132  0.275203  0.161456  0.239785  0.284609  0.533359  0.236129  0.794637  0.790734  0.769723  0.885687  0.667744  0.760140  0.754769  0.789228  0.849973  0.881228  0.634763  0.563437  0.555263  0.600883  0.188943  0.765636  0.455416  0.365529  0.124149  0.185996  0.247029  0.045081  0.123479  0.099050  0.100895  0.793970  0.676165  0.856197  0.101109  0.092709  0.914313  0.852456  0.796538  0.627166  0.383765  0.742268  0.731422  0.621753  0.685397  0.264541  0.223256  0.220995  0.640284  0.572744  0.572744  0.582603  0.739426  0.809726  0.719779  0.778939  0.864112  0.682470  0.824920  0.811103  0.812154  0.884993  0.831413  0.792510  0.156591  0.231801  0.113846  0.135072  0.878661  0.439215  0.185853  0.348765  0.707389  0.459020  0.257525  0.279478  0.520356  0.473343  0.328246  0.760120  0.117058  0.794347  0.720427  0.938628  0.793715  0.816447
  1.323500  0.255812  0.962815  0.051774  0.042012  0.155992  0.095154  0.485427  0.923766  0.373513  0.716268  0.650817  0.772215  0.794523  0.750255  0.687291  0.738501  0.782876  0.845749  0.807600  0.700484  0.812085  0.923766  0.792057  0.507387  0.512158  0.315248  0.748871  0.771992  0.554212  0.667294  0.755487  0.751536  0.753925  0.898370  0.714781  0.755854  0.823368  0.825347  0.737719  0.742612  0.622994  0.842063  0.758406  0.728047  0.811800  0.710121  0.815463  0.843798  0.677009  0.714388  0.732684  0.780668  0.760685  0.724302  0.831141  0.904519  0.514781  0.355705  0.853006  0.521054  0.345960  0.621375  0.844838  0.858232  0.198161  0.506026  0.166086  0.225700  0.263060  0.469672  0.093668  0.246907  0.175584  0.244425  0.277941  0.164458  0.236103  0.287846  0.536975  0.227658  0.792184  0.790909  0.767847  0.886480  0.664911  0.762181  0.756126  0.786786  0.853768  0.880305  0.634152  0.564608  0.560361  0.602732  0.189957  0.757395  0.458567  0.371814  0.124203  0.188339  0.247048  0.043258  0.123345  0.100269  0.101473  0.790738  0.678446  0.848272  0.100839  0.092554  0.919465  0.853954  0.797911  0.625363  0.382468  0.742147  0.732949  0.623451  0.687109  0.264333  0.227990  0.219336  0.631712  0.571499  0.571499  0.585097  0.736507  0.808407  0.717288  0.767560  0.858582  0.678540  0.823307  0.801245  0.809284  0.881463  0.828077  0.787894  0.157154  0.231827  0.114758  0.136151  0.875732  0.449650  0.186768  0.351189  0.712714  0.460411  0.256119  0.280514  0.517050  0.470400  0.326360  0.757952  0.116525  0.783677  0.702288  0.938518  0.794279  0.817176
  1.328500  0.255826  0.960081  0.052305  0.042431  0.156241  0.094440  0.486146  0.923603  0.378952  0.721368  0.648662  0.771329  0.787521  0.751742  0.688788  0.735707  0.783355  0.845125  0.810428  0.690330  0.810310  0.922734  0.792367  0.506192  0.511953  0.315712  0.746530  0.768964  0.550065  0.667548  0.752498  0.743592  0.751304  0.893889  0.713477  0.754977  0.820767  0.820523  0.739131  0.740953  0.624809  0.844001  0.757133  0.730071  0.812123  0.708884  0.814146  0.843327  0.681660  0.717390  0.733718  0.778389  0.740316  0.708850  0.818545  0.903564  0.515221  0.357529  0.851663  0.521467  0.347383  0.623276  0.846582  0.856877  0.201030  0.508591  0.169259  0.229456  0.266626  0.477497  0.098200  0.247747  0.176421  0.247497  0.284092  0.165542  0.240970  0.291285  0.538782  0.219024  0.787114  0.792093  0.769317  0.891042  0.664719  0.762531  0.756648  0.787467  0.851229  0.875094  0.635322  0.565517  0.559236  0.606064  0.189349  0.753481  0.463514  0.378274  0.129913  0.188116  0.252755  0.044118  0.122222  0.100054  0.103268  0.785175  0.677850  0.832927  0.100890  0.092844  0.918464  0.852266  0.796475  0.626437  0.386386  0.744510  0.732089  0.626100  0.687604  0.266427  0.232853  0.225805  0.614358  0.573565  0.573565  0.586822  0.728244  0.811235  0.720290  0.760533  0.848987  0.672939  0.818673  0.792004  0.802013  0.873874  0.821724  0.782654  0.155913  0.232331  0.114932  0.137741  0.874952  0.456287  0.189349  0.355025  0.710562  0.460631  0.255867  0.278734  0.513196  0.467863  0.325971  0.760439  0.115686  0.774787  0.690763  0.939236  0.792635  0.816727
  1.333500  0.255687  0.959991  0.052901  0.041387  0.156263  0.094529  0.488780  0.923517  0.383834  0.723512  0.645699  0.769459  0.782786  0.748162  0.686274  0.734965  0.780744  0.845362  0.810105  0.678195  0.811881  0.923517  0.791691  0.509538  0.509438  0.315765  0.743475  0.762691  0.546642  0.665267  0.754777  0.739340  0.750734  0.892887  0.715908  0.755053  0.816439  0.815843  0.740593  0.742417  0.628075  0.847120  0.759772  0.731717  0.814437  0.712338  0.815498  0.845963  0.681255  0.717132  0.733917  0.779279  0.715006  0.703903  0.804930  0.907617  0.513886  0.360998  0.851951  0.519832  0.345830  0.616378  0.845999  0.858468  0.204996  0.511975  0.173277  0.232997  0.269100  0.473594  0.100052  0.255151  0.177621  0.246660  0.281097  0.166762  0.239693  0.295340  0.540553  0.207447  0.782911  0.793284  0.770802  0.885408  0.662647  0.763057  0.755804  0.788920  0.851278  0.872650  0.639146  0.570544  0.568687  0.609096  0.190078  0.748019  0.465835  0.385055  0.128216  0.189383  0.248651  0.043241  0.124708  0.101810  0.102458  0.779119  0.681697  0.822084  0.102928  0.093818  0.917535  0.853730  0.797490  0.627986  0.385553  0.745662  0.732549  0.628238  0.686183  0.263772  0.235766  0.227919  0.601198  0.572788  0.572788  0.587352  0.714249  0.810914  0.718884  0.747942  0.842881  0.666196  0.816587  0.783505  0.794717  0.867342  0.817997  0.776370  0.156404  0.231117  0.118316  0.139333  0.877945  0.467300  0.193263  0.360727  0.708208  0.454147  0.255216  0.278922  0.511135  0.464044  0.327031  0.761130  0.112632  0.767241  0.678102  0.940017  0.794807  0.816312
  1.338500  0.254505  0.959015  0.052771  0.042316  0.157721  0.096777  0.490908  0.923387  0.387506  0.727309  0.644230  0.769508  0.774979  0.749316  0.685829  0.735127  0.777785  0.842636  0.810935  0.668084  0.811662  0.922518  0.790250  0.508311  0.496822  0.315911  0.744134  0.759804  0.543953  0.660122  0.748729  0.732003  0.748545  0.886582  0.714357  0.751486  0.813027  0.812442  0.742764  0.741134  0.629399  0.848174  0.760356  0.734454  0.814665  0.713077  0.817939  0.844611  0.686033  0.722426  0.735683  0.776479  0.707666  0.696676  0.797835  0.911690  0.515038  0.362480  0.853000  0.518485  0.347182  0.617873  0.846184  0.857189  0.208368  0.514753  0.176238  0.237699  0.274268  0.480920  0.102403  0.257881  0.176600  0.250100  0.284945  0.169720  0.244397  0.298436  0.545187  0.201349  0.778422  0.792104  0.769393  0.886022  0.663302  0.762321  0.755925  0.789599  0.852278  0.870610  0.642018  0.572626  0.567586  0.609880  0.189482  0.743732  0.467995  0.391576  0.129712  0.196333  0.249647  0.044861  0.123764  0.102616  0.105692  0.783749  0.681543  0.833014  0.105551  0.093776  0.916129  0.853626  0.795430  0.627955  0.382618  0.746290  0.734646  0.629529  0.687466  0.266433  0.240497  0.232170  0.595596  0.575581  0.575581  0.589354  0.698441  0.809319  0.722921  0.740343  0.836280  0.660757  0.814409  0.773810  0.789253  0.861585  0.811039  0.770424  0.155556  0.232551  0.119712  0.139443  0.878757  0.470718  0.194939  0.364006  0.709932  0.460384  0.257971  0.278884  0.507744  0.462607  0.328664  0.761220  0.111037  0.760051  0.667604  0.939029  0.792383  0.816124
  1.343500  0.255323  0.957203  0.053026  0.042986  0.157930  0.095450  0.492181  0.923318  0.395167  0.729365  0.641172  0.771087  0.770270  0.749935  0.687117  0.737353  0.784399  0.845667  0.810133  0.656820  0.811582  0.923318  0.789848  0.509052  0.484347  0.316223  0.745821  0.755184  0.538401  0.658745  0.749313  0.726339  0.746188  0.885501  0.715679  0.752437  0.810019  0.806660  0.747724  0.742450  0.632251  0.852280  0.762185  0.734886  0.818422  0.716462  0.819483  0.847071  0.688870  0.724872  0.735494  0.771916  0.713783  0.689723  0.794736  0.911552  0.514660  0.363998  0.851957  0.515747  0.345789  0.613587  0.850043  0.857793  0.212236  0.520249  0.179374  0.240797  0.276128  0.482680  0.104400  0.260152  0.177200  0.253027  0.286058  0.168684  0.245779  0.305299  0.551350  0.191858  0.772098  0.791068  0.769580  0.885328  0.662667  0.764888  0.757053  0.786960  0.854602  0.866563  0.642669  0.576225  0.572785  0.614816  0.193048  0.735055  0.469935  0.396490  0.132175  0.199577  0.252574  0.044115  0.122598  0.102669  0.104526  0.791708  0.681511  0.846772  0.102963  0.092172  0.919062  0.851838  0.796889  0.626189  0.385655  0.747635  0.736775  0.631649  0.690034  0.265118  0.245536  0.234304  0.594079  0.573013  0.573013  0.590997  0.678971  0.810941  0.719656  0.732808  0.829358  0.654180  0.810382  0.763173  0.781528  0.857565  0.808493  0.765645  0.155302  0.232926  0.121139  0.141517  0.875828  0.478785  0.197242  0.367532  0.711004  0.460528  0.256635  0.278359  0.505664  0.460209  0.328363  0.758591  0.110868  0.751135  0.656177  0.938958  0.791039  0.813290
  1.348500  0.254320  0.952826  0.053763  0.040929  0.157190  0.096503  0.492947  0.919842  0.400488  0.732067  0.638488  0.769780  0.767737  0.748531  0.689802  0.735217  0.779993  0.845836  0.809185  0.648511  0.811534  0.922446  0.788676  0.508211  0.466009  0.316358  0.745206  0.749294  0.538429  0.654908  0.745114  0.718552  0.743643  0.879578  0.714232  0.748790  0.804916  0.802209  0.747449  0.743613  0.634707  0.851060  0.765599  0.740135  0.818843  0.718432  0.820676  0.847973  0.692535  0.726867  0.738669  0.765466  0.712844  0.685194  0.787640  0.909854  0.513694  0.363597  0.851535  0.518812  0.344578  0.613017  0.846657  0.860245  0.216061  0.522583  0.182337  0.244899  0.280078  0.484629  0.106709  0.263100  0.176896  0.256958  0.292569  0.167467  0.248616  0.307461  0.550546  0.185156  0.769158  0.792779  0.769181  0.886145  0.659028  0.766628  0.755853  0.789516  0.854409  0.863189  0.642301  0.579284  0.574257  0.614931  0.191238  0.726933  0.471755  0.402535  0.134735  0.196934  0.251427  0.043197  0.123565  0.104297  0.105983  0.790306  0.684794  0.843717  0.106259  0.093577  0.921255  0.852732  0.799874  0.628239  0.382626  0.746152  0.734954  0.632817  0.690257  0.265849  0.247842  0.236162  0.593262  0.574477  0.574477  0.592448  0.650798  0.811609  0.720773  0.728349  0.823322  0.649068  0.806790  0.754333  0.776768  0.848329  0.802833  0.761801  0.154395  0.233154  0.121053  0.142552  0.873171  0.485707  0.199993  0.371282  0.713603  0.455738  0.257254  0.278578  0.502998  0.457641  0.327922  0.760271  0.108418  0.740300  0.643952  0.938070  0.792552  0.813876
  1.353500  0.254352  0.954471  0.052864  0.042939  0.157849  0.095979  0.497185  0.920590  0.404804  0.735727  0.636909  0.773650  0.767283  0.749454  0.689831  0.737219  0.781502  0.845234  0.811521  0.642052  0.812162  0.923196  0.788967  0.509585  0.442665  0.314836  0.741840  0.745324  0.533624  0.651725  0.744414  0.712240  0.742668  0.875960  0.712884  0.747448  0.801135  0.798103  0.748003  0.741771  0.636101  0.854475  0.762939  0.741044  0.818787  0.721367  0.819269  0.848398  0.696976  0.727494  0.738830  0.753766  0.702770  0.684120  0.783185  0.907287  0.513665  0.363411  0.851751  0.516530  0.344418  0.610058  0.852356  0.859752  0.221038  0.527297  0.187327  0.248532  0.286015  0.489096  0.109026  0.268361  0.178997  0.256952  0.292850  0.169943  0.248079  0.308017  0.554013  0.179922  0.765153  0.791476  0.768198  0.888148  0.657486  0.764302  0.754340  0.789160  0.854091  0.860837  0.641621  0.581814  0.572320  0.620712  0.192668  0.719512  0.474078  0.406430  0.131283  0.202900  0.256952  0.045126  0.125008  0.104177  0.104898  0.792326  0.687418  0.845963  0.106507  0.092230  0.921566  0.851678  0.799855  0.627800  0.386424  0.747881  0.738064  0.633419  0.691109  0.265338  0.250739  0.237727  0.591497  0.575381  0.575381  0.592969  0.611927  0.811521  0.720186  0.718977  0.818747  0.643722  0.801353  0.747586  0.771797  0.843878  0.799662  0.757281  0.150576  0.232187  0.123954  0.144161  0.865585  0.489505  0.205816  0.376592  0.713479  0.457581  0.256047  0.279003  0.499799  0.456019  0.331982  0.761437  0.110015  0.733196  0.627789  0.938833  0.793026  0.813346
  1.358500  0.253398  0.952652  0.052956  0.045139  0.159133  0.095884  0.496026  0.918742  0.409413  0.738538  0.635948  0.767352  0.757741  0.746144  0.686886  0.732854  0.778458  0.846362  0.810782  0.637936  0.810652  0.924828  0.788200  0.508496  0.410262  0.315141  0.742376  0.744428  0.530220  0.648022  0.742284  0.708963  0.738418  0.872994  0.715406  0.749464  0.798752  0.793951  0.748116  0.742461  0.641056  0.854572  0.764965  0.743960  0.819692  0.721895  0.817572  0.846478  0.698303  0.730643  0.738922  0.736605  0.707184  0.684591  0.775166  0.907165  0.514705  0.359106  0.853691  0.514620  0.344068  0.608229  0.847727  0.856830  0.225284  0.531629  0.191114  0.254456  0.289616  0.494050  0.113367  0.270721  0.181780  0.259621  0.295962  0.170543  0.252100  0.313720  0.557664  0.173416  0.759979  0.793577  0.770234  0.878402  0.655484  0.762686  0.754785  0.787681  0.850549  0.861138  0.645760  0.579999  0.576109  0.616615  0.193168  0.715492  0.476280  0.411987  0.131396  0.197638  0.254728  0.045158  0.124427  0.106965  0.107885  0.781908  0.680735  0.825706  0.105209  0.093945  0.917634  0.853315  0.794751  0.629121  0.385308  0.749626  0.736932  0.634746  0.688161  0.262089  0.255055  0.238602  0.591650  0.576304  0.576304  0.594172  0.583327  0.811590  0.720638  0.708453  0.809044  0.637450  0.801563  0.738915  0.768030  0.844091  0.797238  0.750834  0.141011  0.230020  0.126049  0.145879  0.858950  0.491912  0.206913  0.383649  0.710007  0.458886  0.256601  0.278548  0.499703  0.452401  0.331206  0.757651  0.108257  0.717041  0.610273  0.940479  0.792159  0.810645
  1.363500  0.253917  0.950018  0.053526  0.045091  0.160168  0.096322  0.498429  0.915250  0.415123  0.741180  0.633307  0.771493  0.756141  0.747754  0.689999  0.730291  0.777677  0.842799  0.809012  0.636295  0.812894  0.923073  0.789459  0.510428  0.377486  0.316183  0.737020  0.734106  0.525454  0.646712  0.735918  0.697238  0.734540  0.866104  0.713133  0.739776  0.796605  0.789380  0.746473  0.739948  0.641190  0.852059  0.764856  0.742862  0.818201  0.722798  0.816175  0.846850  0.701455  0.731706  0.741330  0.718939  0.716420  0.678282  0.774584  0.903764  0.514402  0.355020  0.852995  0.514709  0.344099  0.606222  0.842709  0.858807  0.230121  0.535482  0.196179  0.258488  0.293679  0.494211  0.114565  0.273163  0.183572  0.261934  0.301602  0.172688  0.252230  0.320979  0.559513  0.161301  0.755975  0.794139  0.769892  0.882273  0.653501  0.759139  0.754511  0.789091  0.850076  0.862247  0.644773  0.582808  0.575126  0.618874  0.194216  0.709603  0.478950  0.419985  0.135049  0.204160  0.256493  0.044070  0.126787  0.106178  0.107503  0.771049  0.686073  0.808860  0.106929  0.094988  0.913561  0.853186  0.795504  0.626829  0.383379  0.751233  0.742888  0.637321  0.691000  0.264044  0.259797  0.242575  0.592847  0.574655  0.574655  0.595587  0.570998  0.810628  0.721477  0.697192  0.798593  0.632137  0.797531  0.734851  0.760610  0.835051  0.786357  0.746906  0.142555  0.230843  0.129136  0.146562  0.860525  0.496725  0.211315  0.387113  0.710918  0.455656  0.257396  0.279487  0.497225  0.452634  0.332137  0.758028  0.104324  0.709518  0.597409  0.939588  0.793204  0.809228
  1.368500  0.254648  0.948287  0.055814  0.044116  0.161030  0.095169  0.501178  0.913548  0.421312  0.740011  0.632202  0.772150  0.753516  0.748013  0.690357  0.731618  0.780257  0.845018  0.810628  0.632612  0.814462  0.915285  0.787723  0.509792  0.344874  0.317640  0.734482  0.724990  0.515110  0.640837  0.725028  0.682347  0.724385  0.855549  0.710433  0.734482  0.790483  0.783616  0.741460  0.739735  0.645184  0.850651  0.763393  0.743723  0.815555  0.724440  0.814109  0.843902  0.702006  0.730855  0.738674  0.712611  0.720375  0.672085  0.770548  0.900390  0.512857  0.356988  0.853909  0.511438  0.341663  0.597492  0.847204  0.859682  0.235005  0.538606  0.198893  0.262053  0.297163  0.498227  0.118845  0.279020  0.182333  0.263863  0.301256  0.177719  0.255267  0.325123  0.566455  0.141832  0.749159  0.795596  0.772645  0.881360  0.652443  0.752861  0.752154  0.786071  0.848752  0.862378  0.637847  0.571478  0.556190  0.611205  0.193219  0.706076  0.480196  0.423668  0.137361  0.203055  0.255810  0.045255  0.125062  0.106133  0.107726  0.781565  0.689043  0.828001  0.108069  0.093691  0.914788  0.851693  0.799202  0.627260  0.384303  0.752442  0.741413  0.635220  0.691267  0.258027  0.264647  0.245007  0.589567  0.575424  0.575424  0.597026  0.524925  0.811436  0.722944  0.681103  0.783550  0.624590  0.795312  0.723165  0.749461  0.824892  0.776061  0.738985  0.147130  0.228221  0.130327  0.148707  0.849057  0.503088  0.217174  0.389397  0.713674  0.460333  0.257351  0.280467  0.494063  0.452856  0.334802  0.757197  0.103759  0.696137  0.580750  0.937866  0.794590  0.809384
  1.373500  0.253108  0.939601  0.053279  0.042901  0.161727  0.097324  0.497420  0.909211  0.421114  0.739844  0.629568  0.776180  0.747060  0.747292  0.692624  0.732025  0.783219  0.849132  0.812045  0.631551  0.813662  0.914421  0.788616  0.509253  0.328689  0.315616  0.725657  0.715785  0.507703  0.631318  0.716637  0.665278  0.714336  0.842366  0.706421  0.727314  0.782789  0.776637  0.738993  0.737361  0.646142  0.847033  0.761392  0.744225  0.810674  0.724165  0.808745  0.837292  0.697515  0.728231  0.738969  0.680667  0.715876  0.657561  0.768323  0.892841  0.512501  0.363154  0.852906  0.506947  0.340975  0.588257  0.849315  0.859736  0.239995  0.544368  0.203683  0.267538  0.302540  0.502424  0.121472  0.279140  0.186227  0.264824  0.306845  0.177997  0.259126  0.330035  0.559134  0.125864  0.736664  0.794975  0.771757  0.883413  0.643672  0.751176  0.756471  0.788865  0.852788  0.860461  0.590627  0.518158  0.490407  0.576889  0.196407  0.704572  0.479672  0.428275  0.135578  0.204949  0.257317  0.045574  0.126569  0.110169  0.109313  0.781340  0.692219  0.823685  0.108775  0.093981  0.915410  0.855394  0.798486  0.628568  0.377610  0.752139  0.741285  0.640282  0.693538  0.251777  0.269299  0.248985  0.583570  0.575410  0.575410  0.597561  0.512361  0.812045  0.722733  0.658081  0.763126  0.612485  0.795567  0.724548  0.721380  0.795241  0.746827  0.722667  0.149875  0.229954  0.132725  0.148110  0.838463  0.489950  0.220176  0.395139  0.714016  0.459579  0.259992  0.278508  0.490466  0.446928  0.334084  0.755795  0.105263  0.683844  0.567227  0.937864  0.792601  0.808657
  1.378500  0.253573  0.932617  0.054773  0.044453  0.162181  0.097213  0.498513  0.901339  0.426568  0.746132  0.628030  0.775105  0.740860  0.748824  0.690056  0.731212  0.785325  0.847104  0.810728  0.626079  0.811242  0.912634  0.787887  0.509793  0.328873  0.316736  0.715458  0.694440  0.483430  0.621015  0.695214  0.635677  0.697238  0.825699  0.700735  0.713894  0.776400  0.767827  0.732967  0.735749  0.643556  0.842039  0.757291  0.742171  0.806021  0.722333  0.803325  0.832698  0.701049  0.725589  0.737226  0.623013  0.711822  0.644203  0.763769  0.883542  0.511891  0.351321  0.851987  0.503788  0.337214  0.575034  0.848838  0.860062  0.243190  0.549003  0.206857  0.272399  0.307343  0.506866  0.125239  0.282699  0.185401  0.270226  0.310085  0.181147  0.261626  0.335859  0.562994  0.112246  0.714980  0.795706  0.771315  0.880686  0.628048  0.746590  0.752667  0.789064  0.853492  0.858784  0.559232  0.494622  0.507092  0.582468  0.194000  0.695642  0.477216  0.433101  0.133710  0.206766  0.254565  0.044081  0.126781  0.111897  0.113253  0.772448  0.688457  0.802986  0.110858  0.094795  0.909157  0.853945  0.797462  0.627476  0.379584  0.755461  0.744774  0.638808  0.687319  0.243797  0.273815  0.245235  0.574122  0.573721  0.573721  0.598083  0.484062  0.811535  0.723342  0.618306  0.730576  0.597091  0.788954  0.714074  0.695167  0.774075  0.719323  0.695994  0.149559  0.223817  0.136583  0.150092  0.818790  0.496324  0.224113  0.401725  0.714695  0.458887  0.256636  0.280311  0.492855  0.448240  0.330895  0.750927  0.104476  0.663469  0.539608  0.936961  0.792085  0.809219
  1.383500  0.252679  0.904032  0.055413  0.043495  0.162686  0.096532  0.499903  0.877120  0.427166  0.746929  0.625403  0.770643  0.739503  0.747372  0.689972  0.723372  0.782506  0.844651  0.812206  0.619313  0.807881  0.907504  0.783863  0.505212  0.335078  0.316006  0.703628  0.669994  0.456678  0.599378  0.673700  0.599387  0.677659  0.806027  0.693959  0.698287  0.765654  0.758704  0.728912  0.732080  0.645840  0.837873  0.755793  0.740264  0.800064  0.720203  0.795241  0.825623  0.698201  0.725561  0.740901  0.555158  0.700461  0.620241  0.755710  0.865049  0.513885  0.305876  0.850697  0.491082  0.333362  0.555451  0.845016  0.858887  0.250518  0.552126  0.211187  0.277273  0.316961  0.507807  0.128835  0.283792  0.186326  0.276008  0.313880  0.180088  0.264436  0.336850  0.567746  0.098873  0.691465  0.791998  0.772356  0.877047  0.624094  0.734575  0.751852  0.791354  0.845199  0.857696  0.594528  0.536325  0.527719  0.595614  0.196095  0.687846  0.472740  0.436175  0.136603  0.206034  0.261814  0.045846  0.127420  0.112521  0.112016  0.745124  0.694395  0.744645  0.111965  0.094686  0.906431  0.856267  0.797746  0.628962  0.378347  0.754715  0.744992  0.637780  0.683219  0.254054  0.278720  0.250896  0.559287  0.576976  0.576976  0.597955  0.454625  0.811398  0.721109  0.494065  0.623233  0.575492  0.787870  0.703687  0.616061  0.701325  0.639536  0.602543  0.133585  0.201725  0.141688  0.152070  0.800398  0.472874  0.226027  0.408232  0.710049  0.461598  0.260376  0.279203  0.490698  0.448398  0.337774  0.747352  0.099605  0.642792  0.513513  0.937888  0.791212  0.805413
  1.388500  0.253445  0.880500  0.055516  0.043752  0.162679  0.097009  0.494356  0.839567  0.432661  0.747307  0.621441  0.773521  0.722301  0.746512  0.684920  0.718408  0.776624  0.840497  0.811860  0.609968  0.808089  0.889191  0.778699  0.494025  0.364642  0.315460  0.685596  0.644543  0.416968  0.575824  0.645732  0.568574  0.649498  0.775245  0.684035  0.672737  0.752747  0.740327  0.712277  0.721302  0.641832  0.820065  0.748694  0.736349  0.786405  0.717446  0.781679  0.811385  0.694110  0.717713  0.734715  0.598678  0.694836  0.598767  0.748313  0.829957  0.510893  0.297028  0.850797  0.481138  0.327152  0.532247  0.847249  0.859476  0.254276  0.559760  0.216785  0.282964  0.317642  0.512911  0.125925  0.291371  0.192455  0.274430  0.316362  0.186827  0.266169  0.341790  0.574915  0.088558  0.671979  0.797118  0.771522  0.862579  0.618774  0.695861  0.752993  0.787428  0.843964  0.856351  0.624991  0.563316  0.560915  0.610827  0.198207  0.673930  0.469011  0.437905  0.138350  0.204348  0.255185  0.046065  0.126034  0.113001  0.112332  0.647946  0.692550  0.554252  0.110376  0.095385  0.892599  0.855506  0.797245  0.628232  0.372020  0.755963  0.745447  0.635992  0.683460  0.248077  0.283249  0.248706  0.536445  0.573989  0.573989  0.596994  0.442771  0.811860  0.722193  0.377194  0.487098  0.547191  0.780732  0.684460  0.588312  0.674390  0.623136  0.582525  0.096740  0.197674  0.140789  0.152496  0.748816  0.455068  0.230874  0.408788  0.712842  0.462121  0.259563  0.281473  0.488192  0.446621  0.335264  0.743873  0.097792  0.613542  0.477010  0.937859  0.791205  0.806252
  1.393500  0.252319  0.893637  0.055297  0.044183  0.165708  0.095152  0.491228  0.839786  0.430877  0.747898  0.613967  0.764646  0.711277  0.747107  0.688918  0.712121  0.777252  0.838456  0.811979  0.597454  0.804739  0.862108  0.773629  0.483707  0.397517  0.313202  0.663767  0.599622  0.381252  0.536691  0.614405  0.530021  0.620564  0.739143  0.671672  0.646118  0.729304  0.718650  0.671684  0.696942  0.636831  0.770312  0.730605  0.719329  0.748531  0.709980  0.753542  0.785057  0.665381  0.689736  0.725860  0.669375  0.677610  0.555789  0.738845  0.854980  0.509579  0.284153  0.849627  0.464662  0.316056  0.500802  0.843937  0.852980  0.258396  0.562319  0.221643  0.288127  0.323633  0.513121  0.136792  0.295024  0.192386  0.278435  0.320065  0.187042  0.266479  0.350172  0.576525  0.078019  0.653295  0.794167  0.775220  0.852524  0.609452  0.625202  0.751390  0.788935  0.844302  0.855745  0.630208  0.569402  0.571170  0.613373  0.195180  0.655713  0.463761  0.438529  0.139399  0.200901  0.257602  0.046028  0.127635  0.112568  0.113135  0.445170  0.693822  0.361205  0.111869  0.093252  0.854625  0.854678  0.797258  0.627860  0.367020  0.752060  0.750063  0.637092  0.682798  0.245301  0.286989  0.245931  0.506670  0.575032  0.575032  0.589208  0.401943  0.813599  0.722268  0.425261  0.525838  0.510480  0.780485  0.670789  0.633886  0.718736  0.662848  0.629100  0.099447  0.196264  0.144728  0.153172  0.749246  0.402449  0.234368  0.414632  0.712121  0.460460  0.259918  0.279441  0.488355  0.445098  0.333386  0.735390  0.098463  0.581354  0.435236  0.939671  0.792611  0.805713
  1.398500  0.252806  0.894573  0.053878  0.041069  0.164328  0.096797  0.473383  0.845241  0.433694  0.749685  0.610419  0.765769  0.685220  0.743815  0.689845  0.641364  0.777935  0.838308  0.810602  0.574213  0.801263  0.827957  0.763465  0.483393  0.409843  0.313520  0.635625  0.554839  0.347960  0.496439  0.580785  0.486104  0.592839  0.705554  0.654947  0.620259  0.701240  0.691161  0.584762  0.644094  0.625522  0.691942  0.696473  0.680471  0.678639  0.691846  0.696088  0.727514  0.617856  0.646290  0.709702  0.697048  0.659596  0.518655  0.723556  0.852515  0.506687  0.296689  0.849773  0.439942  0.307004  0.461943  0.831630  0.848736  0.266434  0.565721  0.225811  0.293536  0.329119  0.518260  0.138331  0.298427  0.192854  0.282037  0.324804  0.187059  0.272711  0.354923  0.581458  0.066328  0.631294  0.797094  0.774041  0.834100  0.596688  0.557540  0.751311  0.786861  0.842790  0.855690  0.634755  0.579599  0.581540  0.624441  0.194970  0.606912  0.453925  0.442329  0.133911  0.206706  0.254331  0.045596  0.126387  0.115502  0.113903  0.575539  0.698901  0.557675  0.112498  0.094754  0.798150  0.853211  0.799706  0.627718  0.360175  0.752570  0.750399  0.635159  0.677588  0.263442  0.289371  0.244000  0.465982  0.574845  0.574845  0.594729  0.359755  0.813028  0.721627  0.461853  0.587062  0.447438  0.775446  0.648137  0.615845  0.701322  0.642986  0.611891  0.090964  0.198021  0.148601  0.154008  0.754977  0.407556  0.240341  0.420956  0.711250  0.460413  0.259829  0.278210  0.486339  0.442782  0.333919  0.725814  0.096927  0.544898  0.389183  0.934524  0.792426  0.802626
  1.403500  0.251704  0.887613  0.054913  0.043498  0.165627  0.097930  0.426982  0.837021  0.432337  0.751930  0.603349  0.758622  0.664376  0.741935  0.688226  0.611356  0.773303  0.833486  0.810353  0.550240  0.797203  0.796947  0.754689  0.473686  0.383207  0.313540  0.611431  0.527169  0.323743  0.466531  0.553077  0.451832  0.561729  0.677701  0.632417  0.593023  0.663078  0.654518  0.528032  0.602596  0.603219  0.634670  0.651554  0.632162  0.620681  0.662649  0.644511  0.680208  0.573995  0.591830  0.676342  0.691551  0.633549  0.470884  0.705339  0.835758  0.505730  0.309528  0.851532  0.420881  0.290041  0.430519  0.820355  0.844337  0.270363  0.571992  0.232398  0.299499  0.333959  0.525260  0.143524  0.304695  0.197029  0.282860  0.328539  0.196575  0.274495  0.359508  0.587542  0.060303  0.608292  0.797226  0.771863  0.818805  0.576983  0.535613  0.749374  0.790710  0.836678  0.853744  0.649341  0.594281  0.589289  0.631873  0.193995  0.545937  0.440609  0.441048  0.137839  0.214759  0.256947  0.043596  0.129225  0.116192  0.114631  0.709780  0.696513  0.707151  0.114178  0.094136  0.769838  0.852477  0.794914  0.624383  0.350598  0.754787  0.753309  0.632967  0.669533  0.261540  0.289231  0.245156  0.422394  0.573528  0.573528  0.596938  0.338467  0.811974  0.723324  0.437974  0.573660  0.351053  0.772766  0.627018  0.577895  0.665000  0.608210  0.576330  0.104359  0.206446  0.152331  0.154926  0.750345  0.425517  0.241503  0.424025  0.711296  0.464762  0.261456  0.281258  0.485056  0.443567  0.333375  0.717488  0.095904  0.508013  0.344718  0.937161  0.791914  0.803638
  1.408500  0.250986  0.875511  0.056103  0.045489  0.166062  0.097494  0.367569  0.828299  0.428955  0.746033  0.593848  0.757509  0.643784  0.741270  0.688448  0.598495  0.773110  0.828304  0.812305  0.519766  0.789433  0.772566  0.739407  0.462743  0.363941  0.312943  0.596302  0.498291  0.305417  0.441261  0.536165  0.424641  0.538191  0.654781  0.611221  0.563977  0.632929  0.623096  0.496662  0.581508  0.575679  0.608113  0.620566  0.593923  0.587455  0.631763  0.614774  0.648270  0.536669  0.553689  0.655469  0.606166  0.595867  0.419312  0.680943  0.809259  0.503217  0.335386  0.851720  0.401710  0.278196  0.405512  0.815623  0.846550  0.278105  0.578568  0.237695  0.304767  0.340250  0.527618  0.146852  0.309203  0.196963  0.286664  0.329792  0.196148  0.276255  0.365413  0.587449  0.055313  0.604897  0.795634  0.773299  0.808872  0.553173  0.518450  0.749401  0.789891  0.834508  0.849104  0.657818  0.603156  0.599133  0.635625  0.194252  0.578020  0.420742  0.438682  0.138399  0.208820  0.259238  0.045672  0.127680  0.116412  0.115508  0.756691  0.698319  0.759785  0.117425  0.094728  0.755046  0.853279  0.797742  0.623020  0.348034  0.752655  0.757437  0.630626  0.663268  0.262851  0.294381  0.246383  0.396085  0.574960  0.574960  0.596858  0.361832  0.813923  0.721668  0.415287  0.563522  0.326485  0.772686  0.600138  0.546870  0.635718  0.575120  0.541901  0.128384  0.219844  0.155350  0.158237  0.746734  0.446961  0.245250  0.427355  0.707971  0.457939  0.262461  0.280487  0.485690  0.440504  0.334574  0.710917  0.096097  0.479640  0.307037  0.936374  0.791771  0.798981
  1.413500  0.251161  0.872044  0.054941  0.045038  0.167241  0.097225  0.381557  0.825056  0.430692  0.748656  0.584074  0.754844  0.619653  0.740975  0.685955  0.610315  0.769443  0.828568  0.811509  0.489846  0.772053  0.769976  0.717757  0.454398  0.353921  0.315964  0.592218  0.480029  0.299685  0.420198  0.532203  0.417152  0.534784  0.641723  0.604479  0.551378  0.620745  0.610934  0.489794  0.576442  0.550668  0.601326  0.603449  0.572475  0.578651  0.613774  0.603642  0.639152  0.536166  0.537656  0.640401  0.491675  0.557570  0.389897  0.655547  0.760879  0.499407  0.352826  0.850131  0.391151  0.271219  0.396230  0.817072  0.845083  0.283911  0.581969  0.242871  0.311071  0.345715  0.531451  0.152969  0.316238  0.200518  0.288942  0.337837  0.197072  0.278966  0.369839  0.588858  0.053190  0.615005  0.794668  0.774022  0.803112  0.517982  0.529328  0.747381  0.787763  0.834773  0.850730  0.664960  0.610010  0.604293  0.640425  0.196892  0.569490  0.407369  0.436704  0.140481  0.218294  0.258923  0.046038  0.127938  0.118092  0.118376  0.782923  0.699443  0.817225  0.112940  0.095523  0.763512  0.856387  0.797728  0.621723  0.357958  0.751790  0.756750  0.627031  0.663966  0.263613  0.289356  0.246162  0.377178  0.571651  0.571651  0.594948  0.395689  0.811509  0.727628  0.413824  0.568420  0.367466  0.766875  0.578364  0.537009  0.625590  0.570000  0.526231  0.138314  0.226916  0.159623  0.159422  0.782201  0.473359  0.246802  0.433897  0.707945  0.460965  0.260351  0.281380  0.482146  0.439886  0.335397  0.709158  0.094859  0.464122  0.287991  0.938176  0.793758  0.800092
  1.418500  0.249077  0.872096  0.057286  0.043933  0.167878  0.096855  0.435322  0.829872  0.425806  0.744298  0.570119  0.759539  0.597654  0.742816  0.690456  0.660210  0.771692  0.827616  0.809527  0.457914  0.760670  0.797138  0.694676  0.447948  0.352902  0.316625  0.610363  0.476056  0.313907  0.416215  0.553819  0.427171  0.554280  0.650211  0.616266  0.556771  0.615532  0.609503  0.536700  0.622622  0.543913  0.662142  0.617782  0.581330  0.621446  0.619325  0.634176  0.667638  0.565379  0.560084  0.646862  0.543948  0.525034  0.394082  0.634296  0.661287  0.495312  0.361126  0.849203  0.391731  0.267171  0.392549  0.826885  0.850461  0.289896  0.585958  0.249795  0.317492  0.350931  0.538937  0.156169  0.319640  0.203271  0.298228  0.342587  0.204089  0.283780  0.377010  0.592730  0.055559  0.629953  0.796538  0.776000  0.825880  0.491836  0.595838  0.747042  0.787433  0.833099  0.846681  0.667788  0.613480  0.608763  0.645589  0.196278  0.549935  0.409401  0.424938  0.145843  0.213630  0.266424  0.045381  0.126319  0.118561  0.116011  0.790607  0.702122  0.846762  0.119484  0.095614  0.819575  0.854882  0.797369  0.622409  0.363380  0.752563  0.758222  0.627221  0.660210  0.262800  0.304107  0.253336  0.352009  0.573430  0.573430  0.594825  0.413747  0.813586  0.728348  0.424443  0.587685  0.383874  0.761623  0.555651  0.540749  0.627981  0.573282  0.528049  0.141725  0.231862  0.161384  0.161715  0.817856  0.510714  0.252111  0.436311  0.714854  0.461510  0.261140  0.279681  0.480377  0.439096  0.336441  0.720149  0.093074  0.462270  0.282630  0.934779  0.790778  0.801197
  1.423500  0.249915  0.870499  0.056622  0.045046  0.167899  0.096951  0.477414  0.838817  0.419232  0.745180  0.565097  0.761408  0.574554  0.743977  0.691865  0.700992  0.771082  0.831133  0.810475  0.428686  0.751019  0.835075  0.677733  0.449362  0.355195  0.316317  0.629514  0.493150  0.331894  0.433198  0.579629  0.447954  0.581012  0.678293  0.634309  0.571422  0.623397  0.615607  0.606700  0.665624  0.562176  0.740113  0.650662  0.618046  0.680382  0.646995  0.681540  0.710682  0.601709  0.602761  0.669373  0.641009  0.498060  0.411241  0.611368  0.615039  0.494066  0.363317  0.847889  0.389592  0.267693  0.398230  0.827848  0.853675  0.294419  0.589908  0.256485  0.324039  0.356679  0.542793  0.161410  0.323892  0.204934  0.297854  0.345258  0.206025  0.288853  0.384319  0.601891  0.055903  0.640814  0.797487  0.777601  0.838343  0.524389  0.667258  0.742730  0.789148  0.838617  0.842905  0.669239  0.615531  0.609090  0.643496  0.198587  0.515764  0.420028  0.416131  0.137653  0.221117  0.260031  0.045706  0.127554  0.120217  0.118543  0.789942  0.700795  0.842038  0.118699  0.094813  0.858786  0.855800  0.795541  0.623379  0.369226  0.753346  0.760309  0.627280  0.660015  0.265665  0.313879  0.262150  0.326664  0.573262  0.573262  0.598296  0.417225  0.814533  0.723704  0.438053  0.610717  0.399215  0.755741  0.540944  0.550281  0.635785  0.583133  0.537127  0.138080  0.233987  0.167493  0.163570  0.836407  0.540277  0.255627  0.442907  0.712308  0.463068  0.262632  0.281676  0.481808  0.438022  0.339103  0.724674  0.092658  0.468768  0.286029  0.935778  0.789912  0.798073
  1.428500  0.249056  0.873087  0.057270  0.043052  0.170758  0.095083  0.492779  0.847642  0.412901  0.738043  0.571512  0.762805  0.548593  0.745973  0.693645  0.721364  0.772868  0.832147  0.812102  0.403736  0.755497  0.868730  0.686250  0.457275  0.357728  0.318574  0.654151  0.516013  0.350478  0.457251  0.606945  0.472242  0.609342  0.705413  0.660604  0.592838  0.634583  0.627279  0.667640  0.695518  0.587787  0.795536  0.680989  0.656747  0.728024  0.669206  0.721554  0.751301  0.645198  0.645083  0.689957  0.734513  0.480310  0.436110  0.596688  0.716401  0.493247  0.368248  0.848292  0.393550  0.268982  0.405724  0.832788  0.857853  0.302177  0.595921  0.261913  0.329140  0.364570  0.538361  0.166178  0.329644  0.209130  0.300250  0.348445  0.207768  0.290348  0.387555  0.600501  0.056700  0.650927  0.796913  0.776284  0.847608  0.533894  0.710802  0.744816  0.786938  0.841570  0.831891  0.671916  0.622091  0.616161  0.646990  0.200747  0.473003  0.428564  0.427818  0.145083  0.222212  0.270725  0.045382  0.127770  0.120082  0.117956  0.781226  0.706525  0.838666  0.118681  0.094747  0.889048  0.857538  0.800404  0.625945  0.368567  0.754663  0.762157  0.630348  0.667756  0.264152  0.317308  0.269841  0.307930  0.574211  0.574211  0.596824  0.422767  0.814538  0.726414  0.452965  0.634321  0.410664  0.755525  0.529630  0.559176  0.641796  0.591271  0.545270  0.142291  0.233998  0.173029  0.165745  0.840258  0.554961  0.259112  0.446375  0.712765  0.464341  0.260546  0.280840  0.480594  0.435920  0.336391  0.735060  0.092495  0.478792  0.295125  0.935828  0.792782  0.792802
  1.433500  0.249696  0.872414  0.058072  0.044425  0.172157  0.096930  0.498072  0.857436  0.404309  0.733366  0.588234  0.768320  0.518529  0.742829  0.697511  0.723642  0.769508  0.833646  0.811711  0.382277  0.769434  0.882863  0.706608  0.462624  0.354798  0.318161  0.675220  0.535568  0.366748  0.477417  0.628275  0.495647  0.637221  0.724287  0.674482  0.611489  0.647842  0.640435  0.714134  0.717787  0.615339  0.828986  0.712934  0.697763  0.767530  0.697474  0.752166  0.783860  0.686072  0.691346  0.714490  0.769316  0.467397  0.457574  0.582739  0.796864  0.495349  0.369417  0.847521  0.385700  0.267256  0.413931  0.833464  0.857128  0.306329  0.600914  0.266876  0.334503  0.371902  0.548277  0.169026  0.331957  0.210778  0.304094  0.355856  0.212412  0.293655  0.397229  0.603922  0.059033  0.655463  0.799468  0.777009  0.853930  0.542440  0.736048  0.742055  0.786587  0.841778  0.825440  0.674847  0.625343  0.617109  0.651463  0.200390  0.449992  0.433868  0.427961  0.152682  0.226664  0.271778  0.044650  0.127102  0.122003  0.119051  0.788016  0.704270  0.847945  0.121555  0.096295  0.902811  0.853586  0.797831  0.624415  0.370632  0.755469  0.765135  0.627507  0.674304  0.264239  0.322877  0.278021  0.300196  0.576944  0.576944  0.600342  0.445720  0.817387  0.723009  0.469031  0.656168  0.421797  0.748669  0.508440  0.562998  0.644323  0.598761  0.551386  0.146941  0.235967  0.175573  0.166961  0.850107  0.563569  0.264072  0.448629  0.712404  0.461099  0.263406  0.283192  0.481361  0.436818  0.338823  0.733456  0.093541  0.494658  0.308197  0.933368  0.791174  0.794599
  1.438500  0.250017  0.875029  0.057741  0.046111  0.172478  0.096409  0.503667  0.861695  0.392823  0.728660  0.600677  0.767878  0.497581  0.747877  0.698651  0.729611  0.770526  0.834273  0.811059  0.366112  0.782619  0.892460  0.724560  0.470442  0.340555  0.317997  0.685663  0.550806  0.380014  0.500778  0.647003  0.514546  0.651697  0.736197  0.683822  0.630066  0.665080  0.654274  0.737212  0.729135  0.636439  0.849972  0.736925  0.731321  0.789391  0.714895  0.771902  0.806589  0.713869  0.719668  0.728116  0.786173  0.458430  0.466007  0.571898  0.837607  0.497801  0.372063  0.848295  0.391553  0.272931  0.424220  0.835643  0.857561  0.313000  0.604895  0.273588  0.342280  0.376399  0.549989  0.177582  0.338272  0.217146  0.311518  0.356487  0.216693  0.297544  0.397542  0.607520  0.061576  0.662228  0.801008  0.777421  0.851351  0.553104  0.747211  0.741198  0.789384  0.842035  0.816137  0.673751  0.628797  0.617278  0.651161  0.200459  0.419620  0.440305  0.423307  0.148545  0.231937  0.266238  0.045901  0.128917  0.122224  0.121521  0.794147  0.709562  0.862479  0.123168  0.095543  0.909709  0.857654  0.796189  0.624955  0.370954  0.758159  0.767484  0.629028  0.674997  0.264429  0.327157  0.278753  0.291891  0.574329  0.574329  0.598739  0.467666  0.815922  0.725221  0.482023  0.672472  0.431867  0.748319  0.483076  0.565738  0.646082  0.598862  0.553202  0.146484  0.235073  0.180198  0.170416  0.852714  0.568874  0.268772  0.449923  0.713081  0.461325  0.263012  0.282001  0.479922  0.437145  0.339383  0.736859  0.089925  0.509112  0.326050  0.936907  0.790542  0.791684
  1.443500  0.248709  0.876862  0.058136  0.043124  0.174668  0.097213  0.507905  0.867188  0.384391  0.722303  0.607319  0.766707  0.512385  0.745303  0.696824  0.728473  0.772378  0.832473  0.812353  0.351866  0.791321  0.896036  0.742631  0.480005  0.347868  0.318049  0.695554  0.562398  0.390678  0.512154  0.658689  0.529569  0.667721  0.741452  0.690393  0.643667  0.678674  0.667716  0.751250  0.734335  0.652603  0.857479  0.751465  0.753881  0.800075  0.724793  0.779394  0.816890  0.732672  0.738146  0.737518  0.791581  0.449700  0.463827  0.554342  0.857796  0.499849  0.373480  0.848677  0.405312  0.284993  0.444515  0.833937  0.859640  0.320236  0.608446  0.280789  0.350646  0.387029  0.553757  0.181819  0.335886  0.216300  0.314899  0.364949  0.221393  0.303347  0.405767  0.610788  0.060799  0.664612  0.801223  0.779612  0.849761  0.557153  0.755191  0.740763  0.787277  0.842078  0.802377  0.679193  0.626792  0.618069  0.654931  0.203530  0.421116  0.447261  0.411022  0.147080  0.229125  0.267237  0.047996  0.130698  0.124377  0.121920  0.802993  0.707260  0.872504  0.122815  0.095442  0.911046  0.856968  0.798630  0.625897  0.371202  0.756502  0.770273  0.626305  0.682006  0.263829  0.334065  0.284579  0.281848  0.574477  0.574477  0.599410  0.484739  0.817228  0.726803  0.491359  0.686532  0.440532  0.742071  0.488206  0.565231  0.644035  0.606064  0.557489  0.148099  0.237590  0.184421  0.171335  0.854950  0.567669  0.265912  0.457531  0.713472  0.462558  0.264639  0.281806  0.477498  0.434440  0.338441  0.737033  0.091689  0.524204  0.342591  0.933512  0.790904  0.790963
  1.448500  0.247440  0.876054  0.056208  0.044641  0.173900  0.097190  0.512356  0.871696  0.369825  0.714862  0.612835  0.769073  0.529869  0.744123  0.696873  0.729866  0.773278  0.830489  0.813290  0.344072  0.800019  0.895230  0.754195  0.481984  0.337333  0.317958  0.698579  0.571308  0.391172  0.520644  0.663839  0.538701  0.669184  0.746681  0.694985  0.650662  0.689787  0.681256  0.757797  0.737111  0.663489  0.862537  0.757454  0.763544  0.805017  0.732512  0.784909  0.824255  0.738106  0.749915  0.744664  0.798044  0.419674  0.459773  0.547736  0.868100  0.501971  0.372702  0.849261  0.425031  0.296631  0.460261  0.832317  0.857633  0.327830  0.613714  0.287288  0.356931  0.389892  0.559232  0.188586  0.337150  0.221096  0.317343  0.369651  0.222458  0.305993  0.407507  0.613984  0.061347  0.667283  0.798508  0.777796  0.853246  0.565147  0.761934  0.738426  0.786643  0.842553  0.788221  0.679516  0.630762  0.620286  0.655106  0.200152  0.499313  0.451164  0.386143  0.150636  0.225636  0.267494  0.045523  0.131275  0.125559  0.121920  0.803721  0.710707  0.878669  0.123705  0.095598  0.908630  0.855353  0.796583  0.627777  0.373820  0.759866  0.770761  0.626185  0.677863  0.264206  0.336024  0.285593  0.286156  0.576137  0.576137  0.600644  0.496625  0.816539  0.726381  0.496671  0.696686  0.449038  0.735983  0.507580  0.574641  0.649095  0.613802  0.565779  0.151257  0.237935  0.191715  0.170895  0.854186  0.574132  0.273632  0.454339  0.715883  0.463165  0.264601  0.283778  0.478299  0.434025  0.340548  0.738861  0.088692  0.533929  0.355076  0.933581  0.791440  0.790714
  1.453500  0.248839  0.873384  0.056580  0.044181  0.173959  0.096857  0.514165  0.875129  0.355953  0.704279  0.616962  0.770528  0.538412  0.749641  0.702645  0.732418  0.773093  0.831539  0.814056  0.340590  0.802881  0.892578  0.761602  0.481317  0.328332  0.319262  0.699708  0.573520  0.393205  0.524978  0.670000  0.545356  0.672584  0.751559  0.700354  0.656438  0.696799  0.686020  0.763820  0.737480  0.667641  0.865991  0.761209  0.771842  0.809154  0.737527  0.789048  0.826746  0.748137  0.757635  0.745696  0.803605  0.384012  0.466576  0.545766  0.881665  0.504917  0.377159  0.847949  0.434953  0.305142  0.469459  0.837036  0.855907  0.332752  0.619854  0.293207  0.362309  0.393364  0.560172  0.193714  0.346195  0.222107  0.319268  0.373387  0.227647  0.307554  0.418881  0.618650  0.061607  0.667088  0.797964  0.780085  0.851785  0.572830  0.765935  0.735838  0.788747  0.845280  0.771440  0.680773  0.632568  0.621572  0.656566  0.202461  0.526034  0.455236  0.353642  0.151280  0.230007  0.273230  0.047152  0.130645  0.124951  0.125272  0.802172  0.710446  0.875129  0.122866  0.096376  0.906109  0.856987  0.796545  0.626891  0.372298  0.761535  0.774535  0.627401  0.680659  0.265372  0.341876  0.287698  0.304095  0.577953  0.577953  0.601477  0.519370  0.815681  0.726040  0.498879  0.695243  0.452623  0.730306  0.517797  0.584913  0.659021  0.623685  0.574397  0.149603  0.239633  0.195860  0.172703  0.858804  0.578149  0.275565  0.456311  0.714921  0.463313  0.266122  0.283306  0.476340  0.433113  0.339011  0.735922  0.087577  0.542193  0.365568  0.935328  0.789889  0.786575
  1.458500  0.248437  0.875066  0.056991  0.043780  0.176535  0.097386  0.515476  0.874192  0.342164  0.696133  0.619101  0.771549  0.552772  0.749533  0.705685  0.731278  0.775127  0.831176  0.813301  0.339096  0.804901  0.889910  0.764763  0.480451  0.312791  0.320129  0.698975  0.573906  0.392253  0.526855  0.666675  0.542643  0.670736  0.750010  0.698145  0.657539  0.698851  0.685791  0.765023  0.737338  0.669556  0.868030  0.765607  0.774585  0.813778  0.740026  0.789258  0.828741  0.750164  0.757985  0.751907  0.809878  0.379032  0.467512  0.546304  0.884100  0.502970  0.384159  0.847936  0.440418  0.307611  0.471838  0.837230  0.861631  0.338655  0.625267  0.298849  0.368771  0.397194  0.564099  0.199143  0.354071  0.226203  0.321642  0.377290  0.231742  0.311562  0.421076  0.620944  0.060694  0.663963  0.802087  0.780309  0.854751  0.579324  0.767522  0.736701  0.786536  0.846771  0.757636  0.684177  0.637548  0.629821  0.660552  0.204178  0.525209  0.459049  0.335363  0.148017  0.231197  0.271516  0.047757  0.129762  0.127547  0.124311  0.802114  0.714012  0.873319  0.125023  0.096159  0.898049  0.856957  0.800812  0.627212  0.369134  0.762683  0.778051  0.625744  0.687430  0.262249  0.347836  0.290327  0.323946  0.574291  0.574291  0.601153  0.538999  0.816551  0.727083  0.496992  0.690433  0.453725  0.725992  0.518375  0.589496  0.664460  0.628100  0.577317  0.152349  0.240152  0.201019  0.174608  0.863065  0.592669  0.281693  0.460415  0.716876  0.463541  0.266095  0.282020  0.473768  0.432019  0.339710  0.738117  0.088730  0.543744  0.367787  0.935317  0.791110  0.783333
  1.463500  0.249646  0.872647  0.057128  0.044655  0.178011  0.095458  0.517221  0.876135  0.327670  0.689969  0.615506  0.764768  0.563715  0.747477  0.704939  0.732383  0.772269  0.834567  0.814386  0.339736  0.805907  0.879623  0.762840  0.477282  0.305074  0.317058  0.702753  0.573990  0.395050  0.526232  0.669614  0.543981  0.675061  0.750755  0.698415  0.659553  0.694691  0.683879  0.769815  0.740370  0.674723  0.870269  0.763897  0.777327  0.814812  0.742159  0.791432  0.833556  0.754413  0.761341  0.747090  0.811346  0.417290  0.482526  0.559236  0.890885  0.503667  0.382742  0.849190  0.440377  0.311110  0.473644  0.835299  0.862561  0.346052  0.628200  0.306128  0.376661  0.409564  0.569627  0.204547  0.359506  0.229323  0.327670  0.385137  0.231141  0.317580  0.426470  0.624799  0.059919  0.661565  0.798643  0.780304  0.852681  0.583498  0.769912  0.734443  0.786849  0.846369  0.748625  0.684063  0.637209  0.628277  0.664961  0.205085  0.524043  0.461795  0.354793  0.154064  0.226597  0.267862  0.045775  0.130547  0.128135  0.124441  0.804423  0.720196  0.878751  0.126036  0.096128  0.892384  0.858499  0.795505  0.629208  0.374025  0.763833  0.779615  0.626848  0.682709  0.263747  0.354118  0.291271  0.329764  0.576725  0.576725  0.602259  0.539338  0.814386  0.727477  0.502548  0.691561  0.453757  0.721075  0.530415  0.591587  0.668876  0.629460  0.580417  0.152941  0.240864  0.206262  0.176773  0.863502  0.592325  0.284034  0.466974  0.713172  0.462421  0.266095  0.283147  0.473218  0.430099  0.342258  0.734906  0.089668  0.543049  0.367526  0.933680  0.793980  0.780174
  1.468500  0.247854  0.874388  0.058572  0.043931  0.178448  0.097347  0.517655  0.878748  0.312832  0.677818  0.614464  0.755446  0.575162  0.746558  0.703771  0.735014  0.770380  0.838639  0.815639  0.340113  0.800004  0.859303  0.757791  0.464295  0.297609  0.317766  0.707784  0.581429  0.402933  0.529876  0.672815  0.549822  0.679642  0.759177  0.700403  0.663403  0.702694  0.689229  0.772736  0.740875  0.677596  0.872872  0.765717  0.780114  0.819150  0.743880  0.795960  0.834706  0.759917  0.764394  0.752282  0.810116  0.465107  0.502380  0.577873  0.892485  0.505050  0.384192  0.846534  0.445720  0.313399  0.479488  0.834882  0.863835  0.355412  0.635173  0.313924  0.383918  0.410131  0.576241  0.211025  0.363760  0.234010  0.331855  0.386576  0.237468  0.320751  0.432158  0.623935  0.062880  0.664960  0.800920  0.782297  0.859804  0.583333  0.769656  0.731102  0.785147  0.844411  0.737275  0.687639  0.641863  0.631756  0.664740  0.202505  0.520711  0.466446  0.391848  0.159283  0.230278  0.270417  0.045363  0.130325  0.129229  0.125684  0.805334  0.718146  0.886596  0.126625  0.096226  0.892055  0.856200  0.796126  0.632341  0.374452  0.765302  0.782480  0.626987  0.687829  0.264734  0.356255  0.295154  0.331386  0.577075  0.577075  0.604309  0.531317  0.819705  0.728300  0.513438  0.702236  0.459158  0.715655  0.552776  0.595565  0.673830  0.631202  0.583754  0.152387  0.240017  0.213136  0.178926  0.864469  0.599321  0.286248  0.464495  0.714674  0.462983  0.266095  0.283939  0.472805  0.429774  0.341461  0.737914  0.086303  0.549888  0.373686  0.933683  0.793476  0.773049
  1.473500  0.247768  0.875996  0.059573  0.045777  0.180129  0.096602  0.521486  0.882980  0.297677  0.668657  0.617360  0.750632  0.578078  0.747239  0.705969  0.735041  0.778512  0.836839  0.814266  0.341484  0.805258  0.824228  0.764844  0.441122  0.290983  0.319413  0.714130  0.592166  0.414095  0.537602  0.684321  0.564068  0.691981  0.766642  0.702963  0.670108  0.711612  0.699461  0.772290  0.740241  0.680422  0.876433  0.768409  0.784671  0.823099  0.745759  0.795609  0.836456  0.763997  0.768241  0.753456  0.812727  0.495369  0.513998  0.600619  0.895131  0.506495  0.386636  0.845711  0.452024  0.315995  0.489086  0.838490  0.864994  0.360923  0.638585  0.320260  0.390285  0.421974  0.574045  0.220280  0.368661  0.237486  0.333645  0.392714  0.246501  0.324266  0.437636  0.630138  0.067317  0.669741  0.798106  0.779591  0.856832  0.589473  0.773252  0.729947  0.784891  0.849862  0.716376  0.686044  0.649079  0.634986  0.669194  0.203492  0.518141  0.470575  0.403016  0.159629  0.238578  0.269721  0.044029  0.132620  0.129860  0.128057  0.806041  0.715755  0.892583  0.129339  0.095370  0.899018  0.856930  0.798046  0.631555  0.374350  0.767222  0.785729  0.628567  0.689645  0.264666  0.358058  0.299017  0.332181  0.578380  0.578380  0.605587  0.515504  0.815078  0.729569  0.529699  0.720035  0.467329  0.712228  0.554936  0.603066  0.681644  0.638176  0.591987  0.154060  0.241421  0.217451  0.180217  0.865546  0.602337  0.287131  0.463814  0.716424  0.464714  0.266997  0.283876  0.473655  0.430150  0.342951  0.737903  0.087620  0.567863  0.393936  0.935359  0.790199  0.765576
  1.478500  0.248348  0.876883  0.058331  0.044517  0.180787  0.095639  0.523383  0.883865  0.279730  0.652763  0.626998  0.760883  0.568316  0.746523  0.707105  0.735548  0.773230  0.833410  0.813122  0.346364  0.809869  0.812383  0.778526  0.425404  0.291331  0.318677  0.718608  0.600434  0.422973  0.549549  0.691002  0.578174  0.700604  0.775946  0.707806  0.680014  0.722835  0.710380  0.772797  0.741524  0.679967  0.874622  0.768939  0.785361  0.825451  0.747203  0.802750  0.840618  0.764692  0.768037  0.752336  0.814430  0.500407  0.517900  0.606707  0.899207  0.506486  0.384802  0.848869  0.456162  0.318597  0.500225  0.837160  0.864780  0.367807  0.640857  0.327790  0.397018  0.422729  0.576630  0.226538  0.369620  0.234304  0.338965  0.400007  0.247841  0.327790  0.442989  0.632231  0.067993  0.674972  0.801489  0.782616  0.855726  0.595727  0.775298  0.728029  0.782751  0.846854  0.690803  0.689145  0.644948  0.633846  0.669515  0.203347  0.513118  0.477388  0.391549  0.156899  0.240482  0.274733  0.048218  0.131619  0.130428  0.126165  0.809157  0.721228  0.893466  0.129402  0.097217  0.901913  0.855288  0.799295  0.632526  0.376395  0.769704  0.787160  0.630119  0.684880  0.265285  0.364153  0.299706  0.336103  0.577337  0.577337  0.605229  0.513819  0.817190  0.727379  0.543561  0.738365  0.478822  0.706992  0.538130  0.617046  0.692202  0.657486  0.605312  0.155331  0.241751  0.224583  0.181017  0.865851  0.604487  0.285569  0.464242  0.715976  0.468001  0.267239  0.285096  0.471400  0.428286  0.342326  0.734835  0.086547  0.581652  0.411349  0.935360  0.790327  0.758022
  1.483500  0.249307  0.875999  0.060644  0.044567  0.181983  0.095121  0.524593  0.886472  0.263281  0.645484  0.630789  0.769046  0.578137  0.746268  0.708944  0.733460  0.778468  0.837656  0.810693  0.350302  0.820342  0.838471  0.784861  0.448876  0.298384  0.317686  0.721088  0.612596  0.432068  0.558712  0.701422  0.589797  0.704931  0.787380  0.708347  0.683510  0.732957  0.720428  0.774499  0.744091  0.685223  0.876231  0.770824  0.783384  0.825412  0.748409  0.799519  0.840967  0.769584  0.769326  0.754212  0.814293  0.483954  0.530030  0.594215  0.898396  0.507678  0.386753  0.848653  0.463603  0.321128  0.509210  0.839302  0.866289  0.375071  0.645572  0.332962  0.404279  0.427900  0.584342  0.237461  0.374586  0.243022  0.341593  0.400714  0.251471  0.330419  0.449522  0.635672  0.071465  0.678099  0.801258  0.784584  0.860068  0.607510  0.776520  0.727223  0.782931  0.847261  0.680156  0.690152  0.649985  0.635669  0.672627  0.203245  0.510673  0.481963  0.369500  0.163256  0.242749  0.269277  0.048266  0.131952  0.131512  0.128529  0.812217  0.719949  0.896945  0.132506  0.095420  0.907180  0.855987  0.796032  0.633298  0.374299  0.772143  0.792303  0.629019  0.691288  0.263904  0.370337  0.303387  0.343684  0.577560  0.577560  0.604971  0.513476  0.816386  0.727974  0.559268  0.751009  0.489170  0.701393  0.531772  0.630892  0.704284  0.669846  0.617494  0.154212  0.242128  0.229652  0.183364  0.868372  0.607402  0.290150  0.470555  0.719007  0.461760  0.266239  0.283888  0.468892  0.427465  0.342055  0.737880  0.087191  0.598603  0.430982  0.933600  0.789433  0.745570
  1.488500  0.245972  0.877928  0.061503  0.044008  0.184848  0.098146  0.526500  0.888382  0.248923  0.631363  0.632867  0.771434  0.590102  0.749593  0.712426  0.735369  0.781713  0.835674  0.815693  0.355951  0.824329  0.872701  0.789570  0.477246  0.312856  0.319923  0.725934  0.622717  0.442802  0.567653  0.708107  0.597540  0.711339  0.793733  0.709584  0.691203  0.740196  0.730510  0.776256  0.746336  0.685656  0.875546  0.772963  0.785725  0.826140  0.752079  0.802549  0.841223  0.772435  0.770597  0.758157  0.815071  0.472817  0.544013  0.587243  0.900810  0.509269  0.388200  0.850130  0.467538  0.326685  0.518324  0.845218  0.873025  0.385053  0.658644  0.342485  0.412475  0.438141  0.585037  0.242960  0.378014  0.240641  0.347855  0.406307  0.256295  0.334931  0.452248  0.635641  0.073402  0.681677  0.801796  0.783266  0.868895  0.614716  0.776930  0.723318  0.782816  0.852193  0.707495  0.690373  0.652451  0.641304  0.677828  0.204475  0.509410  0.488883  0.361300  0.163734  0.241096  0.277501  0.047920  0.132664  0.131786  0.126803  0.809657  0.723632  0.897094  0.133165  0.097098  0.916340  0.861428  0.799516  0.633564  0.376615  0.773387  0.793947  0.633475  0.690584  0.264521  0.374635  0.307642  0.348369  0.578567  0.578567  0.604764  0.511427  0.818944  0.727595  0.572204  0.763329  0.499743  0.696080  0.548793  0.641146  0.713187  0.685014  0.629853  0.153359  0.241886  0.236300  0.184384  0.868214  0.618820  0.293401  0.467805  0.720227  0.465522  0.267806  0.285815  0.469459  0.426737  0.345056  0.739486  0.086855  0.613112  0.451318  0.934554  0.792725  0.737822
  1.493500  0.247188  0.877563  0.061030  0.046271  0.183191  0.094863  0.527728  0.898534  0.228971  0.617323  0.637215  0.774811  0.599629  0.749380  0.716972  0.734874  0.779769  0.840637  0.814717  0.362638  0.824304  0.893291  0.795621  0.493050  0.328625  0.319444  0.732106  0.633333  0.449194  0.573963  0.713170  0.609719  0.716957  0.803414  0.712154  0.702178  0.748243  0.737566  0.777558  0.745474  0.688513  0.878053  0.773946  0.788749  0.830257  0.753821  0.805971  0.845931  0.778158  0.772830  0.755506  0.816557  0.496424  0.555583  0.600184  0.902476  0.506707  0.387933  0.848501  0.471043  0.328573  0.522259  0.848349  0.872311  0.392425  0.659632  0.351599  0.418462  0.441569  0.587212  0.248735  0.381965  0.251077  0.350507  0.413412  0.261903  0.340592  0.462219  0.639701  0.074577  0.684869  0.799019  0.780718  0.864874  0.623796  0.776787  0.721797  0.779743  0.851103  0.729134  0.690192  0.656244  0.642791  0.679698  0.205786  0.506183  0.493525  0.373276  0.164292  0.244709  0.274275  0.046955  0.132230  0.133580  0.127589  0.814527  0.719161  0.902029  0.135728  0.096315  0.918582  0.861489  0.796661  0.633826  0.377435  0.776554  0.796039  0.632250  0.694846  0.264413  0.377212  0.308456  0.353805  0.578150  0.578150  0.608792  0.508449  0.816343  0.726711  0.579661  0.769020  0.506882  0.691694  0.567186  0.651559  0.724162  0.692850  0.638354  0.155200  0.240839  0.240746  0.187428  0.868236  0.620023  0.294564  0.467772  0.720093  0.467194  0.264925  0.285732  0.467794  0.426893  0.345611  0.740095  0.085151  0.625275  0.460522  0.935233  0.791496  0.726926
  1.498500  0.248287  0.876098  0.059074  0.044125  0.185862  0.095160  0.528025  0.897014  0.214661  0.604977  0.636959  0.777241  0.606151  0.743896  0.714869  0.732597  0.778251  0.837500  0.818363  0.370376  0.825590  0.904857  0.797316  0.500727  0.333105  0.319050  0.733969  0.639871  0.455247  0.583864  0.716467  0.615900  0.721560  0.806940  0.712485  0.702484  0.756966  0.745343  0.780676  0.745712  0.689927  0.880297  0.774675  0.789847  0.831786  0.753029  0.805018  0.846475  0.777711  0.776116  0.754810  0.815231  0.532541  0.565706  0.620717  0.901604  0.509694  0.388404  0.849274  0.475724  0.331594  0.530075  0.848247  0.875070  0.398893  0.662711  0.357250  0.426215  0.450879  0.595478  0.257841  0.385923  0.253208  0.355971  0.421358  0.265996  0.342452  0.467412  0.642063  0.075487  0.686517  0.799944  0.787367  0.864231  0.626948  0.780099  0.720232  0.781890  0.850176  0.733985  0.697137  0.656305  0.647077  0.682075  0.204411  0.502458  0.498743  0.393919  0.172459  0.252843  0.275314  0.044489  0.130970  0.132325  0.130483  0.816180  0.720686  0.906600  0.135616  0.096901  0.919897  0.861529  0.800665  0.630763  0.378259  0.780496  0.798448  0.634865  0.697232  0.263993  0.384093  0.309047  0.356265  0.578203  0.578203  0.609410  0.498853  0.819986  0.730892  0.593194  0.779979  0.514503  0.688512  0.581995  0.658414  0.730079  0.698224  0.646369  0.156001  0.241393  0.249606  0.188684  0.868062  0.624480  0.292871  0.466284  0.716798  0.461411  0.267632  0.284984  0.468362  0.424976  0.342702  0.736790  0.084292  0.628678  0.476055  0.937974  0.790156  0.716323
  1.503500  0.247547  0.876374  0.059151  0.046363  0.186806  0.097248  0.526371  0.895498  0.195751  0.587800  0.635319  0.778534  0.608898  0.748395  0.722851  0.736174  0.782118  0.840466  0.816008  0.375712  0.829571  0.907668  0.799836  0.508820  0.330953  0.320570  0.732894  0.649400  0.462037  0.586182  0.723071  0.622621  0.723998  0.814069  0.718345  0.709635  0.759718  0.750774  0.780010  0.745677  0.692653  0.877522  0.775548  0.791333  0.836461  0.755599  0.808571  0.849147  0.783369  0.774987  0.758931  0.815804  0.546734  0.574082  0.635045  0.899969  0.510858  0.391415  0.850168  0.481027  0.330809  0.533866  0.849287  0.877956  0.403805  0.667916  0.363394  0.434759  0.453832  0.597291  0.265406  0.390404  0.257168  0.362847  0.425119  0.269397  0.349158  0.473088  0.643469  0.080228  0.689498  0.802871  0.780650  0.866470  0.632240  0.780589  0.716218  0.779906  0.850849  0.731311  0.696391  0.658246  0.647044  0.685085  0.205344  0.495013  0.501875  0.399776  0.173301  0.247860  0.287284  0.046975  0.132162  0.136106  0.131106  0.810362  0.729692  0.902452  0.134713  0.097419  0.918478  0.855570  0.799944  0.631514  0.380186  0.781449  0.800747  0.631750  0.695377  0.266405  0.388226  0.312089  0.361123  0.578215  0.578215  0.609754  0.482424  0.817630  0.727613  0.602858  0.786152  0.522594  0.684928  0.597454  0.666933  0.738546  0.707411  0.652935  0.156276  0.241805  0.252981  0.190661  0.869013  0.624807  0.294199  0.468940  0.723586  0.463698  0.267758  0.285099  0.466606  0.423700  0.347510  0.736867  0.080828  0.641321  0.484016  0.934615  0.789237  0.712787
  1.508500  0.247235  0.877172  0.061099  0.045858  0.187553  0.097020  0.529532  0.898915  0.179366  0.566777  0.637921  0.777613  0.613089  0.747765  0.716814  0.737203  0.779726  0.840342  0.816944  0.382273  0.827955  0.910221  0.802666  0.505130  0.333741  0.321066  0.737463  0.651816  0.465544  0.592161  0.722925  0.630325  0.728018  0.815617  0.717091  0.710517  0.766633  0.754616  0.780800  0.748126  0.695988  0.880869  0.777425  0.793615  0.837048  0.757744  0.810678  0.851009  0.783472  0.777194  0.758911  0.816176  0.560039  0.583311  0.646304  0.902606  0.510629  0.389213  0.851674  0.482557  0.334318  0.540464  0.848883  0.870466  0.411207  0.670145  0.370294  0.440583  0.460796  0.597460  0.270323  0.388478  0.262402  0.360461  0.427022  0.271415  0.350901  0.476183  0.644623  0.082533  0.690218  0.801062  0.783397  0.865782  0.636316  0.780993  0.712177  0.779033  0.851638  0.732265  0.696612  0.660398  0.646187  0.680353  0.202957  0.490709  0.507749  0.403502  0.170079  0.252933  0.275786  0.045250  0.129579  0.136335  0.128523  0.811946  0.720180  0.904133  0.137407  0.099136  0.920795  0.857151  0.798921  0.633326  0.381584  0.783157  0.806204  0.633663  0.695507  0.259578  0.390554  0.314388  0.363448  0.578526  0.578526  0.609363  0.456953  0.816944  0.730888  0.610753  0.790006  0.529030  0.681177  0.604330  0.674046  0.742093  0.712831  0.655721  0.155016  0.241594  0.260304  0.192676  0.870434  0.624145  0.291677  0.463919  0.715069  0.467644  0.268992  0.284192  0.464673  0.422143  0.345269  0.731648  0.080231  0.645054  0.492904  0.934573  0.790939  0.717762
  1.513500  0.248059  0.875246  0.059946  0.044391  0.187687  0.095044  0.530082  0.904861  0.164325  0.553732  0.642446  0.778178  0.622964  0.749026  0.716848  0.737475  0.777811  0.840058  0.817570  0.387412  0.831033  0.915313  0.804346  0.508844  0.326865  0.318706  0.738050  0.658849  0.474129  0.597591  0.728241  0.637651  0.727686  0.822441  0.715472  0.715286  0.770985  0.759374  0.783524  0.747772  0.695777  0.881668  0.777577  0.794247  0.840090  0.760422  0.811111  0.853562  0.785828  0.775239  0.758164  0.816469  0.567487  0.589032  0.654512  0.898359  0.509500  0.391495  0.851702  0.483229  0.334704  0.546445  0.848859  0.869119  0.416787  0.672817  0.379387  0.449344  0.467470  0.599914  0.281042  0.392229  0.264523  0.366726  0.434437  0.274817  0.354064  0.480952  0.647918  0.082192  0.692670  0.802483  0.786990  0.864810  0.637706  0.782078  0.709211  0.778353  0.851884  0.729949  0.697198  0.660125  0.645617  0.679353  0.205580  0.487418  0.513025  0.401840  0.160864  0.255506  0.287751  0.049017  0.129664  0.136965  0.130314  0.812765  0.728003  0.903990  0.137659  0.096382  0.917248  0.857961  0.794404  0.633605  0.381118  0.787186  0.807046  0.634123  0.692829  0.263869  0.398054  0.318751  0.365625  0.577913  0.577913  0.607181  0.435739  0.817570  0.730292  0.618041  0.795843  0.535051  0.674860  0.612605  0.677561  0.748599  0.715749  0.663678  0.154976  0.243062  0.267003  0.192513  0.875929  0.628015  0.290654  0.465133  0.722073  0.465934  0.267734  0.285844  0.466592  0.422533  0.346646  0.734636  0.084349  0.655766  0.502206  0.936217  0.789771  0.716129
  1.518500  0.249339  0.874557  0.061657  0.046065  0.190902  0.092882  0.528467  0.901516  0.147314  0.537723  0.642191  0.781165  0.624065  0.750618  0.719979  0.739393  0.778957  0.845663  0.820104  0.394346  0.832789  0.914560  0.808550  0.510735  0.321675  0.319742  0.739938  0.663914  0.474070  0.605045  0.728454  0.640372  0.732807  0.827093  0.717061  0.722526  0.773594  0.764459  0.783155  0.745848  0.699377  0.881779  0.778670  0.796097  0.838793  0.759016  0.812459  0.853025  0.787647  0.779507  0.760792  0.817358  0.572230  0.587829  0.659460  0.900951  0.512085  0.388105  0.851182  0.486191  0.338268  0.550106  0.853115  0.874462  0.426841  0.679821  0.386494  0.452776  0.473626  0.604643  0.286010  0.394637  0.266676  0.371745  0.437936  0.280333  0.358088  0.488922  0.647890  0.085386  0.694235  0.800892  0.783707  0.868665  0.640500  0.783058  0.710868  0.778202  0.855784  0.727610  0.699807  0.666371  0.649317  0.687684  0.205744  0.492828  0.517092  0.405477  0.161517  0.250652  0.282701  0.046398  0.133974  0.138934  0.127477  0.812504  0.721802  0.906733  0.141078  0.096419  0.922490  0.857764  0.797818  0.636578  0.376661  0.786812  0.807335  0.637340  0.695321  0.266300  0.402875  0.321633  0.370733  0.578520  0.578520  0.610917  0.433369  0.820914  0.733610  0.626494  0.800603  0.542992  0.671126  0.615205  0.683678  0.754202  0.724286  0.668020  0.157531  0.242776  0.276091  0.194828  0.872702  0.632847  0.292876  0.464034  0.722556  0.467809  0.270162  0.285029  0.466039  0.421786  0.346678  0.730301  0.080085  0.657428  0.510416  0.936301  0.791016  0.712636
  1.523500  0.248682  0.875488  0.060103  0.046790  0.192690  0.097195  0.531778  0.900693  0.128940  0.517497  0.644970  0.779710  0.626882  0.750005  0.722317  0.733685  0.785577  0.847830  0.819171  0.401574  0.836697  0.917207  0.809203  0.517615  0.304613  0.318365  0.744753  0.672208  0.482266  0.610372  0.730860  0.648706  0.733823  0.828481  0.719560  0.722339  0.777100  0.769522  0.790187  0.750045  0.701675  0.885922  0.780957  0.797046  0.842793  0.763511  0.815848  0.857621  0.795574  0.782972  0.765670  0.817890  0.578358  0.591555  0.663432  0.897615  0.513472  0.392078  0.854598  0.490997  0.339679  0.557797  0.858373  0.875334  0.434051  0.686179  0.394954  0.462668  0.476193  0.606687  0.297329  0.398862  0.270491  0.376586  0.445983  0.288768  0.365072  0.491088  0.653748  0.089555  0.695119  0.805138  0.790050  0.862224  0.642651  0.785265  0.707209  0.779586  0.855806  0.728944  0.703334  0.665747  0.654380  0.685919  0.203121  0.500707  0.521839  0.410505  0.172347  0.258612  0.275426  0.048135  0.133930  0.138350  0.131980  0.812600  0.727913  0.909385  0.137763  0.097251  0.918150  0.859422  0.798871  0.634789  0.379510  0.789790  0.814474  0.635467  0.693895  0.266793  0.410090  0.326596  0.375062  0.581122  0.581122  0.609537  0.438133  0.818360  0.731969  0.636294  0.807523  0.547188  0.665724  0.616643  0.690216  0.758460  0.728544  0.669847  0.156363  0.241791  0.281684  0.196560  0.871804  0.642003  0.291594  0.461154  0.718283  0.460948  0.269168  0.286347  0.467310  0.422803  0.348887  0.732534  0.079282  0.661495  0.517876  0.935459  0.791181  0.711461
  1.528500  0.250373  0.877124  0.060062  0.043360  0.192336  0.096846  0.529096  0.903222  0.118031  0.498212  0.646294  0.782018  0.628745  0.750427  0.722968  0.734447  0.783029  0.845661  0.818626  0.408047  0.838256  0.918881  0.812370  0.518891  0.296574  0.320084  0.744314  0.678361  0.483226  0.610874  0.738574  0.649978  0.737278  0.829299  0.719225  0.726076  0.778474  0.771266  0.786840  0.749441  0.702948  0.882452  0.779629  0.798315  0.841691  0.764235  0.817292  0.856117  0.793291  0.779894  0.763825  0.820068  0.579211  0.591534  0.664341  0.898268  0.513967  0.393369  0.849403  0.492740  0.338974  0.558870  0.862191  0.876426  0.439014  0.690337  0.402346  0.469662  0.486081  0.610406  0.303833  0.405124  0.277930  0.381276  0.447879  0.296082  0.367138  0.498304  0.655192  0.090992  0.698416  0.804695  0.783393  0.871099  0.642921  0.785876  0.701681  0.776729  0.854661  0.733934  0.705638  0.668372  0.655652  0.692203  0.205105  0.507781  0.525530  0.406960  0.168838  0.260508  0.280849  0.048080  0.133629  0.140499  0.131436  0.813459  0.724132  0.911052  0.145578  0.097666  0.918028  0.860265  0.799192  0.636468  0.381367  0.790740  0.815794  0.639882  0.698540  0.262915  0.410654  0.326415  0.377618  0.581087  0.581087  0.610838  0.436079  0.819436  0.729370  0.643334  0.809765  0.551840  0.661901  0.615647  0.693482  0.758663  0.730520  0.675044  0.156708  0.242336  0.289532  0.200025  0.870283  0.638938  0.293635  0.462360  0.719386  0.468172  0.271911  0.289013  0.465653  0.422667  0.349088  0.730364  0.080153  0.660992  0.519538  0.936280  0.790280  0.708017
  1.534000  0.249632  0.877042  0.060877  0.046451  0.192222  0.095908  0.529374  0.908383  0.103541  0.480111  0.647500  0.779289  0.633513  0.753879  0.723958  0.736018  0.785642  0.849259  0.819095  0.412895  0.836565  0.920572  0.813094  0.522822  0.285633  0.319329  0.746092  0.683077  0.490479  0.615390  0.740157  0.659205  0.737839  0.835482  0.721519  0.731070  0.779883  0.773774  0.785778  0.748666  0.704051  0.880534  0.779175  0.799311  0.843456  0.762330  0.816253  0.855751  0.797136  0.783188  0.764267  0.818725  0.579170  0.594030  0.664563  0.896518  0.512779  0.393442  0.851467  0.499868  0.341645  0.568011  0.858834  0.875314  0.448578  0.690822  0.412425  0.478281  0.491544  0.613287  0.316243  0.408817  0.278060  0.388644  0.453659  0.299280  0.369802  0.503892  0.658838  0.092766  0.699100  0.803594  0.788418  0.868777  0.647904  0.784139  0.699553  0.774640  0.853126  0.738949  0.705150  0.672082  0.657578  0.694405  0.202129  0.513485  0.529374  0.403000  0.171318  0.257297  0.285103  0.046909  0.132239  0.139850  0.131101  0.811786  0.727207  0.910125  0.142099  0.097073  0.916835  0.857028  0.800740  0.638033  0.377485  0.794596  0.819757  0.638675  0.701862  0.264725  0.414687  0.331300  0.378053  0.580048  0.580048  0.612831  0.414065  0.820719  0.729741  0.651612  0.814092  0.556948  0.650069  0.605215  0.697655  0.765009  0.737839  0.677817  0.154439  0.241331  0.294875  0.199808  0.871692  0.644045  0.288027  0.463450  0.719262  0.469331  0.269272  0.287125  0.462875  0.421557  0.346356  0.730109  0.083642  0.667616  0.523584  0.937984  0.791766  0.702284
  1.540000  0.248354  0.876944  0.062002  0.045060  0.194985  0.095187  0.529405  0.909186  0.088110  0.459425  0.649281  0.783914  0.634375  0.750927  0.730011  0.735816  0.786494  0.850902  0.818069  0.419636  0.839035  0.920515  0.814760  0.523993  0.278421  0.318410  0.750036  0.685719  0.494991  0.620925  0.742795  0.661933  0.740938  0.839532  0.722000  0.734068  0.785444  0.776449  0.786719  0.748252  0.707356  0.884368  0.782775  0.802939  0.846368  0.764260  0.819225  0.860036  0.798774  0.784092  0.763363  0.817523  0.573575  0.588302  0.660261  0.894753  0.513573  0.394151  0.847610  0.495348  0.344144  0.568834  0.862419  0.877900  0.455011  0.696104  0.419582  0.485227  0.498539  0.615971  0.325694  0.413133  0.283824  0.388218  0.460711  0.306982  0.377642  0.507200  0.657911  0.092825  0.700296  0.806936  0.788571  0.869330  0.650432  0.786044  0.695786  0.773504  0.854772  0.744244  0.708933  0.677492  0.661180  0.697208  0.208300  0.512641  0.532876  0.394120  0.170495  0.260119  0.284098  0.048574  0.132926  0.140804  0.132519  0.810974  0.727116  0.911801  0.143850  0.098324  0.921022  0.857017  0.802343  0.637341  0.378463  0.797818  0.822305  0.638073  0.703290  0.267140  0.421588  0.331786  0.378460  0.582776  0.582776  0.610849  0.412719  0.822945  0.731606  0.658822  0.820283  0.562579  0.641477  0.609735  0.700902  0.768047  0.742424  0.683755  0.156240  0.243068  0.303241  0.202196  0.874500  0.648373  0.287911  0.460714  0.723284  0.467323  0.271846  0.287857  0.463715  0.422466  0.350243  0.731207  0.077149  0.672380  0.530542  0.938815  0.789614  0.695294
  1.546000  0.249480  0.880351  0.062860  0.047188  0.194849  0.095877  0.533100  0.911749  0.079715  0.443224  0.650775  0.788691  0.636524  0.752382  0.731278  0.736899  0.788691  0.848500  0.819713  0.423423  0.838251  0.923087  0.815596  0.523705  0.272341  0.318972  0.751232  0.691427  0.498133  0.622979  0.746319  0.667998  0.745022  0.843733  0.722406  0.737885  0.787990  0.779098  0.788069  0.750818  0.708904  0.884995  0.785465  0.802619  0.847780  0.768021  0.818319  0.860088  0.802073  0.785182  0.762935  0.817229  0.569560  0.592557  0.656933  0.885637  0.513722  0.394448  0.849070  0.502060  0.346610  0.573483  0.865733  0.881584  0.463470  0.701676  0.428356  0.495766  0.506256  0.619456  0.335602  0.417948  0.288794  0.396886  0.466457  0.314882  0.385393  0.511090  0.661325  0.096419  0.700808  0.805655  0.786396  0.868314  0.653627  0.785657  0.693019  0.771414  0.856426  0.747439  0.707979  0.678658  0.663175  0.697364  0.205897  0.510186  0.538022  0.378783  0.173769  0.259604  0.282682  0.048304  0.134181  0.142066  0.132880  0.813273  0.730812  0.910877  0.146663  0.098026  0.918262  0.859342  0.802146  0.638663  0.380558  0.799676  0.825667  0.641787  0.703539  0.265816  0.426896  0.334966  0.380617  0.581055  0.581055  0.611962  0.430271  0.818088  0.732845  0.667436  0.822332  0.567084  0.634444  0.611387  0.706418  0.773940  0.747246  0.685292  0.155303  0.244723  0.310818  0.204399  0.869567  0.656724  0.289113  0.457477  0.723629  0.468502  0.272514  0.287718  0.463870  0.423367  0.349577  0.731811  0.080117  0.676635  0.532799  0.937913  0.790454  0.693309
  1.552000  0.250261  0.879676  0.062040  0.045873  0.197459  0.095561  0.534402  0.911895  0.072055  0.427340  0.652961  0.781193  0.643881  0.752508  0.729156  0.736419  0.784962  0.848492  0.821500  0.431255  0.839036  0.920603  0.816374  0.526758  0.273971  0.316814  0.751227  0.700896  0.502685  0.627123  0.745848  0.669993  0.742139  0.843681  0.722665  0.737409  0.787198  0.782529  0.788509  0.749757  0.709139  0.885337  0.783225  0.805820  0.849361  0.768486  0.821045  0.862064  0.806588  0.786803  0.765641  0.816621  0.564210  0.594634  0.658686  0.883880  0.515104  0.395513  0.847161  0.502404  0.345219  0.578107  0.864581  0.875521  0.471741  0.704605  0.437854  0.504049  0.514746  0.625833  0.349305  0.419141  0.297876  0.397260  0.472811  0.318082  0.383911  0.516301  0.663319  0.099030  0.702589  0.803963  0.790079  0.869086  0.656366  0.787256  0.690135  0.771387  0.852353  0.748736  0.709697  0.683027  0.660938  0.700931  0.203454  0.509690  0.540765  0.355577  0.177738  0.268162  0.285533  0.048807  0.132482  0.143975  0.134515  0.810741  0.730344  0.909282  0.148012  0.096665  0.917077  0.860032  0.798385  0.636379  0.381077  0.795819  0.828386  0.641479  0.706172  0.264842  0.432015  0.337668  0.379318  0.583117  0.583117  0.613586  0.441403  0.819065  0.730645  0.672919  0.826130  0.570522  0.627226  0.614332  0.707889  0.775986  0.748167  0.690083  0.154635  0.242347  0.320744  0.207129  0.874359  0.654410  0.286107  0.453316  0.723640  0.466704  0.272926  0.288648  0.460944  0.421448  0.350942  0.731617  0.076387  0.674975  0.536415  0.935406  0.789396  0.689790
  1.558000  0.250498  0.880694  0.062849  0.045973  0.202268  0.095892  0.538180  0.913746  0.064381  0.415173  0.655155  0.785727  0.643372  0.749228  0.732956  0.736817  0.788301  0.853483  0.823776  0.436470  0.843063  0.922445  0.819585  0.528642  0.285414  0.316213  0.753590  0.701911  0.507268  0.631869  0.752196  0.680116  0.750246  0.849263  0.726467  0.743744  0.790233  0.784757  0.791884  0.749809  0.715152  0.886576  0.784808  0.806733  0.851651  0.771129  0.822353  0.862322  0.806778  0.790587  0.767307  0.817168  0.558588  0.594732  0.663574  0.877914  0.513913  0.395829  0.849412  0.503871  0.348358  0.583251  0.868193  0.880328  0.480832  0.709929  0.445865  0.511909  0.515655  0.628651  0.357273  0.424696  0.298705  0.403298  0.480190  0.325835  0.394711  0.524058  0.666925  0.101456  0.704729  0.807520  0.787849  0.870031  0.660001  0.790244  0.685851  0.770720  0.852839  0.750323  0.712663  0.684545  0.666027  0.704915  0.204971  0.517263  0.546479  0.338104  0.176665  0.265546  0.281440  0.050666  0.134360  0.145903  0.134685  0.813233  0.730809  0.910267  0.148351  0.099862  0.918022  0.859323  0.802551  0.641623  0.375985  0.802671  0.831375  0.642066  0.705743  0.265206  0.437280  0.341929  0.381807  0.584988  0.584988  0.614189  0.451966  0.823776  0.733634  0.681175  0.831688  0.576023  0.619184  0.616315  0.712290  0.784521  0.752289  0.694199  0.157992  0.243208  0.328243  0.210459  0.872633  0.663269  0.281645  0.455515  0.723486  0.464250  0.273510  0.290421  0.462758  0.421602  0.352461  0.726542  0.078937  0.677875  0.535869  0.936362  0.792192  0.686054
  1.564000  0.250078  0.882340  0.063537  0.045638  0.202713  0.096162  0.538363  0.913687  0.058344  0.403949  0.656543  0.786532  0.643227  0.754566  0.734483  0.737800  0.788466  0.855069  0.821982  0.440992  0.843819  0.923265  0.820328  0.530780  0.288159  0.318559  0.754294  0.704809  0.508350  0.634904  0.750582  0.679681  0.749004  0.849972  0.725804  0.744921  0.793787  0.787861  0.791753  0.751886  0.716136  0.887505  0.786545  0.807785  0.853463  0.769573  0.824757  0.865489  0.811098  0.790168  0.770140  0.819393  0.559589  0.591103  0.659362  0.867823  0.514063  0.396770  0.849476  0.505759  0.348633  0.584721  0.866308  0.880494  0.486088  0.712321  0.455037  0.520016  0.524860  0.630874  0.368566  0.426156  0.305704  0.409524  0.485692  0.332482  0.398009  0.528607  0.670081  0.101931  0.706164  0.806277  0.792606  0.874046  0.657346  0.789919  0.683307  0.769317  0.857464  0.752181  0.713348  0.686785  0.664748  0.709334  0.205712  0.537843  0.548016  0.316059  0.174923  0.267776  0.285780  0.046947  0.135071  0.145342  0.135966  0.813991  0.731206  0.914558  0.150073  0.098947  0.917895  0.860096  0.802192  0.640356  0.377720  0.800579  0.834538  0.643243  0.708229  0.264954  0.442945  0.345299  0.381864  0.582535  0.582535  0.614916  0.463613  0.822796  0.735482  0.686440  0.836102  0.582013  0.610925  0.618142  0.716703  0.785939  0.755129  0.699912  0.157072  0.244881  0.336777  0.212093  0.872717  0.666775  0.283922  0.451819  0.723060  0.466224  0.273937  0.289907  0.464817  0.420714  0.351479  0.732115  0.079799  0.681672  0.536616  0.936326  0.790359  0.682207
  1.570500  0.250606  0.883805  0.062841  0.043835  0.204498  0.095425  0.538965  0.916111  0.058117  0.398291  0.656915  0.786647  0.640470  0.751810  0.735590  0.737064  0.789319  0.854753  0.819875  0.448554  0.844483  0.924842  0.820966  0.531675  0.293864  0.317641  0.753855  0.709668  0.511564  0.636468  0.752741  0.683526  0.749308  0.852853  0.727319  0.746061  0.795358  0.788860  0.791721  0.750705  0.718036  0.887188  0.784340  0.807119  0.851128  0.772029  0.822048  0.862664  0.811845  0.791864  0.766274  0.817276  0.562982  0.595775  0.660083  0.851585  0.515030  0.397176  0.852742  0.506775  0.348687  0.586561  0.868578  0.882586  0.494484  0.719489  0.464643  0.527887  0.532091  0.632898  0.381294  0.428695  0.310645  0.413188  0.494870  0.341993  0.403227  0.533645  0.670826  0.103223  0.705997  0.804524  0.788360  0.874660  0.658057  0.787667  0.676365  0.766909  0.857058  0.749997  0.714201  0.689201  0.672275  0.711536  0.204836  0.555952  0.553344  0.325854  0.177211  0.268604  0.287980  0.049020  0.134740  0.146269  0.135147  0.815442  0.728712  0.916111  0.151228  0.098954  0.915487  0.861589  0.801669  0.637281  0.380196  0.804613  0.838577  0.644620  0.708587  0.265670  0.445589  0.349272  0.379582  0.583212  0.583212  0.615638  0.472605  0.822312  0.730202  0.684169  0.837049  0.583407  0.602490  0.615908  0.720039  0.790875  0.758030  0.699996  0.155346  0.243369  0.344176  0.213827  0.873265  0.667391  0.281883  0.449613  0.725452  0.468146  0.274012  0.288797  0.463098  0.421719  0.351637  0.727438  0.076951  0.681134  0.541767  0.937939  0.792601  0.678623
  1.577500  0.251088  0.882271  0.064271  0.045730  0.206107  0.094584  0.542266  0.912775  0.058254  0.400766  0.659989  0.787688  0.641771  0.753499  0.737188  0.737833  0.787781  0.853670  0.822804  0.455768  0.843749  0.923233  0.821863  0.534518  0.294850  0.316137  0.757036  0.711467  0.515443  0.639118  0.752863  0.685812  0.757871  0.855526  0.726710  0.750173  0.796511  0.790892  0.792841  0.749326  0.718715  0.888978  0.786743  0.811454  0.853220  0.772304  0.822888  0.862329  0.814882  0.792970  0.768026  0.816275  0.564254  0.594658  0.659746  0.836956  0.514772  0.396864  0.854981  0.509392  0.351747  0.592325  0.870995  0.882054  0.502967  0.722561  0.473824  0.537280  0.536915  0.636032  0.393575  0.429671  0.318656  0.418047  0.494566  0.349836  0.408904  0.538652  0.670961  0.103329  0.705723  0.806446  0.790820  0.873207  0.661295  0.788982  0.673984  0.765097  0.859568  0.747947  0.716353  0.691346  0.668349  0.708804  0.203710  0.563186  0.556643  0.365219  0.179398  0.274492  0.289214  0.049030  0.133116  0.146739  0.135397  0.813993  0.727689  0.918004  0.153843  0.098403  0.915045  0.860106  0.801143  0.640095  0.378638  0.804703  0.839652  0.646157  0.708344  0.263425  0.452909  0.352619  0.377848  0.582976  0.582976  0.615543  0.502153  0.821991  0.735071  0.691899  0.840920  0.586973  0.592513  0.608460  0.722161  0.790793  0.763713  0.702755  0.157264  0.243951  0.352986  0.215564  0.871491  0.671759  0.282685  0.447638  0.725300  0.465204  0.274700  0.290441  0.462554  0.421353  0.353529  0.726233  0.077291  0.683547  0.543567  0.932820  0.792134  0.677616
  1.584500  0.251824  0.886522  0.062370  0.045620  0.207643  0.094403  0.544086  0.916184  0.062316  0.407907  0.661536  0.785081  0.640135  0.749753  0.738345  0.736965  0.788945  0.855094  0.823482  0.463757  0.844561  0.924035  0.825107  0.534398  0.301709  0.316705  0.758679  0.716057  0.516902  0.642825  0.755338  0.690375  0.750327  0.857052  0.727682  0.751904  0.798583  0.792063  0.794968  0.749792  0.721641  0.888887  0.784916  0.810787  0.852647  0.771737  0.824256  0.862531  0.819018  0.794211  0.768881  0.816807  0.566604  0.592587  0.657605  0.816728  0.515347  0.397758  0.853700  0.511143  0.352374  0.594243  0.867422  0.880670  0.509921  0.727161  0.484510  0.545280  0.545920  0.637349  0.408688  0.430326  0.323342  0.426394  0.502919  0.355558  0.413765  0.545554  0.673500  0.104610  0.705978  0.807192  0.792368  0.873494  0.661707  0.790335  0.667616  0.763142  0.857302  0.746748  0.717271  0.695703  0.671644  0.707892  0.203544  0.566348  0.559434  0.370809  0.182126  0.274196  0.288473  0.048103  0.134730  0.147914  0.136196  0.814566  0.726961  0.917929  0.154396  0.099523  0.911583  0.862328  0.799249  0.641848  0.381641  0.805475  0.843338  0.646999  0.706513  0.263885  0.458748  0.355263  0.380282  0.585559  0.585559  0.616041  0.538886  0.821853  0.733724  0.698577  0.842888  0.590192  0.583933  0.606824  0.724931  0.796451  0.763598  0.704033  0.157635  0.243121  0.362025  0.217717  0.870307  0.673116  0.278708  0.447550  0.721877  0.467167  0.277461  0.291216  0.462637  0.420831  0.353169  0.728326  0.076971  0.682365  0.543114  0.936249  0.788664  0.679698
  1.591500  0.250992  0.887304  0.063817  0.045773  0.211157  0.094748  0.547123  0.918731  0.066370  0.418024  0.662185  0.786188  0.639723  0.751814  0.740848  0.739097  0.790611  0.855304  0.822644  0.471605  0.846873  0.924842  0.825785  0.533629  0.320807  0.316844  0.757549  0.722342  0.520880  0.644022  0.755693  0.692772  0.758941  0.858889  0.728965  0.752816  0.801839  0.795697  0.794225  0.750465  0.724188  0.890785  0.786795  0.812380  0.853085  0.774293  0.823332  0.864811  0.824301  0.797355  0.768502  0.818020  0.563942  0.594557  0.655273  0.788216  0.514927  0.399323  0.854764  0.514018  0.351532  0.599734  0.870601  0.881936  0.518229  0.731509  0.495388  0.556325  0.549442  0.642867  0.421723  0.437751  0.331941  0.427385  0.513761  0.365897  0.422521  0.550911  0.673610  0.104857  0.707698  0.809041  0.792914  0.880001  0.664644  0.790168  0.662352  0.759681  0.860556  0.745666  0.720097  0.698450  0.677077  0.718086  0.203678  0.566801  0.563448  0.357342  0.181618  0.277061  0.292112  0.049803  0.133198  0.149015  0.135642  0.813797  0.730314  0.918731  0.155601  0.098655  0.911702  0.859159  0.802776  0.641660  0.381774  0.808299  0.846361  0.649619  0.710713  0.265148  0.463690  0.359020  0.380732  0.584508  0.584508  0.616103  0.523701  0.822644  0.734106  0.707016  0.846031  0.593875  0.577116  0.606094  0.726705  0.796711  0.765994  0.706910  0.158062  0.243046  0.371392  0.220422  0.871213  0.680302  0.276388  0.442775  0.726195  0.468801  0.275430  0.290839  0.462059  0.419223  0.352185  0.728583  0.077888  0.682194  0.546763  0.937936  0.790227  0.680729
  1.598500  0.251162  0.887367  0.065249  0.044900  0.214227  0.094706  0.549042  0.917889  0.073260  0.427815  0.662436  0.784088  0.639340  0.750540  0.745839  0.738927  0.789341  0.856069  0.822767  0.480822  0.847626  0.925738  0.825724  0.534711  0.337084  0.314504  0.759809  0.722903  0.524971  0.644650  0.757766  0.695919  0.753308  0.860380  0.729721  0.753680  0.803912  0.797501  0.795835  0.750920  0.724137  0.891838  0.787497  0.814915  0.853667  0.774031  0.823925  0.863355  0.822059  0.797486  0.769911  0.816372  0.559991  0.593242  0.653142  0.757401  0.514825  0.399020  0.854885  0.514439  0.353187  0.598501  0.869526  0.882705  0.524341  0.733124  0.502456  0.562096  0.554412  0.642042  0.433932  0.438282  0.336343  0.435590  0.515230  0.373755  0.427449  0.554503  0.675612  0.107284  0.707359  0.805842  0.789243  0.876069  0.664850  0.790233  0.656053  0.757621  0.859111  0.744014  0.720160  0.698595  0.677544  0.715148  0.202614  0.563712  0.567201  0.343652  0.179559  0.276154  0.292253  0.050049  0.133595  0.149086  0.137182  0.812262  0.729194  0.916145  0.157443  0.099381  0.907590  0.860779  0.801323  0.639849  0.379975  0.810104  0.847776  0.648179  0.710355  0.264703  0.469137  0.360755  0.382737  0.584369  0.584369  0.615758  0.485690  0.821953  0.734969  0.709365  0.848965  0.596947  0.564610  0.604892  0.727600  0.800019  0.770024  0.708549  0.155794  0.243444  0.378427  0.223816  0.871631  0.680402  0.275517  0.442043  0.729065  0.468200  0.277168  0.292332  0.463706  0.420577  0.353829  0.725822  0.075745  0.683994  0.547936  0.937074  0.790963  0.687279
  1.605500  0.251930  0.886335  0.064386  0.046217  0.215993  0.094946  0.549026  0.920372  0.077766  0.442788  0.662649  0.788381  0.638590  0.754148  0.744367  0.741137  0.790780  0.857679  0.824204  0.489098  0.847534  0.924736  0.826441  0.534223  0.356448  0.312988  0.760307  0.722247  0.524810  0.649550  0.761886  0.699672  0.754457  0.862542  0.731707  0.754643  0.804560  0.797676  0.794562  0.750648  0.727076  0.891148  0.785611  0.816041  0.854903  0.774466  0.823503  0.863916  0.824864  0.798654  0.770621  0.815369  0.559648  0.596415  0.655429  0.738454  0.514660  0.401201  0.855420  0.513452  0.354389  0.600549  0.873457  0.885268  0.532032  0.736841  0.510165  0.568047  0.561748  0.642636  0.444954  0.442816  0.341449  0.436580  0.519183  0.380524  0.430463  0.557183  0.675868  0.108300  0.707125  0.807024  0.792693  0.879732  0.664712  0.789833  0.650032  0.755460  0.861646  0.741095  0.721203  0.700327  0.682082  0.719730  0.204658  0.556688  0.568330  0.330273  0.186154  0.282837  0.288314  0.049212  0.134235  0.150307  0.137088  0.815295  0.725904  0.916881  0.159275  0.098949  0.910182  0.859854  0.803883  0.641163  0.379337  0.811716  0.853346  0.651544  0.713363  0.263961  0.474815  0.363462  0.383243  0.586161  0.586161  0.616389  0.486751  0.821761  0.736673  0.714213  0.849880  0.600394  0.556076  0.601027  0.729601  0.803114  0.772564  0.708998  0.157045  0.244697  0.385950  0.225699  0.868516  0.687249  0.274048  0.438315  0.728773  0.467549  0.279574  0.291734  0.463388  0.419710  0.354548  0.724812  0.075372  0.687613  0.549094  0.938700  0.792002  0.691868
  1.612500  0.251183  0.885428  0.064242  0.045642  0.218772  0.093006  0.552547  0.919442  0.084781  0.450800  0.666363  0.788755  0.634717  0.753325  0.745851  0.738286  0.790324  0.857309  0.825758  0.498968  0.847359  0.922059  0.827880  0.536331  0.377526  0.313125  0.761620  0.725700  0.526681  0.649914  0.759113  0.701826  0.754192  0.863658  0.733858  0.756699  0.806584  0.800098  0.794308  0.750553  0.728774  0.891804  0.787027  0.817268  0.855650  0.774814  0.822211  0.864083  0.825888  0.798536  0.770100  0.815973  0.563774  0.593340  0.654458  0.736305  0.513504  0.403176  0.853049  0.515278  0.356434  0.603045  0.872901  0.886465  0.539863  0.740393  0.517835  0.577107  0.565691  0.645330  0.457204  0.443588  0.350977  0.444041  0.526468  0.388239  0.435000  0.558751  0.676839  0.107513  0.707251  0.807196  0.791322  0.880652  0.667188  0.790831  0.645745  0.754017  0.859707  0.739785  0.722205  0.703898  0.681727  0.721586  0.201575  0.550030  0.573023  0.325344  0.185306  0.282206  0.290700  0.050033  0.133515  0.151488  0.136450  0.814964  0.724200  0.916826  0.163291  0.099171  0.905195  0.860376  0.802964  0.641122  0.379746  0.810073  0.854553  0.653712  0.712728  0.262960  0.480502  0.366357  0.386574  0.586413  0.586413  0.615307  0.523832  0.822501  0.736859  0.720220  0.852389  0.602519  0.544230  0.600251  0.734644  0.805443  0.773132  0.711522  0.157380  0.243079  0.394747  0.228781  0.867883  0.690584  0.270313  0.436016  0.728782  0.468850  0.279169  0.293475  0.462969  0.419567  0.354171  0.725291  0.074189  0.687006  0.550144  0.936886  0.789262  0.696978
  1.619500  0.252940  0.886174  0.063707  0.046187  0.222690  0.093450  0.554590  0.917572  0.088082  0.461088  0.666683  0.786260  0.632543  0.753743  0.747924  0.740256  0.792449  0.856096  0.824714  0.508396  0.848874  0.922804  0.828585  0.534825  0.394584  0.313478  0.763000  0.728226  0.527647  0.652267  0.763093  0.703107  0.756128  0.866999  0.732636  0.758914  0.806023  0.800419  0.796713  0.749775  0.730104  0.894198  0.785739  0.818693  0.855815  0.775658  0.825478  0.862309  0.830690  0.797101  0.771915  0.815098  0.568400  0.591550  0.653129  0.767840  0.513603  0.403914  0.852436  0.517351  0.356654  0.604263  0.874941  0.888520  0.545543  0.743863  0.526591  0.584593  0.572883  0.647901  0.471417  0.446685  0.355147  0.442791  0.532838  0.396316  0.441693  0.564375  0.681568  0.107805  0.705896  0.808830  0.793842  0.879467  0.669613  0.790242  0.639170  0.748959  0.861639  0.744717  0.725009  0.705499  0.685847  0.723998  0.200686  0.540783  0.574485  0.327232  0.190656  0.292205  0.292571  0.049066  0.134113  0.151398  0.136639  0.812571  0.728872  0.916700  0.160831  0.098273  0.908843  0.860340  0.804273  0.640537  0.378842  0.810820  0.857567  0.654854  0.713559  0.264451  0.485195  0.371352  0.388939  0.585975  0.585975  0.614486  0.538551  0.821456  0.735843  0.725664  0.852382  0.604461  0.532817  0.596636  0.735527  0.804599  0.776092  0.710891  0.158563  0.242091  0.401883  0.230956  0.869857  0.692590  0.269969  0.431500  0.731850  0.473415  0.278347  0.293921  0.462429  0.420146  0.357499  0.723313  0.075556  0.688409  0.550978  0.935887  0.790238  0.701277
  1.626500  0.251291  0.886854  0.065635  0.045942  0.224556  0.093867  0.556471  0.920010  0.094726  0.460931  0.666834  0.782192  0.632310  0.751533  0.747574  0.735144  0.790386  0.855388  0.822902  0.515695  0.849563  0.925246  0.828466  0.535849  0.408573  0.311992  0.762694  0.731497  0.526247  0.654001  0.761952  0.706604  0.755637  0.866424  0.734092  0.760094  0.807278  0.803070  0.797983  0.751497  0.731422  0.891983  0.788142  0.819265  0.855333  0.777380  0.822756  0.864350  0.831155  0.801497  0.770018  0.815295  0.575661  0.595326  0.653700  0.789849  0.513067  0.399550  0.850908  0.517474  0.358323  0.606719  0.872052  0.882088  0.552096  0.744794  0.534007  0.589546  0.575022  0.649103  0.483093  0.447427  0.365566  0.452618  0.536202  0.404296  0.443484  0.566527  0.678517  0.109238  0.705562  0.807910  0.792104  0.876932  0.668770  0.790928  0.632838  0.747262  0.859070  0.748489  0.725456  0.708777  0.685611  0.723820  0.200219  0.530773  0.576186  0.333758  0.192557  0.290114  0.295960  0.050534  0.133220  0.152913  0.137213  0.813194  0.726720  0.917393  0.162992  0.099649  0.902159  0.860970  0.798765  0.643328  0.377532  0.812513  0.858933  0.656487  0.712680  0.262500  0.491048  0.373753  0.390751  0.586128  0.586128  0.615403  0.551473  0.822088  0.735804  0.728939  0.852876  0.606301  0.522215  0.598807  0.735810  0.806248  0.775324  0.713326  0.156486  0.244316  0.408776  0.232813  0.867105  0.695923  0.266694  0.431200  0.729252  0.471638  0.280939  0.293706  0.462388  0.419425  0.356000  0.723442  0.072597  0.688300  0.555289  0.935716  0.789042  0.705560
  1.633500  0.252330  0.884977  0.065795  0.045013  0.228276  0.094918  0.558541  0.921614  0.094571  0.466003  0.666352  0.785849  0.630562  0.755219  0.750975  0.740273  0.792768  0.858364  0.823793  0.525006  0.849440  0.925104  0.829971  0.535402  0.427796  0.311735  0.763301  0.730803  0.530248  0.654235  0.764694  0.705150  0.752897  0.867155  0.734226  0.762837  0.807690  0.802974  0.796734  0.750311  0.733882  0.892213  0.785366  0.822113  0.857308  0.775864  0.824731  0.865065  0.833781  0.801867  0.770873  0.815641  0.581773  0.598423  0.655777  0.801110  0.513483  0.403347  0.851719  0.517447  0.358077  0.608454  0.873678  0.887609  0.558370  0.748861  0.541660  0.596759  0.577844  0.651582  0.494656  0.450307  0.368051  0.453303  0.542075  0.412276  0.448277  0.571265  0.679817  0.107100  0.705791  0.805731  0.791900  0.879952  0.671036  0.790268  0.628987  0.743840  0.861039  0.751189  0.725427  0.712135  0.691377  0.728187  0.199918  0.522412  0.577168  0.348738  0.188503  0.290567  0.296872  0.049107  0.133288  0.153211  0.137524  0.812864  0.725414  0.919870  0.167044  0.098498  0.904954  0.863077  0.803839  0.642193  0.381026  0.810220  0.860727  0.657043  0.716102  0.263170  0.497369  0.375500  0.391545  0.587580  0.587580  0.613929  0.602260  0.821353  0.734783  0.731443  0.854293  0.609971  0.510992  0.596244  0.735433  0.809562  0.778350  0.714151  0.157295  0.243825  0.415481  0.235417  0.866690  0.698757  0.266529  0.429389  0.730125  0.474595  0.281309  0.294552  0.463138  0.420659  0.355929  0.721500  0.074559  0.692097  0.552823  0.935571  0.790627  0.712851
  1.640500  0.252676  0.885723  0.066421  0.047002  0.230850  0.094050  0.558737  0.918858  0.098757  0.467726  0.667407  0.788182  0.631340  0.754818  0.752046  0.740493  0.794097  0.860548  0.825102  0.534120  0.851638  0.924090  0.831349  0.532256  0.423580  0.311750  0.764466  0.733914  0.531593  0.656528  0.766138  0.708169  0.755362  0.867769  0.737246  0.762701  0.810820  0.805440  0.797875  0.750839  0.735093  0.893678  0.788181  0.820828  0.855994  0.777428  0.822959  0.863259  0.835232  0.802181  0.770677  0.813613  0.584863  0.599731  0.657669  0.798993  0.515130  0.402231  0.849719  0.519574  0.358226  0.610010  0.871824  0.887628  0.563140  0.751978  0.548927  0.603518  0.589070  0.654542  0.507570  0.449920  0.374090  0.457485  0.546561  0.418348  0.454924  0.572885  0.682249  0.105372  0.705098  0.807919  0.794319  0.880511  0.671295  0.791307  0.620245  0.742341  0.863136  0.755855  0.727134  0.714454  0.687628  0.729772  0.200198  0.517211  0.578730  0.364186  0.192394  0.290694  0.294352  0.051109  0.135547  0.152824  0.137340  0.812827  0.729168  0.919730  0.170878  0.099024  0.901491  0.861411  0.806205  0.645778  0.381405  0.811256  0.864098  0.659670  0.714985  0.264231  0.500577  0.381790  0.391645  0.589230  0.589230  0.614346  0.631962  0.823473  0.735359  0.735286  0.854454  0.611374  0.499791  0.604119  0.736924  0.811659  0.779423  0.713214  0.156852  0.243773  0.422027  0.238278  0.868010  0.697147  0.267203  0.427553  0.731621  0.474369  0.281396  0.297042  0.464910  0.421124  0.356853  0.726245  0.072063  0.696833  0.559270  0.938914  0.790256  0.717426
  1.647500  0.254074  0.885646  0.066626  0.046614  0.234019  0.093975  0.560328  0.919622  0.101392  0.475874  0.668159  0.787071  0.624009  0.754027  0.754119  0.739627  0.791871  0.857960  0.828140  0.542550  0.849999  0.923107  0.830542  0.531883  0.438351  0.310050  0.764148  0.735890  0.532473  0.656340  0.766470  0.710647  0.758389  0.869013  0.736376  0.762197  0.810549  0.806229  0.797468  0.752087  0.735700  0.891533  0.789582  0.821854  0.856548  0.778922  0.824180  0.863720  0.837465  0.803733  0.769876  0.813280  0.592808  0.601645  0.664130  0.780804  0.516390  0.404014  0.845016  0.521221  0.359906  0.612008  0.871436  0.885005  0.566302  0.753094  0.555506  0.611459  0.587780  0.656166  0.515384  0.447581  0.379693  0.465177  0.553168  0.427875  0.461520  0.579917  0.682772  0.105608  0.704269  0.807368  0.794008  0.879005  0.671687  0.790129  0.612781  0.738370  0.862298  0.761432  0.729410  0.716113  0.691353  0.729936  0.199747  0.514914  0.582439  0.374019  0.195927  0.296130  0.299970  0.050394  0.135792  0.154545  0.138319  0.814376  0.722544  0.917880  0.167512  0.098431  0.899220  0.859741  0.805255  0.643388  0.377865  0.812901  0.863866  0.659818  0.714429  0.263229  0.505720  0.383762  0.390935  0.586579  0.586579  0.615269  0.650887  0.821624  0.734542  0.736347  0.854295  0.613217  0.489610  0.609920  0.738992  0.812633  0.778266  0.715764  0.154980  0.243834  0.428923  0.241695  0.862438  0.702706  0.265929  0.426394  0.730213  0.473290  0.282766  0.296546  0.466747  0.422488  0.353220  0.720544  0.072504  0.693002  0.559652  0.936175  0.788800  0.724200
  1.654500  0.253767  0.884546  0.067032  0.046196  0.236917  0.093691  0.562523  0.921157  0.105279  0.482286  0.669147  0.786396  0.615618  0.752697  0.754999  0.738610  0.792841  0.861344  0.823841  0.551082  0.852943  0.923772  0.834279  0.533414  0.471413  0.309455  0.764203  0.738698  0.530779  0.657361  0.766432  0.709504  0.757145  0.867749  0.736621  0.763645  0.813243  0.806709  0.799260  0.749807  0.738999  0.894688  0.789087  0.822802  0.856613  0.780077  0.821348  0.864751  0.840859  0.801518  0.770606  0.812905  0.604714  0.606798  0.668025  0.763344  0.515147  0.402818  0.848463  0.522545  0.360256  0.613701  0.873405  0.884454  0.575414  0.757389  0.563905  0.617828  0.594168  0.657904  0.528051  0.451985  0.387369  0.463853  0.555769  0.438817  0.464494  0.581879  0.684591  0.106026  0.703423  0.809825  0.793201  0.880863  0.672632  0.791726  0.606791  0.737638  0.854806  0.762771  0.732085  0.717861  0.691192  0.729126  0.196941  0.517450  0.583772  0.382092  0.206707  0.300339  0.301899  0.050247  0.135299  0.154005  0.139207  0.813296  0.724644  0.919413  0.168599  0.100212  0.893385  0.862672  0.801864  0.643508  0.382417  0.810890  0.863626  0.661902  0.714210  0.262531  0.510683  0.384743  0.388304  0.589221  0.589221  0.613345  0.707983  0.823026  0.736160  0.739156  0.854825  0.616200  0.477901  0.615072  0.738835  0.813608  0.783148  0.713927  0.155324  0.242033  0.435106  0.243589  0.862678  0.709054  0.260380  0.422389  0.732257  0.474045  0.284714  0.298209  0.464582  0.420997  0.356554  0.720643  0.074131  0.694910  0.562696  0.935104  0.791646  0.730580
  1.661500  0.254193  0.884477  0.067644  0.047356  0.241586  0.092642  0.563577  0.921925  0.111034  0.489975  0.669550  0.785861  0.621591  0.752901  0.755856  0.743023  0.796109  0.861104  0.826361  0.557315  0.855280  0.922796  0.830138  0.534755  0.475194  0.308182  0.766211  0.735420  0.536989  0.658986  0.770296  0.709293  0.756183  0.869647  0.733712  0.762682  0.809493  0.806369  0.800260  0.750955  0.739712  0.892258  0.788945  0.824320  0.856012  0.779738  0.822187  0.864056  0.838784  0.805422  0.773459  0.812909  0.608771  0.606687  0.674191  0.738059  0.516008  0.406136  0.855923  0.523213  0.361015  0.612606  0.875414  0.886678  0.579720  0.760575  0.566677  0.620276  0.596444  0.656344  0.539359  0.452852  0.392090  0.468061  0.557079  0.440211  0.468061  0.583843  0.683190  0.107879  0.704067  0.808786  0.797394  0.882892  0.670915  0.789936  0.599868  0.732463  0.863874  0.769554  0.733032  0.720058  0.695015  0.735729  0.199702  0.518613  0.585576  0.388736  0.197962  0.294935  0.300596  0.049162  0.134767  0.155237  0.138433  0.812339  0.724519  0.920183  0.171775  0.099369  0.897664  0.860918  0.802756  0.644828  0.377206  0.814457  0.865840  0.664613  0.716896  0.265038  0.514638  0.388204  0.391461  0.589114  0.589114  0.614679  0.742383  0.826361  0.736042  0.739437  0.853191  0.617631  0.466007  0.623688  0.741924  0.812915  0.783110  0.713362  0.157326  0.242717  0.442351  0.247774  0.862271  0.709048  0.259897  0.424580  0.735729  0.476296  0.285666  0.297582  0.464432  0.421430  0.357208  0.726707  0.073843  0.700815  0.564339  0.934988  0.791033  0.737575
  1.668500  0.253670  0.883373  0.067818  0.047201  0.243428  0.094195  0.564368  0.920847  0.121451  0.496337  0.670474  0.786630  0.617867  0.754410  0.760041  0.744070  0.793092  0.863902  0.823606  0.562660  0.853477  0.922590  0.831575  0.534212  0.480678  0.303607  0.763574  0.738964  0.536121  0.659497  0.765803  0.708881  0.755217  0.869804  0.736088  0.762367  0.810691  0.806850  0.797094  0.749064  0.742299  0.893932  0.790519  0.825184  0.858009  0.779190  0.821698  0.864303  0.842737  0.805416  0.770375  0.813070  0.617971  0.608117  0.678080  0.727582  0.514606  0.404790  0.853116  0.522349  0.361900  0.613574  0.877012  0.885506  0.582534  0.759237  0.573182  0.626031  0.600843  0.658271  0.551208  0.453536  0.401631  0.475637  0.563057  0.450083  0.476370  0.583257  0.680620  0.105203  0.702828  0.808539  0.793716  0.880613  0.674838  0.793526  0.594160  0.728340  0.862241  0.772296  0.732471  0.722080  0.696709  0.738808  0.196699  0.521980  0.584333  0.392936  0.204891  0.303444  0.298223  0.048641  0.134436  0.153084  0.138345  0.810599  0.725306  0.916490  0.175491  0.099641  0.887721  0.861563  0.803617  0.644918  0.380656  0.812521  0.871172  0.665033  0.717205  0.263088  0.518762  0.392015  0.387851  0.591253  0.591253  0.614475  0.769476  0.821163  0.738172  0.741803  0.851062  0.617100  0.454927  0.628931  0.740307  0.811861  0.782982  0.709578  0.157647  0.242566  0.445528  0.248987  0.864657  0.710465  0.260585  0.424842  0.737146  0.477709  0.285135  0.298000  0.465893  0.422958  0.360104  0.727775  0.075111  0.700892  0.566204  0.931305  0.791007  0.740059
  1.676000  0.255080  0.883140  0.067833  0.045516  0.245381  0.092585  0.564681  0.920640  0.119889  0.504647  0.668620  0.789361  0.615600  0.757461  0.758852  0.741047  0.796780  0.861415  0.825945  0.567334  0.852545  0.921512  0.830649  0.531467  0.484546  0.305942  0.765283  0.735483  0.533854  0.657982  0.764446  0.711848  0.756919  0.873733  0.737125  0.763610  0.809710  0.804578  0.798193  0.747824  0.744353  0.889506  0.788993  0.827436  0.857454  0.780278  0.820270  0.863361  0.842690  0.805255  0.770792  0.809768  0.623349  0.609801  0.682124  0.724607  0.513264  0.406929  0.855077  0.521617  0.363253  0.609390  0.878014  0.887009  0.585039  0.758666  0.578004  0.627820  0.602456  0.658933  0.557903  0.452924  0.408024  0.476910  0.565049  0.459939  0.475176  0.584117  0.680557  0.106167  0.702323  0.804451  0.792971  0.884320  0.671196  0.789895  0.584959  0.721249  0.862342  0.774071  0.731827  0.724664  0.698389  0.743922  0.195775  0.524623  0.584848  0.395412  0.204194  0.302003  0.297168  0.051396  0.133961  0.155973  0.137056  0.808899  0.723315  0.915407  0.177061  0.099395  0.890255  0.859848  0.805311  0.642838  0.378827  0.813809  0.870931  0.664488  0.718698  0.263014  0.522341  0.392125  0.384591  0.590905  0.590905  0.612304  0.789784  0.823502  0.735898  0.738129  0.845501  0.617192  0.441159  0.633065  0.738845  0.814164  0.782847  0.708252  0.155900  0.242941  0.448594  0.250308  0.859101  0.713969  0.256237  0.421751  0.735112  0.479493  0.287653  0.299077  0.466675  0.422796  0.358475  0.724869  0.069685  0.698352  0.565858  0.932849  0.787412  0.747485
  1.684000  0.255725  0.882248  0.068283  0.048201  0.252014  0.090659  0.564720  0.921442  0.131668  0.514784  0.666145  0.783986  0.611292  0.751598  0.760574  0.737440  0.791019  0.862272  0.824184  0.568348  0.852643  0.919700  0.832407  0.532038  0.478983  0.302793  0.766128  0.737431  0.533202  0.660153  0.761767  0.708323  0.755551  0.868749  0.735602  0.759726  0.807690  0.804396  0.798048  0.749780  0.744480  0.894227  0.790169  0.825984  0.858218  0.779424  0.820564  0.864317  0.843862  0.804507  0.771173  0.808829  0.634108  0.618532  0.685330  0.743305  0.514265  0.403103  0.852963  0.526214  0.364001  0.614084  0.869675  0.884481  0.588536  0.761984  0.583544  0.635297  0.606129  0.658796  0.569784  0.452148  0.410822  0.478484  0.573147  0.464129  0.482599  0.589305  0.681838  0.103686  0.699221  0.808555  0.791785  0.881983  0.671700  0.791869  0.577079  0.719576  0.857738  0.773642  0.734232  0.727491  0.697464  0.738735  0.197300  0.527596  0.587985  0.398378  0.203445  0.305488  0.300276  0.052284  0.136470  0.155571  0.137691  0.811234  0.724141  0.907507  0.177050  0.099309  0.883093  0.861358  0.804807  0.640697  0.379550  0.816749  0.872667  0.665792  0.715601  0.258060  0.529417  0.392894  0.386066  0.589998  0.589998  0.613291  0.811595  0.822557  0.738628  0.737888  0.843848  0.616403  0.427957  0.634556  0.738516  0.814562  0.782458  0.705082  0.151217  0.240759  0.455436  0.253680  0.861985  0.713935  0.256246  0.422999  0.733923  0.477359  0.289118  0.303906  0.467234  0.422053  0.355035  0.722590  0.072951  0.700695  0.566956  0.932765  0.788953  0.751684
  1.692000  0.256192  0.884750  0.067748  0.044096  0.254269  0.091229  0.569467  0.922194  0.140373  0.519581  0.669550  0.783789  0.606860  0.752789  0.760516  0.737427  0.790228  0.852135  0.828111  0.569698  0.854961  0.924806  0.831492  0.529031  0.476737  0.307022  0.764711  0.736363  0.533118  0.662525  0.766103  0.705587  0.751253  0.869036  0.740022  0.761462  0.811518  0.805119  0.800322  0.751355  0.749309  0.892188  0.790974  0.828289  0.858643  0.781500  0.822875  0.861640  0.847637  0.807435  0.777878  0.813282  0.643025  0.615420  0.688724  0.778310  0.512321  0.402136  0.855644  0.522143  0.365057  0.613102  0.874027  0.884790  0.596660  0.762103  0.591598  0.640646  0.608527  0.661327  0.578855  0.453373  0.421302  0.480874  0.574696  0.475658  0.486181  0.592422  0.680178  0.102552  0.700792  0.809794  0.793593  0.880651  0.672739  0.794442  0.572651  0.716628  0.857654  0.773496  0.739864  0.731401  0.700725  0.740463  0.193235  0.530374  0.590673  0.403728  0.208363  0.304080  0.297949  0.052843  0.134468  0.157032  0.140238  0.815211  0.716608  0.911744  0.179142  0.100527  0.879547  0.862117  0.803658  0.646569  0.378751  0.813608  0.876913  0.670915  0.715902  0.262704  0.535527  0.396093  0.384271  0.589097  0.589097  0.614079  0.831579  0.825669  0.739864  0.734350  0.845649  0.615760  0.417648  0.638139  0.739600  0.810562  0.783181  0.710973  0.155336  0.244467  0.463799  0.259186  0.859726  0.715167  0.259833  0.419552  0.732736  0.479706  0.291981  0.303980  0.466806  0.426382  0.353357  0.723791  0.071713  0.697150  0.560124  0.934385  0.789854  0.759622
  1.700000  0.259166  0.881183  0.069751  0.048804  0.260240  0.091689  0.570214  0.923839  0.147039  0.530892  0.672306  0.787691  0.598669  0.758988  0.767228  0.746026  0.796580  0.866207  0.829670  0.568998  0.858066  0.922969  0.836212  0.531005  0.483255  0.304650  0.767140  0.732911  0.531540  0.659411  0.762966  0.708050  0.754988  0.866580  0.735879  0.764357  0.807535  0.803185  0.798943  0.752889  0.748280  0.893950  0.785906  0.830691  0.859129  0.781360  0.821405  0.864062  0.849720  0.811281  0.776849  0.809594  0.644413  0.614252  0.696055  0.762617  0.515666  0.403535  0.854882  0.524134  0.365854  0.612448  0.876114  0.890466  0.604006  0.768592  0.594091  0.642587  0.608612  0.661126  0.586043  0.457701  0.423124  0.485228  0.577933  0.479291  0.490707  0.591260  0.683411  0.102058  0.702167  0.811765  0.802081  0.885836  0.669794  0.791717  0.565939  0.707558  0.863800  0.774951  0.741041  0.732831  0.703064  0.745377  0.195208  0.534433  0.593145  0.410522  0.208868  0.313987  0.301658  0.050935  0.137805  0.157472  0.138211  0.813573  0.723117  0.913393  0.182994  0.100660  0.879911  0.865229  0.805190  0.649238  0.380109  0.819723  0.876830  0.672988  0.720841  0.258935  0.542298  0.400642  0.381524  0.593952  0.593952  0.612851  0.841209  0.828043  0.740716  0.730810  0.842835  0.615400  0.406352  0.641454  0.736117  0.810738  0.781240  0.710974  0.157154  0.243863  0.466058  0.261806  0.859920  0.718341  0.257521  0.418356  0.739452  0.483202  0.294503  0.306294  0.471742  0.426943  0.357767  0.721301  0.073453  0.692233  0.555612  0.933415  0.790164  0.763174
  1.708000  0.259006  0.885191  0.069069  0.044565  0.263049  0.092507  0.571763  0.924461  0.150913  0.535431  0.672403  0.786428  0.596482  0.756819  0.762722  0.739662  0.793069  0.861789  0.827716  0.563049  0.856198  0.921843  0.835938  0.529903  0.488859  0.305853  0.764036  0.735153  0.536983  0.658266  0.758940  0.705378  0.748654  0.864765  0.740036  0.756252  0.810839  0.800978  0.803071  0.752430  0.754607  0.895983  0.790532  0.831783  0.861801  0.782688  0.822003  0.863447  0.850628  0.811108  0.778321  0.809826  0.650448  0.615258  0.697968  0.673789  0.514185  0.406396  0.853216  0.519406  0.367456  0.611071  0.872028  0.889184  0.603913  0.773666  0.598159  0.648158  0.615009  0.665191  0.596574  0.453715  0.431312  0.488912  0.584601  0.490926  0.494223  0.594221  0.681125  0.102857  0.699870  0.814675  0.799107  0.884296  0.673784  0.794100  0.554163  0.706432  0.857822  0.778633  0.742787  0.735579  0.702581  0.747963  0.195256  0.536831  0.593369  0.415059  0.211627  0.314739  0.303017  0.051137  0.136586  0.157779  0.135773  0.811098  0.725917  0.915734  0.188133  0.100050  0.869998  0.865934  0.805061  0.646774  0.379848  0.811276  0.876464  0.676789  0.718908  0.261546  0.544078  0.401233  0.380286  0.592957  0.592957  0.611777  0.852577  0.828531  0.741239  0.723523  0.836097  0.613595  0.397035  0.644540  0.736366  0.804346  0.774322  0.703619  0.156423  0.244302  0.469374  0.265796  0.864596  0.721490  0.260563  0.424392  0.741322  0.483299  0.297287  0.308477  0.471326  0.428596  0.361230  0.728937  0.071898  0.693787  0.557213  0.931442  0.792677  0.766481
  1.716000  0.258560  0.880076  0.069024  0.046452  0.265909  0.091106  0.570258  0.921895  0.156365  0.541607  0.670382  0.785420  0.587558  0.760803  0.770150  0.736556  0.794397  0.860659  0.828581  0.555587  0.855287  0.921895  0.832589  0.525470  0.491313  0.301781  0.761917  0.728695  0.527804  0.655011  0.758113  0.695494  0.747816  0.862943  0.738075  0.754773  0.801752  0.796486  0.798671  0.747355  0.749573  0.894070  0.788603  0.830054  0.859011  0.781242  0.819400  0.861819  0.852690  0.808075  0.772886  0.806596  0.649599  0.613076  0.694394  0.700864  0.515895  0.402933  0.847779  0.521581  0.367005  0.607627  0.876947  0.889440  0.604632  0.769373  0.602141  0.650330  0.617503  0.663589  0.609852  0.457164  0.436906  0.490857  0.583630  0.499178  0.496069  0.596197  0.684255  0.101810  0.698589  0.810010  0.797223  0.884258  0.667874  0.789797  0.548258  0.701613  0.859271  0.783415  0.740208  0.734771  0.704536  0.753122  0.194152  0.539183  0.588296  0.422831  0.208212  0.307151  0.303859  0.051880  0.138269  0.156157  0.139165  0.809902  0.717849  0.912312  0.186727  0.100321  0.867785  0.865639  0.805225  0.647681  0.380578  0.810726  0.874849  0.674143  0.718510  0.261557  0.550919  0.410761  0.377545  0.594631  0.594631  0.613397  0.853128  0.823694  0.739231  0.716259  0.827497  0.608655  0.384043  0.638633  0.727313  0.799767  0.771750  0.696150  0.154542  0.243029  0.475738  0.267186  0.858921  0.724341  0.259488  0.423096  0.739888  0.484473  0.296373  0.311166  0.472968  0.427973  0.359595  0.734752  0.072718  0.679566  0.539682  0.926251  0.788405  0.767299
  1.724000  0.257775  0.874910  0.069599  0.044315  0.270316  0.091728  0.570587  0.919309  0.160864  0.551480  0.668231  0.783242  0.580193  0.757744  0.766645  0.740127  0.794740  0.865486  0.824455  0.543809  0.852184  0.918438  0.831942  0.526453  0.508788  0.297662  0.762545  0.725902  0.524630  0.649066  0.758835  0.691949  0.741394  0.855962  0.738333  0.751692  0.796385  0.790837  0.798788  0.747626  0.753408  0.894755  0.787680  0.833956  0.858934  0.781387  0.818079  0.859902  0.852504  0.809173  0.773402  0.806115  0.651150  0.608207  0.690978  0.777447  0.513070  0.405868  0.844792  0.527021  0.364597  0.605712  0.873182  0.885050  0.606170  0.769024  0.607086  0.653806  0.621102  0.664250  0.616351  0.456401  0.441734  0.494225  0.592113  0.506592  0.502470  0.595177  0.680373  0.097485  0.696012  0.813050  0.799772  0.883381  0.668724  0.790583  0.536841  0.695238  0.866413  0.786628  0.737779  0.737206  0.711198  0.750512  0.192795  0.541698  0.591438  0.427703  0.213630  0.312292  0.305055  0.049128  0.136212  0.157305  0.140278  0.807549  0.721894  0.907121  0.189053  0.100630  0.860571  0.861674  0.804846  0.643933  0.379166  0.810488  0.872298  0.673270  0.717596  0.260727  0.553998  0.412496  0.372367  0.592066  0.592066  0.612611  0.857301  0.824455  0.736883  0.708405  0.822148  0.603618  0.373913  0.627427  0.724784  0.791674  0.767555  0.691243  0.154408  0.241226  0.479320  0.271627  0.860207  0.721954  0.262706  0.421559  0.740034  0.483408  0.299674  0.311009  0.472896  0.427303  0.362242  0.729308  0.070402  0.672921  0.530946  0.925403  0.789657  0.769455
  1.732000  0.258693  0.876575  0.069498  0.043915  0.278073  0.092910  0.572656  0.920136  0.168194  0.554691  0.670203  0.784247  0.578261  0.756898  0.766692  0.738510  0.791824  0.859829  0.826312  0.532255  0.853682  0.914909  0.833422  0.526741  0.521745  0.296386  0.761260  0.721786  0.525542  0.651321  0.754397  0.687063  0.739372  0.856696  0.733065  0.750131  0.798340  0.785684  0.800681  0.747051  0.751869  0.893680  0.788144  0.833609  0.858953  0.780599  0.816777  0.860404  0.852512  0.808600  0.776261  0.802674  0.645109  0.601037  0.683567  0.814351  0.513005  0.403198  0.835135  0.520796  0.365281  0.605626  0.868792  0.885700  0.609104  0.770751  0.608741  0.657110  0.621657  0.661416  0.628229  0.454479  0.446959  0.493497  0.592668  0.513101  0.502566  0.599580  0.678913  0.095904  0.692730  0.810041  0.797106  0.887271  0.664389  0.793253  0.527724  0.691996  0.861954  0.790990  0.739264  0.742508  0.706171  0.751354  0.188650  0.540496  0.588957  0.438586  0.221693  0.313852  0.303958  0.049740  0.135602  0.158181  0.139262  0.807662  0.719088  0.907068  0.193094  0.101804  0.860291  0.862552  0.805961  0.647253  0.379261  0.810450  0.876575  0.677200  0.713563  0.261399  0.558333  0.414421  0.371839  0.594622  0.594622  0.610832  0.858179  0.820617  0.737799  0.698059  0.816553  0.598418  0.367225  0.625295  0.724904  0.786302  0.763393  0.692332  0.156126  0.242941  0.478932  0.271035  0.860924  0.722525  0.259889  0.422031  0.739896  0.487373  0.300762  0.312607  0.477712  0.430763  0.357485  0.733391  0.070173  0.663619  0.524075  0.921007  0.790123  0.772974
  1.740000  0.260661  0.879311  0.070520  0.047441  0.274363  0.090818  0.573617  0.917619  0.172472  0.556957  0.670069  0.782066  0.574536  0.753236  0.768944  0.736418  0.795002  0.859869  0.828651  0.515736  0.855411  0.917619  0.831919  0.526341  0.534887  0.297133  0.763098  0.716035  0.523305  0.648856  0.749066  0.683740  0.737358  0.853792  0.739402  0.746650  0.787896  0.782460  0.798434  0.747800  0.755321  0.893405  0.788221  0.834765  0.858183  0.781157  0.814445  0.859537  0.854472  0.810764  0.773079  0.797778  0.640349  0.599857  0.682079  0.826210  0.513369  0.401641  0.841451  0.518151  0.365727  0.602827  0.874099  0.891194  0.612934  0.773732  0.613102  0.661266  0.624753  0.665761  0.633832  0.454219  0.453015  0.496133  0.597453  0.519710  0.509344  0.601451  0.681633  0.094741  0.694548  0.814808  0.796975  0.879921  0.664611  0.790622  0.518558  0.690426  0.858021  0.789082  0.740789  0.745395  0.709344  0.753143  0.190962  0.533346  0.593099  0.445387  0.215223  0.326046  0.309074  0.052940  0.138636  0.156409  0.141319  0.809889  0.724471  0.911524  0.194109  0.099492  0.857744  0.865639  0.803133  0.643970  0.380265  0.807397  0.876699  0.676648  0.717106  0.260003  0.562785  0.416078  0.368534  0.601811  0.601811  0.610468  0.859997  0.822951  0.740545  0.686953  0.807533  0.593067  0.359946  0.628791  0.721265  0.781032  0.764863  0.690336  0.153169  0.243233  0.488891  0.276658  0.859284  0.724129  0.261927  0.428450  0.738174  0.486471  0.305834  0.317020  0.477424  0.433962  0.363473  0.736018  0.069377  0.657110  0.511208  0.927196  0.790079  0.774247
  1.748000  0.262299  0.881026  0.074902  0.046792  0.287174  0.090014  0.574953  0.915888  0.174491  0.556121  0.671446  0.789737  0.570518  0.759729  0.769732  0.741207  0.796312  0.864569  0.828588  0.495221  0.856137  0.918503  0.830992  0.525148  0.549030  0.296562  0.762173  0.711773  0.520220  0.645525  0.746667  0.676197  0.730326  0.841649  0.734226  0.744625  0.785853  0.775883  0.801028  0.749428  0.756492  0.891526  0.786887  0.836351  0.855711  0.780304  0.816120  0.859002  0.855078  0.809518  0.778033  0.797351  0.643824  0.587818  0.680489  0.821807  0.512558  0.405847  0.848875  0.521095  0.366202  0.595263  0.872812  0.890131  0.619150  0.773021  0.615474  0.656170  0.619772  0.664492  0.646375  0.457063  0.457718  0.499055  0.594453  0.522924  0.505639  0.599104  0.678758  0.093046  0.691604  0.817177  0.800550  0.883556  0.664557  0.791383  0.517286  0.687165  0.865218  0.790252  0.747652  0.743637  0.711384  0.757784  0.190888  0.530915  0.587202  0.456772  0.215461  0.325936  0.307371  0.051822  0.135644  0.157409  0.139874  0.809179  0.720955  0.913274  0.195521  0.100115  0.860402  0.863337  0.806222  0.650252  0.376417  0.810866  0.874925  0.677927  0.719812  0.262341  0.568990  0.418894  0.364978  0.599880  0.599880  0.614879  0.857478  0.825328  0.739501  0.669705  0.799861  0.588145  0.352830  0.630309  0.722072  0.779256  0.767372  0.688068  0.154398  0.243572  0.491492  0.278954  0.859342  0.727962  0.265350  0.427201  0.745652  0.485311  0.309542  0.318944  0.479373  0.433303  0.360837  0.735834  0.072432  0.651761  0.503880  0.924604  0.790262  0.772644
  1.756000  0.260264  0.879420  0.070170  0.046746  0.289030  0.091390  0.574137  0.916895  0.171484  0.556818  0.669365  0.784920  0.567739  0.757723  0.772061  0.742366  0.792783  0.864662  0.833422  0.474896  0.853826  0.918638  0.823002  0.523234  0.562253  0.294442  0.760109  0.704602  0.512039  0.643774  0.744215  0.671904  0.731017  0.840879  0.737895  0.739475  0.781112  0.770480  0.798929  0.747440  0.758072  0.891284  0.786943  0.835481  0.854954  0.778999  0.814167  0.856697  0.852294  0.807531  0.775606  0.798460  0.628285  0.575747  0.681094  0.812016  0.510419  0.403787  0.851676  0.515183  0.367298  0.592415  0.874283  0.892507  0.618386  0.772763  0.617762  0.661411  0.620050  0.660312  0.650419  0.458181  0.460279  0.500176  0.601954  0.531563  0.514268  0.601474  0.682457  0.090057  0.688959  0.811716  0.798169  0.882794  0.662500  0.789269  0.511668  0.682145  0.862257  0.783426  0.749696  0.747126  0.712764  0.758278  0.189168  0.526206  0.587951  0.462729  0.217695  0.321829  0.305266  0.054569  0.135066  0.160258  0.142142  0.812374  0.717459  0.909923  0.199336  0.101065  0.852358  0.865772  0.802034  0.650221  0.374995  0.812400  0.876805  0.681508  0.717482  0.265188  0.572125  0.419207  0.361919  0.599458  0.599458  0.608670  0.855794  0.826078  0.741046  0.660679  0.791775  0.582981  0.345186  0.634688  0.712835  0.774516  0.754997  0.680664  0.152072  0.239201  0.492119  0.282884  0.861510  0.720257  0.265395  0.431737  0.744679  0.493819  0.308062  0.317963  0.480082  0.433131  0.362319  0.734288  0.072910  0.649413  0.498503  0.922996  0.791248  0.772109
  1.764000  0.261849  0.877584  0.069657  0.049114  0.293755  0.091016  0.573621  0.916886  0.169980  0.558742  0.667512  0.780220  0.573084  0.756256  0.771060  0.743395  0.793913  0.863862  0.830151  0.460647  0.849505  0.918633  0.818590  0.523807  0.568801  0.296871  0.754720  0.698817  0.510051  0.639093  0.734910  0.661810  0.728772  0.837400  0.733051  0.733516  0.774262  0.764294  0.794684  0.745623  0.755939  0.890344  0.785882  0.834722  0.851001  0.780747  0.810108  0.856234  0.856230  0.806965  0.776024  0.795189  0.602498  0.564620  0.681787  0.829637  0.512071  0.403182  0.847604  0.518379  0.366760  0.584335  0.878111  0.887826  0.618241  0.774256  0.619010  0.665885  0.624514  0.665151  0.655785  0.456383  0.468294  0.505170  0.605163  0.538194  0.516270  0.603507  0.684598  0.087055  0.687485  0.812671  0.796906  0.881534  0.656351  0.787054  0.504102  0.675750  0.863399  0.780542  0.745854  0.746970  0.714712  0.760419  0.189727  0.527412  0.584920  0.469256  0.220616  0.313908  0.310973  0.051420  0.137501  0.158253  0.139050  0.812382  0.719641  0.916013  0.200927  0.100792  0.850353  0.865822  0.805664  0.646935  0.377479  0.810158  0.877584  0.678940  0.716470  0.260117  0.577340  0.424971  0.355072  0.599614  0.599614  0.612788  0.852363  0.826067  0.741361  0.647722  0.783411  0.578785  0.335154  0.638678  0.708386  0.768485  0.748396  0.679029  0.152162  0.240447  0.495597  0.286790  0.857690  0.724427  0.267726  0.431558  0.747651  0.489585  0.310963  0.322581  0.480918  0.435775  0.362671  0.739402  0.072859  0.644899  0.497152  0.925620  0.788748  0.766036
  1.772000  0.261621  0.871554  0.071834  0.045936  0.295741  0.092635  0.574177  0.914364  0.170460  0.553856  0.665142  0.785172  0.574192  0.756004  0.772725  0.739933  0.795112  0.862180  0.831046  0.455388  0.845681  0.915237  0.808451  0.520965  0.577835  0.295906  0.754650  0.697527  0.504828  0.634217  0.734055  0.657360  0.723897  0.835818  0.737316  0.734521  0.771345  0.758318  0.795523  0.743015  0.760430  0.887562  0.785236  0.836109  0.849868  0.776709  0.811496  0.855779  0.851931  0.808815  0.772448  0.787359  0.599636  0.568331  0.679492  0.836187  0.512980  0.403940  0.846020  0.511563  0.366385  0.581471  0.873978  0.889398  0.622488  0.775607  0.618903  0.665508  0.623673  0.664958  0.658806  0.458747  0.469636  0.506884  0.604403  0.543948  0.523122  0.603581  0.683398  0.086695  0.683041  0.810130  0.800815  0.882524  0.653055  0.787497  0.494650  0.670976  0.866732  0.779050  0.743294  0.750236  0.719962  0.759534  0.188800  0.528808  0.581429  0.477300  0.214221  0.328534  0.308809  0.052844  0.136590  0.159323  0.141737  0.811734  0.719717  0.915237  0.202753  0.099148  0.854842  0.862773  0.807838  0.650803  0.374681  0.806554  0.879417  0.681742  0.717268  0.264766  0.578493  0.429677  0.355061  0.603279  0.603279  0.610775  0.849816  0.823693  0.740434  0.635233  0.773808  0.572460  0.324919  0.646771  0.703382  0.767137  0.741137  0.670641  0.152851  0.241031  0.498111  0.289396  0.858904  0.724420  0.271382  0.432341  0.745786  0.489296  0.313388  0.324929  0.483405  0.435959  0.366101  0.741215  0.069694  0.645852  0.493344  0.923974  0.788723  0.758581
  1.780000  0.262683  0.874916  0.071588  0.047362  0.301805  0.092747  0.574852  0.916920  0.169748  0.553853  0.667251  0.785009  0.570285  0.757026  0.772407  0.740534  0.792699  0.863396  0.828448  0.455006  0.844120  0.919545  0.809169  0.520642  0.578292  0.296618  0.749254  0.688226  0.501877  0.631454  0.731292  0.651444  0.719194  0.830777  0.728873  0.729896  0.771393  0.754766  0.798066  0.745647  0.758660  0.889339  0.786988  0.836175  0.849272  0.780488  0.810563  0.852473  0.853130  0.813072  0.775124  0.782693  0.614732  0.564694  0.686093  0.845357  0.509884  0.404377  0.844168  0.508971  0.366315  0.578900  0.872105  0.891193  0.623444  0.778476  0.620857  0.664276  0.627712  0.662174  0.665306  0.458210  0.475424  0.505589  0.605770  0.548643  0.520032  0.602940  0.678079  0.083443  0.682016  0.811841  0.800306  0.876738  0.650428  0.786654  0.491484  0.666792  0.864693  0.774817  0.746885  0.753279  0.714590  0.765180  0.188673  0.527773  0.583266  0.483787  0.220298  0.327065  0.311160  0.054128  0.135815  0.158273  0.139730  0.814001  0.713320  0.918670  0.203369  0.101252  0.854038  0.862698  0.808265  0.650107  0.376426  0.812435  0.881917  0.681082  0.717370  0.258607  0.584333  0.433286  0.355900  0.603062  0.603062  0.610947  0.849954  0.827630  0.745576  0.624605  0.766925  0.568027  0.315481  0.646101  0.695505  0.757443  0.735759  0.667778  0.151611  0.238378  0.499362  0.292451  0.856995  0.725060  0.272805  0.429353  0.743684  0.488108  0.315590  0.325160  0.484925  0.436582  0.361768  0.740116  0.071418  0.640705  0.492457  0.930046  0.787365  0.755207
  1.788000  0.265418  0.877729  0.073102  0.050534  0.308920  0.091394  0.574709  0.918770  0.168281  0.555327  0.668607  0.787082  0.569758  0.757948  0.772239  0.741261  0.792706  0.864803  0.835970  0.461949  0.846408  0.920517  0.812247  0.520279  0.578812  0.291254  0.752963  0.684066  0.493977  0.629527  0.728134  0.646579  0.716603  0.824103  0.731017  0.725623  0.766656  0.756692  0.798975  0.747258  0.761691  0.890731  0.786723  0.838145  0.851922  0.779252  0.811270  0.852310  0.856485  0.815555  0.779165  0.777067  0.625122  0.561067  0.692187  0.854879  0.512815  0.404285  0.846147  0.511279  0.369737  0.576477  0.872087  0.881951  0.629232  0.779421  0.625306  0.668433  0.625214  0.664479  0.671040  0.457022  0.480841  0.512751  0.612911  0.559740  0.523142  0.606822  0.686365  0.085316  0.685059  0.816363  0.800678  0.877618  0.645999  0.791531  0.488224  0.667797  0.859917  0.777027  0.752886  0.753864  0.720886  0.765508  0.188548  0.530953  0.584955  0.489641  0.225110  0.331964  0.308147  0.055852  0.136777  0.160348  0.141021  0.813116  0.715124  0.917897  0.208527  0.101879  0.851711  0.867411  0.804968  0.648072  0.378310  0.811627  0.883842  0.683686  0.716368  0.263176  0.589088  0.434683  0.354939  0.606745  0.606745  0.610681  0.844312  0.828618  0.747168  0.623742  0.763588  0.566807  0.305459  0.649363  0.695515  0.761983  0.731761  0.662363  0.150010  0.239585  0.504407  0.295729  0.856939  0.719687  0.273921  0.438873  0.745225  0.489843  0.317572  0.328247  0.485389  0.440560  0.363548  0.745272  0.071804  0.636247  0.486235  0.934488  0.790541  0.761767
  1.796000  0.266917  0.872144  0.071545  0.047047  0.309734  0.090399  0.575771  0.914109  0.164646  0.550625  0.665966  0.785672  0.572793  0.760133  0.773458  0.739961  0.796498  0.867194  0.831627  0.463910  0.844543  0.916732  0.809560  0.519209  0.581451  0.291822  0.751972  0.682433  0.495518  0.627155  0.723987  0.640403  0.710413  0.825607  0.730123  0.722871  0.762247  0.749018  0.797042  0.746463  0.763416  0.888325  0.785414  0.836869  0.850048  0.777371  0.811965  0.851502  0.856711  0.814080  0.772999  0.772964  0.619877  0.558615  0.693897  0.857417  0.511750  0.405453  0.839268  0.508248  0.365559  0.573648  0.872746  0.889124  0.630549  0.778582  0.625105  0.670142  0.628407  0.665739  0.679058  0.458104  0.485775  0.511000  0.616055  0.561448  0.526960  0.602174  0.678856  0.081903  0.680131  0.813648  0.799020  0.880056  0.643546  0.789112  0.478525  0.665042  0.863955  0.779589  0.750639  0.755765  0.720806  0.764852  0.184113  0.531830  0.579445  0.495153  0.226744  0.328834  0.308930  0.053840  0.137452  0.161765  0.138759  0.809721  0.720027  0.913234  0.209645  0.101733  0.851463  0.865613  0.805659  0.648322  0.375247  0.812693  0.886132  0.685163  0.717660  0.263326  0.588255  0.437081  0.355449  0.605090  0.605090  0.614024  0.833419  0.829175  0.743529  0.612906  0.756139  0.564865  0.296818  0.651897  0.687765  0.755226  0.727055  0.661030  0.152189  0.239169  0.505786  0.298795  0.850161  0.724230  0.278497  0.440556  0.750787  0.492942  0.317494  0.329309  0.484302  0.439588  0.362915  0.749566  0.070724  0.633882  0.483263  0.930720  0.789676  0.767677
  1.805000  0.265052  0.869225  0.073004  0.048708  0.314732  0.090549  0.574219  0.909330  0.161246  0.545602  0.668814  0.783157  0.572583  0.754973  0.774164  0.737079  0.796692  0.864186  0.830177  0.469864  0.843260  0.913699  0.808924  0.518150  0.579471  0.293644  0.749346  0.678571  0.496541  0.625968  0.723574  0.639187  0.708781  0.820057  0.729157  0.721620  0.757558  0.742665  0.795753  0.744771  0.760739  0.888186  0.783452  0.838585  0.848001  0.776366  0.808980  0.850621  0.854825  0.812574  0.773516  0.771276  0.600327  0.561188  0.689857  0.860122  0.510832  0.401652  0.829523  0.508539  0.365307  0.570860  0.872252  0.889125  0.630179  0.778482  0.625859  0.668870  0.629977  0.661824  0.682249  0.455888  0.487949  0.507990  0.618155  0.563447  0.525011  0.602981  0.679028  0.079921  0.677420  0.813078  0.798924  0.880410  0.641087  0.786466  0.473570  0.657651  0.864278  0.788561  0.751145  0.756847  0.722153  0.768138  0.185358  0.532143  0.580023  0.500158  0.219357  0.331369  0.308583  0.053126  0.135859  0.159517  0.139859  0.806833  0.717430  0.905835  0.209595  0.100143  0.849074  0.863535  0.804944  0.648631  0.374655  0.811819  0.883991  0.682808  0.715014  0.262275  0.593406  0.438089  0.356744  0.605681  0.605681  0.611249  0.826445  0.826087  0.743699  0.606367  0.747036  0.560078  0.284854  0.657146  0.688013  0.757255  0.725435  0.658735  0.150499  0.237673  0.506260  0.302380  0.852931  0.723544  0.282612  0.443219  0.747926  0.492097  0.319794  0.326961  0.483074  0.436686  0.364795  0.752061  0.070337  0.631310  0.479683  0.927679  0.790806  0.775778
  1.815000  0.265879  0.866391  0.072611  0.047057  0.318202  0.090732  0.572388  0.909461  0.158710  0.541572  0.668685  0.779400  0.574295  0.757535  0.771061  0.736968  0.792740  0.864540  0.827765  0.478146  0.845227  0.910334  0.810308  0.514566  0.573543  0.290235  0.748406  0.676759  0.491892  0.622382  0.721481  0.639774  0.707133  0.821914  0.731636  0.718499  0.754740  0.740090  0.792563  0.740757  0.763424  0.883356  0.781816  0.836022  0.846573  0.775911  0.804660  0.849477  0.854324  0.810592  0.773407  0.768742  0.580197  0.568810  0.685473  0.856696  0.511650  0.400390  0.821105  0.507707  0.366022  0.568298  0.873897  0.886404  0.628814  0.778031  0.626053  0.669528  0.629897  0.663488  0.690262  0.455421  0.493337  0.512741  0.612444  0.566925  0.525097  0.601432  0.678224  0.079127  0.675802  0.812218  0.799944  0.878251  0.638292  0.782511  0.466344  0.652685  0.861390  0.794617  0.749867  0.760231  0.724183  0.768745  0.185084  0.532382  0.579540  0.510074  0.225434  0.334810  0.303874  0.053227  0.137156  0.160017  0.140991  0.808528  0.712669  0.909461  0.211301  0.100473  0.844436  0.863617  0.804877  0.647748  0.373984  0.809691  0.881504  0.682385  0.715289  0.262700  0.595625  0.442322  0.361982  0.605330  0.605330  0.611189  0.817272  0.826947  0.741439  0.598686  0.740924  0.558623  0.272073  0.658161  0.689285  0.758561  0.727444  0.660296  0.149323  0.237285  0.506510  0.303306  0.852965  0.723905  0.284862  0.446895  0.748363  0.488137  0.319508  0.326703  0.481788  0.433911  0.364492  0.750807  0.070768  0.625053  0.475978  0.926934  0.787050  0.774038
  1.825000  0.266235  0.859526  0.072382  0.047202  0.322811  0.089772  0.570741  0.906964  0.158072  0.540270  0.673543  0.778147  0.576960  0.753527  0.772408  0.737052  0.792123  0.861262  0.828028  0.484989  0.846724  0.905220  0.813420  0.514335  0.567490  0.288063  0.744440  0.676507  0.489512  0.619656  0.716462  0.634759  0.697872  0.817592  0.728267  0.714510  0.748778  0.738531  0.787706  0.740779  0.763497  0.878928  0.782962  0.837578  0.843098  0.775312  0.802813  0.846487  0.854395  0.809933  0.769897  0.765703  0.589168  0.572911  0.685316  0.852513  0.508948  0.399593  0.814004  0.509261  0.365642  0.569994  0.870332  0.888658  0.632256  0.778263  0.629718  0.672837  0.627883  0.665681  0.692460  0.454201  0.501738  0.515316  0.619029  0.577792  0.533297  0.606599  0.683846  0.077213  0.673813  0.811943  0.798716  0.876256  0.639271  0.776795  0.458898  0.645733  0.862095  0.797729  0.749970  0.759897  0.722706  0.770742  0.185697  0.531204  0.578272  0.520969  0.236053  0.335960  0.308621  0.053201  0.136265  0.159498  0.141078  0.806253  0.714756  0.908708  0.214286  0.099986  0.840529  0.862869  0.804525  0.643743  0.377244  0.805198  0.877315  0.680420  0.713543  0.260614  0.600142  0.440626  0.365081  0.606326  0.606326  0.611642  0.809887  0.824762  0.742622  0.595132  0.730823  0.556054  0.260783  0.659838  0.685905  0.755408  0.722504  0.656642  0.150155  0.236110  0.507236  0.306848  0.849079  0.719096  0.288249  0.446839  0.748159  0.485883  0.321669  0.329078  0.480073  0.432669  0.364417  0.754961  0.069344  0.620181  0.467125  0.920045  0.788103  0.772844
  1.835000  0.268758  0.860261  0.073680  0.047986  0.328300  0.089863  0.569632  0.907788  0.150174  0.530225  0.677053  0.782763  0.574527  0.757053  0.772925  0.733200  0.795294  0.866576  0.830292  0.489472  0.848479  0.906043  0.816043  0.513233  0.565203  0.291209  0.743196  0.671350  0.486789  0.619684  0.709981  0.629875  0.695653  0.813813  0.727007  0.713610  0.749335  0.735780  0.781569  0.737523  0.764518  0.876702  0.778359  0.837404  0.839533  0.776133  0.801880  0.844760  0.844831  0.807128  0.773820  0.765178  0.606089  0.579878  0.690422  0.860427  0.512220  0.398876  0.807930  0.504084  0.367657  0.564866  0.870753  0.889688  0.630543  0.780389  0.627842  0.671807  0.629762  0.662575  0.693281  0.455308  0.500427  0.513407  0.618508  0.578394  0.528945  0.603164  0.676194  0.076336  0.672695  0.812646  0.800392  0.876044  0.636121  0.775304  0.450250  0.641622  0.864999  0.800685  0.752437  0.761002  0.724753  0.769955  0.182893  0.532464  0.578691  0.529175  0.234447  0.331425  0.303638  0.055678  0.136638  0.159951  0.142913  0.806214  0.715787  0.910404  0.218360  0.100441  0.837061  0.865195  0.806525  0.648440  0.371002  0.804885  0.873778  0.683149  0.715379  0.261085  0.604734  0.441868  0.367884  0.608140  0.608140  0.610414  0.806848  0.825390  0.743287  0.587168  0.723591  0.553331  0.250877  0.655770  0.683714  0.750546  0.719192  0.650824  0.148830  0.238399  0.513687  0.311722  0.850093  0.720020  0.287311  0.453761  0.749814  0.486617  0.322922  0.328307  0.475632  0.430820  0.363187  0.755127  0.071281  0.613593  0.462362  0.916508  0.790366  0.770456
  1.845000  0.268269  0.853532  0.073772  0.047503  0.329178  0.091784  0.567778  0.904420  0.138644  0.525768  0.679064  0.778742  0.570699  0.756365  0.773656  0.733063  0.793629  0.861592  0.824718  0.485779  0.847695  0.900063  0.816888  0.512623  0.546558  0.287096  0.738668  0.661394  0.475213  0.611114  0.706278  0.618945  0.687159  0.806048  0.722241  0.704607  0.743477  0.729982  0.778982  0.738784  0.762111  0.874124  0.774783  0.830305  0.838721  0.773332  0.796643  0.839785  0.840004  0.802907  0.770807  0.771133  0.611918  0.569128  0.690789  0.868839  0.511168  0.397687  0.812320  0.498972  0.367065  0.554119  0.869822  0.887575  0.637240  0.778517  0.629111  0.672003  0.628379  0.661486  0.695489  0.454554  0.502356  0.512965  0.621683  0.584024  0.529609  0.602498  0.675204  0.074848  0.668735  0.809618  0.801456  0.872041  0.630354  0.780331  0.445763  0.637878  0.860760  0.796743  0.753871  0.764361  0.725573  0.773194  0.180297  0.531092  0.575875  0.539696  0.235036  0.339660  0.304358  0.053006  0.136774  0.161962  0.140679  0.808638  0.720045  0.907034  0.224630  0.100836  0.832095  0.862025  0.804355  0.648823  0.374412  0.794714  0.869565  0.683377  0.706340  0.259958  0.605237  0.448192  0.367084  0.606322  0.606322  0.610584  0.797324  0.828799  0.744974  0.573233  0.708001  0.543036  0.243593  0.647289  0.670242  0.743402  0.706742  0.644666  0.147841  0.236509  0.511575  0.316280  0.851499  0.709299  0.294309  0.460516  0.747950  0.482783  0.324215  0.331424  0.470328  0.425145  0.363477  0.760850  0.071513  0.597812  0.446366  0.910520  0.787751  0.766183
  1.855000  0.270811  0.852286  0.074635  0.047235  0.334843  0.091766  0.567048  0.896828  0.131706  0.518243  0.680687  0.779074  0.565191  0.757685  0.776852  0.736019  0.796944  0.864906  0.831654  0.474228  0.847743  0.896828  0.815273  0.508607  0.534725  0.287413  0.731084  0.641551  0.458753  0.596451  0.692498  0.600301  0.674504  0.791652  0.719490  0.693240  0.731124  0.716692  0.783469  0.738606  0.758934  0.873736  0.774383  0.826618  0.836467  0.772065  0.796590  0.842260  0.842076  0.801956  0.769384  0.781227  0.600662  0.546071  0.681320  0.868345  0.508668  0.401579  0.820325  0.493234  0.362064  0.540240  0.872406  0.889999  0.638135  0.781304  0.626765  0.671945  0.628865  0.664370  0.702209  0.454634  0.503183  0.514592  0.620616  0.584963  0.532755  0.601574  0.674775  0.070494  0.661486  0.812903  0.801652  0.871203  0.627325  0.783758  0.432824  0.628814  0.865555  0.789652  0.752329  0.764438  0.726852  0.776759  0.182877  0.527054  0.565989  0.554785  0.231192  0.340901  0.313976  0.054971  0.136849  0.161049  0.142627  0.804886  0.716815  0.904674  0.223696  0.101692  0.833611  0.867029  0.807500  0.649851  0.372116  0.789177  0.865187  0.684105  0.708705  0.263770  0.609985  0.448530  0.363887  0.611072  0.611072  0.611042  0.789827  0.825947  0.743769  0.543617  0.688740  0.526332  0.232341  0.636028  0.654685  0.722550  0.690736  0.626291  0.146582  0.236191  0.514120  0.319434  0.852372  0.708427  0.298617  0.461218  0.753889  0.480294  0.321986  0.325515  0.465293  0.420809  0.364365  0.766108  0.072666  0.574776  0.415394  0.903802  0.789286  0.763047
  1.865000  0.270203  0.844579  0.073059  0.048736  0.341074  0.091406  0.567164  0.887799  0.130500  0.509914  0.679581  0.777251  0.545794  0.755439  0.776697  0.731408  0.790930  0.861543  0.827284  0.447066  0.844212  0.892156  0.805589  0.502652  0.519107  0.288044  0.715436  0.614772  0.429650  0.573493  0.666201  0.568473  0.654147  0.765598  0.712932  0.674082  0.709865  0.695122  0.786929  0.737193  0.758210  0.875475  0.772131  0.833036  0.834776  0.768844  0.793013  0.835452  0.848849  0.806862  0.767087  0.781520  0.572279  0.510400  0.667997  0.861254  0.508171  0.397753  0.831503  0.480791  0.353688  0.513210  0.869399  0.886498  0.639786  0.779113  0.631439  0.674207  0.633454  0.667430  0.707066  0.455056  0.508815  0.519804  0.627901  0.592884  0.538578  0.605431  0.677320  0.059729  0.650480  0.811799  0.799981  0.861821  0.611612  0.779026  0.425774  0.622250  0.861543  0.777983  0.751896  0.766288  0.727157  0.773185  0.180461  0.521668  0.544995  0.561362  0.223362  0.333532  0.315033  0.055776  0.136112  0.160168  0.141160  0.806054  0.716547  0.899127  0.225531  0.101906  0.825220  0.866631  0.806458  0.642605  0.373002  0.778442  0.858870  0.679400  0.704882  0.261815  0.613917  0.449342  0.356641  0.611216  0.611216  0.610531  0.783624  0.825653  0.741138  0.501214  0.646925  0.496270  0.224744  0.612801  0.622565  0.691143  0.655909  0.594114  0.147372  0.236011  0.513709  0.323687  0.849648  0.705899  0.300983  0.461102  0.750078  0.480160  0.326661  0.327347  0.459068  0.415618  0.366381  0.764226  0.070523  0.543789  0.381424  0.893028  0.788044  0.761394
  1.875000  0.272465  0.823722  0.077882  0.049697  0.346564  0.089970  0.566332  0.871980  0.122935  0.499434  0.670281  0.774216  0.514237  0.759594  0.773938  0.732571  0.791244  0.857136  0.826147  0.406845  0.833549  0.883304  0.790319  0.491585  0.501671  0.288725  0.680738  0.552107  0.370769  0.523995  0.611560  0.504495  0.604410  0.705810  0.693367  0.628088  0.663708  0.651304  0.782379  0.731476  0.751094  0.869460  0.766844  0.831970  0.817669  0.758437  0.774284  0.817186  0.843321  0.803791  0.764250  0.778721  0.515648  0.440206  0.633403  0.846635  0.504268  0.396725  0.842780  0.443188  0.332049  0.452990  0.864817  0.882771  0.641656  0.783366  0.631621  0.673759  0.636201  0.665423  0.710199  0.455954  0.512259  0.518763  0.622826  0.597635  0.540198  0.603956  0.678248  0.044101  0.622636  0.813096  0.800207  0.853804  0.578587  0.773606  0.416544  0.615926  0.857136  0.764219  0.752730  0.763321  0.724889  0.765332  0.182114  0.513032  0.498751  0.569297  0.226266  0.335277  0.311551  0.056366  0.137379  0.158496  0.142674  0.804396  0.713474  0.892014  0.228847  0.101696  0.820858  0.864935  0.802997  0.645215  0.367430  0.764054  0.853513  0.672802  0.696386  0.259232  0.617561  0.448007  0.341676  0.611324  0.611324  0.609349  0.772496  0.826147  0.744654  0.423218  0.572235  0.442073  0.219979  0.570733  0.552072  0.625952  0.579245  0.529307  0.144170  0.232530  0.511436  0.327340  0.839839  0.702123  0.305568  0.465292  0.749136  0.476420  0.326200  0.322961  0.454171  0.409470  0.365401  0.758234  0.069694  0.486944  0.315455  0.874593  0.790125  0.754923
  1.885000  0.269130  0.785117  0.074200  0.047592  0.352535  0.090441  0.563400  0.837735  0.111804  0.483295  0.646654  0.761697  0.471314  0.751066  0.767891  0.725737  0.779539  0.844619  0.823510  0.359709  0.809974  0.874497  0.757345  0.476473  0.482887  0.286445  0.609659  0.462469  0.288785  0.443288  0.532743  0.412075  0.519645  0.616997  0.659914  0.563769  0.585537  0.571996  0.773688  0.722803  0.730894  0.861784  0.749068  0.826983  0.793342  0.740174  0.746265  0.790926  0.827567  0.795604  0.760202  0.772935  0.414149  0.338623  0.573297  0.832075  0.496207  0.389057  0.843210  0.385193  0.289828  0.376059  0.845266  0.876235  0.642584  0.782761  0.628713  0.672193  0.629718  0.661049  0.712070  0.454877  0.512434  0.517823  0.619996  0.594094  0.538649  0.604233  0.676303  0.032981  0.563255  0.811103  0.798695  0.831769  0.519808  0.764340  0.407200  0.608935  0.850258  0.741924  0.749392  0.761807  0.727863  0.758554  0.179580  0.499672  0.431656  0.570905  0.228997  0.336964  0.305542  0.054397  0.136458  0.158940  0.141670  0.800144  0.711522  0.881467  0.231289  0.099958  0.817071  0.863933  0.800801  0.637072  0.354867  0.741124  0.840087  0.660843  0.682011  0.261224  0.618951  0.449320  0.314269  0.610317  0.610317  0.606323  0.759036  0.822694  0.739515  0.320705  0.452244  0.357754  0.215093  0.514939  0.450107  0.526055  0.480816  0.435615  0.140754  0.228627  0.506469  0.329885  0.831809  0.691625  0.308631  0.469580  0.749587  0.472536  0.324273  0.321670  0.445058  0.402628  0.365539  0.747663  0.070727  0.407247  0.236856  0.858817  0.789024  0.737130
  1.895000  0.268575  0.731985  0.074200  0.048866  0.351862  0.089156  0.565471  0.779480  0.103950  0.472261  0.589370  0.765814  0.401443  0.754411  0.764980  0.726971  0.780276  0.839699  0.820287  0.316697  0.768424  0.861659  0.696186  0.442264  0.477412  0.286721  0.504958  0.350101  0.195268  0.326626  0.421572  0.295889  0.409885  0.498373  0.610235  0.477503  0.452943  0.446725  0.764218  0.714338  0.716783  0.850776  0.735125  0.822394  0.770167  0.726533  0.726436  0.770940  0.819616  0.791578  0.750168  0.760364  0.296570  0.238559  0.492410  0.828185  0.477390  0.386656  0.836693  0.305080  0.220830  0.276805  0.839884  0.877707  0.643600  0.780390  0.629925  0.673298  0.632396  0.661860  0.709610  0.456183  0.512066  0.521674  0.623758  0.596800  0.538694  0.602290  0.673665  0.026204  0.456728  0.809765  0.795979  0.824495  0.440188  0.749167  0.396787  0.598985  0.844890  0.716794  0.744590  0.759101  0.730123  0.759232  0.177423  0.477368  0.371162  0.572638  0.233156  0.334636  0.301328  0.054840  0.139661  0.159634  0.141127  0.797041  0.712443  0.872640  0.233834  0.099477  0.815225  0.862369  0.803637  0.624193  0.335094  0.724665  0.832814  0.641927  0.681361  0.259515  0.621746  0.447230  0.271762  0.605785  0.605785  0.598683  0.751495  0.823550  0.744427  0.217966  0.318772  0.255011  0.212539  0.435349  0.333185  0.403948  0.358591  0.327141  0.135614  0.228366  0.500932  0.329194  0.813428  0.689797  0.310453  0.472910  0.746531  0.465490  0.324329  0.316117  0.434543  0.394806  0.365436  0.723501  0.070292  0.305850  0.151949  0.869154  0.788201  0.709417
  1.905000  0.267637  0.687987  0.075442  0.048406  0.353637  0.088573  0.561209  0.725964  0.094830  0.458957  0.502330  0.748744  0.306942  0.739312  0.753275  0.709258  0.761135  0.820964  0.819060  0.280450  0.680288  0.839283  0.574795  0.381493  0.439611  0.283334  0.448960  0.264719  0.142955  0.237662  0.370929  0.228057  0.363126  0.423136  0.563778  0.408458  0.363534  0.361217  0.751121  0.699712  0.695299  0.836871  0.717043  0.817930  0.741491  0.707959  0.695783  0.748159  0.805691  0.786526  0.739740  0.745663  0.228563  0.162211  0.417682  0.817533  0.447534  0.371367  0.826452  0.247785  0.171401  0.216297  0.794795  0.863501  0.644999  0.780679  0.628846  0.673789  0.629852  0.665093  0.704659  0.453666  0.516441  0.521017  0.625040  0.599188  0.536395  0.601111  0.670677  0.025658  0.430506  0.808193  0.798716  0.771307  0.344055  0.729130  0.386537  0.594517  0.812272  0.680456  0.738828  0.755578  0.724516  0.746524  0.174679  0.448541  0.320565  0.572634  0.238723  0.331723  0.308473  0.058618  0.138048  0.158833  0.141879  0.790792  0.713617  0.864629  0.236192  0.100574  0.805336  0.859906  0.795165  0.616927  0.315704  0.727270  0.842506  0.628039  0.656364  0.257947  0.625342  0.441586  0.220363  0.601992  0.601992  0.592863  0.739336  0.823145  0.741115  0.179500  0.285372  0.188723  0.210545  0.357582  0.256149  0.329219  0.287881  0.252147  0.129553  0.221994  0.493831  0.327317  0.794696  0.670883  0.313294  0.475773  0.745045  0.463855  0.323153  0.314432  0.424957  0.386159  0.363249  0.696889  0.067214  0.223760  0.092772  0.887363  0.788838  0.670585
  1.915000  0.266589  0.681137  0.072348  0.048953  0.356247  0.089704  0.561729  0.717762  0.084384  0.444300  0.470520  0.726553  0.264404  0.744090  0.739636  0.712263  0.745018  0.796702  0.812556  0.249765  0.633932  0.835662  0.508655  0.337892  0.422760  0.282833  0.480684  0.259692  0.144903  0.228347  0.387107  0.246046  0.403337  0.438023  0.562113  0.401575  0.349239  0.354102  0.743910  0.691776  0.684180  0.825877  0.705749  0.814077  0.728285  0.694626  0.675088  0.732057  0.796707  0.779080  0.729961  0.741092  0.179218  0.155590  0.357208  0.805720  0.420784  0.369034  0.811772  0.256404  0.174585  0.224707  0.778144  0.853303  0.646339  0.782335  0.629089  0.670560  0.630460  0.656584  0.705463  0.452081  0.519567  0.520207  0.619101  0.600590  0.539755  0.599677  0.669464  0.023715  0.468393  0.807905  0.798197  0.766731  0.291245  0.720160  0.379452  0.584523  0.808486  0.639150  0.735624  0.753803  0.724697  0.739822  0.179187  0.424360  0.303664  0.569981  0.233294  0.347474  0.309018  0.054786  0.139248  0.159643  0.142100  0.790949  0.711210  0.860341  0.235305  0.098876  0.805795  0.863454  0.800228  0.609090  0.316417  0.727878  0.847696  0.616029  0.641465  0.257836  0.625570  0.440463  0.172925  0.599996  0.599996  0.588238  0.723764  0.818266  0.737745  0.194107  0.321171  0.182908  0.207069  0.305181  0.249182  0.321817  0.280824  0.237556  0.123420  0.220177  0.487929  0.330118  0.784644  0.639145  0.317072  0.479962  0.748080  0.456722  0.322185  0.310638  0.414835  0.375012  0.363289  0.695155  0.067347  0.205384  0.080939  0.899234  0.787867  0.631091
  1.925000  0.264120  0.689489  0.074161  0.047539  0.356222  0.087403  0.559174  0.733967  0.073764  0.426834  0.550522  0.738873  0.264280  0.739059  0.744339  0.711732  0.736835  0.787042  0.813973  0.228322  0.685502  0.837225  0.581771  0.375413  0.403919  0.279423  0.533733  0.298171  0.174512  0.265545  0.435382  0.287252  0.461665  0.492684  0.585462  0.433153  0.384684  0.394202  0.743140  0.688800  0.682681  0.823560  0.706354  0.815250  0.729737  0.693407  0.669830  0.729544  0.801654  0.777723  0.726680  0.738854  0.129305  0.154745  0.304729  0.799992  0.420110  0.368441  0.795353  0.282328  0.201274  0.253573  0.770183  0.849290  0.646931  0.782237  0.630407  0.671616  0.627935  0.659528  0.709197  0.448938  0.517860  0.522531  0.622310  0.602751  0.543136  0.603209  0.672898  0.026019  0.497270  0.807040  0.798883  0.757863  0.292010  0.721809  0.371536  0.578601  0.803067  0.590322  0.734530  0.752061  0.727943  0.741560  0.174379  0.401557  0.311988  0.562409  0.238280  0.339654  0.304581  0.057919  0.138432  0.156982  0.140141  0.789493  0.712941  0.856586  0.238710  0.100025  0.801863  0.860853  0.799640  0.606069  0.333793  0.721408  0.848650  0.607543  0.631514  0.257797  0.628499  0.442813  0.142423  0.599643  0.599643  0.584267  0.711175  0.820498  0.739343  0.225826  0.383204  0.201666  0.204535  0.255331  0.285689  0.348268  0.323193  0.270443  0.121765  0.218458  0.481964  0.335345  0.789833  0.631977  0.319162  0.481168  0.746284  0.448926  0.320331  0.307384  0.403426  0.364192  0.363912  0.707736  0.068159  0.231679  0.089675  0.898971  0.788021  0.599334
  1.935000  0.264847  0.703387  0.074478  0.051266  0.360719  0.087469  0.558352  0.747529  0.064664  0.408421  0.603414  0.744229  0.229381  0.737758  0.739145  0.712614  0.736556  0.790541  0.818430  0.212872  0.729343  0.842356  0.639359  0.407227  0.386579  0.280273  0.566834  0.330418  0.197478  0.300206  0.482394  0.317881  0.494192  0.527354  0.599068  0.458428  0.435832  0.438630  0.743680  0.692051  0.690666  0.826695  0.712821  0.817601  0.735170  0.698212  0.675960  0.736815  0.803201  0.781549  0.728778  0.737077  0.073289  0.140699  0.230025  0.796317  0.424165  0.364948  0.779414  0.296726  0.221647  0.272464  0.768448  0.841383  0.650885  0.782571  0.630256  0.672646  0.631172  0.656441  0.712117  0.452118  0.519568  0.520483  0.628500  0.604255  0.542731  0.602332  0.668892  0.026512  0.510713  0.812632  0.799321  0.760776  0.336322  0.725572  0.360666  0.572893  0.805332  0.519238  0.739300  0.758363  0.728976  0.740254  0.175723  0.388527  0.324187  0.550206  0.232638  0.342228  0.304508  0.058575  0.135929  0.158425  0.141793  0.789343  0.713940  0.852301  0.240137  0.099097  0.799416  0.863909  0.792575  0.607335  0.332066  0.720660  0.843752  0.606671  0.627292  0.255450  0.631098  0.444589  0.146941  0.601164  0.601164  0.582984  0.695554  0.823330  0.739218  0.247195  0.426484  0.220926  0.200551  0.189366  0.362117  0.407337  0.394424  0.336910  0.119704  0.219658  0.485657  0.341718  0.791965  0.635150  0.317711  0.481596  0.745708  0.445324  0.317227  0.298837  0.391017  0.355361  0.359545  0.720047  0.067670  0.260646  0.108241  0.900456  0.788477  0.569549
  1.945000  0.266789  0.705385  0.075349  0.049397  0.362356  0.091187  0.553301  0.760941  0.057064  0.390777  0.633359  0.750659  0.239069  0.739651  0.743351  0.712456  0.732714  0.794689  0.815133  0.207528  0.748575  0.846412  0.672739  0.425217  0.373809  0.283991  0.579781  0.350756  0.214684  0.326123  0.496411  0.335619  0.509795  0.547251  0.608780  0.478845  0.468506  0.467728  0.747784  0.695690  0.698095  0.826407  0.714255  0.817117  0.741446  0.703320  0.680483  0.743865  0.806463  0.777822  0.730771  0.736049  0.062348  0.169537  0.183672  0.791121  0.438739  0.362247  0.765833  0.309636  0.231960  0.285275  0.771472  0.848710  0.651282  0.785006  0.630811  0.673396  0.629987  0.658377  0.715441  0.449198  0.524760  0.522470  0.620562  0.604893  0.540512  0.604252  0.672114  0.027967  0.519874  0.809177  0.794979  0.764349  0.400732  0.727525  0.353967  0.566858  0.809582  0.457391  0.737371  0.756569  0.730771  0.746496  0.176504  0.380938  0.336822  0.526860  0.236920  0.340499  0.316596  0.055417  0.136219  0.159948  0.139558  0.783254  0.716537  0.845017  0.246375  0.099234  0.795244  0.862182  0.798389  0.609264  0.335553  0.723351  0.844319  0.604052  0.624580  0.259253  0.635212  0.449400  0.162595  0.604159  0.604159  0.583281  0.674315  0.822477  0.740472  0.258900  0.448646  0.234772  0.196564  0.183998  0.398976  0.440273  0.437206  0.373955  0.117489  0.218458  0.484178  0.343382  0.795262  0.634200  0.323858  0.490223  0.748901  0.439913  0.315044  0.293008  0.377828  0.343251  0.362728  0.729414  0.068540  0.290396  0.126643  0.897695  0.788751  0.537006
  1.955000  0.267471  0.707151  0.074625  0.050460  0.364183  0.088580  0.554170  0.767527  0.047823  0.366058  0.649268  0.745095  0.277557  0.740381  0.745095  0.710716  0.736500  0.790194  0.820011  0.207036  0.762437  0.850065  0.693855  0.435318  0.372562  0.282918  0.586222  0.363954  0.221407  0.342835  0.504702  0.347133  0.518335  0.562016  0.613859  0.488286  0.484404  0.485413  0.747817  0.699019  0.703491  0.827793  0.719247  0.817258  0.746021  0.710161  0.688219  0.748244  0.810250  0.784060  0.734471  0.737941  0.134950  0.213412  0.255811  0.789898  0.451790  0.358053  0.763171  0.317567  0.239144  0.296982  0.766813  0.850358  0.655802  0.784831  0.628914  0.671091  0.629005  0.662491  0.717735  0.448252  0.523973  0.523606  0.623888  0.611804  0.541813  0.603296  0.672280  0.025607  0.524685  0.809406  0.798800  0.758680  0.429523  0.729397  0.344269  0.557935  0.808585  0.492789  0.740387  0.766854  0.727166  0.747682  0.175437  0.376264  0.347504  0.495178  0.229370  0.340166  0.307229  0.056979  0.136292  0.157184  0.139549  0.780448  0.714909  0.839595  0.250302  0.098065  0.790933  0.863651  0.795554  0.611405  0.339525  0.725560  0.842387  0.605434  0.627171  0.256227  0.637348  0.450657  0.170814  0.604743  0.604743  0.583688  0.670698  0.823275  0.740713  0.267522  0.465329  0.246281  0.191692  0.257503  0.408166  0.451375  0.442843  0.387125  0.117676  0.216025  0.485823  0.349047  0.797494  0.636690  0.322934  0.485933  0.748976  0.432701  0.312726  0.287047  0.365730  0.331909  0.367343  0.733869  0.069218  0.309278  0.138731  0.894126  0.786284  0.494993
  1.965000  0.270575  0.702588  0.077489  0.048705  0.369219  0.088946  0.552405  0.774831  0.035082  0.339160  0.664518  0.752614  0.321994  0.741760  0.749274  0.710961  0.740832  0.795194  0.823061  0.210730  0.774548  0.855527  0.710932  0.442250  0.371707  0.282279  0.595404  0.378354  0.230263  0.357139  0.518005  0.356796  0.527297  0.569202  0.621792  0.503696  0.507995  0.501995  0.751117  0.701343  0.709372  0.824299  0.725127  0.820819  0.754511  0.714108  0.696323  0.756058  0.817105  0.786452  0.738623  0.741692  0.196153  0.234513  0.333675  0.787021  0.465547  0.356586  0.747088  0.326034  0.248010  0.304831  0.780630  0.852710  0.661269  0.790432  0.633344  0.673914  0.633252  0.658310  0.724347  0.452137  0.526593  0.525216  0.625183  0.612324  0.546787  0.604797  0.669325  0.027138  0.534535  0.815710  0.802150  0.765787  0.447676  0.734333  0.341510  0.551947  0.814583  0.523846  0.742848  0.762226  0.729885  0.750480  0.174946  0.375488  0.361409  0.449234  0.228096  0.345953  0.304831  0.057118  0.135197  0.158224  0.140001  0.787484  0.717298  0.844024  0.254981  0.099897  0.790741  0.864456  0.803451  0.615258  0.340445  0.727163  0.840538  0.611548  0.627840  0.259192  0.640580  0.452450  0.183303  0.608354  0.608354  0.585571  0.678690  0.825512  0.745462  0.281333  0.481454  0.257896  0.188220  0.293797  0.412445  0.465601  0.448504  0.390932  0.111864  0.214318  0.486800  0.351473  0.803994  0.636375  0.327550  0.491449  0.752243  0.428105  0.310347  0.281179  0.354481  0.319124  0.364197  0.741833  0.068973  0.326480  0.149792  0.888990  0.788433  0.445303
  1.975000  0.272764  0.699631  0.077445  0.049362  0.371701  0.087123  0.550950  0.785337  0.031532  0.306623  0.680388  0.756930  0.323731  0.744605  0.757115  0.712080  0.750258  0.811881  0.823494  0.212534  0.784305  0.857529  0.730885  0.451541  0.374126  0.285444  0.611839  0.394701  0.244229  0.369630  0.532895  0.371008  0.539496  0.585059  0.626530  0.514670  0.528132  0.522641  0.750153  0.705317  0.719004  0.824256  0.731484  0.822418  0.760311  0.722777  0.705558  0.764181  0.814855  0.788344  0.744259  0.742221  0.206827  0.244409  0.339669  0.784782  0.478754  0.353091  0.721970  0.337295  0.255632  0.317610  0.791124  0.863311  0.659086  0.787782  0.631741  0.673766  0.634580  0.660032  0.723432  0.453634  0.530022  0.526634  0.626086  0.614986  0.544305  0.603267  0.670378  0.027945  0.546912  0.816134  0.801496  0.771571  0.460593  0.737618  0.333438  0.548649  0.818739  0.480601  0.744824  0.767560  0.732003  0.760081  0.173504  0.372722  0.375756  0.439692  0.233012  0.337570  0.308546  0.056575  0.136739  0.158232  0.138857  0.788659  0.722153  0.848548  0.254281  0.099951  0.791124  0.867360  0.800576  0.618887  0.339492  0.725264  0.839829  0.614194  0.636186  0.258759  0.642030  0.455411  0.200079  0.610151  0.610151  0.589310  0.678214  0.827582  0.745233  0.297010  0.504028  0.270230  0.183382  0.288732  0.419926  0.471897  0.455904  0.393847  0.113271  0.215649  0.491301  0.356086  0.804853  0.633221  0.328349  0.493517  0.756374  0.421247  0.306525  0.272210  0.342779  0.310420  0.367045  0.750024  0.068631  0.340179  0.164910  0.882639  0.792294  0.397345
  1.985000  0.273714  0.701397  0.076777  0.049494  0.373554  0.088110  0.547118  0.794798  0.024731  0.274755  0.691600  0.757055  0.333360  0.746504  0.757333  0.707908  0.754278  0.814717  0.827325  0.218666  0.797389  0.856136  0.743845  0.454294  0.391461  0.283819  0.619051  0.412912  0.256965  0.386232  0.547497  0.384091  0.556765  0.601255  0.627763  0.522750  0.550579  0.542640  0.753531  0.707662  0.724586  0.820057  0.735699  0.826531  0.768263  0.727099  0.712411  0.770486  0.822795  0.791300  0.747681  0.742970  0.196083  0.255287  0.351556  0.780506  0.488514  0.353328  0.757676  0.348653  0.268167  0.328824  0.796113  0.863494  0.665909  0.790902  0.635892  0.676100  0.636259  0.663248  0.727821  0.454769  0.531057  0.529497  0.628167  0.617899  0.547857  0.606792  0.674907  0.029864  0.559725  0.813454  0.804234  0.771031  0.478242  0.740522  0.326358  0.540359  0.824528  0.454958  0.748832  0.773419  0.730584  0.761775  0.178306  0.371470  0.388020  0.454406  0.231242  0.338922  0.308169  0.056853  0.136390  0.158343  0.140298  0.787240  0.721713  0.844025  0.260976  0.099606  0.787043  0.870117  0.802222  0.623995  0.344614  0.728581  0.837229  0.620131  0.641639  0.254686  0.648228  0.458982  0.215889  0.613376  0.613376  0.589714  0.683306  0.828957  0.746711  0.317166  0.526413  0.285391  0.183807  0.325520  0.427360  0.482987  0.467045  0.405856  0.108334  0.213221  0.500563  0.360846  0.810414  0.632383  0.327505  0.495720  0.758721  0.409140  0.303618  0.267033  0.325600  0.298785  0.367090  0.753711  0.069243  0.358885  0.176833  0.884714  0.789999  0.357109
  1.995000  0.275521  0.705032  0.079244  0.050719  0.371963  0.088424  0.544696  0.805982  0.015274  0.236557  0.703458  0.760012  0.350310  0.752067  0.758626  0.699868  0.758904  0.825238  0.826306  0.224168  0.803791  0.857546  0.754435  0.460165  0.404875  0.285602  0.637268  0.429199  0.274294  0.405560  0.559937  0.402217  0.571236  0.617172  0.634953  0.536321  0.575948  0.564373  0.751522  0.710426  0.728205  0.820204  0.737752  0.824255  0.773915  0.732062  0.722708  0.777869  0.821696  0.788741  0.748970  0.741312  0.175752  0.254336  0.365763  0.780765  0.489684  0.354154  0.801082  0.361364  0.275034  0.346025  0.807130  0.871247  0.670059  0.794917  0.632250  0.671600  0.631611  0.659913  0.732302  0.452454  0.530542  0.526890  0.629967  0.614994  0.547889  0.603490  0.667583  0.030345  0.575413  0.818159  0.803900  0.765463  0.498364  0.744111  0.321027  0.537481  0.823390  0.476914  0.747762  0.770764  0.734236  0.763338  0.174645  0.372369  0.404759  0.445665  0.225601  0.340091  0.308501  0.056937  0.137414  0.159502  0.140095  0.786562  0.723199  0.842739  0.264371  0.101159  0.789022  0.865742  0.801956  0.630028  0.346391  0.730466  0.829587  0.621436  0.644713  0.255995  0.648768  0.458462  0.225413  0.616333  0.616333  0.593351  0.685594  0.831195  0.747599  0.335161  0.551106  0.303790  0.178493  0.358685  0.449719  0.507333  0.485569  0.423420  0.114316  0.215523  0.497971  0.367128  0.813508  0.628637  0.331149  0.494422  0.761121  0.404422  0.299250  0.260813  0.312980  0.288191  0.370793  0.761526  0.068076  0.376893  0.194181  0.873921  0.791660  0.338861
  2.005000  0.278888  0.704844  0.079080  0.048353  0.372563  0.087268  0.546445  0.813016  0.016000  0.208127  0.711864  0.764975  0.362382  0.751224  0.767836  0.701206  0.763129  0.829574  0.828462  0.230743  0.813340  0.862468  0.764098  0.470339  0.406631  0.285646  0.645161  0.445844  0.289090  0.421921  0.572911  0.417958  0.585955  0.639241  0.634985  0.553947  0.595459  0.587469  0.754291  0.715104  0.734624  0.813946  0.742325  0.823958  0.781312  0.732987  0.724805  0.784008  0.822099  0.789358  0.751340  0.741256  0.168402  0.265875  0.366295  0.777869  0.489227  0.354490  0.818328  0.374063  0.287249  0.364109  0.812871  0.868150  0.670638  0.795506  0.634428  0.677807  0.635707  0.664291  0.733024  0.451944  0.535798  0.528127  0.628034  0.617716  0.546300  0.607214  0.671506  0.031359  0.586792  0.817063  0.805745  0.763037  0.517447  0.747568  0.314950  0.532098  0.830867  0.502420  0.748017  0.768706  0.734428  0.770697  0.175088  0.373359  0.421103  0.472051  0.229863  0.339086  0.311415  0.058799  0.139317  0.158721  0.139722  0.785968  0.725204  0.831723  0.265902  0.099461  0.783247  0.867836  0.806965  0.631013  0.348310  0.719480  0.823582  0.623663  0.643989  0.254445  0.652102  0.460862  0.230075  0.619214  0.619214  0.594784  0.696680  0.830904  0.748017  0.357534  0.576387  0.323296  0.176921  0.364019  0.471914  0.537110  0.506767  0.440953  0.116395  0.217420  0.503739  0.370006  0.815864  0.627562  0.332434  0.494507  0.759438  0.393961  0.293761  0.253657  0.301625  0.274250  0.370475  0.763942  0.065823  0.403211  0.214252  0.850689  0.790152  0.375459
  2.015000  0.282740  0.711717  0.077628  0.051074  0.369103  0.089054  0.550636  0.823118  0.014362  0.182706  0.713540  0.760424  0.373682  0.754261  0.763276  0.704772  0.768611  0.836865  0.827530  0.238979  0.825074  0.866777  0.776454  0.474907  0.409404  0.286050  0.663091  0.462583  0.304232  0.440545  0.593828  0.439653  0.607069  0.664295  0.640219  0.568734  0.615649  0.607437  0.757093  0.718893  0.741100  0.817742  0.749947  0.827646  0.786970  0.742447  0.735331  0.787931  0.823724  0.794038  0.759954  0.742067  0.170071  0.281166  0.370350  0.779039  0.493488  0.361295  0.827788  0.386865  0.300348  0.377502  0.821871  0.870992  0.672906  0.800148  0.634745  0.677104  0.633200  0.661288  0.740137  0.452177  0.534030  0.528121  0.626718  0.619202  0.548028  0.600658  0.672650  0.034273  0.597499  0.817788  0.803419  0.765667  0.533241  0.747591  0.312744  0.523863  0.826471  0.502864  0.747892  0.775722  0.731448  0.769255  0.176954  0.377971  0.437377  0.517527  0.238609  0.344052  0.310874  0.058515  0.139618  0.158717  0.140429  0.780883  0.726575  0.833080  0.270098  0.101178  0.781857  0.865949  0.805038  0.633023  0.351778  0.727743  0.829788  0.627321  0.648293  0.257628  0.653399  0.460972  0.234025  0.621413  0.621413  0.596480  0.702249  0.825094  0.749597  0.377866  0.594441  0.343643  0.172419  0.368493  0.491112  0.561789  0.532899  0.459567  0.116702  0.218556  0.510424  0.372493  0.818052  0.628515  0.330019  0.496471  0.759504  0.381980  0.291960  0.242586  0.289772  0.262439  0.371679  0.774726  0.068257  0.427021  0.235783  0.839923  0.791757  0.444848
  2.025000  0.284134  0.709837  0.077540  0.050780  0.367925  0.087296  0.555181  0.832436  0.018882  0.176855  0.723442  0.765507  0.386309  0.754356  0.769653  0.705147  0.771681  0.835726  0.832549  0.246663  0.824621  0.868922  0.781247  0.479319  0.413302  0.281616  0.672232  0.486351  0.317521  0.457231  0.604640  0.459681  0.609619  0.674629  0.643277  0.578543  0.632803  0.623230  0.756369  0.718832  0.743103  0.816873  0.752229  0.828976  0.791227  0.741374  0.740222  0.793148  0.831474  0.792548  0.757740  0.736424  0.193481  0.297795  0.383689  0.782727  0.499542  0.362710  0.827905  0.402308  0.308565  0.397649  0.821719  0.875905  0.677025  0.796395  0.639911  0.680836  0.636349  0.666038  0.735874  0.455784  0.536411  0.528281  0.635186  0.623377  0.549109  0.610405  0.676543  0.037189  0.607224  0.821999  0.804227  0.769285  0.548677  0.748038  0.301329  0.519317  0.829184  0.489029  0.746286  0.766906  0.731226  0.768916  0.176379  0.380264  0.449656  0.532820  0.241348  0.349690  0.309222  0.056874  0.136967  0.160836  0.140607  0.783880  0.730157  0.832869  0.272872  0.101254  0.784213  0.867685  0.804303  0.635923  0.353436  0.750732  0.843157  0.627994  0.652344  0.258534  0.659051  0.465442  0.232389  0.623561  0.623561  0.598802  0.707526  0.831737  0.750750  0.399385  0.612680  0.360484  0.170830  0.376598  0.508735  0.579558  0.549220  0.478337  0.116480  0.218319  0.515317  0.377741  0.818003  0.625343  0.332945  0.498384  0.762281  0.377006  0.286381  0.239709  0.279667  0.253785  0.370972  0.776893  0.070147  0.449379  0.253452  0.864599  0.792757  0.494167
  2.035000  0.285269  0.713366  0.078260  0.052166  0.369651  0.087873  0.561686  0.835543  0.015424  0.172349  0.727484  0.765233  0.398619  0.761379  0.768629  0.706404  0.777348  0.842234  0.836257  0.252679  0.828233  0.871091  0.787998  0.484584  0.442362  0.286801  0.676988  0.503308  0.332716  0.473755  0.614630  0.469528  0.620350  0.685013  0.649222  0.588986  0.641924  0.633569  0.757403  0.719063  0.748164  0.818318  0.751997  0.828381  0.794645  0.749314  0.741455  0.798000  0.826076  0.796194  0.758089  0.732614  0.229587  0.318086  0.406266  0.777528  0.499148  0.367472  0.826979  0.414312  0.322456  0.407214  0.835075  0.877476  0.682081  0.799921  0.635163  0.679206  0.636892  0.666557  0.740024  0.456404  0.538433  0.531517  0.630250  0.626791  0.553265  0.608592  0.674838  0.035723  0.612793  0.819257  0.807924  0.772392  0.560617  0.747364  0.297322  0.515919  0.832047  0.484626  0.746805  0.768555  0.732194  0.771658  0.176944  0.379766  0.460624  0.531211  0.244965  0.351979  0.321585  0.056924  0.137879  0.157628  0.142887  0.783233  0.731219  0.830366  0.276526  0.101274  0.777440  0.867936  0.802219  0.641649  0.350887  0.766603  0.855474  0.628302  0.656202  0.257282  0.657192  0.469151  0.232258  0.626342  0.626342  0.598999  0.717766  0.830590  0.749315  0.414949  0.624205  0.375032  0.169759  0.381281  0.526688  0.597934  0.564357  0.490984  0.123071  0.222502  0.521041  0.382413  0.822992  0.624998  0.331496  0.500105  0.764683  0.365307  0.281353  0.230173  0.272224  0.244876  0.375834  0.784050  0.067390  0.463432  0.273077  0.892662  0.793338  0.522619
  2.045000  0.287803  0.720439  0.078601  0.050386  0.376299  0.086573  0.566884  0.844389  0.016099  0.168080  0.732712  0.768707  0.402647  0.757871  0.773574  0.707092  0.784409  0.846299  0.829387  0.260892  0.831747  0.871455  0.790107  0.486394  0.455307  0.288092  0.683153  0.513876  0.347776  0.481600  0.619076  0.480901  0.627442  0.694828  0.651528  0.593243  0.647345  0.641708  0.755465  0.720518  0.752767  0.815575  0.754586  0.829457  0.793458  0.751427  0.747214  0.796713  0.828038  0.791562  0.758968  0.725989  0.267437  0.330681  0.425126  0.776818  0.499984  0.376704  0.822114  0.420518  0.324030  0.419519  0.841065  0.882754  0.684691  0.806434  0.637414  0.680684  0.636868  0.660139  0.746383  0.456959  0.537147  0.532966  0.630864  0.628142  0.552237  0.607870  0.675048  0.038142  0.618856  0.818074  0.805953  0.774216  0.567602  0.745917  0.294007  0.511405  0.842994  0.510039  0.747693  0.771099  0.731885  0.773757  0.176157  0.363147  0.471400  0.522647  0.246802  0.356795  0.308253  0.059408  0.134646  0.157272  0.140685  0.781690  0.731690  0.820599  0.279392  0.100774  0.777247  0.869677  0.807916  0.643777  0.358159  0.773105  0.861111  0.629037  0.657506  0.256446  0.660342  0.469580  0.230281  0.624312  0.624312  0.603538  0.730828  0.833427  0.750359  0.428791  0.632975  0.386971  0.170554  0.388136  0.535303  0.605286  0.574212  0.502224  0.120695  0.220414  0.523739  0.386037  0.823111  0.625184  0.329138  0.498150  0.768431  0.357212  0.274758  0.223785  0.255835  0.233931  0.373352  0.786017  0.071083  0.479013  0.286557  0.909381  0.792665  0.519800
  2.055000  0.290302  0.717457  0.081265  0.050048  0.381669  0.089081  0.567206  0.849139  0.014420  0.164384  0.735637  0.772592  0.405569  0.757562  0.775342  0.706695  0.781849  0.848205  0.833518  0.267924  0.833455  0.874340  0.792657  0.486193  0.461803  0.286567  0.688734  0.524337  0.354510  0.495052  0.627474  0.490536  0.633628  0.703888  0.652272  0.601758  0.656905  0.648986  0.753011  0.720772  0.752732  0.811493  0.753114  0.825156  0.793625  0.749483  0.749579  0.799358  0.827465  0.792227  0.762426  0.717808  0.284126  0.340767  0.438121  0.773097  0.504474  0.376476  0.804989  0.432417  0.333247  0.434144  0.844539  0.883215  0.686392  0.804342  0.639533  0.682084  0.639351  0.670264  0.743305  0.456854  0.539885  0.531429  0.632132  0.629623  0.555523  0.607529  0.673628  0.040946  0.622307  0.818984  0.806873  0.775709  0.571688  0.747193  0.287411  0.503509  0.833816  0.542304  0.749951  0.772100  0.729058  0.775617  0.178327  0.339905  0.479358  0.540797  0.245485  0.356317  0.318494  0.056198  0.140572  0.158529  0.141781  0.757872  0.735052  0.772159  0.283045  0.100589  0.772226  0.869826  0.804029  0.645957  0.357862  0.784201  0.858858  0.628797  0.661603  0.258558  0.660329  0.468872  0.230228  0.630972  0.630972  0.606650  0.741781  0.831096  0.749870  0.439054  0.639247  0.396978  0.169712  0.398314  0.541086  0.614708  0.580726  0.504597  0.130851  0.225648  0.527681  0.389126  0.824927  0.614769  0.327168  0.498619  0.769202  0.343394  0.266519  0.214129  0.244924  0.222268  0.377636  0.789467  0.072767  0.487645  0.295742  0.915625  0.792148  0.495517
  2.065000  0.294179  0.721716  0.081061  0.051738  0.383064  0.089428  0.566662  0.853803  0.011834  0.163883  0.740399  0.772743  0.412629  0.765866  0.780353  0.704708  0.785304  0.854531  0.831186  0.275858  0.835098  0.873496  0.791922  0.487280  0.473738  0.290906  0.688981  0.531036  0.361295  0.502187  0.623006  0.491881  0.625389  0.706483  0.650313  0.604772  0.663670  0.653327  0.748933  0.720811  0.752989  0.806764  0.756810  0.824339  0.799123  0.750124  0.750888  0.802753  0.821680  0.791903  0.761841  0.710703  0.280412  0.343469  0.442116  0.768463  0.504059  0.380947  0.789495  0.438410  0.337808  0.436871  0.850313  0.882222  0.690141  0.808371  0.637334  0.681247  0.635976  0.661418  0.744180  0.457601  0.541539  0.529044  0.629920  0.627012  0.552676  0.608450  0.674456  0.042822  0.620347  0.822314  0.807796  0.780353  0.579194  0.746741  0.278385  0.494983  0.846095  0.560236  0.744641  0.767006  0.728364  0.776043  0.175834  0.340167  0.483249  0.572227  0.249809  0.369235  0.312374  0.059750  0.137858  0.159161  0.138501  0.724349  0.731008  0.713031  0.285692  0.100838  0.770450  0.870639  0.810611  0.645675  0.358461  0.785609  0.862316  0.626612  0.660880  0.257183  0.664065  0.472173  0.227816  0.626325  0.626325  0.605263  0.745862  0.831186  0.751578  0.445473  0.638111  0.409714  0.170530  0.402795  0.547864  0.618058  0.585254  0.510828  0.132648  0.222606  0.534870  0.393924  0.815001  0.615859  0.330700  0.495178  0.772834  0.330959  0.265610  0.207833  0.236407  0.213705  0.372211  0.790552  0.070432  0.492923  0.303285  0.916493  0.793494  0.462260
  2.075000  0.293856  0.729413  0.080604  0.051095  0.384524  0.089196  0.568011  0.854551  0.016314  0.153450  0.740984  0.771511  0.426067  0.760715  0.782032  0.698505  0.786149  0.855495  0.832734  0.281459  0.837328  0.872514  0.795613  0.486514  0.482049  0.287184  0.691832  0.538479  0.370087  0.506946  0.623245  0.502691  0.624255  0.712031  0.649688  0.609106  0.660484  0.656246  0.745347  0.720585  0.751924  0.799933  0.754501  0.823985  0.795352  0.752115  0.750970  0.802033  0.822112  0.786806  0.764818  0.703884  0.276120  0.350112  0.455088  0.762983  0.502880  0.380500  0.778571  0.443512  0.343005  0.446590  0.851835  0.886783  0.693084  0.805969  0.641412  0.681518  0.636433  0.664045  0.746392  0.456799  0.541285  0.530240  0.631096  0.626656  0.551425  0.607916  0.678168  0.039591  0.622331  0.820650  0.806954  0.774713  0.581131  0.745823  0.274767  0.488649  0.840583  0.566430  0.737108  0.755278  0.710124  0.770962  0.172552  0.348094  0.491153  0.587865  0.253577  0.356964  0.315048  0.059994  0.138016  0.159586  0.142111  0.720715  0.738795  0.660484  0.286252  0.101833  0.768675  0.873667  0.808014  0.647927  0.361853  0.782184  0.861341  0.627904  0.666851  0.256589  0.661945  0.476259  0.218982  0.631885  0.631885  0.606542  0.749908  0.828706  0.750239  0.453832  0.638855  0.414430  0.171432  0.438637  0.550670  0.624255  0.592579  0.514422  0.129829  0.222072  0.532669  0.397151  0.817565  0.602628  0.325700  0.494256  0.772334  0.323032  0.259985  0.200295  0.223932  0.203668  0.378678  0.795227  0.065678  0.500948  0.311574  0.918925  0.795214  0.425787
  2.085000  0.296192  0.732741  0.076881  0.050424  0.388453  0.086152  0.568366  0.854718  0.018122  0.150700  0.741908  0.770487  0.441340  0.759777  0.775339  0.701099  0.788979  0.853699  0.831729  0.288947  0.838967  0.864141  0.795162  0.484402  0.482039  0.292547  0.686439  0.545746  0.370103  0.510666  0.619270  0.504360  0.622111  0.715212  0.645386  0.609465  0.664729  0.659183  0.738826  0.715616  0.752350  0.791467  0.754830  0.819136  0.791658  0.750346  0.750633  0.799482  0.813909  0.780978  0.761132  0.689144  0.276043  0.360814  0.468880  0.761659  0.502839  0.377223  0.762412  0.447754  0.342924  0.451467  0.848847  0.887478  0.694843  0.810484  0.641835  0.681956  0.645639  0.666107  0.747514  0.457048  0.541670  0.532704  0.632971  0.629790  0.555074  0.612673  0.680325  0.042091  0.624671  0.822866  0.808364  0.773508  0.584932  0.736638  0.268411  0.484107  0.838320  0.576405  0.733436  0.741993  0.713732  0.765636  0.174366  0.348044  0.494646  0.598826  0.257024  0.355740  0.320691  0.059812  0.139292  0.161332  0.140978  0.722631  0.734652  0.601685  0.293380  0.102641  0.765819  0.873460  0.812322  0.647551  0.357732  0.785678  0.861571  0.626434  0.669700  0.254253  0.668015  0.471022  0.205400  0.633967  0.633967  0.609037  0.755001  0.833340  0.749227  0.452645  0.632080  0.422669  0.171255  0.462567  0.556537  0.627059  0.596362  0.521473  0.129694  0.220592  0.535830  0.401615  0.809936  0.605621  0.325868  0.491529  0.774790  0.314070  0.253758  0.192477  0.214425  0.195367  0.375500  0.788619  0.070333  0.500704  0.314877  0.918105  0.793703  0.405724
  2.095000  0.301600  0.736184  0.081930  0.052406  0.385752  0.086581  0.567613  0.858857  0.016124  0.141885  0.743176  0.771965  0.452713  0.769126  0.784970  0.688164  0.793945  0.860436  0.834124  0.297567  0.838924  0.855430  0.791090  0.482216  0.494368  0.290407  0.689813  0.546922  0.374201  0.511844  0.617158  0.502738  0.618346  0.714763  0.634248  0.608202  0.667652  0.664971  0.716487  0.708026  0.745302  0.777012  0.748635  0.803865  0.782439  0.747683  0.742921  0.789867  0.797504  0.769117  0.759426  0.680645  0.294441  0.374086  0.486570  0.759194  0.506270  0.369720  0.725869  0.451337  0.350502  0.458120  0.860070  0.890660  0.692703  0.809783  0.641331  0.683653  0.638347  0.668460  0.748963  0.459566  0.544842  0.532905  0.631819  0.631022  0.554970  0.614202  0.676147  0.044478  0.625812  0.820444  0.806764  0.752457  0.587198  0.721715  0.259509  0.474810  0.842944  0.593143  0.731203  0.738805  0.696406  0.764638  0.174001  0.333972  0.499830  0.600565  0.251034  0.359370  0.319942  0.062249  0.138541  0.162086  0.143833  0.761458  0.739477  0.675533  0.294966  0.101835  0.761707  0.871858  0.811988  0.652504  0.358465  0.784243  0.862283  0.623870  0.667831  0.261718  0.665138  0.472047  0.199765  0.634697  0.634697  0.610030  0.759785  0.838147  0.750355  0.458753  0.630624  0.428198  0.167999  0.480811  0.564305  0.628308  0.598149  0.523085  0.123079  0.213200  0.536420  0.402482  0.815097  0.590167  0.325667  0.496261  0.774346  0.303154  0.245508  0.185900  0.206939  0.186141  0.381519  0.790613  0.065899  0.511168  0.320534  0.917109  0.795371  0.440734
  2.105000  0.299380  0.744832  0.079237  0.050404  0.387431  0.086605  0.564969  0.854568  0.011400  0.132376  0.741281  0.767232  0.449755  0.764494  0.781105  0.680987  0.791053  0.860962  0.839586  0.302402  0.834840  0.845074  0.789938  0.475609  0.495900  0.292378  0.692321  0.555219  0.378020  0.519318  0.621993  0.507185  0.620075  0.720726  0.633867  0.607745  0.675209  0.668128  0.696000  0.702461  0.738734  0.760894  0.740826  0.788761  0.763652  0.741587  0.734264  0.779726  0.780766  0.749367  0.756413  0.665959  0.334924  0.388469  0.509140  0.755106  0.506608  0.360553  0.727410  0.457612  0.351302  0.461325  0.860141  0.885877  0.701897  0.809727  0.643591  0.684789  0.640241  0.669577  0.751724  0.457934  0.544626  0.532945  0.633691  0.633088  0.560290  0.612353  0.681076  0.042409  0.626333  0.822696  0.809828  0.749162  0.585198  0.703126  0.254649  0.472583  0.836959  0.608834  0.732294  0.747286  0.702525  0.761574  0.177018  0.300141  0.507197  0.602014  0.256784  0.368426  0.311926  0.059899  0.141468  0.162223  0.143791  0.763582  0.742994  0.754326  0.297465  0.103007  0.755550  0.871725  0.811131  0.657174  0.361816  0.783834  0.860555  0.622634  0.665563  0.257052  0.669077  0.467846  0.193474  0.639011  0.639011  0.613050  0.765615  0.836369  0.752723  0.463588  0.634619  0.431766  0.168558  0.491968  0.569290  0.637429  0.609937  0.533280  0.117787  0.213342  0.535441  0.405812  0.806448  0.579499  0.326146  0.491608  0.774260  0.296681  0.241423  0.174958  0.196171  0.177601  0.374870  0.788627  0.071064  0.512309  0.328067  0.913584  0.799465  0.495760
  2.115000  0.301805  0.752613  0.084707  0.052667  0.389740  0.088388  0.560717  0.863081  0.015587  0.124099  0.746835  0.761458  0.451467  0.770684  0.787674  0.681806  0.796991  0.863307  0.838745  0.306346  0.837239  0.844427  0.779259  0.471460  0.503777  0.293777  0.697150  0.560295  0.388551  0.521721  0.622921  0.508659  0.622191  0.724872  0.632587  0.608330  0.680908  0.675004  0.677556  0.694247  0.730390  0.752549  0.733338  0.773185  0.752263  0.734670  0.728964  0.776133  0.758853  0.733023  0.748889  0.651507  0.363993  0.399687  0.523455  0.753782  0.509529  0.359545  0.784390  0.460926  0.355970  0.467966  0.858648  0.889523  0.703607  0.815922  0.643960  0.688365  0.642155  0.671126  0.758824  0.459840  0.545493  0.534031  0.633979  0.633671  0.558580  0.611469  0.677083  0.044414  0.629487  0.825074  0.810598  0.747391  0.588242  0.685522  0.249247  0.463987  0.839375  0.623254  0.734599  0.744962  0.707017  0.765934  0.176583  0.269251  0.505522  0.604604  0.252169  0.366611  0.317693  0.060434  0.139280  0.163224  0.141360  0.746304  0.746999  0.739950  0.301173  0.102217  0.756800  0.881066  0.813250  0.655141  0.359932  0.782391  0.863936  0.620411  0.668288  0.257394  0.667848  0.467534  0.189318  0.634857  0.634857  0.613234  0.764630  0.838745  0.753820  0.465980  0.633301  0.433487  0.167908  0.498405  0.576022  0.638606  0.615626  0.539298  0.119219  0.215679  0.538336  0.408125  0.805401  0.571006  0.318531  0.491003  0.781371  0.283595  0.238184  0.173546  0.192333  0.169546  0.381420  0.791861  0.070281  0.522416  0.332857  0.907576  0.797265  0.535223
  2.125000  0.301083  0.756407  0.079383  0.052553  0.398733  0.088411  0.551977  0.863361  0.014090  0.116442  0.742363  0.756355  0.456753  0.763804  0.786607  0.678409  0.792966  0.865461  0.839748  0.311262  0.838892  0.841851  0.779698  0.465384  0.500624  0.296492  0.696762  0.565423  0.395030  0.523402  0.624860  0.516641  0.623765  0.733900  0.631612  0.610717  0.680524  0.678898  0.673040  0.692190  0.726090  0.749072  0.729224  0.764363  0.747648  0.730838  0.725900  0.770251  0.748842  0.728550  0.749392  0.652652  0.381642  0.408794  0.531095  0.755163  0.511948  0.359449  0.826971  0.465048  0.356161  0.475609  0.857467  0.892715  0.710454  0.818512  0.647023  0.687642  0.647203  0.673380  0.761322  0.461560  0.547731  0.535635  0.629998  0.635559  0.560097  0.613805  0.680060  0.043559  0.626199  0.829315  0.818883  0.752630  0.590271  0.669817  0.245180  0.457928  0.838934  0.636926  0.731972  0.746405  0.705935  0.769619  0.176666  0.248534  0.510737  0.611709  0.255812  0.362867  0.316741  0.061958  0.140105  0.161408  0.142901  0.712333  0.742787  0.685048  0.305324  0.102904  0.750450  0.878022  0.813951  0.659907  0.362506  0.778174  0.857386  0.618527  0.667780  0.255927  0.671062  0.465391  0.190594  0.644309  0.644309  0.617014  0.770255  0.841353  0.755164  0.467575  0.629729  0.440136  0.163512  0.495083  0.580868  0.648675  0.621210  0.538674  0.119888  0.218223  0.539752  0.412617  0.799562  0.563489  0.318659  0.489504  0.781247  0.278650  0.231668  0.167560  0.181332  0.164844  0.384053  0.793713  0.069973  0.528374  0.341764  0.902626  0.799454  0.578705
  2.135000  0.305656  0.769322  0.082056  0.050227  0.396681  0.084530  0.530451  0.869015  0.017356  0.111560  0.743491  0.759988  0.443397  0.764611  0.780111  0.680946  0.793436  0.866495  0.841922  0.314579  0.839484  0.844262  0.782764  0.463202  0.501832  0.293350  0.695379  0.568342  0.394479  0.529478  0.622301  0.517644  0.615840  0.731964  0.633859  0.610470  0.694040  0.682677  0.675075  0.691806  0.724067  0.754230  0.728905  0.762482  0.749677  0.730802  0.725585  0.769311  0.746135  0.730138  0.750312  0.625221  0.390369  0.418673  0.535817  0.750980  0.509430  0.359429  0.841252  0.468677  0.360191  0.476697  0.865045  0.889338  0.710041  0.820675  0.645478  0.688102  0.644667  0.673594  0.756527  0.462402  0.546985  0.537703  0.633027  0.637188  0.561313  0.618895  0.677018  0.046355  0.623953  0.829898  0.817875  0.752646  0.586392  0.657494  0.238261  0.453822  0.839030  0.645170  0.736919  0.755264  0.714575  0.774038  0.181494  0.268250  0.515516  0.603764  0.256011  0.364507  0.313593  0.061289  0.138311  0.165105  0.145173  0.674075  0.743446  0.635658  0.307036  0.102626  0.744941  0.877752  0.814103  0.659409  0.357478  0.778198  0.857065  0.618015  0.664448  0.255340  0.673195  0.461764  0.180655  0.644982  0.644982  0.614597  0.785689  0.841922  0.760885  0.471651  0.633866  0.444263  0.161535  0.490613  0.585221  0.642778  0.622301  0.542861  0.118768  0.213329  0.541107  0.417209  0.778388  0.561930  0.317461  0.487477  0.779567  0.268102  0.222413  0.159121  0.174617  0.159520  0.382473  0.790662  0.070553  0.528601  0.346278  0.903156  0.799003  0.614409
  2.145000  0.308736  0.767257  0.081144  0.052014  0.393529  0.085856  0.504107  0.864811  0.015295  0.110399  0.738670  0.753669  0.446080  0.765734  0.781701  0.678190  0.795853  0.866432  0.837072  0.317734  0.831246  0.836039  0.773516  0.460321  0.503193  0.294540  0.686409  0.577652  0.395965  0.529462  0.614415  0.510159  0.610587  0.726872  0.638291  0.612592  0.690558  0.689105  0.669778  0.685106  0.724523  0.750019  0.725282  0.763383  0.742058  0.729736  0.718932  0.763857  0.740901  0.726117  0.744983  0.578064  0.388384  0.419973  0.532510  0.739669  0.510194  0.363123  0.846288  0.469963  0.360320  0.483153  0.860717  0.889475  0.712520  0.820428  0.645047  0.686515  0.643782  0.671427  0.756394  0.464456  0.551181  0.540340  0.635333  0.642608  0.563016  0.619209  0.681636  0.042792  0.619424  0.829064  0.816250  0.754304  0.586270  0.643948  0.238400  0.446468  0.838582  0.646800  0.743051  0.752362  0.714569  0.775895  0.180052  0.301487  0.517259  0.598808  0.255128  0.371399  0.314122  0.064208  0.143270  0.165479  0.148141  0.640060  0.744067  0.573425  0.306353  0.102677  0.742964  0.880681  0.811548  0.654796  0.357396  0.764618  0.847956  0.619559  0.664310  0.258128  0.669852  0.461915  0.163719  0.647073  0.647073  0.612007  0.784835  0.837873  0.755625  0.476919  0.636466  0.446503  0.156306  0.484318  0.583116  0.641025  0.623072  0.541987  0.121629  0.216661  0.539421  0.421792  0.757113  0.565517  0.314316  0.486117  0.782245  0.255443  0.218012  0.155578  0.165629  0.153102  0.381030  0.789053  0.066973  0.532453  0.346211  0.890349  0.801227  0.631211
  2.155000  0.308831  0.775051  0.080280  0.051879  0.384410  0.085470  0.489929  0.862465  0.016221  0.114910  0.743999  0.756239  0.436989  0.771205  0.775312  0.669819  0.799677  0.872957  0.838189  0.319355  0.826148  0.828969  0.772340  0.448986  0.506012  0.297215  0.675872  0.577077  0.399149  0.530745  0.595741  0.504762  0.600481  0.723823  0.632843  0.602760  0.693790  0.687098  0.647654  0.671474  0.719151  0.733864  0.713551  0.753988  0.722473  0.722189  0.703204  0.747248  0.721685  0.710658  0.740204  0.545043  0.380024  0.419754  0.523444  0.734825  0.506733  0.366936  0.848008  0.469569  0.360924  0.479679  0.862462  0.889566  0.716501  0.820837  0.641618  0.685758  0.643333  0.670323  0.757150  0.466406  0.549365  0.537450  0.633050  0.637014  0.561822  0.612552  0.678537  0.045013  0.610389  0.821328  0.813299  0.754140  0.579347  0.620038  0.227903  0.437515  0.839374  0.640913  0.738144  0.759351  0.718458  0.775768  0.178399  0.309574  0.512136  0.599552  0.250852  0.367567  0.318101  0.060979  0.140403  0.160058  0.143517  0.541615  0.743758  0.437959  0.315199  0.103259  0.734155  0.877277  0.813914  0.655280  0.350326  0.751980  0.838368  0.611460  0.665073  0.257764  0.668850  0.454427  0.144704  0.646635  0.646635  0.605422  0.784260  0.836584  0.754684  0.475436  0.638414  0.445742  0.153869  0.478425  0.581368  0.634302  0.619990  0.540438  0.123736  0.215708  0.532763  0.421885  0.717782  0.566424  0.316471  0.480762  0.780970  0.250552  0.212024  0.147283  0.160444  0.143290  0.377667  0.780519  0.066468  0.533253  0.350073  0.878700  0.802361  0.628874
  2.165000  0.310768  0.780612  0.081273  0.053653  0.376400  0.088649  0.470926  0.853623  0.014135  0.121697  0.737989  0.749874  0.429846  0.764987  0.768833  0.630161  0.790541  0.867113  0.839439  0.319716  0.822697  0.809182  0.766492  0.436500  0.499549  0.294930  0.654064  0.573624  0.396152  0.531025  0.559763  0.493660  0.573587  0.715313  0.624675  0.596110  0.694904  0.683363  0.611775  0.646108  0.710227  0.703089  0.695000  0.736017  0.692240  0.703661  0.678632  0.722218  0.691246  0.692051  0.728726  0.498477  0.373150  0.421988  0.516797  0.724983  0.504921  0.368663  0.845921  0.471214  0.360858  0.474926  0.850992  0.879936  0.713494  0.812918  0.644614  0.686809  0.645157  0.671597  0.757847  0.461080  0.547637  0.539125  0.637670  0.633386  0.559498  0.609934  0.674223  0.038562  0.599547  0.823317  0.812032  0.753446  0.573461  0.557756  0.223915  0.432343  0.836612  0.635008  0.736339  0.760923  0.716442  0.776527  0.175584  0.303772  0.504117  0.597495  0.244752  0.362103  0.317734  0.061942  0.139080  0.165376  0.142527  0.397867  0.742491  0.295362  0.314219  0.104127  0.718457  0.875745  0.810600  0.652263  0.338108  0.744064  0.830287  0.607945  0.663135  0.259296  0.667337  0.449448  0.137729  0.642260  0.642260  0.596963  0.785820  0.836215  0.753186  0.476466  0.637463  0.446616  0.149554  0.469502  0.576271  0.633555  0.613871  0.543011  0.130887  0.219434  0.535468  0.423279  0.677360  0.560367  0.304364  0.478355  0.775520  0.241328  0.206107  0.140922  0.151026  0.137475  0.375014  0.762364  0.067708  0.532013  0.353243  0.850363  0.800282  0.615385
  2.175000  0.312027  0.782210  0.082580  0.051916  0.364083  0.085562  0.438100  0.846061  0.016729  0.128641  0.729987  0.747423  0.430678  0.759939  0.766473  0.585082  0.794451  0.860988  0.832405  0.318235  0.814868  0.776954  0.756593  0.424262  0.495077  0.294635  0.619806  0.567271  0.391786  0.519682  0.521104  0.471799  0.541157  0.696615  0.614931  0.578136  0.696990  0.682233  0.554569  0.601119  0.695762  0.642792  0.661819  0.704654  0.634856  0.680368  0.636099  0.677691  0.639756  0.650744  0.709331  0.431718  0.368050  0.421731  0.511340  0.714817  0.503666  0.371388  0.844983  0.465302  0.353123  0.469384  0.848472  0.874517  0.716692  0.814555  0.640391  0.685751  0.638758  0.663524  0.756981  0.460842  0.545679  0.537333  0.630495  0.631047  0.555477  0.608004  0.677314  0.034398  0.585390  0.819456  0.808934  0.748067  0.563744  0.465572  0.219488  0.425236  0.837429  0.632279  0.738766  0.763785  0.722851  0.776597  0.180334  0.292191  0.497909  0.599803  0.252836  0.358887  0.317066  0.059809  0.140445  0.164897  0.144232  0.454515  0.744986  0.386094  0.316821  0.103289  0.691469  0.872168  0.811936  0.653706  0.327589  0.742056  0.831499  0.602888  0.662203  0.252578  0.671835  0.435312  0.148239  0.642235  0.642235  0.600375  0.780455  0.832405  0.749935  0.472287  0.635181  0.443533  0.147026  0.471386  0.572089  0.630384  0.606008  0.541743  0.131374  0.215911  0.533646  0.425509  0.673565  0.556737  0.302826  0.476929  0.774664  0.231413  0.200807  0.135078  0.145522  0.134433  0.379156  0.747076  0.066719  0.532085  0.355076  0.829689  0.795075  0.594681
  2.185000  0.312569  0.773562  0.081680  0.054994  0.350397  0.082084  0.405765  0.835980  0.016538  0.140347  0.722628  0.738829  0.442222  0.755674  0.765708  0.526001  0.787249  0.853435  0.829866  0.318271  0.811314  0.735403  0.746229  0.412014  0.483840  0.297432  0.586674  0.551704  0.375701  0.502267  0.486022  0.445006  0.502152  0.665112  0.591743  0.552386  0.694223  0.680787  0.470447  0.531205  0.667290  0.554852  0.609202  0.650420  0.553510  0.640067  0.569039  0.607860  0.563126  0.586403  0.676434  0.411520  0.352696  0.418223  0.507543  0.705279  0.499900  0.370614  0.837785  0.463987  0.350657  0.457591  0.820572  0.858130  0.715705  0.812575  0.644721  0.686569  0.641888  0.666376  0.754142  0.459722  0.545856  0.536537  0.635095  0.634122  0.557917  0.609543  0.675605  0.034149  0.567300  0.822577  0.804841  0.734410  0.544230  0.393805  0.215208  0.417733  0.826924  0.636319  0.739159  0.764964  0.718117  0.774361  0.178498  0.289021  0.489105  0.599648  0.246705  0.359001  0.310848  0.060750  0.137087  0.166339  0.144195  0.599286  0.741658  0.541069  0.316287  0.103019  0.635360  0.870349  0.803082  0.647966  0.321264  0.748785  0.833995  0.597704  0.656625  0.256145  0.670643  0.420170  0.151982  0.638836  0.638836  0.601184  0.783483  0.831486  0.748716  0.477784  0.637279  0.440157  0.143738  0.473478  0.558708  0.619118  0.594324  0.535229  0.130170  0.218013  0.532773  0.424998  0.654998  0.548186  0.299457  0.470288  0.776387  0.223477  0.193383  0.128943  0.140964  0.125955  0.375154  0.724891  0.065931  0.534167  0.356109  0.834772  0.795519  0.579718
  2.195000  0.314018  0.775394  0.082716  0.056302  0.328083  0.082150  0.354244  0.820751  0.013253  0.146219  0.715244  0.738589  0.448339  0.743482  0.757425  0.494643  0.780785  0.845419  0.832159  0.318410  0.805049  0.693959  0.736684  0.400759  0.481439  0.296310  0.555042  0.522355  0.346442  0.471579  0.455111  0.406858  0.466502  0.625522  0.559858  0.518552  0.692137  0.677602  0.399352  0.473253  0.618315  0.480489  0.538995  0.572469  0.473871  0.579470  0.498233  0.537557  0.475258  0.503750  0.616819  0.455455  0.330134  0.418415  0.500818  0.692555  0.498569  0.368330  0.820491  0.456364  0.345149  0.445868  0.812548  0.850589  0.714962  0.815840  0.639732  0.685003  0.640462  0.666292  0.745731  0.459094  0.546725  0.532486  0.635352  0.633525  0.558407  0.607786  0.671129  0.035368  0.541375  0.821583  0.808647  0.727693  0.538944  0.378909  0.209307  0.413521  0.820304  0.634958  0.736726  0.760413  0.719383  0.773583  0.176369  0.287660  0.481123  0.601024  0.242603  0.348845  0.314435  0.064948  0.137926  0.165829  0.144483  0.647817  0.739618  0.601336  0.318345  0.104139  0.600457  0.867429  0.808578  0.652520  0.320185  0.745474  0.835581  0.599164  0.655119  0.255582  0.664805  0.404278  0.154376  0.631387  0.631387  0.603970  0.779917  0.832159  0.747872  0.476353  0.635335  0.435304  0.138721  0.476619  0.563221  0.617372  0.602091  0.530645  0.131125  0.219050  0.532570  0.427185  0.647026  0.544595  0.297233  0.469777  0.769797  0.217723  0.186902  0.125919  0.133312  0.122195  0.374721  0.712707  0.066739  0.531718  0.353192  0.853794  0.795533  0.576980
  2.205000  0.314700  0.762565  0.083452  0.053099  0.296641  0.083290  0.308681  0.801637  0.012054  0.157979  0.706770  0.734070  0.453971  0.751407  0.747791  0.513783  0.778479  0.848570  0.822429  0.320441  0.801347  0.665188  0.736058  0.381759  0.474750  0.299059  0.518704  0.465333  0.296958  0.413442  0.439393  0.373194  0.439947  0.563391  0.519997  0.481588  0.691091  0.673822  0.381464  0.476043  0.552300  0.484532  0.500393  0.506256  0.463578  0.533748  0.476362  0.518945  0.426708  0.446579  0.581924  0.386124  0.336918  0.431111  0.503330  0.685538  0.502532  0.369614  0.801665  0.456455  0.338074  0.436135  0.816121  0.854226  0.715919  0.814944  0.639421  0.685552  0.640611  0.666513  0.746659  0.459082  0.545329  0.532057  0.635491  0.633014  0.552377  0.610955  0.674568  0.030751  0.505853  0.817546  0.802977  0.726652  0.517798  0.442052  0.202039  0.407003  0.819644  0.627954  0.730295  0.754565  0.713394  0.771248  0.176584  0.282549  0.474411  0.599748  0.246945  0.351745  0.313029  0.063495  0.137783  0.165347  0.141919  0.647253  0.738179  0.614073  0.320848  0.102498  0.619105  0.871371  0.803790  0.644591  0.328314  0.741772  0.839063  0.589953  0.648681  0.251186  0.667706  0.402089  0.163638  0.634785  0.634785  0.595381  0.778911  0.827313  0.743562  0.475127  0.629842  0.434404  0.131770  0.478042  0.565945  0.616850  0.590536  0.524464  0.130042  0.214776  0.528319  0.426977  0.651558  0.546325  0.297112  0.466189  0.771433  0.211847  0.185140  0.120747  0.131701  0.114097  0.370541  0.699792  0.067877  0.528738  0.356043  0.851451  0.794389  0.597488
  2.215000  0.315460  0.761823  0.081944  0.049865  0.262920  0.086320  0.360975  0.789685  0.014377  0.168987  0.703034  0.734969  0.466750  0.755360  0.744330  0.546082  0.779457  0.849989  0.827772  0.322953  0.804544  0.665045  0.738842  0.364477  0.472029  0.290649  0.537793  0.431957  0.268559  0.372380  0.457060  0.377160  0.459006  0.576909  0.510450  0.462157  0.684574  0.673608  0.421304  0.533605  0.490695  0.551873  0.513781  0.488194  0.512049  0.525997  0.511472  0.558510  0.438100  0.436360  0.571968  0.477273  0.378776  0.444763  0.518657  0.687428  0.501116  0.367019  0.791657  0.448003  0.332363  0.428197  0.820237  0.860462  0.720075  0.816781  0.643580  0.686033  0.639087  0.666503  0.749293  0.459331  0.541986  0.533826  0.632010  0.636795  0.554640  0.610754  0.669620  0.026726  0.487517  0.815571  0.802883  0.732930  0.493613  0.525151  0.202030  0.401724  0.821813  0.622511  0.727486  0.749035  0.706238  0.768057  0.180171  0.282364  0.463477  0.602279  0.242156  0.356037  0.310833  0.065954  0.137866  0.165746  0.139811  0.643330  0.736877  0.598298  0.325889  0.102340  0.665643  0.870064  0.808096  0.649161  0.340632  0.734048  0.829265  0.589172  0.647848  0.256782  0.673236  0.413984  0.174698  0.638328  0.638328  0.596427  0.779146  0.833465  0.744973  0.473126  0.623308  0.431979  0.127907  0.481447  0.555110  0.613707  0.585993  0.514229  0.128918  0.215263  0.520081  0.429182  0.699996  0.541819  0.299361  0.464011  0.769262  0.204361  0.184224  0.114768  0.123196  0.108041  0.374820  0.717067  0.068998  0.530835  0.353550  0.843760  0.794243  0.625179
  2.225000  0.316223  0.750461  0.082661  0.056986  0.261131  0.085178  0.432680  0.790128  0.015488  0.181172  0.707374  0.728546  0.472348  0.758247  0.761124  0.632574  0.783771  0.852548  0.825844  0.324263  0.809751  0.671475  0.747385  0.341577  0.466712  0.296395  0.564761  0.453205  0.287437  0.387455  0.484054  0.393422  0.484425  0.621441  0.523944  0.469212  0.687967  0.670285  0.486216  0.576274  0.484134  0.630965  0.555240  0.518869  0.569962  0.556202  0.564574  0.610182  0.488561  0.478414  0.602280  0.571825  0.419957  0.459813  0.535349  0.679246  0.504478  0.358489  0.787535  0.443222  0.315504  0.407592  0.828879  0.867027  0.722354  0.814224  0.642163  0.682831  0.638316  0.660115  0.753704  0.462814  0.545898  0.532067  0.631044  0.634652  0.555149  0.604243  0.671107  0.026869  0.486200  0.818510  0.801968  0.770127  0.477057  0.567816  0.199796  0.398422  0.822939  0.620528  0.725373  0.736516  0.702743  0.764929  0.180932  0.295648  0.452960  0.603350  0.234938  0.343293  0.310777  0.065388  0.140554  0.165927  0.143315  0.648954  0.742703  0.610890  0.325849  0.102077  0.673599  0.872339  0.806140  0.648125  0.343293  0.729543  0.821376  0.583276  0.646497  0.252600  0.672407  0.421376  0.185669  0.634352  0.634352  0.600453  0.774095  0.831547  0.744114  0.466853  0.615350  0.430501  0.123953  0.489767  0.554302  0.607526  0.585541  0.513013  0.117075  0.210055  0.518850  0.433161  0.729593  0.539944  0.290641  0.464831  0.771055  0.197784  0.179529  0.111038  0.120661  0.108196  0.375538  0.738303  0.068238  0.530471  0.354544  0.826584  0.792706  0.649525
  2.235000  0.318764  0.741069  0.083618  0.052827  0.257909  0.083618  0.443731  0.789959  0.012676  0.187628  0.713934  0.718735  0.476452  0.757550  0.766770  0.644885  0.776727  0.847627  0.826782  0.325752  0.812294  0.693482  0.748663  0.325066  0.459936  0.295733  0.587254  0.476794  0.306253  0.407055  0.501597  0.403690  0.504288  0.648781  0.559320  0.487213  0.682975  0.668402  0.533147  0.595095  0.517977  0.671933  0.571732  0.555288  0.601446  0.580578  0.590868  0.626640  0.523038  0.507719  0.622174  0.602586  0.441791  0.468477  0.543966  0.674218  0.503586  0.328094  0.772316  0.433839  0.311285  0.390885  0.829188  0.865882  0.723030  0.815254  0.640569  0.685625  0.644133  0.658482  0.753620  0.451731  0.543967  0.535011  0.635051  0.628140  0.555848  0.605291  0.667438  0.025661  0.488090  0.817824  0.802107  0.773777  0.520317  0.582033  0.192741  0.391580  0.835088  0.611623  0.688502  0.686788  0.677246  0.727678  0.178918  0.303168  0.431726  0.609376  0.220530  0.334313  0.305707  0.064482  0.139770  0.166269  0.143578  0.667298  0.735685  0.631741  0.324279  0.101076  0.661757  0.868521  0.806046  0.650878  0.344184  0.707029  0.807326  0.579208  0.634098  0.252174  0.672214  0.419079  0.194156  0.644821  0.644821  0.598632  0.773359  0.830854  0.745752  0.457053  0.605398  0.427150  0.123407  0.490452  0.546713  0.604515  0.581128  0.505261  0.105806  0.204499  0.504478  0.428941  0.735594  0.510830  0.285314  0.455498  0.772855  0.191162  0.167158  0.106794  0.116758  0.106956  0.373692  0.741725  0.072504  0.525865  0.352372  0.807934  0.795981  0.664318
  2.245000  0.315708  0.721957  0.085827  0.051238  0.247996  0.084612  0.417185  0.792859  0.015649  0.196865  0.716697  0.722253  0.480244  0.756838  0.773113  0.650217  0.783008  0.855876  0.830491  0.328044  0.810424  0.722998  0.752926  0.329234  0.456396  0.290870  0.599809  0.496683  0.323162  0.427554  0.522277  0.415139  0.524312  0.668922  0.587226  0.516726  0.683077  0.663993  0.561564  0.612414  0.536098  0.693444  0.588129  0.572134  0.626671  0.594488  0.613952  0.648447  0.546927  0.529300  0.635336  0.608485  0.457767  0.467487  0.552175  0.667054  0.503447  0.308163  0.713477  0.431457  0.313266  0.383406  0.834329  0.865123  0.725155  0.819652  0.641294  0.680393  0.634808  0.661940  0.748299  0.452789  0.540624  0.529753  0.633247  0.624668  0.549667  0.603657  0.663858  0.024525  0.485866  0.820723  0.806234  0.786336  0.530314  0.595496  0.192032  0.384125  0.831463  0.580548  0.636674  0.623314  0.653361  0.703944  0.181383  0.311668  0.402382  0.607024  0.201798  0.305300  0.289770  0.062677  0.140532  0.164711  0.146205  0.661257  0.736314  0.621982  0.327828  0.102146  0.652344  0.870517  0.806126  0.652059  0.346774  0.696963  0.790082  0.578125  0.634127  0.251986  0.675584  0.408427  0.196175  0.640763  0.640763  0.599808  0.764604  0.828049  0.745834  0.456854  0.593703  0.418178  0.120906  0.492686  0.543523  0.602955  0.579177  0.500513  0.090548  0.194745  0.499476  0.424394  0.734850  0.454361  0.277092  0.454719  0.772651  0.186511  0.167763  0.100119  0.110627  0.102550  0.372199  0.745371  0.069947  0.524615  0.349419  0.787392  0.792338  0.673571
  2.255000  0.323619  0.708582  0.081691  0.052543  0.225934  0.081206  0.381639  0.800980  0.015395  0.206918  0.714203  0.722240  0.478963  0.759884  0.776625  0.656200  0.784117  0.855521  0.828500  0.333828  0.814838  0.751747  0.759873  0.336215  0.447352  0.294554  0.623037  0.514276  0.334194  0.447924  0.544140  0.430743  0.544603  0.671966  0.607498  0.539885  0.676511  0.660795  0.583385  0.625944  0.544815  0.703929  0.624661  0.605976  0.649607  0.621097  0.631981  0.677924  0.596238  0.569046  0.654188  0.580129  0.461952  0.475472  0.550017  0.651688  0.504561  0.302231  0.667785  0.421611  0.308298  0.394900  0.837578  0.867175  0.724080  0.813675  0.641792  0.684237  0.634292  0.658990  0.749923  0.453642  0.542816  0.524795  0.633679  0.618192  0.549951  0.606026  0.662192  0.030379  0.484900  0.816302  0.800607  0.797251  0.519890  0.598468  0.189849  0.378490  0.837115  0.595936  0.644311  0.640901  0.657587  0.704111  0.181899  0.321374  0.382600  0.605347  0.195666  0.291624  0.300863  0.065478  0.141085  0.166236  0.145368  0.644652  0.738210  0.595814  0.329619  0.102186  0.647136  0.868480  0.806870  0.654801  0.342850  0.677638  0.780004  0.573962  0.623458  0.250645  0.677326  0.401728  0.197403  0.633955  0.633955  0.593450  0.757148  0.824434  0.744659  0.451798  0.583870  0.401764  0.117742  0.495983  0.536982  0.596399  0.570131  0.485814  0.088527  0.188950  0.487591  0.419587  0.731164  0.434496  0.278368  0.453523  0.778290  0.178314  0.164439  0.101428  0.107953  0.095044  0.368693  0.748367  0.068367  0.517122  0.343528  0.760241  0.793243  0.684922
  2.265000  0.323725  0.694725  0.081609  0.054006  0.204586  0.083064  0.378775  0.807694  0.012650  0.217454  0.721594  0.721882  0.484668  0.753910  0.779384  0.657550  0.784553  0.853038  0.826491  0.341768  0.813005  0.757313  0.759756  0.333559  0.444618  0.295280  0.636765  0.519362  0.344831  0.461543  0.549929  0.441015  0.547620  0.675657  0.618936  0.555749  0.674209  0.654625  0.599080  0.631512  0.585834  0.709185  0.649961  0.646693  0.665921  0.649481  0.643712  0.693417  0.637982  0.613782  0.678299  0.586367  0.458449  0.466674  0.554343  0.634705  0.504873  0.283650  0.734574  0.399826  0.289956  0.388835  0.834024  0.865221  0.725838  0.815825  0.644852  0.685888  0.641371  0.659324  0.749651  0.449879  0.540704  0.531728  0.632759  0.618380  0.549498  0.600152  0.667385  0.028170  0.482985  0.824866  0.806017  0.798859  0.527245  0.599848  0.186784  0.375401  0.840393  0.633845  0.670259  0.664875  0.656627  0.717544  0.182676  0.332270  0.381174  0.602899  0.204539  0.310976  0.298244  0.066825  0.140631  0.167370  0.143380  0.626891  0.740102  0.568165  0.335099  0.102698  0.647859  0.870531  0.803105  0.653441  0.347890  0.653779  0.764238  0.570599  0.623769  0.244843  0.676839  0.399003  0.197867  0.636963  0.636963  0.595833  0.745175  0.832178  0.744270  0.431428  0.560829  0.398656  0.117037  0.494584  0.524000  0.582354  0.557689  0.478408  0.081092  0.185109  0.476332  0.422817  0.731930  0.456063  0.278481  0.450788  0.775600  0.171143  0.159551  0.096462  0.100852  0.092905  0.371825  0.752865  0.068417  0.514233  0.338496  0.734113  0.793374  0.687480
  2.275000  0.320057  0.681317  0.081681  0.056121  0.206093  0.085551  0.398056  0.802291  0.014298  0.228260  0.721686  0.727365  0.481028  0.762335  0.778248  0.662050  0.782411  0.863176  0.830260  0.345276  0.816142  0.741847  0.757600  0.330000  0.440200  0.295693  0.633480  0.515410  0.344070  0.465169  0.555267  0.443177  0.548047  0.670874  0.624964  0.550454  0.666444  0.648610  0.606836  0.637045  0.621447  0.713327  0.658737  0.670554  0.671611  0.662676  0.649899  0.698688  0.657296  0.631336  0.698094  0.583583  0.443189  0.458959  0.550505  0.612446  0.504102  0.267013  0.790661  0.361928  0.257822  0.357820  0.838752  0.874185  0.728394  0.821188  0.641135  0.683318  0.635201  0.661496  0.752187  0.451672  0.539697  0.533123  0.634832  0.625796  0.551749  0.604066  0.664783  0.023274  0.488431  0.818082  0.807446  0.805447  0.524042  0.596574  0.183268  0.371469  0.840418  0.651031  0.663505  0.652636  0.641326  0.714968  0.178754  0.344422  0.382712  0.589586  0.201507  0.301942  0.288520  0.067486  0.141267  0.168474  0.143766  0.604484  0.738409  0.535698  0.331669  0.103164  0.657887  0.866318  0.807020  0.653925  0.346681  0.631768  0.748938  0.566796  0.618198  0.242110  0.677793  0.401388  0.203932  0.632662  0.632662  0.585619  0.726579  0.831883  0.743878  0.392789  0.515788  0.398516  0.115883  0.493520  0.508043  0.565633  0.541660  0.462319  0.066405  0.172774  0.465480  0.428745  0.729682  0.439460  0.283666  0.451174  0.777045  0.170333  0.155135  0.094053  0.099742  0.088650  0.371260  0.753565  0.068850  0.509503  0.333966  0.701378  0.795143  0.687470
  2.285000  0.324011  0.666251  0.082661  0.053017  0.219821  0.080168  0.402240  0.786508  0.017267  0.234207  0.716114  0.714071  0.488843  0.757395  0.772421  0.655168  0.779703  0.852432  0.828791  0.349797  0.813186  0.731038  0.753690  0.315177  0.438086  0.294194  0.628547  0.503968  0.333059  0.459323  0.533759  0.438603  0.541765  0.655695  0.613731  0.552072  0.662283  0.641846  0.606527  0.635273  0.632844  0.711095  0.662610  0.670339  0.669956  0.662368  0.649196  0.699695  0.659407  0.635405  0.695340  0.568245  0.452824  0.461066  0.545336  0.578821  0.508535  0.250594  0.802601  0.326103  0.224215  0.330934  0.827728  0.869670  0.729690  0.823759  0.640901  0.685754  0.622120  0.652023  0.755162  0.449240  0.543261  0.532868  0.635350  0.626160  0.547364  0.603158  0.672262  0.027426  0.494670  0.827981  0.803037  0.796756  0.518879  0.584297  0.178748  0.364695  0.839066  0.653369  0.630289  0.597523  0.626685  0.691395  0.180353  0.342370  0.396203  0.579418  0.176042  0.287539  0.307869  0.064038  0.142236  0.166397  0.147462  0.570066  0.737986  0.490784  0.329458  0.102065  0.661713  0.875872  0.804407  0.654181  0.346889  0.602587  0.731125  0.563196  0.623920  0.242378  0.672808  0.402317  0.216936  0.625477  0.625477  0.576312  0.713125  0.831221  0.743754  0.332940  0.433953  0.389982  0.103934  0.489305  0.465683  0.524648  0.498144  0.433673  0.066235  0.169698  0.458044  0.432423  0.725704  0.417438  0.285806  0.453752  0.777398  0.162254  0.153814  0.090099  0.095685  0.084953  0.376184  0.756270  0.064875  0.504541  0.324841  0.675482  0.799839  0.680954
  2.295000  0.325363  0.663683  0.084686  0.053302  0.241643  0.087490  0.373091  0.766277  0.016538  0.244737  0.706186  0.716067  0.463313  0.761099  0.780187  0.649166  0.783894  0.862655  0.833470  0.346877  0.809698  0.720221  0.746134  0.302885  0.425207  0.293074  0.616747  0.493036  0.320118  0.445751  0.524277  0.420581  0.528325  0.649595  0.609019  0.536606  0.657238  0.633694  0.589864  0.632055  0.633114  0.698376  0.660727  0.672000  0.665554  0.662779  0.638186  0.688616  0.653485  0.631113  0.700549  0.529879  0.468653  0.448042  0.545336  0.523289  0.503640  0.239053  0.798163  0.329391  0.217938  0.327747  0.833467  0.868307  0.730990  0.817014  0.644261  0.687273  0.638508  0.656316  0.739267  0.449391  0.554220  0.532851  0.635870  0.626540  0.548960  0.599880  0.657777  0.030938  0.501874  0.824545  0.801261  0.800480  0.501062  0.558651  0.176077  0.366349  0.840509  0.646489  0.593975  0.554679  0.552522  0.624889  0.181696  0.339800  0.406499  0.559003  0.164650  0.270581  0.303364  0.067122  0.142533  0.168275  0.140290  0.548663  0.732400  0.458580  0.322773  0.101905  0.670200  0.870589  0.805020  0.656120  0.345372  0.569165  0.703552  0.557251  0.613492  0.228743  0.671048  0.363149  0.217020  0.600128  0.600128  0.564452  0.702620  0.839149  0.744350  0.294141  0.381264  0.373200  0.105499  0.484097  0.433474  0.499618  0.462814  0.405734  0.062248  0.158014  0.439863  0.434276  0.712715  0.326061  0.288626  0.446558  0.776759  0.158123  0.145258  0.091438  0.091336  0.081343  0.367086  0.745493  0.065890  0.480343  0.302172  0.650450  0.791999  0.680082
  2.305000  0.327516  0.644426  0.081102  0.048327  0.268578  0.081021  0.347407  0.754301  0.015670  0.251781  0.704272  0.722344  0.467272  0.758025  0.769827  0.628484  0.788544  0.861013  0.832286  0.350276  0.807140  0.732912  0.744730  0.309264  0.410245  0.294902  0.601944  0.479975  0.315803  0.425281  0.504829  0.415306  0.518253  0.640827  0.594908  0.522141  0.646065  0.624680  0.563665  0.613651  0.631808  0.670370  0.645245  0.653322  0.641159  0.654560  0.623864  0.670807  0.626984  0.609166  0.691320  0.511775  0.464799  0.446014  0.543500  0.479581  0.499732  0.219666  0.786529  0.358198  0.255297  0.357376  0.826438  0.867744  0.732292  0.817764  0.642069  0.687507  0.636035  0.652034  0.741199  0.448508  0.545434  0.533970  0.636391  0.626900  0.550580  0.595443  0.656057  0.026367  0.506960  0.824199  0.807217  0.795735  0.489129  0.527415  0.173928  0.362439  0.833538  0.636054  0.550867  0.494978  0.498481  0.592064  0.179006  0.335394  0.408268  0.529944  0.177362  0.286613  0.283231  0.066349  0.136823  0.168241  0.145815  0.525505  0.735982  0.431662  0.316169  0.101605  0.666839  0.870544  0.812055  0.650496  0.334062  0.537570  0.681166  0.560797  0.603958  0.203688  0.647019  0.344724  0.231877  0.605578  0.605578  0.560671  0.688806  0.827434  0.744950  0.269426  0.348663  0.344680  0.107314  0.478895  0.401300  0.464558  0.434747  0.375168  0.053133  0.150420  0.427712  0.432117  0.703217  0.307718  0.279135  0.446131  0.774714  0.153354  0.150552  0.086425  0.087284  0.077754  0.371997  0.737172  0.068793  0.480085  0.302074  0.630886  0.798770  0.666478
  2.315000  0.326327  0.649129  0.087376  0.055623  0.280069  0.083571  0.339564  0.739899  0.022004  0.260186  0.696348  0.704803  0.459138  0.758514  0.773112  0.610420  0.783762  0.851245  0.828513  0.340050  0.797806  0.702549  0.736672  0.293851  0.398791  0.300184  0.591827  0.463641  0.295335  0.413356  0.494149  0.404154  0.510977  0.626581  0.575730  0.501649  0.643396  0.618978  0.525719  0.588469  0.611957  0.643252  0.630197  0.635092  0.614261  0.636244  0.605525  0.650452  0.586258  0.577853  0.673152  0.509522  0.448416  0.429295  0.535614  0.438375  0.498752  0.186336  0.770714  0.391956  0.282374  0.368847  0.819661  0.864007  0.734815  0.817658  0.645345  0.687396  0.636283  0.655314  0.740803  0.443871  0.541942  0.535090  0.634465  0.627260  0.552182  0.596408  0.664105  0.027746  0.516580  0.821164  0.809977  0.787067  0.473612  0.487763  0.169644  0.353175  0.840594  0.632446  0.507264  0.441791  0.448003  0.543121  0.183215  0.332075  0.413568  0.511599  0.160679  0.275049  0.279580  0.066015  0.140003  0.171411  0.145913  0.488115  0.736701  0.387678  0.314204  0.101472  0.653021  0.875808  0.810021  0.650985  0.330693  0.519967  0.667023  0.559170  0.605370  0.203726  0.642983  0.334258  0.228028  0.625292  0.625292  0.572105  0.677958  0.831780  0.745547  0.233905  0.313960  0.308224  0.105571  0.461599  0.380637  0.448969  0.406441  0.355610  0.049847  0.135174  0.423699  0.432069  0.682282  0.297797  0.265203  0.445009  0.783487  0.152115  0.142189  0.085994  0.089724  0.079355  0.369170  0.724942  0.067670  0.463787  0.280204  0.608739  0.795973  0.662350
  2.325000  0.330060  0.690168  0.084690  0.049003  0.277056  0.083317  0.329817  0.738767  0.020599  0.272146  0.689309  0.693012  0.454047  0.760288  0.777910  0.594162  0.784518  0.855650  0.835519  0.333034  0.792085  0.622216  0.727395  0.230733  0.392976  0.299266  0.581730  0.452788  0.281882  0.398391  0.489070  0.388825  0.494827  0.614627  0.556874  0.488247  0.634366  0.610599  0.489445  0.563296  0.578488  0.608888  0.598946  0.593306  0.576576  0.611755  0.577341  0.624470  0.539566  0.539844  0.654883  0.512749  0.430980  0.418528  0.522784  0.421158  0.499222  0.191330  0.771515  0.394361  0.292184  0.377551  0.810309  0.856384  0.734398  0.826733  0.648606  0.691495  0.647970  0.671686  0.746147  0.437306  0.546654  0.536220  0.634459  0.627616  0.556649  0.600356  0.660600  0.034542  0.521191  0.826560  0.812714  0.780664  0.458913  0.462634  0.168223  0.354482  0.842525  0.614446  0.488065  0.431431  0.427119  0.530282  0.182427  0.320371  0.407866  0.488393  0.173919  0.274781  0.284867  0.069895  0.142432  0.168940  0.144451  0.496285  0.733747  0.406818  0.330581  0.101684  0.642531  0.876042  0.812604  0.653892  0.328846  0.502714  0.649727  0.556092  0.601229  0.228205  0.601114  0.320262  0.207447  0.639276  0.639276  0.571097  0.666067  0.838777  0.746008  0.290137  0.388573  0.277010  0.106990  0.448978  0.423985  0.486145  0.449045  0.389768  0.046544  0.129542  0.418464  0.428189  0.671651  0.312574  0.253650  0.445448  0.784794  0.150062  0.136456  0.079460  0.083964  0.073920  0.365701  0.720712  0.066694  0.448525  0.262783  0.576654  0.799455  0.647897
  2.335000  0.327025  0.708718  0.087109  0.054431  0.260921  0.081473  0.307152  0.747549  0.025247  0.278443  0.685207  0.683110  0.440686  0.754492  0.773910  0.572347  0.775733  0.846476  0.833804  0.325182  0.786711  0.574102  0.716166  0.200333  0.375797  0.301043  0.565449  0.443771  0.270518  0.385405  0.473285  0.378300  0.485112  0.597656  0.540156  0.471010  0.619837  0.602603  0.459585  0.538797  0.544454  0.574642  0.569024  0.558929  0.543311  0.585689  0.551786  0.594165  0.501233  0.496965  0.632327  0.509536  0.407032  0.404521  0.509165  0.428726  0.496885  0.209697  0.758130  0.394272  0.292317  0.366582  0.796154  0.850123  0.737526  0.821908  0.649730  0.693890  0.647920  0.670362  0.745885  0.441253  0.550823  0.537340  0.631551  0.632084  0.560596  0.598693  0.667738  0.034473  0.525457  0.836239  0.808645  0.768987  0.440081  0.448174  0.169510  0.351031  0.837451  0.593274  0.519966  0.473897  0.460762  0.566330  0.180616  0.314326  0.405572  0.481430  0.177092  0.269394  0.284868  0.067602  0.141209  0.167477  0.149259  0.533979  0.739472  0.449755  0.342415  0.102343  0.624857  0.875786  0.808187  0.654120  0.321788  0.491003  0.643740  0.556005  0.595137  0.232763  0.567605  0.308544  0.205012  0.645442  0.645442  0.577230  0.658414  0.837050  0.747776  0.332738  0.455697  0.257351  0.105725  0.432014  0.447255  0.503854  0.468917  0.410642  0.044818  0.137205  0.411871  0.423735  0.669382  0.343981  0.261842  0.443395  0.778286  0.146854  0.137988  0.077552  0.078977  0.077101  0.369782  0.707859  0.067961  0.432557  0.247396  0.534926  0.800851  0.644626
  2.345000  0.328045  0.714755  0.084930  0.052501  0.230274  0.080106  0.294910  0.749615  0.026824  0.290889  0.680453  0.686076  0.428717  0.756210  0.774637  0.566437  0.783346  0.853571  0.831139  0.317552  0.777237  0.558058  0.705131  0.197459  0.369054  0.300663  0.556041  0.426318  0.258051  0.375155  0.461475  0.364365  0.474284  0.587654  0.528607  0.466835  0.605775  0.589295  0.436915  0.524302  0.520794  0.553972  0.550169  0.534293  0.523456  0.564714  0.532677  0.577453  0.476213  0.473211  0.611539  0.478828  0.385175  0.384378  0.490292  0.440243  0.491861  0.243547  0.731436  0.384273  0.278086  0.355581  0.793431  0.852563  0.739374  0.823153  0.649357  0.690500  0.646560  0.672635  0.743904  0.445697  0.549025  0.540454  0.631343  0.631943  0.561657  0.600635  0.669387  0.029440  0.529587  0.827094  0.806871  0.770603  0.433150  0.449358  0.165806  0.350119  0.833769  0.564148  0.557888  0.519612  0.487227  0.588256  0.178365  0.309367  0.399775  0.490401  0.170617  0.267069  0.279971  0.067328  0.141042  0.169161  0.147473  0.526766  0.732184  0.438033  0.345052  0.100824  0.621810  0.876107  0.811400  0.650751  0.324002  0.478761  0.633042  0.554033  0.585506  0.232537  0.556028  0.309621  0.195807  0.642896  0.642896  0.572411  0.659801  0.837610  0.747578  0.339972  0.477131  0.250823  0.109706  0.409875  0.436669  0.497085  0.458477  0.400245  0.048833  0.152769  0.411632  0.417158  0.664386  0.355303  0.267384  0.438544  0.785913  0.142390  0.131315  0.074302  0.079544  0.073128  0.367772  0.700990  0.067433  0.414833  0.230373  0.500160  0.798964  0.652211
  2.355000  0.327222  0.706826  0.081907  0.054576  0.210073  0.083516  0.301351  0.748302  0.028977  0.304680  0.680420  0.677961  0.396906  0.755972  0.768837  0.557706  0.776684  0.842650  0.834322  0.308096  0.774996  0.538166  0.700554  0.184665  0.342651  0.300863  0.544846  0.417986  0.251920  0.362029  0.447960  0.350349  0.462656  0.571971  0.526249  0.461659  0.587817  0.577343  0.433820  0.522859  0.509985  0.555603  0.542420  0.526582  0.520607  0.557120  0.526298  0.572389  0.471025  0.467211  0.609640  0.457089  0.373802  0.368361  0.468640  0.452400  0.485152  0.265461  0.695788  0.375971  0.271032  0.341184  0.779512  0.843928  0.735109  0.818534  0.654718  0.695198  0.650200  0.672880  0.739246  0.445844  0.549002  0.543400  0.632204  0.633846  0.561381  0.606920  0.668000  0.029896  0.530840  0.824615  0.812483  0.759987  0.428259  0.455724  0.161552  0.346082  0.828508  0.516643  0.571847  0.531902  0.521209  0.608618  0.185261  0.297012  0.391339  0.509107  0.176013  0.274953  0.290584  0.067071  0.141927  0.170769  0.142973  0.522955  0.735809  0.431634  0.350778  0.100940  0.618472  0.876151  0.809895  0.645291  0.318866  0.453663  0.619312  0.548449  0.584713  0.232926  0.599752  0.314871  0.183438  0.647149  0.647149  0.571321  0.661684  0.836748  0.746965  0.333232  0.471353  0.262358  0.106740  0.386866  0.418468  0.479984  0.439342  0.379722  0.070735  0.175977  0.423362  0.409071  0.667431  0.393290  0.267651  0.437516  0.776501  0.141309  0.129215  0.074688  0.079895  0.069290  0.368777  0.692847  0.065148  0.394102  0.213118  0.518288  0.801440  0.660653
  2.365000  0.326558  0.693198  0.085107  0.053311  0.211297  0.079822  0.310392  0.747116  0.033920  0.317878  0.682664  0.684724  0.358511  0.757058  0.768734  0.562130  0.777764  0.843896  0.834899  0.297884  0.770825  0.550934  0.701384  0.186553  0.331535  0.300796  0.537151  0.400531  0.241925  0.347931  0.440107  0.343610  0.456751  0.561890  0.531694  0.460935  0.572999  0.559906  0.447312  0.534177  0.512250  0.570642  0.544900  0.530042  0.533449  0.557203  0.534679  0.581525  0.476500  0.469923  0.608936  0.461892  0.350939  0.351311  0.445836  0.469359  0.483454  0.275529  0.671543  0.363224  0.257827  0.322846  0.783602  0.847909  0.739853  0.823088  0.653912  0.697813  0.653189  0.672521  0.746110  0.456593  0.551476  0.545243  0.630755  0.635394  0.560419  0.606939  0.670172  0.031435  0.530648  0.825202  0.813888  0.768916  0.415461  0.460370  0.163752  0.339207  0.831491  0.447239  0.559899  0.511250  0.499829  0.597795  0.184495  0.285726  0.379656  0.527127  0.188613  0.288972  0.283823  0.066007  0.140916  0.167495  0.145480  0.534841  0.736357  0.448078  0.357879  0.102076  0.621876  0.876686  0.805859  0.651943  0.320859  0.453658  0.615670  0.544378  0.592687  0.221696  0.651862  0.325549  0.178923  0.650396  0.650396  0.569049  0.657041  0.835707  0.748431  0.323117  0.457341  0.279780  0.107564  0.359505  0.392662  0.463209  0.428557  0.367120  0.072108  0.177801  0.428607  0.406529  0.668536  0.391282  0.268597  0.439788  0.775393  0.139845  0.128665  0.073020  0.074458  0.068817  0.372419  0.690300  0.066530  0.371877  0.190721  0.570252  0.801764  0.665146
  2.375000  0.325631  0.678351  0.085838  0.056341  0.220205  0.083832  0.326999  0.744579  0.035539  0.323229  0.681227  0.695246  0.316177  0.756662  0.765397  0.565953  0.780137  0.846012  0.836276  0.287937  0.774865  0.588500  0.700515  0.216841  0.324928  0.300452  0.523314  0.385839  0.231954  0.339705  0.429460  0.328806  0.440070  0.547707  0.536916  0.450952  0.550275  0.540616  0.452239  0.532332  0.522829  0.578172  0.542757  0.529535  0.534635  0.559473  0.534540  0.577322  0.478538  0.477547  0.615770  0.443102  0.327463  0.325881  0.415280  0.472884  0.485810  0.259599  0.641172  0.345120  0.244767  0.306473  0.789691  0.855111  0.742281  0.827617  0.650603  0.696997  0.647990  0.670241  0.740080  0.452219  0.550967  0.540968  0.632531  0.633126  0.563670  0.604569  0.666458  0.033728  0.531012  0.829817  0.815286  0.763031  0.399472  0.453561  0.161537  0.339767  0.832000  0.370654  0.530147  0.473667  0.452765  0.562768  0.186536  0.270012  0.366479  0.547939  0.197649  0.308365  0.297014  0.069513  0.141991  0.174388  0.149050  0.546810  0.736657  0.450975  0.353469  0.102224  0.622456  0.879575  0.808252  0.652534  0.317284  0.502171  0.639181  0.541929  0.598617  0.207003  0.674493  0.337525  0.164516  0.650007  0.650007  0.562820  0.642010  0.842734  0.749491  0.286564  0.408834  0.284781  0.108751  0.323833  0.370740  0.428735  0.392463  0.342536  0.062666  0.169998  0.445780  0.407848  0.657660  0.357592  0.271700  0.437331  0.776225  0.134118  0.131242  0.071732  0.073853  0.068716  0.373105  0.688556  0.068428  0.340498  0.168990  0.660570  0.800361  0.660163
  2.386000  0.324087  0.660435  0.087600  0.055864  0.219691  0.081665  0.327159  0.734101  0.038316  0.338193  0.672759  0.686983  0.285646  0.756225  0.764972  0.567904  0.776087  0.844965  0.835749  0.278022  0.765407  0.593732  0.690712  0.223560  0.315715  0.302139  0.515248  0.373337  0.218528  0.325578  0.418168  0.318821  0.430870  0.534119  0.532759  0.442937  0.527200  0.519405  0.451487  0.528578  0.531387  0.573523  0.542750  0.532902  0.532240  0.560930  0.531482  0.575985  0.479940  0.478981  0.612667  0.421767  0.309627  0.302932  0.384205  0.465893  0.475533  0.246472  0.604513  0.324136  0.226271  0.291244  0.792669  0.850249  0.740601  0.825352  0.650524  0.692697  0.651425  0.674854  0.739547  0.452378  0.550138  0.544551  0.629883  0.634844  0.562303  0.601503  0.667916  0.029463  0.525832  0.827682  0.814774  0.760872  0.386128  0.445346  0.158525  0.335669  0.824648  0.357800  0.528307  0.477265  0.460122  0.566901  0.193993  0.259670  0.351722  0.558137  0.204556  0.315665  0.295930  0.068023  0.142056  0.169616  0.148793  0.510921  0.730010  0.413220  0.350695  0.101538  0.618287  0.874187  0.810799  0.646250  0.316116  0.599577  0.703414  0.539041  0.601796  0.214750  0.663594  0.334410  0.149086  0.640477  0.640477  0.556857  0.634218  0.840589  0.747735  0.260336  0.374659  0.279616  0.107824  0.285376  0.338266  0.400023  0.368086  0.319337  0.065402  0.163513  0.451071  0.412753  0.651016  0.332934  0.275353  0.431938  0.782829  0.136166  0.121364  0.070471  0.070116  0.066830  0.369589  0.680707  0.067864  0.317226  0.148441  0.734702  0.803091  0.647695
  2.400000  0.323771  0.644531  0.084440  0.055651  0.213189  0.081481  0.319352  0.727412  0.042366  0.355567  0.659945  0.682440  0.254074  0.756814  0.763368  0.560821  0.771015  0.833736  0.834305  0.266524  0.756798  0.610932  0.676793  0.239031  0.302199  0.304748  0.504052  0.355297  0.210571  0.312454  0.404312  0.301306  0.421737  0.517756  0.524381  0.429270  0.500281  0.495473  0.450700  0.527485  0.540233  0.572633  0.542507  0.541370  0.531044  0.564107  0.529339  0.574149  0.488781  0.486362  0.611584  0.442084  0.273444  0.271310  0.346808  0.455514  0.467729  0.247033  0.566435  0.307714  0.210218  0.278661  0.785398  0.848028  0.741581  0.823303  0.650328  0.693594  0.650778  0.673985  0.735752  0.451127  0.546888  0.544099  0.628904  0.634767  0.563528  0.603465  0.667688  0.026041  0.519461  0.827840  0.814909  0.753536  0.372635  0.433017  0.157476  0.334315  0.821720  0.399830  0.563075  0.525299  0.509297  0.601968  0.191595  0.248913  0.339872  0.560637  0.207152  0.324714  0.296830  0.068157  0.144336  0.172150  0.145216  0.498782  0.733140  0.400515  0.357471  0.101558  0.611526  0.876890  0.810705  0.645269  0.312841  0.664330  0.761525  0.539367  0.604517  0.232548  0.638884  0.337115  0.134155  0.637487  0.637487  0.546898  0.630634  0.835922  0.746374  0.264809  0.388341  0.257393  0.103928  0.251822  0.333680  0.388158  0.359661  0.311377  0.062429  0.160956  0.453175  0.412875  0.644424  0.350628  0.275071  0.435468  0.780573  0.128446  0.120346  0.067791  0.070381  0.063153  0.366657  0.678469  0.065059  0.286768  0.126899  0.773524  0.803134  0.622412
  2.418000  0.323012  0.622406  0.085698  0.052897  0.216484  0.083457  0.312666  0.720278  0.052781  0.373635  0.627884  0.681067  0.235662  0.754178  0.759276  0.545041  0.768472  0.830749  0.834145  0.251094  0.731518  0.630132  0.644264  0.259672  0.289016  0.300943  0.488650  0.336398  0.198442  0.296908  0.390902  0.285977  0.400441  0.495373  0.510362  0.412251  0.461947  0.458275  0.428720  0.503502  0.534013  0.542172  0.534488  0.539515  0.505364  0.556876  0.510677  0.555168  0.478224  0.477577  0.604644  0.454646  0.186637  0.220682  0.300769  0.428484  0.449483  0.237938  0.492071  0.304751  0.206492  0.268866  0.779489  0.845954  0.741516  0.823867  0.653592  0.695157  0.653411  0.678116  0.737277  0.450443  0.546568  0.547380  0.633378  0.634567  0.560994  0.601838  0.669460  0.026032  0.501525  0.826860  0.812289  0.742432  0.352583  0.399660  0.155430  0.330790  0.815635  0.430356  0.586694  0.551663  0.533478  0.617697  0.190593  0.240483  0.326582  0.556962  0.213145  0.325849  0.300423  0.068191  0.142047  0.173478  0.147569  0.501413  0.729617  0.394810  0.366879  0.102223  0.593115  0.876767  0.807805  0.641575  0.306103  0.654600  0.765780  0.535127  0.598304  0.235032  0.622553  0.346601  0.114276  0.641476  0.641476  0.533125  0.623285  0.837383  0.746076  0.262825  0.395191  0.231424  0.099831  0.231427  0.324502  0.375822  0.350204  0.301578  0.059622  0.156912  0.445161  0.409410  0.632556  0.392628  0.269168  0.430595  0.780946  0.125072  0.114993  0.064567  0.065544  0.060125  0.369402  0.668154  0.064784  0.258643  0.104266  0.779945  0.803905  0.536749
  2.440000  0.322089  0.584097  0.086793  0.055205  0.229482  0.081284  0.304317  0.702900  0.064235  0.396262  0.582623  0.686065  0.232148  0.745591  0.747050  0.514143  0.755618  0.817149  0.829368  0.237065  0.696427  0.629995  0.595118  0.260570  0.281510  0.297919  0.471982  0.314774  0.180203  0.278484  0.370882  0.268962  0.382358  0.472710  0.494388  0.395838  0.424782  0.425496  0.406347  0.482349  0.514645  0.515499  0.511606  0.521006  0.477901  0.533728  0.483882  0.528127  0.454133  0.456730  0.588471  0.433586  0.161714  0.183854  0.273247  0.380670  0.430141  0.229642  0.451980  0.299901  0.201556  0.257895  0.770112  0.832737  0.735266  0.821435  0.655329  0.695622  0.652174  0.672005  0.729543  0.446140  0.551126  0.542562  0.629487  0.634236  0.561672  0.599351  0.670924  0.021863  0.473324  0.821270  0.809934  0.729456  0.337645  0.381550  0.151771  0.324977  0.800468  0.392788  0.579393  0.546084  0.525538  0.613869  0.194820  0.223344  0.310469  0.543834  0.212013  0.323248  0.295214  0.068793  0.143086  0.173178  0.145402  0.489883  0.728912  0.383671  0.373939  0.101622  0.576495  0.872820  0.801926  0.633729  0.298909  0.613242  0.734780  0.525141  0.590442  0.232688  0.646766  0.352153  0.098447  0.634301  0.634301  0.523643  0.611955  0.830988  0.742156  0.243112  0.367738  0.221682  0.096509  0.212702  0.311585  0.362229  0.336544  0.288996  0.053855  0.149912  0.425909  0.413540  0.614849  0.406578  0.272395  0.432636  0.775764  0.123219  0.111706  0.060903  0.061937  0.057454  0.369168  0.651670  0.064303  0.236559  0.088736  0.750421  0.801010  0.540993
  2.466000  0.324257  0.544276  0.084131  0.053177  0.264965  0.080777  0.314077  0.687045  0.063478  0.396850  0.519563  0.671203  0.224272  0.741613  0.736260  0.519130  0.749507  0.808848  0.826911  0.220944  0.651559  0.623678  0.535069  0.241444  0.270514  0.290658  0.451657  0.291054  0.164571  0.259520  0.351786  0.250545  0.365766  0.447271  0.493140  0.381848  0.388885  0.391331  0.419223  0.490708  0.512187  0.527278  0.511523  0.525095  0.486181  0.532119  0.482669  0.528322  0.463774  0.469911  0.589780  0.416906  0.195088  0.166478  0.268046  0.329042  0.414982  0.225873  0.392479  0.280862  0.188161  0.238110  0.760123  0.829173  0.736460  0.822079  0.653811  0.695029  0.654803  0.675187  0.723551  0.437286  0.545850  0.541971  0.628803  0.631443  0.561273  0.598432  0.662650  0.023929  0.439869  0.821242  0.807472  0.720653  0.330546  0.398326  0.149706  0.322844  0.794059  0.367513  0.592098  0.567379  0.546713  0.620028  0.195567  0.207876  0.291383  0.538405  0.198064  0.315135  0.298720  0.068311  0.141934  0.173670  0.144808  0.493291  0.725169  0.378565  0.378111  0.101811  0.580195  0.874306  0.802134  0.626198  0.292677  0.534809  0.670159  0.520591  0.578199  0.231375  0.665482  0.354374  0.102579  0.621324  0.621324  0.524520  0.596509  0.829341  0.741863  0.218087  0.338318  0.209647  0.089136  0.199816  0.297291  0.346029  0.321724  0.274681  0.058102  0.146245  0.387677  0.420452  0.611971  0.398724  0.274870  0.433047  0.778543  0.114692  0.106485  0.057776  0.058766  0.054447  0.367501  0.640383  0.065875  0.221485  0.077653  0.658219  0.802366  0.592584
  2.496000  0.323044  0.522378  0.087482  0.054585  0.298134  0.079882  0.324124  0.678190  0.058427  0.386012  0.478259  0.669236  0.239617  0.743803  0.732177  0.538541  0.746073  0.801022  0.827708  0.212384  0.616312  0.627991  0.490353  0.214419  0.259440  0.294862  0.436734  0.268471  0.148711  0.239215  0.339743  0.231660  0.351477  0.425183  0.487246  0.369629  0.361007  0.360860  0.445875  0.507792  0.533861  0.558098  0.530059  0.557623  0.508483  0.547928  0.498789  0.547453  0.495590  0.501025  0.606432  0.382103  0.262590  0.158626  0.283846  0.329163  0.415981  0.214029  0.571776  0.256436  0.167846  0.216170  0.757063  0.830812  0.737852  0.822020  0.656383  0.699997  0.654936  0.678462  0.725257  0.440270  0.548796  0.550787  0.629555  0.635572  0.562369  0.598563  0.666246  0.021673  0.412692  0.822024  0.813093  0.718372  0.307381  0.417189  0.147799  0.318199  0.791758  0.395700  0.602882  0.582450  0.559703  0.633724  0.203130  0.196943  0.270916  0.551780  0.196897  0.300594  0.285482  0.070301  0.142126  0.174170  0.146606  0.459802  0.727498  0.331076  0.389693  0.102147  0.589675  0.872791  0.803655  0.622125  0.288378  0.426513  0.589252  0.513428  0.565970  0.236300  0.658013  0.351681  0.122562  0.619474  0.619474  0.533267  0.580402  0.830144  0.744159  0.202055  0.324610  0.192972  0.083593  0.200081  0.263274  0.317833  0.291889  0.246075  0.049338  0.143794  0.341417  0.419840  0.605214  0.404667  0.278513  0.436401  0.774864  0.113721  0.102443  0.054083  0.056721  0.053787  0.363784  0.627179  0.064205  0.204205  0.071306  0.531101  0.806615  0.539943
  2.528000  0.322849  0.547878  0.086490  0.053754  0.294002  0.077952  0.319469  0.666846  0.048790  0.366768  0.461828  0.665675  0.238587  0.738249  0.718278  0.556725  0.732365  0.794330  0.818957  0.217397  0.605023  0.615525  0.476195  0.202707  0.266696  0.295315  0.415679  0.249021  0.136832  0.219192  0.321697  0.216833  0.335637  0.399760  0.480072  0.357851  0.335227  0.334707  0.469409  0.525521  0.548169  0.587738  0.547609  0.582418  0.530904  0.557874  0.511306  0.565340  0.530439  0.526424  0.617126  0.349144  0.268779  0.146742  0.276948  0.258359  0.411818  0.208833  0.692956  0.246084  0.156428  0.203899  0.748949  0.823127  0.733367  0.815405  0.657174  0.700161  0.659933  0.676220  0.716877  0.440285  0.548328  0.544323  0.622746  0.628694  0.562657  0.597456  0.668477  0.021852  0.392773  0.816567  0.808602  0.717922  0.280523  0.439031  0.142896  0.313516  0.777746  0.411583  0.605574  0.593046  0.564660  0.633400  0.203127  0.185958  0.255555  0.521416  0.190815  0.294322  0.288537  0.070242  0.143754  0.173458  0.144537  0.469568  0.722779  0.341004  0.398575  0.102232  0.595419  0.868383  0.797807  0.616247  0.286846  0.367208  0.538753  0.504860  0.550573  0.230217  0.654957  0.349503  0.123448  0.625690  0.625690  0.542326  0.553856  0.824532  0.738191  0.188413  0.304934  0.177576  0.077301  0.191982  0.237484  0.291119  0.264498  0.224441  0.047039  0.134632  0.315701  0.419894  0.600674  0.417907  0.285419  0.437691  0.769722  0.107727  0.099416  0.051536  0.051890  0.049515  0.363423  0.612567  0.063031  0.186432  0.060917  0.440966  0.802360  0.467989
  2.560000  0.319244  0.581850  0.086371  0.056705  0.272576  0.079506  0.314716  0.663991  0.040743  0.336010  0.472733  0.657221  0.234020  0.734629  0.706996  0.548692  0.730706  0.789547  0.816715  0.222548  0.611907  0.602548  0.487419  0.197925  0.267564  0.291449  0.405010  0.239512  0.129076  0.210535  0.317193  0.209267  0.321584  0.387183  0.473156  0.348456  0.320842  0.320345  0.470913  0.526756  0.549605  0.587566  0.552336  0.594120  0.534130  0.562896  0.511189  0.566810  0.532479  0.531555  0.614780  0.314001  0.210354  0.144013  0.266213  0.315294  0.410113  0.215522  0.659185  0.245586  0.149738  0.198986  0.741428  0.815001  0.727453  0.814334  0.655880  0.695278  0.652582  0.670892  0.706011  0.439553  0.542546  0.544194  0.598719  0.625160  0.559034  0.597477  0.661781  0.020180  0.372120  0.813605  0.805831  0.708129  0.266620  0.430481  0.137924  0.306208  0.771764  0.442855  0.592187  0.573428  0.552615  0.620173  0.206631  0.186011  0.244732  0.502200  0.188485  0.288195  0.287414  0.072236  0.142134  0.172292  0.146711  0.463310  0.712022  0.340481  0.403288  0.101149  0.587222  0.865307  0.793906  0.606803  0.275699  0.346022  0.514296  0.499751  0.543549  0.232560  0.660136  0.345834  0.125566  0.634639  0.634639  0.543378  0.530100  0.823712  0.739125  0.174948  0.284702  0.168551  0.071904  0.186443  0.234472  0.287775  0.263889  0.221653  0.051805  0.140508  0.329254  0.421053  0.580027  0.412530  0.291274  0.442191  0.767144  0.103822  0.098119  0.054009  0.051205  0.043512  0.360434  0.601324  0.064495  0.167550  0.054980  0.383996  0.798356  0.488143
