ENVI ASCII Plot File [Wed May 26 14:49:22 2004]
Column 1: Wavelength
Column 2: talc1.spc Talc GDS23 74-250um fr~~32
Column 3: talc2.spc Talc HS21.3B~~33
Column 4: talc3.spc Talc WS659~~34
Column 5: talc4.spc Talc TL2702~~35
Column 6: teepleit.spc Teepleite+Tron NMNH102798~~36
Column 7: tephroit.spc Tephroite HS419.3B~~37
Column 8: thenard1.spc Thenardite GDS146~~38
Column 9: thenard2.spc Thenardite HS450.3B~~39
Column 10: thuring1.spc Thuringite SMR-15.a 115um~~40
Column 11: thuring2.spc Thuringite SMR-15.b  80um~~41
Column 12: thuring3.spc Thuringite SMR-15.c  32um~~42
Column 13: thuring4.spc Thuringite SMR-15.d <30um~~43
Column 14: tincalco.spc Tincalconite GDS142~~44
Column 15: topaz1.spc Topaz Wigwam_Area_A_#10~~45
Column 16: topaz2.spc Topaz Wigwam_Area_2_#12~~46
Column 17: topaz3.spc Topaz Wigwam_Area_3_#13~~47
Column 18: topaz4.spc Topaz Wigwam_Area_4_#14~~48
Column 19: topaz5.spc Topaz Wigwam_Area_5_#15~~49
Column 20: topaz6.spc Topaz Wigwam_Area_6_#16~~1
Column 21: topaz7.spc Topaz Harris_Park_#17~~2
Column 22: topaz9.spc Topaz Jos_#22~~3
Column 23: topaza.spc Topaz Harris_Park_#3~~4
Column 24: topazb.spc Topaz Tarryalls_#4~~5
Column 25: topazc.spc Topaz Little_3_Mine_#41~~6
Column 26: topaze.spc Topaz Mt._Antero_#5~~7
Column 27: topazf.spc Topaz Glen_Cove_#6~~8
Column 28: topazg.spc Topaz Glen_Cove_#8~~9
Column 29: topazh.spc Topaz Harris_Park_#9~~10
Column 30: topazi.spc Topaz HS184.3B~~11
Column 31: tourmali.spc Tourmaline HS282.2B~~12
Column 32: tremoli1.spc Tremolite HS18.3~~13
Column 33: tremoli2.spc Tremolite NMNH117611.HCl~~14
Column 34: trona.spc Trona GDS148~~15
Column 35: ulexite1.spc Ulexite HS441.3B~~16
Column 36: ulexite2.spc Ulexite GDS138 Boron CA~~17
Column 37: uralite.spc Uralite HS345.3B~~18
Column 38: uvarovit.spc Uvarovite NMNH106661~~19
Column 39: vermicu1.spc Vermiculite GDS13 Llano~~20
Column 40: vermicu2.spc Vermiculite VTx-1.a <250~~21
Column 41: vermicu3.spc Vermiculite VTx-1.fls~~22
Column 42: vermicu4.spc Vermiculite WS681~~23
Column 43: vesuvian.spc Vesuvianite HS446.3B~~24
Column 44: witherit.spc Witherite HS273.3B~~25
Column 45: wollasto.spc Wollastonite HS348.3B~~26
Column 46: zincite.spc Zincite+Franklin HS147.3B~~27
Column 47: zircon.spc Zircon WS522~~28
Column 48: zoisite.spc Zoisite HS347.3B~~29
  0.395100  0.389368  0.738084  0.855728  0.741535  0.372283  0.093429  0.309094  0.764177  0.072774  0.077783  0.098143  0.096617  0.867813  0.878571  0.828948  0.868211  0.716184  0.853653  0.883914  0.906486  0.897478  0.861288  0.853089  0.678096  0.872536  0.880436  0.850420  0.841979  0.803471  0.368345  0.428227  0.453192  0.807419  0.773697  0.704022  0.220432  0.159625  0.628105  0.701586  0.456965  0.303968  0.124096  0.672751  0.784449  0.052729  0.251191  0.277279
  0.397100  0.394216  0.738587  0.856197  0.744234  0.377069  0.095224  0.311884  0.765049  0.074361  0.077163  0.098250  0.098070  0.870984  0.876709  0.833106  0.869703  0.714499  0.851760  0.883383  0.907325  0.896943  0.858016  0.850547  0.677820  0.872684  0.881954  0.849875  0.841429  0.807285  0.368509  0.431103  0.454479  0.808724  0.775235  0.706630  0.225237  0.157432  0.623467  0.703251  0.458753  0.304582  0.126696  0.676548  0.785084  0.051271  0.252800  0.268794
  0.399100  0.400139  0.747290  0.859596  0.747839  0.379965  0.094144  0.315136  0.766779  0.074432  0.077722  0.099605  0.099963  0.871606  0.879411  0.833062  0.869705  0.715505  0.851051  0.886797  0.910093  0.896265  0.862087  0.851870  0.679066  0.873365  0.884009  0.849149  0.842744  0.803842  0.363973  0.433109  0.456343  0.810186  0.777362  0.706748  0.224285  0.155873  0.630108  0.704687  0.459737  0.305779  0.128309  0.680472  0.786178  0.051958  0.254363  0.260765
  0.401100  0.405394  0.750559  0.865042  0.751464  0.382866  0.092707  0.316282  0.768977  0.075146  0.079348  0.102023  0.102289  0.872760  0.879486  0.836468  0.869773  0.713384  0.852461  0.882779  0.911546  0.894269  0.862826  0.858649  0.678987  0.872764  0.882018  0.847829  0.843471  0.810030  0.369158  0.435067  0.458287  0.810706  0.779376  0.707252  0.229624  0.154226  0.632113  0.708120  0.462114  0.307926  0.132775  0.683434  0.790415  0.052833  0.254510  0.253466
  0.403100  0.410374  0.754976  0.864739  0.755251  0.386861  0.094098  0.318910  0.770531  0.074513  0.078468  0.101102  0.101034  0.872960  0.878400  0.832747  0.870718  0.713947  0.855475  0.886456  0.910423  0.895920  0.863125  0.855573  0.677754  0.874372  0.882299  0.851561  0.843794  0.814227  0.366782  0.437545  0.459989  0.812505  0.780548  0.707421  0.230423  0.151282  0.632350  0.707288  0.462942  0.310589  0.135171  0.687088  0.785653  0.051023  0.256430  0.245550
  0.405100  0.414487  0.756759  0.867347  0.759427  0.391060  0.092981  0.321896  0.772727  0.077030  0.077725  0.103479  0.103142  0.876294  0.877146  0.836858  0.870133  0.712911  0.855560  0.885865  0.909151  0.897389  0.863211  0.857002  0.678126  0.872446  0.881017  0.849595  0.843877  0.814642  0.365895  0.435683  0.460884  0.815130  0.781505  0.709397  0.232381  0.148834  0.633491  0.710462  0.464409  0.311563  0.138403  0.689547  0.787448  0.051506  0.257799  0.238991
  0.407100  0.418442  0.758730  0.868507  0.762602  0.394113  0.091071  0.323366  0.772961  0.077174  0.079926  0.103926  0.102002  0.876272  0.878498  0.835495  0.869461  0.713413  0.856227  0.885871  0.911220  0.896016  0.864567  0.857669  0.677975  0.874467  0.883073  0.850258  0.847275  0.814285  0.360759  0.434139  0.464008  0.816240  0.781931  0.709546  0.233911  0.144767  0.636464  0.711443  0.465278  0.313516  0.140400  0.692267  0.784874  0.051369  0.259183  0.231848
  0.409100  0.422468  0.772613  0.869462  0.766487  0.397824  0.087026  0.326054  0.775613  0.076731  0.079736  0.104787  0.103925  0.878377  0.877904  0.835575  0.869538  0.713381  0.852913  0.883222  0.910614  0.896785  0.863280  0.855731  0.678479  0.876560  0.883838  0.850340  0.846672  0.814285  0.368251  0.440907  0.464200  0.816980  0.783437  0.712120  0.237022  0.141548  0.637993  0.712507  0.466409  0.313848  0.142524  0.695580  0.791026  0.052056  0.260221  0.225493
  0.411100  0.427016  0.773631  0.872017  0.772247  0.402512  0.083118  0.333277  0.779676  0.078226  0.081983  0.108521  0.107287  0.880272  0.880685  0.838795  0.876333  0.715976  0.855533  0.889430  0.912171  0.900310  0.866630  0.857714  0.681862  0.875956  0.887299  0.852929  0.847862  0.818099  0.367295  0.439427  0.468117  0.818570  0.787228  0.715387  0.237159  0.138570  0.643580  0.713830  0.468389  0.318539  0.148284  0.697211  0.787861  0.051139  0.263180  0.220894
  0.412800  0.431677  0.771529  0.871649  0.774219  0.405757  0.085312  0.331899  0.779203  0.077628  0.081733  0.106359  0.104610  0.879444  0.881558  0.841078  0.871129  0.716308  0.855101  0.886214  0.914403  0.899826  0.866874  0.860643  0.681010  0.876835  0.884074  0.851821  0.849510  0.817889  0.362672  0.444175  0.469137  0.817696  0.786933  0.714118  0.240390  0.137471  0.642913  0.716555  0.469781  0.318511  0.149663  0.698501  0.791125  0.052290  0.264259  0.215569
  0.415800  0.437129  0.777236  0.869975  0.779103  0.410806  0.089346  0.335510  0.781258  0.079149  0.082745  0.110546  0.108160  0.881764  0.881444  0.840237  0.875063  0.717393  0.855623  0.888830  0.916372  0.903169  0.866033  0.861179  0.681993  0.881444  0.888765  0.856459  0.848644  0.822006  0.360081  0.444137  0.470976  0.819507  0.790332  0.715081  0.244879  0.133048  0.644772  0.717492  0.470354  0.319115  0.157186  0.704482  0.794384  0.051276  0.267019  0.208810
  0.418800  0.443867  0.780636  0.872274  0.783614  0.416843  0.091901  0.339202  0.783462  0.082254  0.083144  0.111684  0.110083  0.881798  0.878680  0.841505  0.875674  0.718564  0.858956  0.888765  0.917695  0.901719  0.872831  0.863810  0.683393  0.880031  0.890077  0.854311  0.849242  0.824902  0.361549  0.446379  0.472406  0.821263  0.792241  0.716108  0.247543  0.129059  0.644813  0.719978  0.474277  0.324123  0.163947  0.706357  0.796161  0.051426  0.267630  0.203449
  0.421800  0.448987  0.787786  0.874183  0.787380  0.422323  0.097545  0.342105  0.784786  0.080303  0.085164  0.113931  0.111255  0.884715  0.882034  0.844181  0.875649  0.717336  0.857563  0.889425  0.919044  0.903080  0.867989  0.863108  0.683194  0.880682  0.890740  0.858410  0.851281  0.825462  0.358092  0.452258  0.474852  0.823517  0.793946  0.718553  0.251975  0.125601  0.648099  0.721001  0.475807  0.329043  0.171979  0.710769  0.794730  0.050752  0.270988  0.197919
  0.424800  0.456125  0.795080  0.874244  0.791690  0.429826  0.098971  0.347988  0.787135  0.082786  0.087894  0.115652  0.113226  0.885921  0.883300  0.844756  0.876237  0.717649  0.859512  0.889335  0.922402  0.907154  0.870642  0.865719  0.683630  0.880595  0.891339  0.857618  0.853241  0.826220  0.357372  0.456390  0.476447  0.825532  0.796196  0.720301  0.254092  0.123281  0.650908  0.723059  0.476974  0.331020  0.179509  0.714257  0.796254  0.051841  0.273650  0.194215
  0.427800  0.461237  0.795209  0.878820  0.796445  0.435042  0.100720  0.352167  0.788648  0.083751  0.088840  0.119074  0.115742  0.888052  0.883105  0.847221  0.880103  0.720123  0.861326  0.893251  0.921547  0.906955  0.871098  0.866179  0.684792  0.885137  0.890436  0.858746  0.855053  0.827998  0.358930  0.459539  0.477892  0.826867  0.798755  0.720789  0.258270  0.121576  0.652757  0.726511  0.481065  0.338191  0.186719  0.717378  0.793941  0.051529  0.277080  0.193336
  0.430800  0.467755  0.798384  0.880927  0.801323  0.441417  0.102110  0.356979  0.791511  0.087382  0.090615  0.120554  0.119231  0.888477  0.884940  0.851046  0.882616  0.722351  0.863142  0.893733  0.926885  0.912317  0.872241  0.867993  0.687015  0.886973  0.893679  0.860565  0.856178  0.834499  0.354702  0.462642  0.479029  0.828818  0.799515  0.723232  0.262725  0.120251  0.653783  0.728170  0.483503  0.339665  0.195683  0.721395  0.795128  0.051182  0.279088  0.193410
  0.433800  0.471702  0.805108  0.878338  0.804500  0.448326  0.100657  0.361464  0.793639  0.086661  0.092298  0.122827  0.120953  0.889850  0.887527  0.851582  0.881807  0.721475  0.864370  0.896356  0.927459  0.911494  0.875550  0.871928  0.687716  0.886848  0.895623  0.859727  0.858792  0.833837  0.353715  0.462727  0.481416  0.830072  0.802201  0.724704  0.266346  0.119290  0.654942  0.729333  0.486714  0.345345  0.205533  0.723946  0.796919  0.051488  0.281439  0.195946
  0.436800  0.477479  0.810712  0.880484  0.809178  0.454066  0.102036  0.367382  0.795941  0.089773  0.095168  0.127274  0.124922  0.891031  0.886723  0.853476  0.883719  0.723227  0.864914  0.896916  0.931482  0.914151  0.878863  0.871796  0.688357  0.888759  0.896183  0.861652  0.860026  0.838145  0.355410  0.466023  0.480535  0.832592  0.803646  0.726022  0.270941  0.119369  0.658220  0.733132  0.489421  0.349453  0.217784  0.727237  0.798262  0.051434  0.285394  0.199321
  0.439800  0.482108  0.806467  0.883124  0.812392  0.460372  0.103753  0.371516  0.795655  0.090063  0.095377  0.129560  0.127093  0.894825  0.888629  0.854685  0.886308  0.724264  0.868880  0.900914  0.932745  0.916109  0.876644  0.871657  0.690320  0.889987  0.897430  0.863569  0.861253  0.843722  0.356534  0.468206  0.481503  0.833827  0.805255  0.728477  0.271018  0.118382  0.661386  0.736186  0.492263  0.354068  0.224589  0.729916  0.799015  0.051403  0.289618  0.203736
  0.442800  0.485661  0.813173  0.883513  0.815739  0.466311  0.104586  0.376081  0.799356  0.091326  0.097679  0.130768  0.131006  0.894400  0.887872  0.854604  0.885549  0.725802  0.866741  0.900146  0.933359  0.915333  0.877253  0.874293  0.689886  0.890588  0.898737  0.864868  0.862553  0.844372  0.353009  0.470393  0.484935  0.835363  0.808763  0.729663  0.269469  0.119000  0.662355  0.737724  0.496655  0.354902  0.240366  0.731678  0.796119  0.051119  0.292717  0.211155
  0.445800  0.491157  0.819307  0.883922  0.818382  0.471472  0.104642  0.381205  0.799972  0.092597  0.098334  0.133819  0.133153  0.894266  0.892385  0.859056  0.890066  0.727258  0.869184  0.901273  0.940076  0.920670  0.881106  0.877421  0.692172  0.895106  0.898469  0.866621  0.862223  0.847836  0.355519  0.477195  0.487119  0.837371  0.808040  0.730281  0.271418  0.119529  0.664791  0.739999  0.498422  0.358756  0.251332  0.733749  0.801108  0.051854  0.295324  0.219615
  0.448800  0.493149  0.823509  0.884820  0.821306  0.477985  0.104740  0.386835  0.803215  0.092799  0.099788  0.137385  0.135459  0.896308  0.891545  0.860220  0.890584  0.728038  0.870362  0.904562  0.941337  0.921910  0.882299  0.878607  0.694203  0.891545  0.901768  0.867797  0.866170  0.850779  0.355994  0.481865  0.489829  0.839136  0.810617  0.733753  0.273472  0.120580  0.668830  0.743864  0.501888  0.357526  0.265715  0.737334  0.799862  0.052416  0.298021  0.229378
  0.451300  0.496589  0.815847  0.883892  0.825997  0.483404  0.104624  0.391537  0.803833  0.093265  0.100719  0.137013  0.138697  0.899224  0.890911  0.858926  0.894045  0.730359  0.875929  0.903919  0.941361  0.921953  0.883747  0.880703  0.696038  0.897036  0.902516  0.865793  0.866939  0.848070  0.358893  0.484427  0.490693  0.841115  0.812461  0.735179  0.276257  0.122625  0.668861  0.743827  0.504031  0.363025  0.276412  0.741599  0.802354  0.051798  0.300261  0.238168
  0.453300  0.499572  0.826188  0.887099  0.823399  0.486842  0.103779  0.393317  0.806396  0.093743  0.101150  0.137836  0.135818  0.898637  0.892805  0.860093  0.893894  0.730838  0.876431  0.905149  0.944029  0.923208  0.883562  0.881220  0.696073  0.898939  0.906526  0.868356  0.867422  0.847881  0.358860  0.482647  0.492816  0.841708  0.813696  0.735389  0.277380  0.124430  0.671498  0.746195  0.506337  0.362688  0.282664  0.744286  0.801825  0.051418  0.302848  0.246134
  0.455300  0.501199  0.829408  0.886585  0.823614  0.493194  0.105378  0.395996  0.806889  0.094226  0.102078  0.139486  0.137281  0.899040  0.896222  0.860788  0.891171  0.732716  0.874378  0.907233  0.944729  0.922519  0.883574  0.881231  0.697870  0.900311  0.902363  0.869756  0.868824  0.852783  0.361394  0.482951  0.493989  0.843351  0.814655  0.736777  0.279054  0.125789  0.671978  0.748617  0.507848  0.365117  0.292493  0.744988  0.803843  0.052252  0.304221  0.250737
  0.457300  0.503012  0.822045  0.889432  0.826877  0.495374  0.103608  0.398124  0.808565  0.093562  0.102477  0.140432  0.136819  0.900252  0.896244  0.864902  0.893927  0.732096  0.877157  0.905182  0.942669  0.926037  0.882906  0.879892  0.698395  0.898288  0.904474  0.869784  0.867463  0.852118  0.359845  0.488555  0.494727  0.843569  0.815385  0.738772  0.282473  0.125689  0.673576  0.749522  0.509702  0.364726  0.302336  0.745793  0.802942  0.051746  0.306894  0.263396
  0.459300  0.504514  0.826601  0.888881  0.828133  0.498902  0.104361  0.400130  0.810605  0.094228  0.104816  0.141784  0.140267  0.900951  0.896193  0.863464  0.895239  0.733299  0.877773  0.909277  0.942640  0.926688  0.884915  0.881874  0.698880  0.898920  0.902326  0.869701  0.868073  0.852717  0.364149  0.488964  0.495349  0.844658  0.818371  0.738851  0.282449  0.126650  0.671983  0.752057  0.510965  0.363767  0.307856  0.748960  0.804203  0.051080  0.307459  0.271677
  0.461300  0.504832  0.830288  0.889978  0.828704  0.501553  0.106960  0.402259  0.809806  0.094788  0.106362  0.140121  0.138449  0.901419  0.894715  0.866721  0.895122  0.732290  0.880381  0.906393  0.943264  0.925883  0.888932  0.882425  0.697807  0.904274  0.905679  0.870918  0.869287  0.855380  0.364570  0.491565  0.495840  0.844510  0.817283  0.737936  0.288824  0.129818  0.676096  0.750529  0.512596  0.366482  0.313257  0.750480  0.802228  0.051259  0.309300  0.280135
  0.463300  0.505439  0.827549  0.890445  0.829952  0.507099  0.107105  0.404667  0.812150  0.094813  0.102743  0.142924  0.140971  0.903820  0.896051  0.865989  0.899200  0.733443  0.879645  0.912599  0.946725  0.929361  0.885410  0.885802  0.701030  0.900833  0.907037  0.874338  0.872014  0.855359  0.364825  0.491247  0.498773  0.847239  0.819246  0.739916  0.290598  0.133218  0.679256  0.754043  0.513213  0.368718  0.323534  0.752458  0.804253  0.051915  0.311142  0.285028
  0.465300  0.506179  0.833955  0.892289  0.829237  0.509124  0.109430  0.405948  0.813978  0.096232  0.105380  0.145139  0.137936  0.903721  0.896014  0.865246  0.897793  0.734835  0.880970  0.909789  0.950189  0.929330  0.886745  0.883706  0.700217  0.901483  0.906994  0.874968  0.871946  0.857031  0.365229  0.494792  0.498961  0.847834  0.820885  0.739259  0.291871  0.133511  0.677760  0.753348  0.514105  0.368876  0.334070  0.754789  0.803087  0.052067  0.312431  0.287339
  0.467300  0.508204  0.828493  0.895247  0.833705  0.512798  0.110408  0.408134  0.813224  0.097027  0.104680  0.144793  0.141267  0.903689  0.897977  0.867853  0.901134  0.733760  0.882229  0.913171  0.945280  0.931359  0.888709  0.886338  0.700513  0.904824  0.906891  0.875523  0.875287  0.857618  0.369086  0.491558  0.500484  0.847875  0.820504  0.741883  0.292051  0.136766  0.679553  0.756083  0.515625  0.370474  0.344327  0.756792  0.804996  0.052161  0.313014  0.285558
  0.469300  0.510235  0.832745  0.895833  0.830879  0.518193  0.111192  0.409788  0.815176  0.096995  0.105063  0.144966  0.143369  0.905337  0.897342  0.869272  0.899810  0.734427  0.882971  0.912526  0.947416  0.928598  0.887367  0.885018  0.700820  0.903503  0.907641  0.873485  0.873245  0.857082  0.366962  0.492691  0.501337  0.850407  0.821227  0.741393  0.296474  0.139318  0.679004  0.756309  0.517109  0.373507  0.349631  0.758052  0.804067  0.051870  0.315220  0.284695
  0.471300  0.512756  0.834362  0.895774  0.833949  0.520072  0.110352  0.411439  0.816158  0.096077  0.106255  0.148722  0.143533  0.904712  0.897995  0.866476  0.901152  0.734295  0.882919  0.912495  0.945324  0.929275  0.890101  0.885661  0.700422  0.904846  0.907601  0.874813  0.873876  0.862610  0.369740  0.495302  0.501755  0.850770  0.823154  0.743169  0.299284  0.141736  0.675804  0.757626  0.519288  0.374198  0.358878  0.760696  0.808521  0.052590  0.315641  0.282036
  0.473300  0.511723  0.833766  0.899003  0.833150  0.523419  0.114358  0.413237  0.817901  0.098933  0.106238  0.147519  0.144780  0.907678  0.899366  0.869202  0.902528  0.736289  0.882907  0.914584  0.946735  0.930686  0.889392  0.887026  0.701690  0.902108  0.908296  0.876188  0.873156  0.853981  0.372003  0.502057  0.502619  0.852233  0.824614  0.743693  0.302936  0.144912  0.680509  0.759253  0.521247  0.374165  0.365603  0.761373  0.810281  0.052675  0.318413  0.277868
  0.475300  0.515241  0.833290  0.895176  0.835796  0.526966  0.116600  0.414476  0.817555  0.098150  0.109026  0.147444  0.146288  0.907428  0.900658  0.868390  0.901758  0.735182  0.885561  0.915200  0.950188  0.933432  0.889970  0.888300  0.701488  0.905464  0.906797  0.876049  0.876509  0.862210  0.375258  0.501627  0.504015  0.852969  0.824356  0.744051  0.302936  0.148658  0.682566  0.761550  0.523244  0.379861  0.371945  0.761101  0.802083  0.052735  0.318864  0.268988
  0.477300  0.516382  0.836910  0.898538  0.835005  0.532442  0.118769  0.416330  0.818739  0.098813  0.107062  0.152432  0.147852  0.909733  0.905376  0.870993  0.902350  0.737136  0.886120  0.914409  0.951546  0.932644  0.891229  0.889560  0.703193  0.906752  0.908083  0.877985  0.877045  0.859562  0.375831  0.500122  0.505554  0.854144  0.824690  0.744187  0.305611  0.150038  0.682000  0.762690  0.523952  0.378124  0.379780  0.764002  0.809149  0.052801  0.319996  0.261276
  0.479300  0.517634  0.836258  0.900396  0.835671  0.534630  0.118051  0.418016  0.819746  0.099082  0.110501  0.151785  0.149919  0.909615  0.901323  0.870383  0.903802  0.737778  0.886198  0.916575  0.950217  0.932717  0.892007  0.889634  0.701884  0.907511  0.908861  0.877366  0.876425  0.862969  0.376722  0.504809  0.506843  0.855348  0.826547  0.745031  0.310834  0.153862  0.683928  0.763997  0.526308  0.378461  0.388027  0.765786  0.812194  0.052926  0.321000  0.253700
  0.481300  0.519000  0.834077  0.897130  0.837759  0.537827  0.117687  0.420126  0.820718  0.100273  0.113620  0.154537  0.148650  0.911448  0.904055  0.873089  0.901712  0.737040  0.888242  0.913065  0.951624  0.934822  0.893366  0.890292  0.704262  0.908184  0.908831  0.878012  0.877070  0.863914  0.380800  0.506635  0.507292  0.856236  0.827324  0.746375  0.312227  0.158848  0.686944  0.764937  0.527508  0.384218  0.394272  0.766100  0.809108  0.052574  0.321157  0.253631
  0.483300  0.520012  0.841355  0.903917  0.836482  0.541704  0.118704  0.421730  0.822478  0.103223  0.112710  0.156898  0.149169  0.912149  0.899926  0.873072  0.903783  0.736133  0.887533  0.915860  0.953047  0.935535  0.892651  0.892352  0.704101  0.908189  0.912339  0.879389  0.875641  0.863608  0.382710  0.506801  0.508735  0.857928  0.827008  0.747423  0.315124  0.163287  0.687697  0.765719  0.530500  0.384306  0.400156  0.769580  0.809965  0.053017  0.323052  0.255601
  0.485300  0.521953  0.838366  0.901793  0.837760  0.544600  0.117409  0.423527  0.823054  0.102388  0.115186  0.157614  0.153736  0.912382  0.905438  0.873055  0.905856  0.737279  0.888912  0.915861  0.951671  0.934836  0.893337  0.892347  0.704141  0.909573  0.913742  0.881470  0.877020  0.861609  0.382592  0.505275  0.508111  0.858341  0.828617  0.746881  0.315785  0.169206  0.688585  0.767768  0.532960  0.384202  0.407094  0.771310  0.812346  0.053228  0.325158  0.247949
  0.487300  0.522761  0.843207  0.901384  0.839713  0.549274  0.120658  0.425942  0.824510  0.102874  0.117771  0.159744  0.154905  0.911668  0.904051  0.874402  0.907230  0.737197  0.886795  0.915851  0.954489  0.934832  0.892607  0.893019  0.703788  0.906810  0.912318  0.880730  0.876977  0.867205  0.386300  0.506221  0.510763  0.859268  0.829886  0.747625  0.317128  0.174581  0.691055  0.769994  0.535585  0.388449  0.411978  0.772103  0.809629  0.053782  0.327306  0.249332
  0.489300  0.524747  0.840112  0.904484  0.841035  0.551708  0.121134  0.428163  0.825145  0.103535  0.114222  0.158807  0.154158  0.913887  0.905538  0.873149  0.904574  0.736049  0.886224  0.914564  0.951077  0.934939  0.893434  0.891066  0.705885  0.904849  0.911028  0.879461  0.879220  0.866077  0.389131  0.508304  0.511734  0.860835  0.830237  0.749763  0.319656  0.179232  0.692702  0.771670  0.537793  0.389978  0.419149  0.773410  0.814062  0.053244  0.329001  0.251121
  0.491300  0.525549  0.849468  0.905812  0.841177  0.555214  0.121830  0.430314  0.826342  0.105912  0.116258  0.163865  0.153091  0.916282  0.906155  0.873719  0.903803  0.737121  0.888897  0.915183  0.953151  0.936997  0.891914  0.893732  0.704826  0.908225  0.910934  0.882837  0.879082  0.869630  0.393886  0.507728  0.512527  0.862197  0.831811  0.749152  0.322212  0.184463  0.692464  0.771973  0.539351  0.389897  0.422904  0.774258  0.814611  0.052985  0.330617  0.246442
  0.493300  0.525370  0.845283  0.907325  0.843897  0.558512  0.122323  0.433399  0.827943  0.104381  0.116563  0.162925  0.155130  0.915296  0.904826  0.874461  0.903163  0.737181  0.888949  0.916636  0.954606  0.934217  0.893371  0.891024  0.704880  0.909657  0.913100  0.882889  0.879135  0.870730  0.396502  0.509547  0.513371  0.864019  0.830769  0.750778  0.323408  0.189946  0.693867  0.774706  0.543970  0.390634  0.425895  0.776914  0.814795  0.053608  0.333155  0.239220
  0.495300  0.526454  0.844081  0.905888  0.841443  0.562345  0.122012  0.435063  0.829125  0.106483  0.116729  0.167168  0.154486  0.915700  0.905510  0.877197  0.905923  0.737644  0.888926  0.916628  0.954621  0.937047  0.893347  0.893079  0.705399  0.908962  0.912381  0.882858  0.881212  0.869339  0.397388  0.513063  0.513961  0.864284  0.832140  0.750495  0.323861  0.195146  0.694572  0.775342  0.545105  0.394260  0.435940  0.775548  0.815344  0.053544  0.334234  0.231303
  0.497300  0.528842  0.847688  0.912700  0.842767  0.564748  0.122037  0.436506  0.828769  0.107776  0.118484  0.168247  0.157196  0.916284  0.905427  0.874999  0.909998  0.738016  0.888805  0.915138  0.955992  0.936264  0.895334  0.895054  0.704534  0.908885  0.913691  0.884126  0.882477  0.873219  0.403377  0.513517  0.515299  0.863792  0.832252  0.751136  0.324430  0.200275  0.700540  0.776027  0.548141  0.395231  0.439321  0.777654  0.818068  0.054313  0.336900  0.221354
  0.499300  0.529182  0.852717  0.907927  0.845283  0.569280  0.122342  0.440071  0.831053  0.106924  0.120923  0.167648  0.157768  0.920096  0.909565  0.877042  0.907904  0.739266  0.890173  0.916526  0.957407  0.936255  0.894599  0.894342  0.705770  0.906797  0.913671  0.882681  0.883144  0.870683  0.405023  0.515456  0.515964  0.866996  0.834254  0.753116  0.330255  0.207183  0.701894  0.777355  0.550483  0.398317  0.447565  0.780793  0.816531  0.054649  0.338382  0.213497
  0.501300  0.531043  0.846255  0.910570  0.845212  0.573013  0.126357  0.443213  0.832978  0.108869  0.121492  0.170404  0.159365  0.919187  0.906750  0.877659  0.906466  0.739402  0.891500  0.917880  0.957393  0.937633  0.895229  0.896360  0.706113  0.908135  0.913611  0.882594  0.883056  0.869016  0.408385  0.515332  0.516218  0.867486  0.834673  0.754436  0.333004  0.211381  0.702039  0.780090  0.553300  0.400399  0.450630  0.780927  0.819863  0.054400  0.341026  0.205761
  0.503300  0.533835  0.852823  0.908020  0.845649  0.575392  0.126759  0.445595  0.831751  0.111023  0.123427  0.172256  0.162288  0.919005  0.907479  0.876312  0.907891  0.738600  0.888740  0.915809  0.956723  0.937670  0.895267  0.895704  0.705423  0.907479  0.914356  0.884043  0.883801  0.870175  0.409103  0.516157  0.518650  0.868100  0.834481  0.755808  0.334546  0.216139  0.703698  0.780740  0.554351  0.401477  0.456473  0.782896  0.816276  0.054342  0.342373  0.197632
  0.505300  0.533871  0.859127  0.905109  0.847413  0.579641  0.127137  0.448231  0.833073  0.110995  0.123193  0.173899  0.161350  0.920811  0.908148  0.878349  0.905782  0.738481  0.890100  0.917188  0.958128  0.937649  0.895227  0.895674  0.706870  0.906762  0.916447  0.886112  0.882341  0.876607  0.417449  0.513942  0.518617  0.869626  0.835894  0.755653  0.335378  0.221319  0.704603  0.782656  0.557629  0.403798  0.464407  0.782988  0.821857  0.054285  0.343764  0.190784
  0.507300  0.535868  0.856224  0.910741  0.846532  0.581697  0.126994  0.451005  0.835266  0.112837  0.125433  0.177390  0.163822  0.922981  0.908175  0.877684  0.906503  0.738409  0.886628  0.917215  0.956040  0.935543  0.895961  0.893622  0.706466  0.906789  0.916475  0.886141  0.882370  0.874810  0.419597  0.511877  0.518273  0.870015  0.836394  0.756316  0.338858  0.225484  0.707950  0.783419  0.558883  0.405360  0.465039  0.785401  0.816648  0.055296  0.344570  0.184425
  0.509300  0.536704  0.854654  0.907994  0.847939  0.585469  0.126374  0.452904  0.835564  0.113052  0.126604  0.179588  0.164191  0.921757  0.908819  0.876225  0.910623  0.738956  0.886554  0.916459  0.959540  0.936918  0.895183  0.895643  0.706264  0.906739  0.914293  0.887473  0.882287  0.876568  0.417060  0.520579  0.519967  0.870617  0.837915  0.757213  0.337565  0.228890  0.708508  0.783790  0.561049  0.405997  0.468106  0.786233  0.813359  0.055233  0.346499  0.179114
  0.511300  0.537802  0.857550  0.910549  0.848626  0.587968  0.129917  0.456448  0.835369  0.112543  0.125892  0.178150  0.167651  0.921500  0.908094  0.878257  0.908504  0.738503  0.891413  0.915720  0.960938  0.937600  0.897960  0.894910  0.706023  0.906706  0.915670  0.886009  0.883646  0.875543  0.424169  0.519881  0.519553  0.871957  0.839502  0.757071  0.341006  0.232237  0.708211  0.786423  0.563578  0.407687  0.472495  0.788220  0.817899  0.055986  0.347236  0.174159
  0.513300  0.538787  0.863648  0.918320  0.849914  0.590684  0.131527  0.458603  0.837059  0.113891  0.127800  0.179759  0.165314  0.922884  0.910097  0.878840  0.909815  0.737378  0.892006  0.914928  0.962308  0.936811  0.895730  0.896205  0.707267  0.906624  0.916285  0.888008  0.883520  0.876589  0.425871  0.522833  0.521226  0.872732  0.838938  0.757204  0.339757  0.234736  0.712061  0.787232  0.566048  0.409509  0.478368  0.789657  0.823636  0.056132  0.349253  0.168912
  0.515300  0.538470  0.862446  0.917088  0.851231  0.593651  0.131288  0.461831  0.837358  0.114915  0.129410  0.182326  0.164940  0.924007  0.910059  0.878785  0.909078  0.737210  0.889846  0.917000  0.960170  0.937487  0.895675  0.895465  0.707105  0.909364  0.916239  0.889363  0.884874  0.878321  0.435709  0.521132  0.521320  0.874132  0.840270  0.759530  0.341627  0.236833  0.714260  0.787474  0.567505  0.411927  0.481802  0.790986  0.822869  0.056102  0.350906  0.165808
  0.517300  0.539914  0.858365  0.916098  0.850964  0.597876  0.131354  0.464737  0.839011  0.117288  0.130136  0.185197  0.161697  0.925415  0.909363  0.876697  0.908380  0.737695  0.890545  0.912767  0.960171  0.936059  0.896379  0.894768  0.705643  0.907973  0.915528  0.887237  0.886287  0.874340  0.435453  0.523952  0.523148  0.874514  0.840700  0.759357  0.343255  0.239253  0.716945  0.790071  0.569286  0.413078  0.484039  0.794600  0.822409  0.055874  0.352550  0.163593
  0.519300  0.540770  0.866169  0.915244  0.851539  0.599788  0.134420  0.467239  0.839450  0.117042  0.129901  0.186760  0.167840  0.926048  0.910707  0.878023  0.910423  0.735324  0.888375  0.913420  0.960851  0.934586  0.898439  0.894017  0.705924  0.906535  0.916183  0.888584  0.884091  0.876512  0.439549  0.525463  0.524529  0.874548  0.842736  0.760259  0.345031  0.241018  0.714754  0.790586  0.571587  0.413891  0.485803  0.794491  0.825858  0.055904  0.355619  0.160032
  0.521300  0.542269  0.868565  0.915295  0.852476  0.601655  0.134437  0.469767  0.840480  0.116472  0.130780  0.187576  0.171995  0.925504  0.908674  0.876011  0.909083  0.737863  0.888448  0.912774  0.962999  0.933926  0.899216  0.896164  0.705991  0.905894  0.915535  0.886539  0.885588  0.877182  0.441262  0.526260  0.526010  0.875975  0.841324  0.760688  0.345344  0.242015  0.717108  0.792534  0.573060  0.415944  0.486253  0.797151  0.825693  0.057482  0.357098  0.158719
  0.523300  0.542640  0.866241  0.916403  0.853050  0.606198  0.131277  0.473236  0.842004  0.119770  0.131825  0.187386  0.170049  0.927905  0.910635  0.878621  0.908952  0.738154  0.888277  0.913338  0.964342  0.935940  0.896926  0.896020  0.706456  0.905067  0.917519  0.889188  0.884691  0.880046  0.448133  0.527825  0.525317  0.876589  0.842567  0.761640  0.348128  0.243106  0.717561  0.792937  0.575090  0.416258  0.494919  0.797178  0.826321  0.057000  0.359741  0.157275
  0.525300  0.544155  0.866943  0.919564  0.853838  0.609483  0.135794  0.475565  0.844383  0.119001  0.135926  0.187836  0.173206  0.927904  0.908569  0.875870  0.909673  0.735932  0.887606  0.913363  0.962937  0.935247  0.895541  0.895350  0.706973  0.905090  0.917545  0.889930  0.885436  0.878996  0.450001  0.528872  0.526790  0.877617  0.843633  0.762396  0.349895  0.243515  0.720896  0.793736  0.576552  0.417166  0.498071  0.798474  0.829417  0.057691  0.361771  0.155907
  0.527300  0.545012  0.864392  0.919757  0.854506  0.610723  0.136247  0.478433  0.842482  0.118599  0.133860  0.190543  0.170786  0.928898  0.909890  0.878559  0.909600  0.737965  0.888918  0.912578  0.962186  0.935891  0.896864  0.895269  0.705603  0.904320  0.915333  0.888415  0.887462  0.882435  0.453333  0.531078  0.527004  0.878013  0.843700  0.762075  0.347317  0.243626  0.719221  0.795166  0.577781  0.418593  0.498462  0.800493  0.828255  0.057762  0.364761  0.155098
  0.529300  0.545915  0.866178  0.918850  0.855518  0.614037  0.133878  0.481056  0.843891  0.120095  0.133477  0.190744  0.172000  0.928883  0.913299  0.877066  0.910221  0.735029  0.886707  0.912494  0.965680  0.935816  0.898892  0.895182  0.706567  0.907028  0.916668  0.891145  0.887354  0.880801  0.458636  0.529216  0.527709  0.878646  0.844734  0.762699  0.349719  0.243826  0.721076  0.797557  0.579578  0.415914  0.504345  0.801877  0.828681  0.057252  0.366592  0.154599
  0.531300  0.545958  0.868858  0.921489  0.856098  0.618783  0.137361  0.483728  0.844052  0.121769  0.134234  0.190717  0.173911  0.928873  0.913991  0.880548  0.909519  0.737739  0.887409  0.910370  0.962132  0.934381  0.896054  0.896573  0.704670  0.903540  0.916665  0.889726  0.886643  0.884327  0.465367  0.529876  0.527677  0.880500  0.845177  0.762317  0.350178  0.244567  0.721046  0.796001  0.579542  0.418550  0.505429  0.802651  0.826649  0.058022  0.369194  0.156056
  0.533300  0.546484  0.869707  0.920224  0.855342  0.620049  0.137263  0.486411  0.846213  0.121245  0.136673  0.191935  0.173387  0.929853  0.910500  0.877059  0.908115  0.736286  0.888108  0.909656  0.962830  0.935804  0.898176  0.897263  0.705635  0.907017  0.915947  0.889720  0.885218  0.883457  0.468714  0.532833  0.529010  0.879569  0.846213  0.764009  0.349373  0.242194  0.720494  0.797420  0.581233  0.419358  0.508630  0.802482  0.830209  0.057810  0.371075  0.155912
  0.535300  0.548953  0.866743  0.919389  0.856679  0.623593  0.137803  0.489005  0.847707  0.119708  0.135356  0.192820  0.174224  0.929843  0.911821  0.877657  0.906638  0.738268  0.887305  0.908863  0.962783  0.934298  0.898079  0.895088  0.706337  0.903454  0.917285  0.890327  0.888664  0.886500  0.475206  0.534819  0.530262  0.880214  0.848082  0.766522  0.353891  0.242268  0.725426  0.798664  0.582747  0.421773  0.513488  0.806006  0.827878  0.058447  0.373570  0.157810
  0.537300  0.549397  0.867669  0.923003  0.857960  0.626939  0.139319  0.491048  0.847778  0.123529  0.136789  0.192709  0.175698  0.929848  0.913157  0.878975  0.903078  0.735275  0.886522  0.905963  0.962034  0.935668  0.897293  0.893624  0.705239  0.905483  0.916505  0.891666  0.887870  0.883148  0.477261  0.537212  0.531415  0.882001  0.851243  0.766199  0.354833  0.241168  0.721267  0.800072  0.583892  0.421731  0.518152  0.804355  0.830917  0.059135  0.374733  0.160813
  0.539300  0.549804  0.871415  0.922173  0.856704  0.627515  0.140403  0.493200  0.848696  0.121506  0.135286  0.193440  0.175492  0.930819  0.914489  0.878889  0.907205  0.737075  0.887140  0.907302  0.963409  0.933453  0.898629  0.897038  0.707103  0.908207  0.917855  0.892288  0.889201  0.878277  0.482967  0.534819  0.530665  0.882826  0.849538  0.764983  0.354749  0.239264  0.727217  0.801484  0.585097  0.420462  0.522426  0.806249  0.832777  0.059113  0.377975  0.161719
  0.541300  0.550831  0.877685  0.923413  0.857109  0.630386  0.140005  0.495252  0.848502  0.122465  0.140444  0.194989  0.178720  0.931799  0.913822  0.878242  0.906542  0.736712  0.885782  0.906637  0.963422  0.931339  0.897968  0.895683  0.707107  0.904753  0.917895  0.889501  0.887834  0.884556  0.482985  0.536675  0.531683  0.882648  0.848689  0.765018  0.350978  0.237414  0.725577  0.802081  0.586125  0.420962  0.523289  0.809920  0.832929  0.060008  0.382316  0.164692
  0.543300  0.550739  0.872167  0.925434  0.859198  0.632054  0.140439  0.497635  0.849848  0.122310  0.136653  0.196026  0.175156  0.932717  0.913767  0.880263  0.907882  0.737101  0.885002  0.905862  0.963384  0.934861  0.895764  0.894921  0.706892  0.906787  0.917119  0.891555  0.887044  0.882448  0.489373  0.539484  0.532658  0.884310  0.850689  0.765197  0.354960  0.236319  0.723398  0.803839  0.587379  0.422304  0.528367  0.809324  0.833462  0.059007  0.386219  0.166914
  0.545300  0.549956  0.873012  0.925127  0.856462  0.635416  0.142734  0.499724  0.850891  0.121415  0.138141  0.197592  0.175995  0.932693  0.915781  0.880152  0.907091  0.737081  0.888415  0.906469  0.966170  0.934774  0.899917  0.896918  0.705496  0.904603  0.919874  0.893571  0.890482  0.887577  0.491080  0.537918  0.533719  0.884556  0.849023  0.766352  0.355419  0.232794  0.726837  0.802425  0.587825  0.423212  0.527155  0.809254  0.832507  0.059524  0.390116  0.171013
  0.547300  0.552177  0.872751  0.923261  0.856700  0.636759  0.144005  0.502175  0.849007  0.123503  0.137746  0.196024  0.178620  0.932691  0.915837  0.882333  0.905758  0.735738  0.887093  0.906546  0.965487  0.931971  0.899291  0.894897  0.704995  0.906065  0.915669  0.892951  0.889154  0.882145  0.499740  0.538739  0.534662  0.885305  0.849753  0.766560  0.356053  0.230199  0.726387  0.803455  0.590475  0.423685  0.533334  0.812131  0.834603  0.059788  0.393237  0.174174
  0.549300  0.550972  0.870554  0.928557  0.858155  0.639864  0.144497  0.502929  0.851266  0.123925  0.139091  0.196894  0.178485  0.931808  0.917154  0.882223  0.909169  0.736581  0.886978  0.907862  0.968276  0.936183  0.902735  0.897592  0.704135  0.906675  0.919849  0.896389  0.889745  0.886786  0.503964  0.540332  0.534832  0.885580  0.850800  0.766574  0.356794  0.227694  0.730138  0.804545  0.589266  0.425559  0.535953  0.810316  0.835390  0.059529  0.397245  0.178455
  0.551300  0.552297  0.878334  0.928639  0.859179  0.641763  0.146324  0.505786  0.852317  0.123165  0.139645  0.200187  0.182086  0.931857  0.916518  0.881619  0.908540  0.735722  0.885667  0.905821  0.966178  0.934103  0.901406  0.896277  0.702608  0.906048  0.919215  0.898618  0.890561  0.881748  0.506514  0.542447  0.536025  0.886321  0.850173  0.766222  0.356830  0.225274  0.728299  0.805387  0.591172  0.427493  0.538167  0.811553  0.839396  0.060852  0.400789  0.183853
  0.553300  0.551459  0.873496  0.925960  0.860188  0.643966  0.147013  0.508230  0.852890  0.123391  0.140225  0.199578  0.178885  0.931846  0.920693  0.884395  0.908526  0.734244  0.889176  0.907222  0.967585  0.935521  0.902811  0.896959  0.704239  0.908826  0.918487  0.897891  0.892678  0.883732  0.510193  0.542158  0.536963  0.886123  0.850935  0.765926  0.355834  0.222746  0.729182  0.804634  0.592348  0.427228  0.542804  0.813195  0.835490  0.060980  0.405005  0.189432
  0.555300  0.553046  0.871889  0.929819  0.860595  0.645237  0.146827  0.509784  0.854131  0.123015  0.139278  0.197931  0.179197  0.934681  0.920752  0.884488  0.908600  0.733824  0.888569  0.906600  0.969743  0.934159  0.902903  0.897739  0.702212  0.907502  0.919992  0.898697  0.892070  0.882116  0.516059  0.542752  0.538242  0.887614  0.851340  0.765684  0.351906  0.218830  0.731407  0.806700  0.591648  0.427011  0.540283  0.813080  0.835685  0.061176  0.409312  0.195484
  0.557300  0.551957  0.880113  0.925920  0.859788  0.649111  0.145941  0.511788  0.853812  0.123228  0.139173  0.198708  0.183039  0.933795  0.922143  0.885880  0.909295  0.733048  0.885749  0.908012  0.967612  0.932724  0.902900  0.897038  0.702190  0.909590  0.922124  0.897275  0.892067  0.890367  0.523368  0.547595  0.538844  0.887042  0.850931  0.766225  0.354445  0.215869  0.732715  0.806692  0.593273  0.429591  0.545625  0.813933  0.835116  0.061844  0.413989  0.202805
  0.559300  0.552534  0.876880  0.927799  0.860450  0.651536  0.148623  0.514170  0.854115  0.123392  0.138957  0.198794  0.182210  0.932010  0.920082  0.885230  0.909333  0.733976  0.887913  0.905934  0.968336  0.933477  0.902947  0.898474  0.703062  0.909626  0.917894  0.898034  0.891410  0.886281  0.525102  0.545709  0.540092  0.887253  0.852165  0.766111  0.356711  0.212853  0.733085  0.807041  0.592130  0.428019  0.550412  0.815414  0.838597  0.061518  0.416770  0.209993
  0.561300  0.552490  0.877077  0.933302  0.860519  0.647168  0.151564  0.510934  0.855318  0.123672  0.139683  0.198793  0.181507  0.928795  0.922878  0.887335  0.910042  0.731208  0.889337  0.904533  0.969047  0.934918  0.904379  0.897092  0.700517  0.907546  0.921463  0.898049  0.892136  0.887316  0.522066  0.545144  0.539321  0.888203  0.848881  0.760378  0.355497  0.208930  0.733087  0.807266  0.594020  0.427312  0.550505  0.813892  0.837500  0.061845  0.421661  0.218509
  0.563300  0.552780  0.878404  0.928235  0.861350  0.648959  0.152339  0.513193  0.856232  0.123522  0.137247  0.197325  0.180175  0.927919  0.921471  0.883833  0.910726  0.731317  0.890022  0.906637  0.966205  0.933473  0.901525  0.899167  0.700095  0.906834  0.918602  0.900159  0.892827  0.887785  0.528663  0.545967  0.541016  0.889037  0.850167  0.761231  0.354717  0.205728  0.733156  0.808521  0.594502  0.429828  0.556355  0.815243  0.839707  0.062283  0.426403  0.229055
  0.565300  0.553626  0.875570  0.928669  0.861177  0.651412  0.154133  0.514708  0.856551  0.123791  0.139189  0.199224  0.183490  0.929836  0.921465  0.887308  0.909321  0.729915  0.886492  0.905921  0.968325  0.934180  0.905062  0.897764  0.699377  0.909614  0.920017  0.898021  0.893527  0.888346  0.535989  0.551133  0.541536  0.889690  0.850492  0.760328  0.353670  0.202984  0.733333  0.808553  0.594327  0.430418  0.558291  0.815995  0.835800  0.063250  0.431526  0.239440
  0.567300  0.554977  0.874530  0.929052  0.861011  0.655976  0.152345  0.517298  0.856028  0.123057  0.138342  0.198101  0.182484  0.930767  0.923517  0.887251  0.912071  0.730976  0.891360  0.906573  0.972555  0.934849  0.901456  0.899107  0.698669  0.909568  0.917829  0.900799  0.894884  0.889858  0.539450  0.547670  0.542891  0.889878  0.849602  0.763030  0.355575  0.199817  0.733589  0.809562  0.594997  0.429599  0.560442  0.816699  0.840288  0.063392  0.436700  0.249557
  0.569300  0.554106  0.874156  0.932491  0.861842  0.656894  0.156558  0.519074  0.856956  0.123222  0.137009  0.197068  0.182859  0.929906  0.925562  0.888572  0.910612  0.730824  0.891986  0.906502  0.971820  0.938371  0.907061  0.902531  0.699655  0.908114  0.923461  0.902142  0.895513  0.892881  0.541432  0.551222  0.543361  0.890917  0.852023  0.764390  0.353013  0.196966  0.736001  0.809566  0.596807  0.431119  0.562166  0.817227  0.836226  0.064386  0.442129  0.261100
  0.571300  0.553667  0.875194  0.932078  0.862696  0.659411  0.158367  0.520745  0.858503  0.124320  0.137539  0.196459  0.183422  0.931817  0.926951  0.889957  0.910603  0.733081  0.891269  0.907199  0.972525  0.936929  0.907760  0.900427  0.698006  0.912293  0.923451  0.903551  0.893367  0.886262  0.549721  0.548599  0.544451  0.891099  0.851991  0.763847  0.352320  0.192439  0.739113  0.810605  0.597783  0.432213  0.561474  0.817849  0.835675  0.065407  0.446023  0.274749
  0.573300  0.552787  0.880486  0.933362  0.861781  0.662351  0.158041  0.522402  0.857806  0.122839  0.139448  0.197062  0.183404  0.930955  0.928351  0.889963  0.910608  0.732312  0.891276  0.904373  0.974656  0.937651  0.905636  0.899037  0.700372  0.912996  0.922745  0.902138  0.895508  0.894137  0.551498  0.551652  0.544456  0.891670  0.852509  0.763807  0.354029  0.189704  0.736860  0.811405  0.597659  0.433356  0.564915  0.817883  0.841407  0.064961  0.451782  0.287867
  0.575300  0.556763  0.878593  0.928943  0.862789  0.663644  0.157613  0.524678  0.859390  0.122600  0.138704  0.198359  0.184511  0.931882  0.926254  0.889259  0.909903  0.732346  0.890564  0.904367  0.973236  0.938363  0.906339  0.901823  0.701277  0.913689  0.922027  0.904262  0.896212  0.886270  0.553343  0.551874  0.545343  0.892781  0.852606  0.765936  0.353814  0.186716  0.732214  0.811251  0.597480  0.429939  0.568800  0.818657  0.838597  0.066870  0.456417  0.302988
  0.577300  0.555696  0.875746  0.932784  0.862242  0.667044  0.159661  0.527096  0.859667  0.123186  0.139103  0.195419  0.186329  0.932874  0.928267  0.890526  0.911197  0.734594  0.892540  0.906364  0.972481  0.936827  0.906208  0.904504  0.702513  0.912891  0.922625  0.905550  0.894641  0.892817  0.555322  0.552865  0.546720  0.892889  0.854370  0.765527  0.353045  0.182699  0.735374  0.810900  0.598027  0.434458  0.571487  0.818499  0.841156  0.066367  0.460978  0.316372
  0.579300  0.556893  0.883430  0.933314  0.863308  0.669403  0.160851  0.529063  0.861023  0.122321  0.135210  0.196371  0.180999  0.934736  0.929623  0.889060  0.911843  0.735859  0.891054  0.904878  0.975301  0.936055  0.906851  0.900250  0.703026  0.912139  0.923993  0.906193  0.897414  0.897140  0.564847  0.550790  0.548073  0.894108  0.853674  0.766948  0.352223  0.180670  0.737838  0.812561  0.600858  0.433503  0.572565  0.819590  0.842619  0.067947  0.464509  0.330614
  0.581300  0.558155  0.885334  0.929058  0.862296  0.672515  0.162144  0.529104  0.859926  0.124235  0.139095  0.195770  0.182910  0.934731  0.930985  0.891096  0.912494  0.734907  0.892400  0.906236  0.975282  0.937442  0.906788  0.901593  0.703305  0.913490  0.923225  0.905417  0.898771  0.891321  0.562080  0.554393  0.548832  0.894376  0.853600  0.766739  0.350482  0.178542  0.737988  0.814174  0.601372  0.436395  0.574097  0.821729  0.838592  0.069077  0.468508  0.346376
  0.583300  0.558587  0.878979  0.933225  0.864029  0.673279  0.163360  0.530942  0.860242  0.122076  0.136245  0.195339  0.180507  0.933813  0.933701  0.891651  0.912375  0.738140  0.895073  0.906091  0.978084  0.936606  0.909492  0.904266  0.705227  0.913377  0.927388  0.908120  0.897895  0.884099  0.562035  0.556123  0.549767  0.894756  0.853086  0.767497  0.350433  0.174994  0.736451  0.813126  0.600858  0.434916  0.576806  0.822886  0.842951  0.069279  0.472733  0.360440
  0.585300  0.558900  0.882965  0.928364  0.863031  0.675733  0.164378  0.531489  0.861706  0.121040  0.137455  0.195858  0.179993  0.935675  0.931646  0.892428  0.913843  0.736847  0.894447  0.908299  0.978822  0.941700  0.911707  0.904333  0.707321  0.914138  0.925309  0.908197  0.897981  0.894897  0.564041  0.555175  0.549986  0.895606  0.854079  0.768272  0.347282  0.171778  0.738741  0.815975  0.602947  0.435658  0.576789  0.823051  0.839287  0.071366  0.475792  0.377172
  0.587300  0.559478  0.884104  0.927494  0.864959  0.676815  0.166343  0.534199  0.862177  0.121606  0.136527  0.195432  0.181825  0.935673  0.936511  0.893761  0.914491  0.739524  0.897205  0.908232  0.980940  0.940929  0.910927  0.904273  0.707339  0.914786  0.928111  0.908840  0.900759  0.889215  0.568365  0.555248  0.550556  0.896062  0.852975  0.768623  0.349471  0.169860  0.740077  0.815017  0.602555  0.436460  0.580200  0.823627  0.840976  0.071200  0.479768  0.392009
  0.589300  0.558873  0.875894  0.937808  0.864088  0.678101  0.167527  0.534799  0.863665  0.122548  0.134424  0.192084  0.180834  0.933876  0.935114  0.894467  0.915901  0.739543  0.892962  0.908237  0.979519  0.940215  0.911645  0.902877  0.707143  0.917594  0.928116  0.913838  0.901479  0.887788  0.567589  0.553790  0.551071  0.895963  0.853998  0.767428  0.344765  0.166518  0.737804  0.816117  0.603333  0.434895  0.582318  0.823185  0.840100  0.072415  0.481787  0.408716
  0.591300  0.559293  0.882033  0.937381  0.863665  0.679757  0.167069  0.535923  0.863894  0.120988  0.134719  0.193011  0.180863  0.934802  0.936531  0.894491  0.916624  0.740089  0.897236  0.908262  0.981666  0.943830  0.911669  0.907804  0.708761  0.917613  0.930283  0.913862  0.904362  0.893079  0.563634  0.556321  0.552407  0.896703  0.853587  0.767331  0.349307  0.164907  0.742601  0.815332  0.605032  0.437410  0.585595  0.825112  0.845961  0.074414  0.486615  0.424339
  0.593300  0.558846  0.878360  0.937812  0.864942  0.680603  0.167980  0.535896  0.863909  0.120277  0.135430  0.191824  0.184081  0.934860  0.941400  0.899329  0.919381  0.740756  0.900702  0.911748  0.983073  0.945216  0.915880  0.909146  0.706895  0.919663  0.933803  0.917361  0.906428  0.890241  0.572080  0.558855  0.553672  0.897072  0.853239  0.765879  0.346279  0.162674  0.741091  0.819227  0.607386  0.435633  0.586300  0.822642  0.837095  0.074080  0.492316  0.437040
  0.595300  0.557827  0.880630  0.935202  0.864801  0.681990  0.168588  0.536940  0.865254  0.119348  0.134911  0.193811  0.179570  0.933939  0.940072  0.897355  0.920889  0.740344  0.900132  0.911877  0.984535  0.946754  0.915295  0.907859  0.707556  0.921164  0.931767  0.920337  0.906570  0.895039  0.574571  0.559336  0.553196  0.897352  0.852927  0.765881  0.345924  0.161750  0.742486  0.817076  0.607798  0.437004  0.592292  0.823955  0.848444  0.076514  0.496973  0.451000
  0.597300  0.558156  0.879605  0.934736  0.863766  0.682507  0.169193  0.537121  0.865350  0.117924  0.132590  0.191252  0.179192  0.933065  0.940078  0.900165  0.920195  0.741777  0.900142  0.911886  0.986675  0.946762  0.917442  0.910668  0.707087  0.921872  0.934635  0.919634  0.907293  0.893138  0.572843  0.558233  0.554474  0.898260  0.853671  0.765688  0.344337  0.159243  0.743618  0.818047  0.608625  0.435932  0.589350  0.825430  0.846830  0.077257  0.501092  0.463445
  0.599300  0.554965  0.883649  0.940279  0.865959  0.684413  0.169949  0.537690  0.864578  0.117718  0.131961  0.190735  0.178332  0.932193  0.944980  0.898063  0.921599  0.742423  0.901555  0.916148  0.988812  0.947480  0.917440  0.912768  0.707271  0.923272  0.937494  0.921770  0.908005  0.892950  0.576951  0.555987  0.554445  0.896954  0.851905  0.766422  0.342714  0.157829  0.745595  0.818670  0.609745  0.437049  0.591100  0.824236  0.837678  0.077987  0.505265  0.476525
  0.601100  0.556466  0.884496  0.938344  0.865816  0.684302  0.172783  0.539180  0.865857  0.120464  0.130503  0.191679  0.177992  0.931343  0.945678  0.900856  0.921593  0.739710  0.900132  0.914720  0.988100  0.948194  0.918146  0.916964  0.706366  0.921866  0.936058  0.924614  0.910138  0.894643  0.576022  0.559249  0.555758  0.897618  0.852812  0.763731  0.340489  0.157410  0.746826  0.817844  0.611674  0.437192  0.593629  0.825757  0.841583  0.079018  0.510144  0.488161
  0.602700  0.557363  0.882149  0.937193  0.865836  0.686726  0.171430  0.539929  0.864972  0.117138  0.133505  0.189718  0.176996  0.932253  0.947809  0.903715  0.923747  0.741359  0.903026  0.914779  0.988827  0.948959  0.919630  0.910715  0.705173  0.924713  0.938967  0.926807  0.910916  0.897373  0.578260  0.561012  0.557012  0.898428  0.853057  0.764882  0.339422  0.155179  0.744046  0.819436  0.612158  0.438646  0.598043  0.825577  0.843678  0.080265  0.512089  0.495690
  0.604300  0.556921  0.878785  0.935218  0.865404  0.687168  0.171631  0.539154  0.866172  0.118238  0.132164  0.189062  0.177313  0.932325  0.945741  0.903074  0.923794  0.740321  0.902384  0.914130  0.988842  0.949005  0.922536  0.911468  0.706122  0.927555  0.936159  0.926861  0.912407  0.897322  0.574707  0.558813  0.557111  0.899091  0.853056  0.765604  0.341739  0.154969  0.750839  0.821514  0.613873  0.437710  0.595804  0.825674  0.842635  0.081987  0.513462  0.503646
  0.605900  0.557644  0.886289  0.936867  0.864543  0.688184  0.173455  0.540764  0.867096  0.117675  0.129801  0.188127  0.178680  0.931406  0.949282  0.901064  0.923864  0.742398  0.903186  0.917055  0.990994  0.949790  0.920487  0.913643  0.706115  0.926920  0.937661  0.926942  0.912502  0.898986  0.575622  0.558744  0.557433  0.899001  0.852236  0.764686  0.340562  0.153658  0.749654  0.820467  0.614098  0.435924  0.603250  0.823811  0.847937  0.082061  0.516720  0.511237
  0.607500  0.556167  0.883468  0.936535  0.864279  0.689129  0.172911  0.541280  0.865945  0.117194  0.129170  0.186141  0.176438  0.932369  0.947877  0.902446  0.923851  0.741709  0.903169  0.915622  0.990991  0.951930  0.922605  0.915726  0.705093  0.927608  0.937648  0.929061  0.912485  0.896101  0.578676  0.565438  0.558287  0.898882  0.851655  0.764199  0.339303  0.153231  0.749599  0.821774  0.614522  0.440469  0.599457  0.823800  0.841321  0.084354  0.519175  0.518094
  0.609100  0.556724  0.884406  0.939611  0.866273  0.689821  0.173137  0.542111  0.867451  0.115946  0.129627  0.186916  0.177807  0.932380  0.948575  0.905239  0.925251  0.741017  0.904578  0.916328  0.992413  0.951211  0.921180  0.915723  0.705578  0.927606  0.937646  0.927636  0.913907  0.898739  0.577267  0.561347  0.558890  0.899542  0.851516  0.763592  0.337078  0.152925  0.749207  0.821096  0.615478  0.438571  0.603358  0.827235  0.844545  0.084739  0.519602  0.524229
  0.610700  0.555218  0.873383  0.941107  0.867665  0.690981  0.175841  0.542489  0.866260  0.118339  0.130421  0.187319  0.178702  0.932429  0.949312  0.903916  0.926712  0.741768  0.904661  0.918531  0.991009  0.950552  0.924098  0.918583  0.706270  0.929058  0.940562  0.930549  0.913989  0.892717  0.576819  0.561101  0.559252  0.899434  0.851441  0.762487  0.337914  0.152473  0.748196  0.821693  0.617524  0.438611  0.601929  0.826691  0.842603  0.086384  0.522312  0.528476
  0.612300  0.556687  0.882723  0.941171  0.865371  0.691359  0.177219  0.542939  0.868402  0.117023  0.129256  0.184687  0.180775  0.932488  0.951407  0.906011  0.926011  0.739743  0.904661  0.916404  0.993848  0.953418  0.921966  0.915789  0.704394  0.927661  0.942701  0.931260  0.915412  0.894504  0.578356  0.562617  0.560223  0.899064  0.852298  0.761604  0.337197  0.151502  0.749679  0.823750  0.617235  0.440381  0.605607  0.828823  0.845200  0.087092  0.523136  0.532990
  0.613900  0.555579  0.878614  0.938873  0.866366  0.691297  0.179434  0.542239  0.867372  0.116232  0.127881  0.185526  0.176156  0.931614  0.952802  0.904610  0.926708  0.741835  0.904655  0.916399  0.995267  0.953415  0.921961  0.920674  0.704381  0.925563  0.943410  0.931966  0.915407  0.893748  0.580810  0.562402  0.560650  0.899407  0.851646  0.762318  0.334581  0.151945  0.750279  0.823287  0.617604  0.439468  0.606115  0.827392  0.844426  0.088077  0.524434  0.537137
  0.615500  0.557174  0.883659  0.941116  0.866999  0.694405  0.179266  0.543403  0.868783  0.116168  0.129683  0.184859  0.175248  0.930714  0.953502  0.904612  0.926009  0.742586  0.904658  0.917819  0.995978  0.954850  0.924096  0.919279  0.703000  0.930453  0.942699  0.932679  0.918968  0.892907  0.581398  0.562617  0.561180  0.900258  0.852325  0.762106  0.334255  0.151621  0.753955  0.823057  0.618972  0.438919  0.605822  0.827485  0.847250  0.089464  0.526692  0.540618
  0.617100  0.556601  0.886931  0.938499  0.867100  0.694191  0.181208  0.544013  0.870010  0.115024  0.126774  0.183988  0.175269  0.933460  0.954898  0.906705  0.926008  0.741254  0.906772  0.917817  0.993138  0.955565  0.926225  0.915785  0.704415  0.929055  0.940558  0.933388  0.917542  0.895346  0.579282  0.561073  0.560913  0.900982  0.852925  0.762449  0.333783  0.152500  0.752282  0.821837  0.620444  0.440491  0.605637  0.828112  0.838834  0.091571  0.528480  0.543174
  0.618700  0.556535  0.887871  0.939727  0.866498  0.695818  0.181929  0.544748  0.869079  0.115428  0.127874  0.183457  0.175664  0.932613  0.951443  0.906083  0.926769  0.739810  0.906152  0.916480  0.995990  0.954906  0.922749  0.919342  0.704385  0.932601  0.943472  0.934166  0.914069  0.897979  0.578801  0.565120  0.561440  0.899806  0.851270  0.763997  0.332925  0.153301  0.756396  0.824467  0.621503  0.441361  0.606478  0.828217  0.846229  0.092032  0.531916  0.544458
  0.620300  0.555333  0.878340  0.937640  0.866769  0.697110  0.184283  0.544398  0.870034  0.113711  0.126782  0.185048  0.175447  0.932653  0.952861  0.904738  0.926109  0.740076  0.905502  0.915116  0.998124  0.955658  0.922089  0.917292  0.705081  0.931241  0.944224  0.935629  0.916257  0.896814  0.578479  0.566163  0.563431  0.901149  0.852965  0.762681  0.334134  0.153176  0.753638  0.825067  0.620868  0.439453  0.607506  0.827590  0.842094  0.093817  0.532193  0.546647
  0.621900  0.557708  0.879923  0.936547  0.867975  0.697554  0.183320  0.545902  0.869297  0.114736  0.128235  0.182314  0.175107  0.931811  0.952833  0.905373  0.930259  0.740613  0.902613  0.916467  0.995988  0.954180  0.924868  0.921425  0.703684  0.931196  0.947025  0.934866  0.917611  0.895891  0.578716  0.563344  0.564244  0.901534  0.852699  0.764511  0.332634  0.154175  0.753442  0.826248  0.623060  0.439971  0.609575  0.827649  0.843644  0.095113  0.535038  0.546724
  0.623500  0.557065  0.883285  0.939354  0.866974  0.699797  0.185489  0.547335  0.869525  0.112734  0.124957  0.181281  0.175947  0.932716  0.954256  0.905435  0.928906  0.740247  0.904797  0.918654  0.995289  0.955657  0.924218  0.918686  0.704431  0.931938  0.945648  0.936339  0.916967  0.892513  0.580720  0.566748  0.563691  0.901795  0.853312  0.763013  0.333659  0.154348  0.754431  0.825447  0.623008  0.439134  0.610050  0.829132  0.845789  0.095281  0.537739  0.546042
  0.625100  0.557813  0.882819  0.940071  0.866109  0.700640  0.187661  0.547995  0.868711  0.113467  0.124839  0.181530  0.174238  0.932777  0.955658  0.906148  0.926821  0.740756  0.902702  0.914425  0.999543  0.955669  0.924234  0.918700  0.704415  0.933343  0.944948  0.937771  0.916984  0.896246  0.577441  0.567078  0.564847  0.901704  0.853151  0.763609  0.325002  0.156046  0.753507  0.825439  0.624700  0.440394  0.608337  0.829085  0.841090  0.096428  0.541048  0.546045
  0.626700  0.557571  0.879647  0.939331  0.867802  0.701952  0.187414  0.548612  0.870012  0.112762  0.125783  0.181441  0.174179  0.934611  0.955654  0.906837  0.926115  0.740915  0.905511  0.915832  0.997415  0.954947  0.925645  0.917995  0.703743  0.929153  0.944230  0.939184  0.917687  0.896434  0.579241  0.564662  0.565364  0.901988  0.853723  0.766011  0.328852  0.157436  0.756808  0.826806  0.626242  0.440684  0.609735  0.829820  0.847544  0.098369  0.543896  0.545280
  0.628300  0.557865  0.887666  0.939366  0.867529  0.702180  0.188497  0.548136  0.870176  0.114028  0.125200  0.179954  0.173196  0.932831  0.954949  0.906820  0.928899  0.740910  0.904082  0.916521  0.999539  0.954219  0.925629  0.919376  0.704892  0.932628  0.943504  0.939170  0.919090  0.898573  0.581849  0.565361  0.566404  0.902790  0.854709  0.764454  0.329123  0.158218  0.755159  0.828224  0.626107  0.439622  0.612603  0.830526  0.847043  0.099813  0.544979  0.544056
  0.629900  0.558495  0.883843  0.937424  0.866678  0.704644  0.190031  0.549165  0.870435  0.111394  0.123942  0.178742  0.175635  0.937396  0.955619  0.906759  0.929551  0.742098  0.904717  0.916456  0.998112  0.957037  0.922016  0.920021  0.702989  0.933283  0.945591  0.939829  0.919734  0.897247  0.579399  0.567127  0.567482  0.903885  0.852077  0.766735  0.325881  0.158267  0.757431  0.827847  0.628126  0.441282  0.611796  0.827705  0.844229  0.099858  0.546622  0.541632
  0.631700  0.559683  0.886826  0.941281  0.867700  0.705802  0.193765  0.549753  0.870675  0.111404  0.122767  0.180263  0.171795  0.934707  0.956342  0.906120  0.928197  0.741623  0.901966  0.915811  0.995284  0.954932  0.923497  0.922163  0.705594  0.935416  0.943502  0.939878  0.920509  0.896894  0.580002  0.566504  0.566383  0.902775  0.854048  0.765286  0.327286  0.159873  0.754902  0.829063  0.629826  0.438675  0.614168  0.830645  0.846013  0.101582  0.548732  0.539060
  0.633700  0.559412  0.884402  0.938488  0.868102  0.706382  0.198160  0.550254  0.870355  0.112166  0.125187  0.179823  0.172824  0.934769  0.957738  0.906820  0.928898  0.741697  0.904787  0.914398  0.998120  0.955650  0.926338  0.917980  0.704922  0.931233  0.942792  0.940589  0.919801  0.900360  0.582630  0.565597  0.568501  0.903327  0.853186  0.766896  0.325459  0.161037  0.759197  0.829078  0.630512  0.442385  0.614245  0.830529  0.845258  0.102384  0.550964  0.536227
  0.635700  0.559801  0.890004  0.941613  0.867846  0.709512  0.200366  0.551241  0.871272  0.111308  0.122576  0.178913  0.172325  0.936597  0.958435  0.906125  0.930298  0.742164  0.904790  0.915816  0.998828  0.954220  0.926340  0.920075  0.705562  0.931931  0.947065  0.939171  0.920514  0.900089  0.582159  0.568577  0.568934  0.904703  0.854572  0.766556  0.325414  0.162659  0.759358  0.829615  0.631857  0.438458  0.615083  0.831941  0.846425  0.103275  0.552751  0.533700
  0.637700  0.559764  0.882444  0.936974  0.868249  0.709489  0.200071  0.551468  0.870012  0.112736  0.120746  0.176901  0.170844  0.937557  0.959807  0.906066  0.929554  0.742714  0.906838  0.915045  1.000947  0.958472  0.926993  0.920722  0.705862  0.932587  0.946307  0.942674  0.921162  0.899189  0.579617  0.567857  0.571269  0.904781  0.853328  0.766848  0.324731  0.163710  0.759260  0.830680  0.633632  0.440773  0.617107  0.829785  0.841897  0.104946  0.554564  0.529310
  0.639700  0.559071  0.881230  0.940470  0.868761  0.710976  0.201937  0.552194  0.870923  0.110350  0.120064  0.176390  0.174909  0.937599  0.959084  0.908100  0.929507  0.743258  0.906771  0.917106  1.003779  0.957712  0.927645  0.919973  0.705171  0.935338  0.946972  0.943336  0.922522  0.898838  0.576195  0.566323  0.571499  0.904847  0.852962  0.766653  0.321817  0.165603  0.758419  0.830443  0.635309  0.439326  0.615987  0.831264  0.842766  0.105166  0.555453  0.525878
  0.641700  0.559498  0.881791  0.941714  0.868074  0.712845  0.208695  0.553024  0.871298  0.109651  0.124282  0.175237  0.171734  0.936698  0.961877  0.908799  0.932308  0.742706  0.906772  0.919233  0.998810  0.957713  0.926935  0.922767  0.706623  0.934640  0.948398  0.944048  0.923947  0.901051  0.577477  0.566629  0.570801  0.905772  0.853808  0.767876  0.323034  0.167293  0.758512  0.831506  0.636671  0.439793  0.618716  0.832671  0.849269  0.106977  0.557029  0.522772
  0.643700  0.560531  0.877147  0.938612  0.868693  0.713991  0.208022  0.552859  0.872949  0.108792  0.118991  0.174662  0.170235  0.935837  0.959105  0.906760  0.931649  0.742688  0.904719  0.914333  1.005200  0.955603  0.926279  0.919323  0.705356  0.933281  0.947016  0.944801  0.922581  0.896379  0.578048  0.566909  0.572181  0.904937  0.853456  0.767703  0.320076  0.169124  0.762696  0.831855  0.638011  0.438925  0.618789  0.832600  0.847037  0.108360  0.556633  0.518297
  0.645700  0.560780  0.877885  0.940981  0.868427  0.715707  0.210906  0.553588  0.872871  0.108746  0.120130  0.174587  0.168473  0.937652  0.959777  0.907394  0.934402  0.743985  0.904645  0.917098  1.005905  0.956272  0.925505  0.922061  0.706568  0.935332  0.946252  0.941908  0.922514  0.897970  0.579789  0.565816  0.571450  0.904933  0.854656  0.769149  0.321077  0.171413  0.760754  0.833270  0.640636  0.439703  0.624250  0.834125  0.850157  0.108525  0.557415  0.513518
  0.647700  0.561294  0.886157  0.940896  0.868428  0.716698  0.213681  0.554404  0.871351  0.111458  0.122109  0.174003  0.169910  0.937705  0.963242  0.909416  0.931544  0.744647  0.905972  0.919147  1.003770  0.957651  0.926853  0.921999  0.707069  0.935280  0.947620  0.944693  0.923148  0.897025  0.575417  0.571518  0.573277  0.906833  0.853790  0.769089  0.319632  0.174700  0.760311  0.832241  0.639674  0.441281  0.623495  0.834571  0.851136  0.111024  0.557404  0.509739
  0.649700  0.560539  0.880765  0.939769  0.868813  0.717433  0.216366  0.556190  0.873100  0.107927  0.118703  0.171733  0.166992  0.936798  0.959751  0.908728  0.932955  0.744511  0.906691  0.917740  1.005190  0.957659  0.928287  0.921309  0.707059  0.934589  0.949056  0.945413  0.924585  0.903370  0.575344  0.567891  0.573983  0.905927  0.854465  0.769187  0.318569  0.175662  0.760799  0.834011  0.640482  0.440120  0.622756  0.835273  0.847560  0.110385  0.555036  0.504135
  0.651700  0.561622  0.884486  0.942880  0.868091  0.718525  0.217626  0.556002  0.872447  0.109395  0.119518  0.173705  0.167759  0.936855  0.960450  0.909427  0.931553  0.742386  0.909515  0.917031  1.005190  0.956942  0.925442  0.921309  0.706349  0.936686  0.949055  0.947546  0.923160  0.901237  0.576423  0.573772  0.575742  0.905107  0.854264  0.769411  0.316832  0.177910  0.763434  0.834092  0.641552  0.438249  0.624592  0.833855  0.848119  0.111436  0.547476  0.499425
  0.653700  0.561664  0.885042  0.942072  0.869164  0.719797  0.221301  0.557031  0.873376  0.108544  0.115945  0.170558  0.168350  0.938669  0.961148  0.910124  0.930150  0.745236  0.908102  0.916321  1.001637  0.956941  0.928285  0.919910  0.706155  0.933889  0.949054  0.948257  0.923159  0.895916  0.574440  0.571390  0.575981  0.906922  0.853833  0.769957  0.314908  0.180294  0.763681  0.834878  0.643771  0.440365  0.626662  0.833144  0.849152  0.112269  0.529442  0.494843
  0.655700  0.561594  0.883461  0.940930  0.869602  0.719952  0.222816  0.557730  0.873008  0.107786  0.116470  0.171385  0.169341  0.937756  0.963223  0.908666  0.930804  0.744288  0.906621  0.918384  1.002342  0.959049  0.928938  0.923355  0.706836  0.935245  0.949722  0.950347  0.925233  0.898506  0.576298  0.570857  0.576853  0.907820  0.855931  0.770570  0.315088  0.183138  0.765026  0.833237  0.645284  0.440948  0.624568  0.837332  0.849616  0.113311  0.540940  0.489507
  0.657700  0.562304  0.885600  0.940558  0.870487  0.721710  0.224786  0.557260  0.873551  0.108599  0.118990  0.171203  0.168651  0.938706  0.963899  0.909300  0.932859  0.746316  0.907960  0.917605  1.004469  0.959002  0.928162  0.924000  0.706150  0.936599  0.952530  0.949587  0.923026  0.905689  0.577649  0.572209  0.578143  0.906982  0.855007  0.769569  0.315424  0.185741  0.762232  0.834490  0.647070  0.438718  0.627905  0.836697  0.851140  0.114454  0.555610  0.485093
  0.659700  0.560710  0.887842  0.942023  0.869535  0.722644  0.226869  0.558051  0.875188  0.106469  0.116946  0.170692  0.165688  0.938712  0.963902  0.911409  0.932865  0.744784  0.906555  0.919034  1.003758  0.958290  0.928883  0.922607  0.706629  0.936605  0.951107  0.950306  0.926601  0.901269  0.578524  0.571698  0.579173  0.906990  0.853933  0.769863  0.316093  0.188401  0.763986  0.834068  0.648333  0.439959  0.627139  0.836981  0.847019  0.115783  0.558943  0.480667
  0.661700  0.561516  0.887086  0.941657  0.871118  0.725571  0.230236  0.558377  0.875803  0.106555  0.118905  0.170862  0.163317  0.937811  0.963918  0.910755  0.934304  0.744442  0.906610  0.917665  1.003762  0.959042  0.925370  0.923347  0.708555  0.935938  0.951856  0.952476  0.924511  0.901313  0.581544  0.570675  0.580752  0.907905  0.854363  0.770430  0.313260  0.191129  0.764961  0.838220  0.647297  0.437647  0.627815  0.836414  0.848450  0.115891  0.563323  0.476065
  0.663700  0.561348  0.881974  0.939707  0.869964  0.725712  0.229510  0.559982  0.875459  0.106554  0.115498  0.168903  0.166280  0.937802  0.966699  0.911401  0.936369  0.746374  0.907254  0.919736  1.004469  0.956848  0.927451  0.925401  0.707658  0.934500  0.953959  0.948876  0.924453  0.900366  0.578174  0.574338  0.582059  0.907892  0.856838  0.770577  0.313923  0.193612  0.766979  0.837803  0.647360  0.439284  0.628425  0.836426  0.849259  0.117307  0.569318  0.471913
  0.665700  0.562212  0.883460  0.941607  0.870838  0.727795  0.233369  0.560725  0.876077  0.106350  0.116499  0.169973  0.170903  0.937802  0.961778  0.911348  0.931413  0.747504  0.907898  0.916125  1.008024  0.958244  0.930247  0.922554  0.707850  0.936562  0.953205  0.952399  0.926537  0.907744  0.579315  0.573798  0.582993  0.908798  0.855348  0.770576  0.312126  0.197015  0.766612  0.839407  0.649994  0.436212  0.626395  0.836547  0.852611  0.117638  0.577197  0.465804
  0.667700  0.562388  0.881883  0.943912  0.871761  0.728927  0.231906  0.558511  0.875347  0.105392  0.114656  0.166842  0.168206  0.939661  0.966681  0.912750  0.935628  0.745381  0.909315  0.918259  1.005889  0.959683  0.930962  0.923957  0.707848  0.935863  0.953206  0.953113  0.926539  0.902761  0.579404  0.572430  0.583582  0.907965  0.854724  0.771490  0.311133  0.199942  0.767183  0.836911  0.650198  0.437671  0.627224  0.837030  0.850818  0.116874  0.581683  0.462471
  0.670200  0.562181  0.883088  0.939683  0.870334  0.730869  0.233203  0.559048  0.874214  0.104846  0.111229  0.169865  0.164023  0.939669  0.966656  0.910571  0.934869  0.746014  0.907811  0.919598  1.006597  0.960346  0.930887  0.925995  0.706499  0.937913  0.949571  0.953058  0.927887  0.906525  0.576141  0.576484  0.583931  0.907978  0.854613  0.771072  0.309337  0.202619  0.767495  0.838002  0.651215  0.437303  0.627565  0.838384  0.848992  0.118678  0.586189  0.456306
  0.673200  0.561287  0.882810  0.943611  0.869896  0.730821  0.239094  0.559866  0.877013  0.105607  0.113174  0.165893  0.168024  0.938773  0.969431  0.912579  0.934796  0.747513  0.912661  0.919494  1.008733  0.958116  0.932935  0.925915  0.707182  0.938549  0.953793  0.954418  0.927788  0.903710  0.573157  0.577352  0.585495  0.908897  0.855033  0.771470  0.311239  0.207433  0.767514  0.837987  0.652402  0.437078  0.631958  0.836942  0.851149  0.119680  0.588356  0.449524
  0.676200  0.563581  0.884204  0.949022  0.871498  0.732027  0.239795  0.560687  0.877995  0.104586  0.112239  0.164448  0.164644  0.939665  0.969419  0.915347  0.936877  0.746386  0.909067  0.919448  1.008732  0.961687  0.932180  0.927987  0.708852  0.939223  0.956629  0.956533  0.929175  0.908463  0.575945  0.576671  0.586591  0.908877  0.854995  0.770693  0.310574  0.211447  0.771717  0.839981  0.654673  0.434626  0.629013  0.840424  0.851928  0.120991  0.592897  0.444247
  0.679200  0.562038  0.885972  0.943131  0.871644  0.734066  0.238429  0.562070  0.877914  0.103474  0.112557  0.163487  0.164869  0.939675  0.968027  0.914683  0.936202  0.746350  0.909822  0.920203  1.010160  0.960995  0.932933  0.923807  0.706540  0.937845  0.952358  0.953702  0.927070  0.906907  0.575463  0.574159  0.589134  0.909798  0.856370  0.772001  0.309331  0.215215  0.769794  0.838925  0.656830  0.434420  0.631370  0.840938  0.851506  0.120978  0.593470  0.437482
  0.682200  0.563955  0.883926  0.942283  0.871844  0.734406  0.241954  0.562775  0.876456  0.105147  0.112298  0.162871  0.163755  0.938766  0.971493  0.913825  0.938905  0.746243  0.911059  0.923599  1.011589  0.960880  0.934211  0.927187  0.708693  0.940549  0.955827  0.958600  0.931202  0.907363  0.579825  0.573496  0.588994  0.909791  0.854201  0.770352  0.307900  0.220261  0.770799  0.840388  0.656709  0.435063  0.630885  0.841574  0.853159  0.122766  0.593720  0.430958
  0.685200  0.562657  0.882623  0.942291  0.871559  0.736475  0.242305  0.563029  0.878422  0.103355  0.111181  0.163752  0.163108  0.938763  0.970800  0.913858  0.934699  0.747280  0.911097  0.919354  1.007303  0.960904  0.933527  0.928620  0.707966  0.937759  0.955133  0.957191  0.929087  0.909420  0.568765  0.577344  0.591781  0.909787  0.855507  0.771246  0.304982  0.225077  0.773095  0.840414  0.656928  0.435225  0.632504  0.840979  0.852452  0.122768  0.596523  0.425591
  0.688200  0.562846  0.887941  0.943479  0.872004  0.737823  0.243405  0.563896  0.879270  0.102889  0.111059  0.161525  0.163431  0.939628  0.972879  0.915153  0.940260  0.747703  0.910967  0.921372  1.010876  0.962267  0.931985  0.926417  0.708280  0.940496  0.955769  0.957115  0.929687  0.908943  0.576028  0.573932  0.591840  0.911537  0.854088  0.770717  0.304311  0.231618  0.770820  0.839830  0.657600  0.433189  0.632835  0.840895  0.852034  0.123812  0.598132  0.421093
  0.691200  0.564626  0.888505  0.945703  0.870671  0.739321  0.244069  0.565101  0.881069  0.101830  0.111979  0.162895  0.166580  0.941376  0.974949  0.917094  0.939426  0.749291  0.910759  0.924757  1.013746  0.963586  0.933962  0.928383  0.708755  0.939671  0.957078  0.960583  0.930220  0.917925  0.577906  0.575334  0.594623  0.911435  0.856955  0.772709  0.304049  0.238023  0.769416  0.840421  0.657190  0.433713  0.632264  0.842839  0.850734  0.124774  0.585949  0.415613
  0.694200  0.563900  0.886449  0.944973  0.872534  0.741537  0.246129  0.565076  0.879466  0.101441  0.110454  0.160621  0.160925  0.938663  0.973526  0.915635  0.937975  0.748345  0.912128  0.920407  1.011597  0.961378  0.933914  0.921989  0.708338  0.942462  0.957043  0.958397  0.930889  0.915017  0.575814  0.575737  0.594959  0.911448  0.854721  0.772561  0.304522  0.244970  0.772205  0.843090  0.657994  0.435783  0.634707  0.843974  0.853990  0.125195  0.604152  0.409498
  0.697200  0.563341  0.880754  0.943018  0.872232  0.741138  0.247975  0.565966  0.881678  0.102904  0.108631  0.160425  0.163285  0.940450  0.974203  0.916934  0.939307  0.748716  0.913421  0.921713  1.013036  0.962017  0.935959  0.927539  0.707622  0.943094  0.956236  0.964075  0.931489  0.910168  0.577532  0.576400  0.595289  0.911407  0.857609  0.771906  0.303950  0.247630  0.773901  0.841881  0.659910  0.431661  0.630008  0.843159  0.852731  0.125326  0.607663  0.404980
  0.700200  0.562708  0.876281  0.944004  0.871944  0.749828  0.251047  0.571185  0.879889  0.100976  0.108560  0.159347  0.162372  0.945292  0.974885  0.917539  0.941360  0.749070  0.914731  0.925907  1.013760  0.961214  0.935138  0.926743  0.709352  0.943734  0.956881  0.961851  0.932823  0.907337  0.572604  0.578165  0.598926  0.913722  0.857611  0.778061  0.303373  0.251775  0.773279  0.842614  0.660542  0.432743  0.634177  0.842955  0.856001  0.126083  0.611243  0.400405
  0.702000  0.565821  0.878586  0.943655  0.871510  0.749056  0.248645  0.571000  0.881383  0.101628  0.108569  0.159640  0.162685  0.945282  0.973500  0.916240  0.938608  0.750149  0.912723  0.918859  1.010881  0.959851  0.931656  0.924723  0.709964  0.936740  0.955525  0.956889  0.930062  0.916565  0.579985  0.579862  0.598459  0.912803  0.857717  0.777656  0.300122  0.256821  0.776356  0.842451  0.660428  0.433884  0.632369  0.843133  0.852997  0.126536  0.611862  0.397568
  0.704000  0.565729  0.880647  0.941211  0.871057  0.749289  0.249677  0.572081  0.881499  0.100644  0.108967  0.160104  0.163067  0.944336  0.969963  0.916234  0.938604  0.750281  0.910573  0.920286  1.010881  0.959846  0.933088  0.925425  0.711203  0.940271  0.954077  0.957605  0.927894  0.916110  0.576009  0.577267  0.600208  0.914537  0.856932  0.777733  0.300466  0.261914  0.776197  0.843384  0.661578  0.430206  0.631437  0.842885  0.854947  0.126961  0.613272  0.393887
  0.706000  0.565252  0.882241  0.943664  0.872547  0.751419  0.249678  0.572606  0.880656  0.099743  0.108663  0.158920  0.164275  0.945195  0.975577  0.917474  0.940603  0.750412  0.911076  0.918648  1.011603  0.958982  0.932910  0.924560  0.711870  0.938732  0.953939  0.959645  0.929867  0.908438  0.578950  0.578905  0.602618  0.914465  0.857062  0.778443  0.301959  0.268140  0.775106  0.845024  0.661906  0.434099  0.630675  0.845553  0.856904  0.126459  0.614977  0.391378
  0.708000  0.565056  0.876526  0.943236  0.871297  0.752038  0.248780  0.571932  0.880935  0.102751  0.109624  0.160741  0.160118  0.946096  0.970618  0.917476  0.939183  0.748922  0.910362  0.922963  1.012323  0.960438  0.932912  0.925270  0.710723  0.939441  0.954664  0.958925  0.928425  0.909427  0.574424  0.581280  0.602525  0.913557  0.857161  0.778160  0.302352  0.271411  0.776196  0.844915  0.661252  0.433066  0.633171  0.845601  0.855433  0.127924  0.615376  0.388030
  0.710000  0.565506  0.880074  0.942680  0.872800  0.752101  0.250743  0.572475  0.879917  0.101371  0.109854  0.159554  0.162941  0.944338  0.974132  0.915238  0.939813  0.751459  0.911662  0.920681  1.010163  0.961081  0.931355  0.925881  0.711957  0.942202  0.953853  0.961739  0.930473  0.914802  0.575224  0.579262  0.602320  0.912735  0.857863  0.777835  0.299881  0.274767  0.777246  0.845246  0.663782  0.433533  0.633388  0.844650  0.855304  0.127954  0.617489  0.385538
  0.712000  0.565021  0.874331  0.945505  0.872319  0.751926  0.250839  0.574249  0.881850  0.102059  0.108319  0.160292  0.165809  0.946961  0.973409  0.914474  0.939774  0.750484  0.910881  0.917019  1.007998  0.959583  0.934190  0.926545  0.712443  0.938616  0.955261  0.959537  0.928970  0.912456  0.582040  0.578304  0.603394  0.914394  0.857513  0.777888  0.300517  0.277614  0.776703  0.843261  0.663279  0.436488  0.634818  0.845949  0.855732  0.127937  0.618717  0.383029
  0.714000  0.565511  0.878567  0.943886  0.871624  0.754153  0.250261  0.574685  0.882347  0.101073  0.107251  0.159761  0.162299  0.946013  0.972685  0.917976  0.938313  0.750986  0.912258  0.919124  1.012329  0.959545  0.932696  0.925792  0.712035  0.937871  0.954499  0.956612  0.928917  0.909067  0.579668  0.578125  0.606356  0.915229  0.858343  0.777423  0.299074  0.281185  0.771129  0.843484  0.662618  0.433805  0.635429  0.844395  0.852762  0.128972  0.620103  0.381228
  0.716000  0.565999  0.876485  0.944616  0.871152  0.754067  0.252656  0.575251  0.882911  0.100347  0.109469  0.159643  0.168351  0.946919  0.976198  0.918518  0.942467  0.751948  0.912053  0.921091  1.010887  0.961602  0.935418  0.927776  0.713260  0.942018  0.955818  0.957938  0.930906  0.911273  0.578412  0.580737  0.606664  0.914325  0.857366  0.778604  0.299144  0.282234  0.775105  0.843691  0.663319  0.432725  0.631969  0.845815  0.851135  0.129287  0.621948  0.378474
  0.718000  0.563736  0.876097  0.942599  0.871038  0.753680  0.252847  0.575391  0.882913  0.100908  0.108836  0.158558  0.164031  0.944198  0.972637  0.914957  0.941752  0.749645  0.913490  0.919645  1.012334  0.958678  0.931069  0.929199  0.712073  0.938456  0.952910  0.959387  0.928002  0.917735  0.579788  0.583216  0.607261  0.913411  0.857438  0.777857  0.300332  0.287089  0.773731  0.846305  0.663387  0.435672  0.634030  0.844113  0.854298  0.129288  0.623910  0.375209
  0.720000  0.564993  0.877134  0.943378  0.871835  0.755474  0.251569  0.575672  0.881633  0.103286  0.108727  0.160284  0.169280  0.944157  0.974046  0.917034  0.941709  0.751842  0.914140  0.920299  1.013060  0.960093  0.933183  0.928436  0.712058  0.938413  0.955044  0.960072  0.929389  0.917931  0.579827  0.584051  0.608440  0.915156  0.856248  0.777949  0.298521  0.289167  0.778531  0.843693  0.663984  0.435355  0.632656  0.847000  0.855968  0.129611  0.623638  0.372940
  0.722000  0.564589  0.876733  0.946479  0.871907  0.756402  0.252753  0.577438  0.884152  0.099659  0.108209  0.161406  0.171426  0.945011  0.971894  0.915558  0.937384  0.750128  0.909760  0.918796  1.012337  0.959323  0.936035  0.924829  0.711545  0.936952  0.952094  0.959313  0.927882  0.909142  0.583949  0.581892  0.608559  0.915073  0.858809  0.777359  0.297890  0.292501  0.773760  0.846042  0.663872  0.434173  0.634182  0.846800  0.856098  0.129892  0.624573  0.370723
  0.724000  0.564012  0.872469  0.942560  0.871349  0.756414  0.252764  0.577740  0.883708  0.098967  0.108586  0.159543  0.163582  0.945921  0.973289  0.919011  0.941591  0.752051  0.911060  0.920834  1.014518  0.959231  0.930834  0.923296  0.713163  0.941865  0.956374  0.960688  0.929210  0.917670  0.582669  0.582535  0.609434  0.915077  0.857639  0.776281  0.297396  0.295050  0.774374  0.845677  0.663891  0.433221  0.632004  0.847305  0.850326  0.129984  0.626300  0.369277
  0.726000  0.563511  0.873218  0.944395  0.870898  0.757574  0.252876  0.577737  0.884222  0.099357  0.107940  0.160132  0.172099  0.945880  0.973990  0.914673  0.941554  0.751758  0.910276  0.920776  1.011616  0.961391  0.933689  0.926822  0.712642  0.938257  0.957065  0.959927  0.929882  0.917605  0.586926  0.583916  0.611131  0.915918  0.857849  0.777367  0.298019  0.298245  0.775557  0.849330  0.663904  0.437015  0.633142  0.847100  0.854995  0.130685  0.627258  0.366516
  0.728000  0.561534  0.870763  0.945111  0.867906  0.756331  0.255157  0.578127  0.883692  0.102995  0.109318  0.158694  0.168418  0.942294  0.975380  0.918085  0.942155  0.752692  0.915865  0.924223  1.014530  0.964206  0.933524  0.926679  0.713385  0.941003  0.955480  0.961275  0.929706  0.909994  0.584119  0.582801  0.612116  0.914173  0.856320  0.777921  0.296766  0.300212  0.775655  0.844364  0.661824  0.435670  0.633034  0.846266  0.853823  0.131676  0.629347  0.365694
  0.730000  0.560946  0.869670  0.942255  0.865188  0.758147  0.254695  0.578864  0.885406  0.101702  0.108910  0.158502  0.166961  0.946739  0.974661  0.918074  0.939274  0.751962  0.915852  0.921303  1.012347  0.962728  0.933512  0.926669  0.711260  0.940995  0.956934  0.962725  0.928234  0.921029  0.583689  0.586239  0.613169  0.915837  0.857458  0.776415  0.296221  0.301844  0.775524  0.845431  0.663013  0.439195  0.630425  0.846920  0.851905  0.130957  0.629654  0.363024
  0.732000  0.564933  0.870526  0.946986  0.869609  0.758442  0.253159  0.578813  0.884048  0.100224  0.107861  0.160706  0.169834  0.943108  0.976796  0.915864  0.939229  0.751135  0.915783  0.921963  1.010891  0.961948  0.931993  0.928767  0.710046  0.940237  0.956157  0.959769  0.930359  0.917605  0.586514  0.585207  0.613096  0.914936  0.859117  0.777345  0.299824  0.303627  0.777072  0.846823  0.663914  0.435412  0.632710  0.850354  0.857958  0.131791  0.629489  0.361054
  0.734000  0.563877  0.871194  0.946711  0.869244  0.759568  0.254554  0.581260  0.884131  0.102094  0.109653  0.163089  0.168588  0.944876  0.974632  0.918681  0.941348  0.752340  0.913549  0.921176  1.013079  0.964117  0.934859  0.925137  0.713740  0.940918  0.955385  0.959734  0.928110  0.914840  0.587072  0.584757  0.614964  0.914855  0.856709  0.775670  0.298736  0.305359  0.773841  0.848155  0.664937  0.440446  0.634889  0.847430  0.854900  0.131653  0.630301  0.358681
  0.736000  0.564937  0.869376  0.946553  0.870182  0.757837  0.253080  0.581068  0.884492  0.102094  0.110087  0.160569  0.172475  0.943966  0.972450  0.918576  0.942711  0.752026  0.916325  0.921783  1.010893  0.964038  0.930366  0.927914  0.711672  0.940844  0.956035  0.958199  0.930188  0.916485  0.586465  0.589015  0.615585  0.915764  0.857983  0.775212  0.298200  0.306153  0.780625  0.848018  0.665208  0.438253  0.635403  0.848746  0.858289  0.132312  0.630854  0.356655
  0.738000  0.563132  0.872949  0.944643  0.870458  0.759343  0.252411  0.580558  0.886137  0.097616  0.110580  0.161737  0.165523  0.944829  0.977465  0.916358  0.941226  0.751198  0.911170  0.919524  1.017469  0.959566  0.934689  0.926422  0.710660  0.940082  0.955988  0.960351  0.932319  0.918531  0.595583  0.583350  0.615282  0.915690  0.857045  0.775005  0.295275  0.308583  0.779069  0.848261  0.665824  0.440583  0.632213  0.848544  0.855773  0.132216  0.632899  0.355564
  0.740000  0.563775  0.864460  0.945297  0.868650  0.760105  0.254201  0.581462  0.885111  0.100971  0.108214  0.161623  0.166119  0.943015  0.973138  0.922061  0.945517  0.753075  0.912562  0.922385  1.011625  0.963956  0.928050  0.925658  0.710797  0.936449  0.955948  0.961049  0.929332  0.918596  0.587850  0.584095  0.617329  0.915701  0.858026  0.774581  0.297946  0.309644  0.778110  0.849420  0.667447  0.440125  0.631012  0.847710  0.854389  0.131984  0.634201  0.355247
  0.742000  0.563577  0.867303  0.944130  0.869623  0.761074  0.254270  0.583023  0.885746  0.101446  0.109980  0.164056  0.170082  0.942968  0.975987  0.920507  0.943992  0.750652  0.913874  0.919326  1.016753  0.958692  0.933051  0.924830  0.711244  0.940682  0.951443  0.962436  0.930670  0.916347  0.589216  0.582729  0.618387  0.915629  0.855614  0.773377  0.296581  0.311942  0.778125  0.849104  0.666751  0.439954  0.634192  0.849757  0.856968  0.133309  0.634237  0.353024
  0.744000  0.563616  0.861165  0.947752  0.867988  0.762138  0.253863  0.584588  0.885458  0.102325  0.109571  0.159948  0.173742  0.942921  0.977417  0.919736  0.943233  0.752678  0.915998  0.922191  1.013826  0.962349  0.930797  0.927667  0.712730  0.938482  0.955080  0.960935  0.932083  0.921447  0.595926  0.591773  0.620129  0.916470  0.854839  0.772992  0.296639  0.311749  0.776484  0.848098  0.666359  0.442326  0.633255  0.849648  0.858520  0.132767  0.636353  0.351243
  0.746000  0.563280  0.868699  0.944339  0.868679  0.761759  0.253963  0.583813  0.884730  0.100360  0.110047  0.163107  0.180518  0.941094  0.975225  0.920344  0.944599  0.753039  0.911486  0.923524  1.014566  0.960038  0.935082  0.926121  0.711184  0.941286  0.957200  0.962327  0.931224  0.921321  0.591612  0.584095  0.618284  0.915553  0.854021  0.771063  0.297116  0.314790  0.780850  0.849918  0.667858  0.441129  0.635485  0.848169  0.856758  0.133254  0.637126  0.349801
  0.748000  0.564583  0.862820  0.946396  0.870013  0.761637  0.253854  0.583413  0.885640  0.103027  0.109406  0.161050  0.175197  0.941958  0.977394  0.921077  0.944606  0.752828  0.914416  0.927199  1.011630  0.963010  0.931419  0.925409  0.712402  0.940571  0.956472  0.960130  0.930499  0.922321  0.593377  0.586700  0.621328  0.915481  0.853554  0.770494  0.296802  0.314100  0.775845  0.851486  0.667300  0.445125  0.635533  0.848922  0.854400  0.133632  0.636295  0.348351
  0.750500  0.563552  0.864873  0.945038  0.867735  0.760975  0.252028  0.582713  0.886178  0.103033  0.110036  0.162559  0.173069  0.941953  0.976658  0.918129  0.942392  0.752767  0.914346  0.924936  1.013100  0.962224  0.934298  0.926800  0.712655  0.939807  0.954951  0.963767  0.929699  0.914885  0.595236  0.587208  0.622286  0.916386  0.852867  0.767458  0.296257  0.314993  0.776262  0.850247  0.667734  0.444199  0.632287  0.849490  0.856361  0.134536  0.636309  0.347353
  0.753500  0.564346  0.862346  0.947054  0.867170  0.762067  0.250257  0.583676  0.887476  0.100234  0.108309  0.161147  0.175447  0.943739  0.977367  0.919515  0.943074  0.752677  0.915005  0.922668  1.013837  0.961436  0.932764  0.926747  0.711877  0.938317  0.953427  0.959313  0.925211  0.920667  0.594626  0.590432  0.623311  0.916323  0.852947  0.767733  0.297228  0.316652  0.779012  0.851441  0.666756  0.446481  0.635439  0.850025  0.857267  0.134566  0.637086  0.345253
  0.756500  0.563194  0.862017  0.943380  0.867142  0.760331  0.247737  0.583488  0.886922  0.101820  0.110532  0.164127  0.179762  0.941911  0.975894  0.920130  0.944447  0.752910  0.914142  0.921807  1.013842  0.959863  0.931911  0.925199  0.710671  0.940408  0.954815  0.959236  0.926558  0.925358  0.597356  0.585223  0.624912  0.915410  0.853742  0.766728  0.298312  0.318136  0.778617  0.849069  0.670555  0.447987  0.634654  0.848285  0.859608  0.134946  0.637954  0.345130
  0.759500  0.563374  0.860144  0.944530  0.866583  0.760099  0.249133  0.586283  0.886714  0.105330  0.110249  0.163134  0.173245  0.942734  0.976606  0.917902  0.942228  0.751246  0.914077  0.923950  1.013108  0.959819  0.931116  0.925874  0.712938  0.938919  0.953291  0.961410  0.925756  0.924914  0.604725  0.584013  0.626030  0.916185  0.853774  0.767514  0.297795  0.318757  0.780003  0.850917  0.668507  0.448815  0.637631  0.851139  0.858920  0.135609  0.638684  0.343562
  0.762500  0.562736  0.858130  0.944488  0.866269  0.759154  0.247493  0.587733  0.886992  0.101693  0.112277  0.164138  0.178670  0.941812  0.974405  0.919973  0.942153  0.751602  0.913952  0.924569  1.012375  0.961970  0.933220  0.925779  0.712817  0.939569  0.953206  0.959863  0.930073  0.925238  0.607019  0.596664  0.626705  0.916176  0.853500  0.769043  0.297753  0.320151  0.775163  0.850739  0.670784  0.448420  0.636437  0.851554  0.856848  0.136155  0.639551  0.341988
  0.765500  0.562932  0.853391  0.946392  0.863781  0.758491  0.245219  0.587261  0.887812  0.101991  0.111567  0.164803  0.179881  0.941766  0.976552  0.920575  0.946435  0.751542  0.913799  0.924427  1.014595  0.958888  0.932348  0.928572  0.711395  0.940203  0.955329  0.960516  0.928451  0.920282  0.598183  0.588230  0.629559  0.916108  0.854812  0.769488  0.299631  0.321456  0.781183  0.851316  0.671787  0.449275  0.640680  0.851309  0.855562  0.136659  0.640188  0.341253
  0.768500  0.562329  0.854482  0.945951  0.863881  0.761278  0.245438  0.587950  0.887988  0.102797  0.110827  0.164917  0.181644  0.941713  0.974358  0.919798  0.944942  0.750517  0.915943  0.924370  1.012380  0.962579  0.929333  0.922708  0.712573  0.937985  0.955289  0.961962  0.928394  0.924590  0.610806  0.585547  0.630136  0.916946  0.855078  0.768341  0.299149  0.322636  0.779847  0.852627  0.670970  0.452152  0.642978  0.851246  0.858214  0.136657  0.640433  0.341194
  0.771500  0.562750  0.847626  0.942247  0.862563  0.760630  0.242753  0.589294  0.887913  0.104125  0.112515  0.166388  0.180928  0.942589  0.975058  0.919691  0.944137  0.753767  0.917288  0.924249  1.013124  0.962496  0.930697  0.928433  0.712862  0.939361  0.957434  0.961891  0.929015  0.923778  0.612450  0.585625  0.630599  0.916883  0.856207  0.769627  0.300667  0.323850  0.777545  0.852751  0.672324  0.453630  0.642110  0.851915  0.858346  0.137119  0.639939  0.340294
  0.774500  0.563221  0.848901  0.943744  0.863740  0.761576  0.239835  0.590816  0.889172  0.108444  0.111886  0.167652  0.186468  0.942534  0.977961  0.918178  0.947022  0.751218  0.918697  0.926405  1.013126  0.963202  0.932122  0.924740  0.710538  0.940050  0.955159  0.959628  0.929695  0.922719  0.613367  0.588194  0.632920  0.915882  0.856661  0.769664  0.299375  0.324337  0.777967  0.851768  0.671579  0.454345  0.643772  0.851680  0.855901  0.138433  0.643387  0.340476
  0.777500  0.562039  0.847705  0.946101  0.863313  0.764593  0.239131  0.589371  0.889653  0.104374  0.113968  0.166733  0.190014  0.942530  0.980107  0.920881  0.946143  0.754269  0.915492  0.926165  1.015364  0.962285  0.933377  0.927462  0.711992  0.939161  0.952746  0.960964  0.927962  0.927382  0.613931  0.588316  0.632193  0.915876  0.856934  0.769924  0.302598  0.324904  0.781552  0.854668  0.671120  0.458015  0.643666  0.852249  0.860694  0.138885  0.641405  0.338976
  0.781000  0.563020  0.846370  0.943621  0.862201  0.764961  0.237059  0.590536  0.889654  0.101755  0.112153  0.169029  0.183738  0.942489  0.975706  0.920095  0.945372  0.754772  0.919861  0.926104  1.016111  0.958487  0.931085  0.925217  0.712505  0.942047  0.953447  0.960927  0.929390  0.925100  0.622643  0.586713  0.633347  0.915814  0.855180  0.770572  0.300720  0.325197  0.776884  0.854446  0.674574  0.459753  0.645124  0.850784  0.860692  0.138378  0.641403  0.339609
  0.785000  0.561357  0.843758  0.943852  0.860758  0.766186  0.234030  0.591772  0.889516  0.102996  0.111697  0.169766  0.184280  0.941512  0.974945  0.920711  0.945291  0.752344  0.916767  0.923000  1.013141  0.959894  0.930213  0.923643  0.714168  0.939033  0.952602  0.962338  0.927764  0.928143  0.625465  0.585656  0.634758  0.915729  0.857096  0.770514  0.301599  0.326700  0.776251  0.853235  0.673423  0.461405  0.646538  0.850407  0.858482  0.139022  0.642538  0.339053
  0.789000  0.560234  0.841385  0.942567  0.860832  0.767819  0.232544  0.593772  0.890834  0.103501  0.112594  0.168757  0.191847  0.942343  0.977118  0.920602  0.946686  0.752665  0.920344  0.925851  1.013892  0.959052  0.930839  0.926474  0.713277  0.936750  0.953259  0.962265  0.926142  0.927234  0.630202  0.586594  0.636359  0.916515  0.858577  0.768280  0.302385  0.327943  0.778735  0.854322  0.677989  0.461655  0.650441  0.851727  0.861516  0.140066  0.643490  0.338879
  0.793000  0.561624  0.840201  0.944437  0.859692  0.768509  0.228026  0.595227  0.890637  0.104801  0.112924  0.169074  0.192727  0.942290  0.977094  0.922700  0.948087  0.751500  0.919479  0.924985  1.014644  0.958963  0.931469  0.925640  0.714033  0.939606  0.954670  0.962941  0.927513  0.930910  0.634519  0.597203  0.635153  0.916158  0.859248  0.770909  0.302230  0.328274  0.775961  0.856158  0.676512  0.465474  0.648932  0.852860  0.857918  0.140710  0.642747  0.340827
  0.797000  0.558350  0.827980  0.942348  0.858168  0.767749  0.223870  0.594683  0.892119  0.101103  0.114368  0.171194  0.188876  0.943126  0.977056  0.920329  0.945023  0.752410  0.920776  0.924796  1.014655  0.959581  0.929789  0.924012  0.713968  0.938747  0.953030  0.962082  0.927320  0.925083  0.638015  0.590574  0.636050  0.917319  0.858840  0.771819  0.305381  0.328792  0.778952  0.852849  0.677611  0.465486  0.649854  0.852669  0.859715  0.141066  0.642735  0.340485
  0.801500  0.558178  0.830637  0.938157  0.855912  0.766653  0.219811  0.594887  0.891930  0.103214  0.112728  0.169092  0.187348  0.942098  0.977756  0.920164  0.945647  0.754180  0.918352  0.926107  1.013914  0.957929  0.928103  0.923855  0.715361  0.937884  0.949877  0.961219  0.926376  0.927556  0.645037  0.588412  0.637856  0.917167  0.858869  0.771380  0.305430  0.329253  0.777530  0.854693  0.675887  0.465920  0.651851  0.853265  0.860066  0.141908  0.641452  0.340804
  0.806500  0.556519  0.832686  0.939578  0.857018  0.767441  0.217378  0.596071  0.893887  0.100838  0.113151  0.169681  0.196535  0.942973  0.976991  0.919310  0.946310  0.753119  0.920460  0.926729  1.010914  0.956316  0.927974  0.923747  0.715629  0.936319  0.949776  0.958884  0.923228  0.930043  0.648365  0.587413  0.637888  0.916718  0.861045  0.770225  0.306173  0.329796  0.780713  0.855690  0.677620  0.464342  0.651725  0.852889  0.855517  0.142591  0.641531  0.343615
  0.811500  0.556921  0.830177  0.937785  0.855342  0.767965  0.213637  0.596362  0.892863  0.102235  0.112674  0.171261  0.190182  0.942882  0.974714  0.921000  0.945412  0.753222  0.921704  0.930995  1.010162  0.959166  0.928473  0.925758  0.716117  0.937626  0.948064  0.962497  0.927489  0.927971  0.655290  0.590550  0.637869  0.917230  0.859898  0.771311  0.306487  0.331226  0.776734  0.855836  0.677586  0.464332  0.656507  0.853346  0.859250  0.143384  0.642115  0.344757
  0.816500  0.556079  0.824291  0.936282  0.853897  0.768649  0.208686  0.596217  0.894347  0.102877  0.111548  0.168723  0.189886  0.940921  0.972427  0.922000  0.947502  0.754588  0.922970  0.929263  1.010918  0.956701  0.927478  0.924074  0.714557  0.935232  0.949391  0.963113  0.925728  0.929106  0.660668  0.587729  0.637302  0.918386  0.860630  0.771722  0.305869  0.330769  0.777626  0.855051  0.676524  0.469666  0.658429  0.853773  0.857512  0.144361  0.641089  0.346660
  0.822000  0.554518  0.818757  0.932863  0.852125  0.768723  0.204689  0.595527  0.894259  0.102021  0.108075  0.169251  0.190511  0.943565  0.974586  0.923000  0.946568  0.754438  0.920402  0.927450  1.011680  0.954164  0.926403  0.924558  0.717271  0.932772  0.948384  0.962172  0.923879  0.928838  0.661652  0.583749  0.637114  0.918254  0.859447  0.770218  0.307803  0.331905  0.776764  0.855933  0.676132  0.469179  0.661208  0.853635  0.860718  0.145358  0.641061  0.349629
  0.828000  0.554518  0.822904  0.930512  0.851712  0.769446  0.198083  0.595135  0.893395  0.101946  0.108075  0.166334  0.193811  0.938682  0.972998  0.924000  0.945589  0.754111  0.919264  0.925560  1.006351  0.953095  0.926017  0.921243  0.718731  0.931744  0.941957  0.961184  0.919653  0.931283  0.671931  0.586305  0.636169  0.917867  0.860801  0.767665  0.307050  0.331063  0.780559  0.856304  0.677671  0.468431  0.663566  0.854710  0.861926  0.145958  0.639003  0.351879
  0.835000  0.554518  0.818390  0.932800  0.849376  0.771500  0.187897  0.592544  0.894625  0.099720  0.109500  0.166718  0.192792  0.934706  0.969778  0.924500  0.943603  0.751184  0.916195  0.930946  1.009393  0.952483  0.922925  0.922849  0.719011  0.929661  0.939747  0.960724  0.920344  0.934887  0.676157  0.581775  0.635278  0.915412  0.859797  0.763412  0.303058  0.331279  0.776016  0.858090  0.676426  0.468709  0.663966  0.854421  0.856694  0.147120  0.639157  0.356229
  0.843000  0.554518  0.824594  0.932800  0.849782  0.773800  0.187897  0.592740  0.894285  0.099720  0.109500  0.166718  0.196247  0.934734  0.971173  0.925000  0.946377  0.751931  0.924958  0.932855  1.007069  0.953691  0.924009  0.921715  0.717377  0.928563  0.940131  0.960457  0.918308  0.939515  0.685132  0.572953  0.633438  0.914349  0.859783  0.762598  0.303058  0.332244  0.776923  0.859079  0.675349  0.467931  0.663548  0.856703  0.855545  0.148111  0.639853  0.363733
  0.851000  0.554518  0.825342  0.925202  0.849013  0.774600  0.178544  0.593003  0.892359  0.101595  0.102326  0.156278  0.180973  0.942695  0.983197  0.926000  0.946629  0.756539  0.931499  0.933814  1.007117  0.949588  0.925326  0.927641  0.721300  0.935357  0.939490  0.953876  0.918082  0.933941  0.680212  0.574088  0.635316  0.915551  0.863735  0.774728  0.305645  0.334164  0.767313  0.854578  0.683486  0.470034  0.660953  0.860952  0.862773  0.150884  0.638298  0.375010
  0.859000  0.555835  0.817023  0.922193  0.849239  0.775936  0.171147  0.590702  0.893448  0.091515  0.102545  0.159058  0.191718  0.940182  0.984724  0.926500  0.961533  0.759759  0.928294  0.935251  1.011006  0.946846  0.926748  0.929840  0.724881  0.946073  0.940662  0.961533  0.919018  0.938765  0.691674  0.570878  0.634856  0.918231  0.859834  0.770545  0.305804  0.335451  0.770046  0.854134  0.683027  0.472699  0.662218  0.859742  0.862401  0.151160  0.638395  0.384793
  0.871000  0.557989  0.813362  0.912439  0.845205  0.775068  0.162257  0.588678  0.892240  0.098261  0.098899  0.155777  0.184741  0.937101  0.987791  0.928033  0.952091  0.761237  0.931137  0.936570  1.004865  0.941226  0.924928  0.931137  0.723800  0.942002  0.941226  0.963732  0.921824  0.937803  0.690630  0.566320  0.632163  0.913032  0.856279  0.764863  0.295861  0.334571  0.772445  0.856532  0.677722  0.471471  0.656298  0.860898  0.867821  0.154002  0.640771  0.395231
  0.883000  0.557769  0.818800  0.905433  0.848054  0.776760  0.157201  0.592067  0.892897  0.095082  0.104718  0.159167  0.180711  0.940364  0.987006  0.923292  0.958257  0.758529  0.934947  0.934170  1.005655  0.941163  0.924846  0.931062  0.724121  0.936501  0.939609  0.962919  0.927177  0.934098  0.695845  0.555767  0.630650  0.914172  0.855470  0.765590  0.295390  0.336199  0.769362  0.855308  0.675486  0.470177  0.647698  0.858541  0.858979  0.153698  0.637517  0.408161
  0.894000  0.556291  0.820134  0.899194  0.852469  0.774701  0.151701  0.589659  0.891804  0.094034  0.106494  0.155784  0.176816  0.939728  0.995555  0.927111  0.959000  0.754105  0.939555  0.937222  1.003333  0.939555  0.918555  0.932555  0.728258  0.933333  0.941111  0.955111  0.919333  0.936164  0.689881  0.552566  0.631432  0.913651  0.853177  0.761133  0.290180  0.335503  0.771445  0.856417  0.680131  0.470631  0.639134  0.860187  0.853688  0.156045  0.639930  0.427181
  0.904000  0.561555  0.824462  0.892080  0.851179  0.778140  0.149002  0.592967  0.894563  0.101907  0.105097  0.156415  0.184651  0.937245  0.988542  0.926169  0.956576  0.752961  0.937864  0.938644  1.003356  0.945661  0.922271  0.935525  0.730416  0.937864  0.942542  0.958135  0.925390  0.935476  0.690578  0.546996  0.629421  0.914351  0.852751  0.760922  0.283163  0.335088  0.763362  0.858068  0.673879  0.471371  0.630302  0.863783  0.855249  0.158033  0.641785  0.439849
  0.914000  0.563637  0.818345  0.889532  0.848723  0.779298  0.143875  0.590833  0.889117  0.098946  0.108032  0.153280  0.179093  0.935087  0.987760  0.922234  0.958897  0.753043  0.937055  0.937835  1.002581  0.944856  0.919113  0.930035  0.730866  0.937835  0.933935  0.959677  0.923794  0.938390  0.683800  0.540794  0.627519  0.912694  0.849895  0.754310  0.282821  0.332184  0.772985  0.853867  0.671902  0.471599  0.623941  0.859603  0.859218  0.154473  0.640149  0.452584
  0.924000  0.564668  0.818747  0.886749  0.850178  0.777170  0.142349  0.592879  0.889244  0.099900  0.103536  0.162440  0.186674  0.928730  0.987753  0.930744  0.959639  0.752669  0.942458  0.936210  1.004934  0.944020  0.924496  0.933086  0.732427  0.939334  0.943239  0.953391  0.921372  0.936481  0.673422  0.539224  0.628236  0.911933  0.849125  0.748855  0.275691  0.333198  0.776087  0.854944  0.669324  0.473187  0.612547  0.862126  0.859767  0.155068  0.644738  0.466385
  0.933000  0.567573  0.828506  0.884442  0.852295  0.781440  0.140213  0.594981  0.891153  0.091935  0.103246  0.154914  0.183756  0.931240  0.990086  0.929803  0.961902  0.752783  0.942330  0.941547  1.004961  0.947810  0.923540  0.936850  0.733385  0.936850  0.943113  0.954856  0.934501  0.935265  0.676470  0.529440  0.627518  0.913391  0.843455  0.745837  0.275748  0.332046  0.770068  0.852135  0.669014  0.475412  0.610095  0.862055  0.857099  0.158473  0.647384  0.483818
  0.941000  0.564271  0.831812  0.878791  0.851775  0.780469  0.137738  0.595191  0.894393  0.097903  0.111060  0.157062  0.186514  0.927884  0.986169  0.929782  0.961891  0.754422  0.943096  0.946228  1.003398  0.951710  0.927432  0.932132  0.733815  0.930565  0.943096  0.960325  0.926649  0.929233  0.673222  0.527805  0.627267  0.910394  0.840959  0.740972  0.272986  0.331688  0.768790  0.849561  0.658474  0.474733  0.617831  0.862151  0.854132  0.158077  0.652967  0.495449
  0.949000  0.538899  0.813469  0.866037  0.825309  0.776428  0.134780  0.595213  0.889151  0.097449  0.109517  0.163867  0.183177  0.920325  0.991647  0.927333  0.960274  0.748662  0.945373  0.941451  1.005765  0.943804  0.924980  0.936745  0.735747  0.934392  0.942235  0.959490  0.926549  0.927853  0.669116  0.519911  0.625326  0.906798  0.831794  0.728270  0.274508  0.329639  0.751945  0.838767  0.628626  0.477934  0.627744  0.864317  0.848659  0.156214  0.651104  0.509145
  0.957000  0.565904  0.819302  0.883163  0.845585  0.775767  0.137863  0.598513  0.887785  0.094921  0.110666  0.168396  0.186544  0.916937  0.988499  0.931144  0.957858  0.747863  0.946073  0.939787  1.003427  0.942930  0.922502  0.935859  0.735096  0.931930  0.944501  0.958643  0.926430  0.921827  0.663536  0.524010  0.624613  0.908011  0.821461  0.709548  0.271136  0.329333  0.764453  0.844200  0.634372  0.478074  0.645774  0.860397  0.847930  0.157759  0.652573  0.523723
  0.964000  0.570522  0.825057  0.890432  0.851538  0.774142  0.133850  0.601289  0.891237  0.101393  0.108642  0.163371  0.188960  0.907668  0.985366  0.932000  0.958683  0.751156  0.945341  0.941417  1.001847  0.946126  0.926506  0.934354  0.735384  0.925721  0.943771  0.957898  0.931215  0.924524  0.663895  0.522823  0.627362  0.906037  0.807925  0.685317  0.272351  0.330176  0.755944  0.847065  0.635010  0.478538  0.659180  0.864484  0.850267  0.155417  0.654969  0.536442
  0.970000  0.572235  0.825452  0.892885  0.851235  0.766235  0.132207  0.601148  0.891981  0.096949  0.105119  0.178647  0.194268  0.896481  0.988498  0.935065  0.965710  0.750404  0.943708  0.942923  1.004213  0.948423  0.926422  0.938994  0.742358  0.930350  0.944494  0.960210  0.927207  0.936320  0.654257  0.523052  0.623849  0.904448  0.791510  0.653746  0.270732  0.329393  0.756069  0.845054  0.634151  0.480159  0.658760  0.865378  0.846825  0.157902  0.656165  0.545641
  0.976000  0.571166  0.825721  0.900198  0.850236  0.758691  0.136066  0.600509  0.892006  0.094636  0.109607  0.169401  0.193007  0.896537  0.986925  0.930348  0.962565  0.748990  0.952350  0.945278  1.007356  0.949993  0.927204  0.938206  0.743089  0.928776  0.945278  0.961780  0.928776  0.936319  0.649768  0.522450  0.621385  0.899606  0.776383  0.631301  0.270208  0.330431  0.756773  0.843062  0.633305  0.479620  0.664282  0.863734  0.847673  0.158449  0.656594  0.553193
  0.982000  0.570446  0.828556  0.901935  0.850306  0.738918  0.134804  0.602358  0.891234  0.097818  0.111288  0.176470  0.190238  0.895920  0.993210  0.934958  0.960935  0.750773  0.946766  0.948340  1.004231  0.949914  0.934958  0.940468  0.739972  0.931809  0.942830  0.960148  0.931809  0.936003  0.646481  0.518651  0.617593  0.897455  0.776398  0.629036  0.269157  0.328259  0.758292  0.845218  0.634897  0.480037  0.663877  0.866452  0.843591  0.157654  0.656754  0.563094
  0.988000  0.573385  0.826038  0.903391  0.849732  0.737252  0.136904  0.603986  0.890602  0.098220  0.107751  0.171204  0.194990  0.895272  0.993211  0.930994  0.964071  0.749720  0.953833  0.945958  1.001086  0.949895  0.931782  0.942807  0.745592  0.934144  0.943595  0.968009  0.934144  0.933260  0.645213  0.520238  0.618986  0.894408  0.785369  0.642748  0.271211  0.328697  0.754051  0.844817  0.637289  0.482162  0.668916  0.864681  0.846017  0.156020  0.657874  0.573136
  0.994000  0.572957  0.825652  0.904772  0.849278  0.733599  0.135809  0.605078  0.891498  0.095098  0.109861  0.175161  0.197517  0.893963  0.993999  0.935718  0.964858  0.747641  0.949894  0.949107  1.006600  0.953832  0.930205  0.944381  0.747318  0.931780  0.948319  0.964071  0.928629  0.939650  0.643022  0.518238  0.615694  0.891565  0.791511  0.655144  0.271744  0.328698  0.758759  0.845718  0.636739  0.481612  0.673105  0.865042  0.843742  0.155949  0.660791  0.581157
  1.000000  0.573130  0.825418  0.909602  0.850248  0.720015  0.135650  0.607485  0.892505  0.096278  0.113109  0.172921  0.196528  0.895956  0.992422  0.937192  0.967963  0.750245  0.955339  0.952972  1.010569  0.949027  0.933247  0.945082  0.742761  0.933247  0.942715  0.961651  0.937981  0.936217  0.642132  0.517586  0.611176  0.892023  0.795259  0.662646  0.272184  0.328674  0.760881  0.847017  0.638777  0.480512  0.671811  0.864694  0.841681  0.155668  0.660735  0.589702
  1.006000  0.574929  0.822337  0.914925  0.849000  0.756821  0.135926  0.605130  0.891661  0.098403  0.115620  0.176963  0.196347  0.901221  0.994790  0.934834  0.967179  0.748742  0.953767  0.948245  1.005835  0.951401  0.926945  0.942723  0.747347  0.933256  0.948245  0.967968  0.937200  0.932677  0.637060  0.516301  0.611620  0.891243  0.798492  0.666152  0.270692  0.327462  0.756839  0.849737  0.640293  0.480631  0.670742  0.864173  0.846615  0.155345  0.659057  0.598783
  1.012000  0.577018  0.829432  0.918871  0.849442  0.767358  0.138390  0.606127  0.891723  0.098133  0.116058  0.174630  0.197699  0.898569  0.990846  0.934008  0.966374  0.746161  0.952954  0.949796  1.008213  0.952165  0.926903  0.939534  0.745422  0.930061  0.946639  0.966374  0.934797  0.940408  0.636307  0.513931  0.609837  0.890033  0.800453  0.673267  0.270593  0.327183  0.762174  0.848367  0.641467  0.481836  0.668863  0.863825  0.840762  0.152744  0.659131  0.604494
  1.018000  0.574909  0.822353  0.919932  0.847656  0.766092  0.135736  0.610377  0.889629  0.094460  0.114313  0.178767  0.196708  0.901479  0.997955  0.939505  0.968730  0.746199  0.957672  0.952933  1.007434  0.952143  0.931607  0.946614  0.746485  0.937926  0.948984  0.967151  0.935556  0.934900  0.632226  0.513910  0.612793  0.887959  0.805644  0.679605  0.270815  0.329219  0.761358  0.848179  0.643105  0.479664  0.672005  0.863847  0.844503  0.154100  0.662990  0.616587
  1.023500  0.576535  0.822574  0.927756  0.851577  0.774318  0.140850  0.612477  0.892145  0.095914  0.119281  0.173351  0.192749  0.902870  0.992427  0.934733  0.972669  0.752454  0.957653  0.950540  1.009023  0.953701  0.933943  0.945798  0.748166  0.935524  0.947379  0.967136  0.938685  0.935009  0.628304  0.517065  0.608106  0.890590  0.812393  0.689033  0.272214  0.327531  0.763657  0.851768  0.646012  0.478194  0.673780  0.864605  0.842735  0.154645  0.663872  0.624834
  1.028500  0.577473  0.825018  0.929208  0.851090  0.775037  0.137117  0.610186  0.890964  0.101757  0.115077  0.178142  0.195269  0.902627  0.993217  0.934702  0.971867  0.752190  0.959215  0.948145  1.006660  0.956843  0.930749  0.941819  0.752822  0.930749  0.950517  0.968704  0.938656  0.936540  0.628191  0.515670  0.608610  0.890461  0.813705  0.694480  0.268415  0.328019  0.758932  0.848961  0.644927  0.478429  0.672160  0.862341  0.842041  0.154970  0.662261  0.628114
  1.033500  0.578166  0.820853  0.925248  0.853766  0.775310  0.139139  0.612917  0.890607  0.097003  0.111933  0.176632  0.196351  0.905090  0.993217  0.937023  0.970264  0.751565  0.956809  0.952061  1.009046  0.955226  0.931483  0.945729  0.749640  0.935440  0.949686  0.967890  0.937023  0.941550  0.621961  0.514242  0.611999  0.891949  0.817522  0.700588  0.267481  0.327834  0.765378  0.851264  0.644934  0.479349  0.674725  0.868528  0.840207  0.154103  0.662467  0.631976
  1.038500  0.580374  0.823728  0.932739  0.851190  0.777548  0.140397  0.609787  0.890150  0.097276  0.114544  0.177647  0.196262  0.906580  0.991632  0.937794  0.975006  0.750619  0.959962  0.954420  1.007467  0.956004  0.933835  0.949670  0.750434  0.937794  0.951253  0.967880  0.935419  0.942046  0.620563  0.516395  0.609706  0.893734  0.821717  0.708910  0.268154  0.327127  0.761326  0.852256  0.645960  0.477782  0.671209  0.863947  0.840660  0.155248  0.658889  0.639784
  1.043500  0.582837  0.823367  0.929979  0.852543  0.778908  0.139132  0.611738  0.891027  0.097994  0.108701  0.182106  0.196797  0.907832  0.994797  0.940169  0.973420  0.745816  0.960753  0.947294  1.009047  0.956003  0.933043  0.948878  0.748981  0.932252  0.948878  0.973420  0.937002  0.935481  0.619857  0.521002  0.612127  0.892687  0.823309  0.711810  0.269906  0.326482  0.760676  0.850683  0.645253  0.477957  0.673040  0.866840  0.841456  0.154680  0.655332  0.646200
  1.048500  0.584514  0.824796  0.934069  0.851007  0.779800  0.138816  0.610875  0.891083  0.099445  0.117740  0.179599  0.193286  0.906038  0.995585  0.937768  0.967865  0.748561  0.960737  0.954400  1.011425  0.956776  0.936184  0.944896  0.752023  0.933808  0.944104  0.969449  0.937768  0.939129  0.618620  0.520413  0.612259  0.894431  0.827844  0.716105  0.269204  0.327562  0.759807  0.852403  0.644882  0.479146  0.677296  0.869174  0.843759  0.153241  0.652726  0.650744
  1.053500  0.581918  0.826314  0.933591  0.854222  0.780842  0.141465  0.611029  0.891187  0.094688  0.120693  0.182399  0.191391  0.910384  0.997168  0.943253  0.969417  0.747846  0.957524  0.955939  1.010647  0.960696  0.936910  0.947217  0.753322  0.935324  0.950388  0.971003  0.934531  0.941610  0.618926  0.523638  0.616108  0.895522  0.830854  0.720243  0.267891  0.324456  0.758916  0.851227  0.645321  0.479138  0.675799  0.866412  0.838396  0.153745  0.647516  0.655610
  1.058500  0.584819  0.827561  0.936131  0.854947  0.779548  0.142204  0.611770  0.890961  0.099083  0.108304  0.178186  0.197603  0.911969  1.001124  0.937715  0.974175  0.748108  0.962286  0.955152  1.010635  0.958323  0.931374  0.948019  0.753767  0.931374  0.949604  0.971797  0.940092  0.940492  0.616355  0.527958  0.617833  0.894243  0.832060  0.724453  0.267577  0.328044  0.761388  0.850671  0.646124  0.478367  0.673688  0.868035  0.839905  0.152886  0.645678  0.659121
  1.063500  0.585429  0.826912  0.937561  0.853088  0.780588  0.139887  0.612461  0.891371  0.094915  0.115384  0.181770  0.192919  0.911023  0.999533  0.939284  0.970201  0.747980  0.959895  0.956724  1.010631  0.954346  0.933735  0.948004  0.755888  0.936113  0.947211  0.971786  0.938491  0.935567  0.614904  0.531362  0.619486  0.896637  0.831232  0.725632  0.268835  0.326980  0.758739  0.853491  0.645123  0.476643  0.675418  0.867486  0.840817  0.153213  0.648809  0.662937
  1.068500  0.586971  0.830387  0.935848  0.856173  0.779775  0.140520  0.615099  0.889718  0.100892  0.115745  0.176335  0.198408  0.910634  1.001109  0.940092  0.975752  0.745574  0.961488  0.950394  1.013788  0.959111  0.931376  0.948809  0.756336  0.937715  0.951979  0.970205  0.943262  0.935825  0.615471  0.537608  0.624085  0.896264  0.832911  0.727278  0.270073  0.327621  0.757769  0.851569  0.645158  0.476545  0.676502  0.866982  0.840621  0.153380  0.652784  0.667607
  1.073500  0.589276  0.831576  0.937235  0.854246  0.780985  0.141735  0.612646  0.892765  0.092976  0.119114  0.179259  0.197956  0.912150  0.997144  0.940057  0.970979  0.747812  0.961465  0.955122  1.011416  0.955122  0.932921  0.949571  0.755296  0.928163  0.952743  0.972565  0.940849  0.937354  0.614358  0.539404  0.626074  0.895671  0.834049  0.727523  0.267760  0.326566  0.764712  0.853131  0.643693  0.475563  0.678881  0.865704  0.840646  0.152366  0.653334  0.671340
  1.078500  0.590847  0.830716  0.938925  0.856836  0.776212  0.141228  0.614068  0.891411  0.095410  0.115253  0.181125  0.201828  0.911603  0.998731  0.944770  0.974131  0.753873  0.960641  0.952706  1.009047  0.955880  0.932867  0.947151  0.754987  0.933661  0.950325  0.968577  0.937629  0.936979  0.613614  0.544282  0.631536  0.896933  0.834627  0.726830  0.272547  0.326235  0.758391  0.851932  0.643027  0.476876  0.677471  0.869011  0.841802  0.152423  0.654839  0.676326
  1.083500  0.591124  0.833956  0.937704  0.856327  0.776705  0.141076  0.615722  0.891229  0.093380  0.115277  0.178073  0.195796  0.909979  1.002710  0.940731  0.974104  0.748572  0.962185  0.954239  1.009862  0.959801  0.939141  0.951855  0.755458  0.929606  0.955828  0.974899  0.942320  0.934498  0.611059  0.549330  0.635308  0.895596  0.834162  0.729436  0.274345  0.326786  0.762049  0.852326  0.641684  0.476382  0.676718  0.866278  0.834812  0.151129  0.654084  0.677967
  1.088500  0.591355  0.833615  0.935430  0.857674  0.776142  0.139235  0.616890  0.892197  0.091397  0.114540  0.176375  0.194811  0.907397  0.999539  0.939117  0.978073  0.748659  0.965353  0.958198  1.014644  0.960583  0.937527  0.951043  0.758129  0.935142  0.953428  0.973303  0.941503  0.938840  0.614792  0.552358  0.636635  0.895700  0.833005  0.724656  0.274090  0.325646  0.762016  0.850979  0.641190  0.478134  0.677161  0.870138  0.840093  0.152647  0.648427  0.683438
  1.093500  0.595676  0.836545  0.940745  0.859511  0.778373  0.140571  0.615300  0.891720  0.097993  0.113313  0.179216  0.197239  0.908179  1.002725  0.943909  0.973317  0.749054  0.965368  0.959010  1.011467  0.962984  0.938345  0.951857  0.753933  0.931986  0.954241  0.971727  0.935960  0.937786  0.611494  0.557409  0.639692  0.896483  0.832678  0.725740  0.275575  0.326878  0.756471  0.849023  0.638617  0.476234  0.681584  0.869831  0.841339  0.153436  0.649380  0.686931
  1.098500  0.595558  0.835703  0.942043  0.860866  0.777474  0.137829  0.618009  0.892230  0.103792  0.116291  0.179236  0.204987  0.906926  1.000355  0.939139  0.971735  0.747815  0.964579  0.956629  1.012280  0.955834  0.930394  0.952654  0.754548  0.939139  0.954244  0.974120  0.944704  0.939761  0.612285  0.557724  0.644260  0.895036  0.831693  0.722433  0.277023  0.327002  0.759141  0.849527  0.636934  0.476373  0.681587  0.867133  0.841438  0.151146  0.644667  0.688753
  1.103500  0.598265  0.838691  0.941154  0.859921  0.778067  0.138327  0.616779  0.891375  0.098224  0.114882  0.179429  0.195273  0.904356  0.997196  0.944690  0.971739  0.754797  0.969352  0.955032  1.013902  0.959806  0.935939  0.951850  0.757795  0.931962  0.952646  0.974921  0.943099  0.939664  0.609075  0.561192  0.646605  0.894191  0.830603  0.720341  0.279911  0.326272  0.758486  0.850058  0.634308  0.479108  0.682189  0.867315  0.840325  0.151589  0.638236  0.691383
  1.108500  0.599292  0.843796  0.942081  0.863736  0.780281  0.140237  0.615816  0.891581  0.098228  0.114780  0.185692  0.203736  0.901591  0.998807  0.948720  0.978136  0.748660  0.966211  0.958261  1.011528  0.958261  0.936000  0.949515  0.754469  0.932024  0.951900  0.975751  0.940770  0.940749  0.612746  0.565308  0.650338  0.893920  0.828814  0.719482  0.281091  0.325270  0.759055  0.848009  0.632893  0.475745  0.681056  0.869575  0.837947  0.153048  0.629090  0.694016
  1.113500  0.601931  0.845761  0.942536  0.861810  0.777123  0.138296  0.619332  0.891924  0.096781  0.115069  0.188310  0.201321  0.900690  1.002018  0.945527  0.978148  0.747783  0.965418  0.960644  1.009179  0.960644  0.931205  0.953483  0.756623  0.933592  0.952687  0.972579  0.942344  0.936539  0.608031  0.565836  0.652317  0.894747  0.826629  0.715387  0.284160  0.324906  0.757227  0.849370  0.631967  0.477050  0.684622  0.868810  0.843844  0.150854  0.616868  0.697868
  1.118500  0.602859  0.847386  0.939426  0.864930  0.779592  0.139521  0.618268  0.891660  0.097733  0.113584  0.183328  0.197640  0.896657  1.001252  0.948685  0.976562  0.755907  0.967004  0.958243  1.014792  0.962225  0.938331  0.952668  0.755212  0.932756  0.957447  0.976562  0.947092  0.936348  0.612580  0.570092  0.654519  0.892346  0.825920  0.712150  0.284702  0.325528  0.757025  0.847272  0.631120  0.477269  0.687059  0.868870  0.843066  0.152012  0.619582  0.702968
  1.123500  0.604443  0.849513  0.943476  0.864749  0.777975  0.138346  0.619188  0.893672  0.103618  0.116469  0.183979  0.198007  0.895531  1.005255  0.946301  0.977372  0.751152  0.963828  0.954268  1.014019  0.960641  0.938334  0.953471  0.760881  0.934351  0.959048  0.973388  0.940724  0.944104  0.612947  0.569493  0.656695  0.892367  0.826075  0.708170  0.285964  0.325666  0.754621  0.847050  0.628391  0.478470  0.687485  0.867533  0.838924  0.151547  0.635477  0.704161
  1.128500  0.606288  0.849715  0.943008  0.867348  0.780073  0.138091  0.619903  0.890835  0.100137  0.119366  0.189117  0.200718  0.898067  0.997302  0.950258  0.976570  0.749546  0.965408  0.957434  1.014046  0.958231  0.939892  0.953447  0.758776  0.931121  0.955839  0.974976  0.941487  0.940723  0.613993  0.572159  0.657768  0.891262  0.822080  0.706074  0.286411  0.324808  0.751967  0.846049  0.625233  0.479581  0.686369  0.868985  0.837212  0.152522  0.650034  0.707021
  1.133500  0.608617  0.852392  0.943828  0.868137  0.775087  0.137735  0.620543  0.891548  0.099683  0.121392  0.192852  0.200799  0.889965  1.001281  0.943928  0.976587  0.748617  0.965436  0.959063  1.009247  0.963046  0.942335  0.950301  0.760348  0.932776  0.951894  0.975791  0.939945  0.938496  0.615246  0.572316  0.661369  0.888432  0.819281  0.698725  0.289166  0.325076  0.749080  0.844087  0.621701  0.478726  0.688075  0.869116  0.841763  0.151491  0.651475  0.708913
  1.138500  0.609254  0.853474  0.941193  0.869144  0.774089  0.137026  0.621855  0.890332  0.100995  0.118658  0.187679  0.203949  0.887305  1.002070  0.942286  0.979750  0.750048  0.966996  0.959025  1.010041  0.963011  0.939097  0.954242  0.757245  0.932720  0.955040  0.975765  0.939894  0.940497  0.615737  0.574720  0.662944  0.887497  0.815014  0.697492  0.289034  0.325568  0.748909  0.842050  0.614481  0.481383  0.691013  0.869563  0.835568  0.151201  0.654636  0.712931
  1.143500  0.610479  0.855425  0.942878  0.868576  0.770966  0.137970  0.622263  0.891056  0.100405  0.120741  0.193004  0.211532  0.878826  1.001249  0.949390  0.975718  0.745799  0.967740  0.954975  1.010823  0.960560  0.939018  0.955773  0.759462  0.935029  0.954975  0.978112  0.943805  0.936281  0.617262  0.578648  0.664097  0.885249  0.810808  0.687554  0.289342  0.325293  0.739163  0.835802  0.607005  0.480704  0.688459  0.868458  0.836148  0.151064  0.656956  0.716472
  1.148500  0.612008  0.858005  0.940598  0.871683  0.768231  0.138201  0.623363  0.891439  0.102620  0.121839  0.192458  0.206085  0.872544  0.999603  0.946157  0.979660  0.749673  0.966897  0.958920  1.011568  0.958920  0.938977  0.953336  0.761184  0.928607  0.954134  0.976470  0.945359  0.939146  0.617461  0.577555  0.663544  0.880598  0.806343  0.678875  0.294704  0.324494  0.745395  0.833805  0.595542  0.479631  0.694720  0.868016  0.836793  0.151034  0.665308  0.718307
  1.153500  0.614356  0.863042  0.943246  0.871334  0.762617  0.138003  0.623799  0.891385  0.102066  0.123983  0.199876  0.203977  0.856472  1.003517  0.946900  0.973215  0.754095  0.967633  0.955672  1.014680  0.959659  0.937331  0.955672  0.764672  0.930952  0.949292  0.977999  0.948495  0.933626  0.618516  0.577803  0.666195  0.875838  0.797210  0.665694  0.297106  0.325351  0.740374  0.828736  0.582520  0.483266  0.696437  0.869209  0.838806  0.150581  0.671368  0.719365
  1.158500  0.614285  0.863156  0.944839  0.870626  0.755160  0.136764  0.621623  0.890412  0.099567  0.126359  0.199315  0.209065  0.842874  1.002635  0.941985  0.978694  0.746137  0.969118  0.954753  1.013808  0.964330  0.937196  0.952359  0.757880  0.931610  0.949167  0.975502  0.943581  0.936982  0.616232  0.578754  0.668839  0.870194  0.788413  0.648848  0.297000  0.324646  0.734428  0.823196  0.575715  0.481310  0.696606  0.868599  0.834746  0.150281  0.679194  0.722625
  1.163500  0.616539  0.863811  0.939389  0.871855  0.750000  0.138090  0.621805  0.890338  0.101640  0.125646  0.196395  0.208311  0.838941  1.000934  0.946661  0.976990  0.745443  0.966614  0.962624  1.007320  0.964220  0.938679  0.949853  0.761696  0.934688  0.957037  0.976990  0.945064  0.935137  0.616238  0.578677  0.667498  0.863067  0.777094  0.629751  0.302092  0.321975  0.736049  0.820687  0.570527  0.483134  0.702046  0.867600  0.836080  0.151250  0.682238  0.726493
  1.168500  0.618491  0.865439  0.943810  0.873385  0.742436  0.137348  0.624973  0.890979  0.101900  0.125178  0.198546  0.206463  0.841710  1.000020  0.950544  0.976080  0.748780  0.965706  0.957726  1.012788  0.956928  0.942564  0.951342  0.763232  0.930594  0.955332  0.979272  0.944958  0.935610  0.619932  0.581327  0.669591  0.856165  0.764127  0.608890  0.302500  0.323800  0.728054  0.819348  0.569537  0.483491  0.697358  0.870031  0.833119  0.150849  0.687890  0.727277
  1.173500  0.619342  0.872096  0.941839  0.874361  0.739339  0.136945  0.624979  0.890834  0.104367  0.126053  0.202318  0.209624  0.843077  1.004696  0.943206  0.975947  0.750268  0.971156  0.958379  1.012681  0.961573  0.940811  0.955185  0.765598  0.934422  0.953588  0.978343  0.941609  0.937670  0.622772  0.579845  0.670207  0.849393  0.750902  0.587656  0.304124  0.324629  0.733740  0.821209  0.569066  0.484146  0.704378  0.869143  0.835147  0.151483  0.694040  0.730220
  1.178500  0.619772  0.871153  0.942156  0.875341  0.737981  0.139914  0.626111  0.891363  0.104182  0.126811  0.211351  0.210135  0.840760  1.002180  0.951075  0.972635  0.748747  0.967844  0.959060  1.013359  0.962254  0.940694  0.956665  0.759277  0.930314  0.956665  0.978224  0.939896  0.935014  0.622534  0.581374  0.672548  0.843630  0.739421  0.570799  0.305720  0.323676  0.729680  0.822051  0.569565  0.483158  0.705746  0.869831  0.841205  0.152436  0.697481  0.733357
  1.183500  0.624365  0.874159  0.942096  0.879246  0.737203  0.141530  0.627251  0.893041  0.102264  0.130721  0.211394  0.210333  0.844190  0.999663  0.943019  0.974931  0.750230  0.963762  0.956582  1.010833  0.957380  0.934243  0.952593  0.763156  0.931052  0.943817  0.974931  0.939828  0.938972  0.621642  0.581514  0.676312  0.839022  0.731211  0.554332  0.306673  0.323217  0.730748  0.821928  0.569522  0.484666  0.708055  0.868962  0.834634  0.150854  0.701348  0.737278
  1.188500  0.625363  0.883414  0.939954  0.878833  0.733461  0.140537  0.624394  0.892103  0.108239  0.133601  0.215573  0.211853  0.843484  0.997967  0.943669  0.977206  0.749221  0.958841  0.955647  1.013138  0.958042  0.934886  0.949259  0.758306  0.929297  0.953251  0.974811  0.943669  0.938250  0.621208  0.583225  0.679460  0.835932  0.724515  0.542856  0.314174  0.325729  0.727081  0.824792  0.570477  0.484340  0.709923  0.871464  0.835645  0.152668  0.704508  0.741521
  1.193500  0.626843  0.877417  0.943679  0.880645  0.731173  0.140286  0.628989  0.892220  0.104507  0.135967  0.218145  0.212147  0.840718  1.001080  0.949122  0.973902  0.752827  0.965109  0.953119  1.011471  0.958714  0.937931  0.950721  0.758540  0.932335  0.951520  0.976300  0.945925  0.934511  0.624982  0.583828  0.675421  0.830586  0.715896  0.534548  0.314191  0.323952  0.729531  0.820566  0.568959  0.488169  0.712434  0.870285  0.834306  0.151875  0.707477  0.744185
  1.198500  0.626584  0.879317  0.942748  0.878812  0.727500  0.138995  0.627596  0.891869  0.107177  0.137502  0.214082  0.218160  0.841676  1.001818  0.947409  0.981014  0.752065  0.968212  0.957010  1.009819  0.961011  0.933806  0.951409  0.763308  0.930606  0.953810  0.979414  0.944208  0.933494  0.629367  0.583408  0.680422  0.827404  0.712789  0.530757  0.318215  0.324151  0.732252  0.821237  0.568373  0.489377  0.710282  0.870745  0.830041  0.152520  0.707807  0.749021
  1.203500  0.627392  0.880323  0.943092  0.878305  0.723401  0.141308  0.627167  0.891651  0.107806  0.138219  0.216969  0.212478  0.840680  0.999371  0.947371  0.980171  0.751537  0.972971  0.955371  1.015370  0.964971  0.939372  0.952971  0.762707  0.933772  0.954571  0.974571  0.943372  0.932287  0.631833  0.583834  0.678713  0.823366  0.710392  0.524428  0.321512  0.323412  0.734559  0.819474  0.567053  0.488503  0.716314  0.868254  0.833385  0.152067  0.708107  0.751659
  1.208500  0.626611  0.880854  0.942595  0.880418  0.721681  0.143576  0.630876  0.891879  0.109985  0.138161  0.220152  0.220398  0.839852  0.996946  0.946567  0.976155  0.749492  0.962561  0.958562  1.009741  0.956164  0.935372  0.948966  0.759221  0.928975  0.950566  0.973756  0.943369  0.917949  0.630619  0.583991  0.683164  0.820907  0.707487  0.520647  0.324654  0.324511  0.730530  0.820360  0.567155  0.491065  0.715683  0.870353  0.832572  0.152141  0.709479  0.757156
  1.213500  0.629871  0.883823  0.941728  0.880002  0.717244  0.142589  0.631465  0.890845  0.115006  0.141267  0.222586  0.220026  0.840893  0.998549  0.946499  0.978530  0.751853  0.964917  0.956909  1.008959  0.960913  0.940894  0.954507  0.762663  0.924078  0.952104  0.981733  0.942495  0.926089  0.630225  0.585443  0.682963  0.820237  0.706202  0.519961  0.328527  0.324937  0.732571  0.820016  0.566441  0.493553  0.721784  0.869328  0.832326  0.152966  0.707533  0.759976
  1.218500  0.629825  0.890279  0.943502  0.882877  0.713214  0.140783  0.632030  0.890345  0.115059  0.144775  0.224048  0.217522  0.838244  1.003357  0.948129  0.978545  0.751409  0.972142  0.957734  1.015363  0.961736  0.940926  0.954533  0.764185  0.931321  0.955333  0.978545  0.947329  0.936662  0.636930  0.587980  0.686040  0.820246  0.704899  0.516382  0.330771  0.324655  0.729327  0.820522  0.567870  0.493451  0.720636  0.869867  0.829973  0.152801  0.710404  0.765301
  1.223500  0.631864  0.891083  0.944048  0.883097  0.707000  0.142188  0.633377  0.891754  0.118903  0.147157  0.229565  0.219408  0.838352  1.000170  0.948962  0.976166  0.750425  0.969765  0.959364  1.006571  0.964165  0.940161  0.954563  0.761014  0.932160  0.953763  0.976967  0.943362  0.937366  0.637697  0.584643  0.688184  0.819779  0.702242  0.513896  0.335129  0.324222  0.734683  0.823344  0.566661  0.495785  0.720907  0.869094  0.830875  0.151776  0.710361  0.767887
  1.228500  0.629967  0.893196  0.940725  0.882529  0.698248  0.144493  0.633516  0.891947  0.115728  0.149130  0.233997  0.220459  0.835277  1.003394  0.951370  0.976182  0.748888  0.968978  0.955372  1.018601  0.957773  0.941766  0.955372  0.765876  0.933762  0.956973  0.977782  0.941766  0.935900  0.637509  0.588532  0.688028  0.818137  0.700865  0.509989  0.339046  0.323897  0.730619  0.818433  0.566767  0.495372  0.723351  0.869173  0.827381  0.153924  0.711544  0.772442
  1.233500  0.631713  0.892987  0.941701  0.884848  0.692348  0.144293  0.636064  0.891116  0.117368  0.152325  0.235913  0.228059  0.834973  1.004212  0.953794  0.982605  0.750186  0.964198  0.957796  1.012215  0.960197  0.940990  0.956195  0.763501  0.926585  0.952994  0.979404  0.943391  0.938091  0.641359  0.587745  0.690782  0.817073  0.700441  0.507702  0.341924  0.322268  0.727138  0.819609  0.567252  0.496882  0.729188  0.869717  0.833283  0.152294  0.711358  0.775961
  1.238500  0.633883  0.894236  0.943476  0.885324  0.684893  0.144845  0.636206  0.893345  0.120303  0.154339  0.234813  0.225803  0.835747  1.006642  0.949753  0.981803  0.749810  0.966579  0.959368  1.017059  0.963374  0.941740  0.958567  0.765300  0.937734  0.952958  0.981002  0.947349  0.935243  0.638843  0.586036  0.692836  0.818016  0.700549  0.511230  0.346747  0.324236  0.728063  0.820823  0.566604  0.498862  0.729568  0.868640  0.830669  0.153674  0.709860  0.778747
  1.243500  0.634243  0.897885  0.944305  0.887426  0.672183  0.146612  0.636662  0.892288  0.122455  0.155375  0.241925  0.225778  0.830065  1.005836  0.954584  0.974604  0.753461  0.964994  0.960189  1.013844  0.960189  0.938567  0.955384  0.769791  0.932161  0.954584  0.985014  0.952982  0.939218  0.645386  0.587584  0.696238  0.817427  0.698531  0.508843  0.350637  0.322281  0.734020  0.820347  0.565276  0.499085  0.733276  0.869864  0.829226  0.152758  0.710673  0.783535
  1.248500  0.636558  0.897958  0.946117  0.884016  0.674509  0.147065  0.638790  0.891472  0.126927  0.161313  0.247776  0.228025  0.830503  1.004230  0.953732  0.982588  0.749767  0.972969  0.958541  1.019459  0.960946  0.940907  0.956938  0.764556  0.935296  0.955335  0.984191  0.948121  0.933855  0.643442  0.589454  0.697785  0.818341  0.698718  0.505970  0.354024  0.324530  0.726031  0.821411  0.565667  0.500910  0.728845  0.870674  0.829661  0.154197  0.713521  0.785627
  1.253500  0.636101  0.903153  0.938993  0.884062  0.691915  0.148076  0.639344  0.891873  0.124621  0.161744  0.251329  0.231808  0.829612  1.002591  0.950496  0.981753  0.745632  0.972135  0.959312  1.017017  0.964922  0.942481  0.954503  0.765122  0.935268  0.956908  0.980951  0.947290  0.937370  0.647335  0.588614  0.700266  0.818313  0.700672  0.510647  0.357116  0.323388  0.728096  0.818407  0.563207  0.501894  0.730264  0.871110  0.829508  0.153589  0.712120  0.789711
  1.258500  0.636670  0.900893  0.941566  0.884581  0.709087  0.144758  0.640668  0.891886  0.125969  0.160965  0.251937  0.231926  0.829250  0.998528  0.951241  0.983300  0.749830  0.971278  0.962462  1.016961  0.966469  0.944830  0.952844  0.766393  0.932808  0.957653  0.974484  0.948837  0.938693  0.648445  0.587702  0.704359  0.820147  0.701392  0.512456  0.362203  0.324021  0.731148  0.819766  0.562698  0.500758  0.733549  0.872127  0.831182  0.154609  0.711784  0.792665
  1.263500  0.636427  0.905942  0.939636  0.880853  0.714787  0.148240  0.641846  0.892292  0.126304  0.171912  0.255147  0.230816  0.828847  1.007289  0.953523  0.982412  0.754586  0.968770  0.961547  1.017721  0.964757  0.941486  0.959140  0.769308  0.935066  0.957535  0.980807  0.947103  0.936560  0.648658  0.588543  0.705563  0.821850  0.702371  0.513313  0.367432  0.324379  0.724974  0.816376  0.560432  0.503171  0.737255  0.869553  0.829576  0.154660  0.712184  0.798855
  1.268500  0.630278  0.900440  0.935481  0.876708  0.714782  0.147198  0.641676  0.890696  0.127174  0.171015  0.258515  0.232093  0.828842  1.002377  0.951058  0.983133  0.746465  0.970303  0.963086  1.013603  0.966294  0.940634  0.951860  0.766123  0.929408  0.951058  0.980727  0.950256  0.936213  0.652015  0.585417  0.705444  0.822239  0.703346  0.515177  0.371195  0.324323  0.729089  0.817295  0.558464  0.504347  0.737103  0.870279  0.824770  0.155136  0.711488  0.800213
  1.273500  0.626083  0.896453  0.930737  0.867487  0.714234  0.149411  0.643145  0.892707  0.131478  0.174247  0.265402  0.231791  0.824701  1.005486  0.954152  0.982225  0.749836  0.972600  0.963777  1.013507  0.964579  0.944527  0.958163  0.769562  0.934100  0.955756  0.979819  0.950141  0.939459  0.655007  0.585081  0.707960  0.823360  0.705536  0.517253  0.376914  0.323739  0.727115  0.815674  0.555945  0.507131  0.739614  0.870894  0.827846  0.154204  0.712818  0.803406
  1.278500  0.617691  0.891419  0.922553  0.855093  0.710539  0.149695  0.643273  0.890729  0.135029  0.177107  0.271509  0.235191  0.822937  0.998154  0.950844  0.983720  0.750256  0.965277  0.964476  1.012587  0.969287  0.938014  0.958061  0.763996  0.933203  0.954853  0.980513  0.946835  0.936062  0.654703  0.586909  0.709723  0.823608  0.706081  0.519952  0.380400  0.323868  0.725892  0.813996  0.552140  0.507167  0.745798  0.870003  0.830321  0.155403  0.711200  0.808249
  1.283500  0.633464  0.906456  0.934733  0.880410  0.712356  0.150542  0.643129  0.892186  0.134258  0.171451  0.268697  0.236772  0.822754  1.002838  0.952353  0.979599  0.750546  0.974791  0.962770  1.014057  0.963572  0.940333  0.957962  0.766028  0.933922  0.955558  0.981201  0.950750  0.934360  0.656753  0.588377  0.712912  0.822754  0.707346  0.518273  0.383868  0.324186  0.724798  0.814124  0.552184  0.507903  0.744482  0.868197  0.826949  0.155632  0.710383  0.812027
  1.288500  0.637022  0.904541  0.936006  0.882393  0.713818  0.151412  0.646210  0.891409  0.136293  0.181785  0.275214  0.239013  0.822508  1.007542  0.952169  0.983467  0.749796  0.969825  0.961799  1.009147  0.966614  0.940132  0.958589  0.764944  0.934514  0.955379  0.986677  0.951367  0.933342  0.656940  0.589486  0.715151  0.820593  0.704670  0.515973  0.388631  0.324139  0.726311  0.812971  0.554074  0.509412  0.743648  0.869534  0.829463  0.154965  0.711473  0.817204
  1.293500  0.633996  0.900537  0.934019  0.878250  0.716725  0.153480  0.646333  0.890796  0.141751  0.183832  0.281597  0.237640  0.824948  1.004207  0.958452  0.978520  0.751408  0.972901  0.960057  1.017854  0.963268  0.943200  0.953636  0.768525  0.934370  0.958452  0.977717  0.948017  0.927553  0.659193  0.589586  0.719362  0.818435  0.701063  0.511198  0.392957  0.324867  0.723952  0.812804  0.549218  0.511499  0.745749  0.870574  0.825441  0.156665  0.711139  0.821329
  1.298500  0.631056  0.901238  0.926630  0.869971  0.718686  0.153903  0.648601  0.891536  0.140399  0.185809  0.280707  0.241786  0.826591  1.000858  0.951145  0.979209  0.746526  0.966380  0.962371  1.011282  0.963172  0.935910  0.956758  0.766072  0.930297  0.953551  0.980812  0.943928  0.929177  0.659166  0.588244  0.721432  0.816729  0.697760  0.506516  0.396491  0.324753  0.720643  0.811460  0.545363  0.511826  0.747134  0.870622  0.826529  0.156717  0.710182  0.822162
  1.303500  0.635063  0.903007  0.937211  0.875790  0.717237  0.156440  0.647970  0.890435  0.141650  0.189954  0.286653  0.238309  0.830480  0.997525  0.955029  0.979885  0.749856  0.972669  0.961444  1.014362  0.960642  0.940597  0.955831  0.763848  0.930174  0.959840  0.979083  0.945408  0.929116  0.661185  0.589800  0.723259  0.815534  0.692101  0.498513  0.401156  0.325729  0.716226  0.809217  0.543064  0.511771  0.746040  0.868718  0.825787  0.155643  0.709862  0.825301
  1.308500  0.640220  0.909684  0.936776  0.880602  0.706644  0.156584  0.646438  0.890343  0.143939  0.192916  0.290508  0.242336  0.828973  1.005441  0.956456  0.986168  0.749402  0.966896  0.961275  1.010259  0.963684  0.939593  0.956456  0.763601  0.929957  0.958063  0.984562  0.949229  0.926780  0.659453  0.590720  0.725188  0.812413  0.685717  0.489938  0.407498  0.323711  0.712688  0.806084  0.539175  0.514453  0.747564  0.868665  0.828403  0.157739  0.708357  0.832814
  1.313500  0.637112  0.906260  0.937468  0.878028  0.698496  0.157391  0.649585  0.891741  0.145107  0.191364  0.294469  0.242015  0.828286  1.002106  0.957957  0.981236  0.750517  0.971603  0.967590  1.013344  0.960365  0.939495  0.960365  0.765683  0.929862  0.954746  0.982038  0.949930  0.927837  0.661623  0.589571  0.727310  0.808377  0.677619  0.478447  0.411436  0.325543  0.716802  0.804862  0.534383  0.514267  0.749285  0.870035  0.826159  0.157482  0.706597  0.834858
  1.318500  0.637718  0.908497  0.932488  0.880099  0.697506  0.156409  0.651192  0.890477  0.150228  0.192697  0.296200  0.244944  0.825059  1.002797  0.954627  0.981121  0.749996  0.968275  0.961853  1.012432  0.965064  0.939373  0.952219  0.764982  0.928936  0.955430  0.980318  0.947402  0.925604  0.668362  0.589683  0.731336  0.805730  0.667620  0.463834  0.413546  0.325686  0.718299  0.803617  0.530794  0.514204  0.748920  0.871579  0.823915  0.158852  0.706345  0.836934
  1.323500  0.636252  0.908398  0.934956  0.876071  0.692353  0.156789  0.649503  0.891431  0.148446  0.200461  0.298792  0.244936  0.821194  1.002685  0.954536  0.979413  0.750503  0.968178  0.960153  1.013117  0.958548  0.940091  0.953733  0.766766  0.928053  0.954536  0.980215  0.956141  0.927304  0.671260  0.587905  0.731561  0.801968  0.657475  0.448638  0.411961  0.325544  0.711972  0.798451  0.524146  0.517334  0.746030  0.868872  0.824102  0.159151  0.703186  0.841157
  1.328500  0.639534  0.913149  0.935774  0.877101  0.684398  0.159102  0.651387  0.891328  0.150584  0.203165  0.304703  0.250569  0.816727  1.003395  0.951996  0.977696  0.750954  0.974483  0.963240  1.007411  0.963240  0.938343  0.953602  0.767204  0.927903  0.952799  0.976893  0.949587  0.922164  0.672648  0.589914  0.736040  0.798739  0.645997  0.433325  0.422011  0.326568  0.704044  0.794489  0.517228  0.517906  0.750665  0.870232  0.824377  0.158994  0.703514  0.841525
  1.333500  0.640726  0.910992  0.934827  0.878209  0.681830  0.159407  0.651605  0.890825  0.155180  0.206394  0.309818  0.246476  0.808087  0.996877  0.953498  0.975991  0.747239  0.965548  0.955105  1.011337  0.962335  0.938235  0.951891  0.763260  0.930202  0.954301  0.982418  0.948678  0.916387  0.672587  0.589504  0.739425  0.796035  0.633735  0.417934  0.428480  0.326037  0.701457  0.787837  0.508765  0.518312  0.753762  0.867705  0.825737  0.159419  0.703457  0.844316
  1.338500  0.640200  0.915547  0.933411  0.878808  0.676319  0.162104  0.650944  0.891181  0.157320  0.206742  0.310475  0.247442  0.799462  0.995188  0.953376  0.972674  0.748079  0.967849  0.959808  1.007249  0.956592  0.934882  0.952572  0.760851  0.922017  0.952572  0.970261  0.943727  0.913746  0.671851  0.589903  0.740944  0.793908  0.625032  0.404274  0.431362  0.327269  0.700523  0.783099  0.502501  0.519622  0.751058  0.870896  0.826958  0.160396  0.705882  0.847613
  1.343500  0.640747  0.914574  0.933649  0.877958  0.674514  0.162778  0.650508  0.891541  0.153918  0.209542  0.316714  0.250323  0.793779  0.994300  0.950943  0.971819  0.748060  0.963790  0.956563  1.003935  0.947731  0.929264  0.948534  0.757419  0.914009  0.947731  0.967001  0.940505  0.901972  0.675219  0.589580  0.743164  0.789667  0.614272  0.391892  0.433113  0.325807  0.695255  0.782170  0.494544  0.518403  0.751225  0.870093  0.824172  0.160685  0.704106  0.847728
  1.348500  0.639850  0.915618  0.930374  0.876879  0.672066  0.164700  0.652628  0.890232  0.168192  0.213618  0.323056  0.249169  0.790896  0.993430  0.949228  0.972535  0.745861  0.962891  0.948425  1.004681  0.949228  0.936369  0.948425  0.757567  0.913063  0.951639  0.971731  0.939584  0.894190  0.674064  0.590894  0.744047  0.789938  0.608011  0.385957  0.439562  0.325945  0.688205  0.777135  0.489274  0.520953  0.753794  0.869144  0.826931  0.162294  0.704053  0.849706
  1.353500  0.641254  0.917504  0.929784  0.876641  0.666372  0.165915  0.652776  0.888220  0.155366  0.210053  0.326849  0.254629  0.781557  0.992566  0.950781  0.975691  0.747906  0.959620  0.949174  1.002209  0.949977  0.937121  0.950781  0.762870  0.908996  0.948370  0.970066  0.946763  0.894612  0.672446  0.589052  0.746859  0.787876  0.601166  0.381137  0.442606  0.326447  0.683279  0.771154  0.482563  0.518978  0.750824  0.870615  0.825832  0.162795  0.709481  0.850133
  1.358500  0.639648  0.917592  0.923096  0.875336  0.665095  0.165224  0.651898  0.890797  0.164834  0.215490  0.325591  0.252412  0.774018  0.996532  0.949939  0.974843  0.747863  0.966006  0.953956  1.006976  0.954759  0.931463  0.953153  0.762121  0.915397  0.953956  0.977252  0.946726  0.903198  0.672721  0.588293  0.748990  0.786737  0.599992  0.375524  0.446670  0.326794  0.680521  0.767755  0.478726  0.519093  0.745907  0.870601  0.821658  0.163187  0.712412  0.852574
  1.363500  0.636846  0.917973  0.924475  0.875228  0.660412  0.169204  0.654957  0.891697  0.165342  0.221483  0.324879  0.254151  0.767215  0.994084  0.949095  0.973196  0.747009  0.959539  0.954718  1.004528  0.950702  0.935437  0.950702  0.761880  0.917763  0.950702  0.972393  0.945078  0.907173  0.662830  0.586360  0.746937  0.786643  0.595238  0.370818  0.449007  0.329063  0.681585  0.764932  0.474309  0.494853  0.744553  0.870175  0.827018  0.165597  0.715248  0.851364
  1.368500  0.638066  0.919763  0.923897  0.873936  0.655187  0.167351  0.653561  0.893126  0.166498  0.219705  0.334806  0.253467  0.760982  0.992450  0.952280  0.970759  0.747292  0.963528  0.953887  1.002091  0.952280  0.930588  0.948263  0.761863  0.910503  0.951477  0.969152  0.945050  0.903516  0.662789  0.576952  0.744603  0.783653  0.590347  0.363532  0.452882  0.326360  0.671605  0.760946  0.468291  0.491000  0.742830  0.869949  0.826519  0.167187  0.715618  0.852840
  1.373500  0.633946  0.910870  0.918153  0.867621  0.653725  0.171084  0.655254  0.891178  0.174108  0.234254  0.334196  0.254958  0.753222  0.992438  0.951437  0.969927  0.747157  0.960280  0.947417  0.998065  0.946613  0.928122  0.950633  0.758170  0.908024  0.949025  0.970731  0.942593  0.895193  0.676260  0.566550  0.726131  0.783234  0.582894  0.354660  0.458175  0.326507  0.662836  0.752919  0.459685  0.501733  0.737335  0.867730  0.830088  0.168775  0.717668  0.853120
  1.378500  0.626782  0.913086  0.896199  0.860538  0.647129  0.168175  0.652488  0.892492  0.173995  0.235373  0.335044  0.252230  0.747503  0.991633  0.953846  0.971534  0.746593  0.964298  0.953846  1.005301  0.953846  0.929726  0.946610  0.763010  0.912038  0.949826  0.972337  0.941786  0.902270  0.679452  0.558286  0.699355  0.781280  0.572920  0.343617  0.458262  0.327123  0.643897  0.739130  0.445736  0.494575  0.725310  0.869540  0.820228  0.168176  0.721402  0.851207
  1.383500  0.587908  0.864957  0.861534  0.828452  0.640150  0.173738  0.651429  0.890272  0.175929  0.231709  0.346162  0.259417  0.737644  0.993255  0.952248  0.964309  0.745141  0.961092  0.955464  0.994864  0.953052  0.930538  0.953052  0.761563  0.913652  0.950639  0.967525  0.941795  0.904653  0.686997  0.549846  0.715694  0.778363  0.562644  0.329602  0.461820  0.325258  0.589855  0.686315  0.416608  0.490555  0.708469  0.868570  0.829087  0.171928  0.722422  0.844652
  1.388500  0.400804  0.698363  0.732186  0.691799  0.630428  0.172019  0.647733  0.890714  0.177840  0.237755  0.342516  0.252855  0.727758  0.985239  0.950633  0.969948  0.746395  0.957071  0.953048  1.000529  0.957071  0.927294  0.950633  0.766027  0.914418  0.948219  0.966729  0.939366  0.899646  0.683497  0.418045  0.731103  0.775944  0.543145  0.306507  0.460831  0.321255  0.483898  0.568932  0.369443  0.502324  0.685179  0.869241  0.824498  0.172165  0.723286  0.827835
  1.393500  0.271703  0.597840  0.628354  0.563881  0.618979  0.176271  0.646530  0.891522  0.173999  0.228617  0.337491  0.255262  0.711485  0.987698  0.950690  0.962758  0.745653  0.954713  0.949885  0.996548  0.944254  0.926554  0.942644  0.758314  0.901613  0.944254  0.963562  0.941840  0.875306  0.680954  0.382508  0.716033  0.774718  0.516652  0.280427  0.414182  0.319253  0.507904  0.579678  0.361926  0.507622  0.665930  0.864223  0.825364  0.172351  0.722095  0.825107
  1.398500  0.491454  0.747877  0.833642  0.752901  0.602418  0.174846  0.641236  0.888646  0.165510  0.227803  0.316171  0.252037  0.694586  0.955575  0.933045  0.936264  0.736477  0.927413  0.925803  0.968449  0.916953  0.897641  0.916953  0.745269  0.870284  0.923390  0.937068  0.922585  0.782593  0.684487  0.531208  0.754224  0.769354  0.489127  0.251433  0.417356  0.324477  0.547916  0.638283  0.367003  0.511986  0.655248  0.866638  0.822033  0.174948  0.723561  0.839161
  1.403500  0.588305  0.822687  0.881724  0.818212  0.524040  0.178949  0.636873  0.891299  0.161933  0.215032  0.320957  0.254649  0.671871  0.853440  0.865512  0.834126  0.691543  0.826882  0.835735  0.875169  0.801130  0.786644  0.828492  0.673492  0.751797  0.817225  0.833321  0.845392  0.571238  0.675460  0.571812  0.766028  0.764911  0.459340  0.223979  0.447340  0.327450  0.529501  0.613899  0.348525  0.508217  0.653484  0.865129  0.820830  0.176166  0.724797  0.840324
  1.408500  0.603369  0.844303  0.886053  0.830769  0.414738  0.175550  0.626038  0.888797  0.153515  0.208006  0.317530  0.256944  0.643925  0.909808  0.903365  0.885647  0.698474  0.874372  0.880815  0.921084  0.850211  0.840547  0.875983  0.668982  0.694454  0.875178  0.890480  0.888869  0.661218  0.677263  0.575772  0.769495  0.757658  0.420220  0.190907  0.460832  0.327572  0.518575  0.604371  0.330203  0.507366  0.657733  0.864959  0.822777  0.177827  0.723962  0.836907
  1.413500  0.608229  0.863049  0.884683  0.833333  0.417286  0.179921  0.621468  0.891584  0.161430  0.220289  0.347892  0.256659  0.612279  0.968678  0.944489  0.952552  0.738412  0.939651  0.931588  0.983192  0.926750  0.914655  0.932394  0.732554  0.776372  0.937232  0.951746  0.933200  0.807769  0.676232  0.580424  0.772564  0.750027  0.378399  0.157488  0.465831  0.329593  0.510799  0.600936  0.314184  0.508853  0.664720  0.866419  0.822410  0.179639  0.725163  0.835846
  1.418500  0.606748  0.872584  0.888566  0.834939  0.465096  0.184216  0.615336  0.889902  0.181826  0.234348  0.356202  0.264124  0.581630  0.991367  0.953463  0.964754  0.744153  0.956689  0.947818  0.999432  0.951850  0.935721  0.946205  0.756533  0.872817  0.951850  0.968786  0.940560  0.880614  0.668761  0.583916  0.778029  0.740105  0.336566  0.126984  0.475610  0.327714  0.502683  0.587041  0.304043  0.508017  0.657865  0.865035  0.824616  0.181676  0.724878  0.836402
  1.423500  0.609744  0.870409  0.892462  0.835790  0.462598  0.183711  0.613763  0.888014  0.184840  0.245393  0.366953  0.257816  0.555615  0.988256  0.955183  0.972123  0.748146  0.961636  0.952763  1.001163  0.951150  0.939050  0.950343  0.772045  0.906784  0.951957  0.972123  0.945503  0.900667  0.641540  0.584070  0.778413  0.727376  0.295625  0.103845  0.477778  0.326857  0.497520  0.577418  0.296305  0.508219  0.632764  0.865448  0.822531  0.184784  0.723143  0.835597
  1.428500  0.612817  0.865132  0.894354  0.836277  0.462560  0.187848  0.617478  0.889020  0.190689  0.250829  0.367386  0.268450  0.554629  0.989984  0.952045  0.973033  0.747544  0.964154  0.960118  1.005321  0.958503  0.937516  0.951238  0.770699  0.921372  0.952853  0.973033  0.944781  0.912613  0.604708  0.584512  0.781482  0.715295  0.269411  0.088181  0.484752  0.327412  0.490371  0.575476  0.292392  0.508847  0.602953  0.865376  0.826713  0.185276  0.725471  0.836575
  1.433500  0.615203  0.856339  0.897146  0.838242  0.469052  0.192076  0.622008  0.890948  0.190535  0.254713  0.363914  0.269525  0.562913  0.991709  0.954595  0.978800  0.748565  0.967504  0.954595  1.006233  0.956208  0.938458  0.951367  0.773970  0.924742  0.949754  0.976380  0.946526  0.919311  0.587853  0.585041  0.781630  0.698056  0.264708  0.086592  0.486101  0.329749  0.488896  0.570924  0.290860  0.512067  0.596807  0.864409  0.823173  0.188829  0.723860  0.837234
  1.438500  0.616088  0.854617  0.900211  0.841293  0.471211  0.191600  0.624447  0.890654  0.189198  0.252899  0.371136  0.264058  0.567199  0.997458  0.952295  0.974070  0.748182  0.966005  0.958747  1.010362  0.958747  0.941810  0.952295  0.767828  0.925681  0.949875  0.974877  0.945036  0.918856  0.602903  0.589099  0.784310  0.682558  0.276085  0.089912  0.488572  0.329807  0.490109  0.575231  0.291253  0.513823  0.628391  0.864735  0.822805  0.191007  0.723734  0.836247
  1.443500  0.621543  0.852641  0.904734  0.844215  0.452576  0.188986  0.625511  0.888884  0.187284  0.262234  0.381117  0.265073  0.564797  0.995942  0.954763  0.974949  0.745915  0.967682  0.961222  1.002401  0.962030  0.941036  0.949111  0.771258  0.930540  0.952340  0.979793  0.943459  0.922408  0.627274  0.587684  0.787330  0.666658  0.287066  0.097500  0.494341  0.328317  0.490923  0.575463  0.293226  0.514390  0.673067  0.864041  0.822652  0.193930  0.724168  0.834941
  1.448500  0.627059  0.855708  0.907077  0.847920  0.394796  0.194395  0.622048  0.888925  0.198850  0.258142  0.371368  0.265349  0.557996  0.997633  0.955647  0.979869  0.746461  0.971795  0.958069  1.011359  0.959684  0.938691  0.953225  0.770596  0.927387  0.954032  0.976640  0.946765  0.921448  0.650258  0.587289  0.787786  0.649855  0.286998  0.097546  0.496480  0.327538  0.494964  0.580919  0.294917  0.512934  0.698795  0.865589  0.823956  0.196596  0.724303  0.835087
  1.453500  0.629387  0.856147  0.907849  0.849737  0.313482  0.193483  0.624503  0.887692  0.194685  0.266602  0.376112  0.271055  0.549214  0.998496  0.955711  0.979122  0.749401  0.969435  0.961362  1.008990  0.962169  0.941181  0.953290  0.773566  0.930686  0.955711  0.976700  0.946024  0.923731  0.669863  0.590228  0.789350  0.636189  0.280231  0.092789  0.499162  0.328536  0.496193  0.582699  0.296452  0.514892  0.708915  0.865511  0.817573  0.198058  0.723322  0.835432
  1.458500  0.632738  0.867954  0.912543  0.854303  0.401325  0.199867  0.628670  0.891064  0.202048  0.263797  0.384662  0.269364  0.539976  1.000158  0.956518  0.974297  0.748555  0.967832  0.964599  1.005007  0.963791  0.940354  0.955709  0.773003  0.933889  0.958942  0.976721  0.948436  0.922568  0.677573  0.587799  0.793717  0.624259  0.272066  0.090042  0.502305  0.330180  0.496152  0.584237  0.298494  0.517955  0.712929  0.863977  0.825780  0.200938  0.720769  0.837605
  1.463500  0.631540  0.874638  0.906838  0.854779  0.440712  0.201883  0.630485  0.888089  0.201783  0.272588  0.388750  0.265745  0.528071  0.996947  0.954115  0.978360  0.750411  0.969470  0.958156  1.006645  0.967045  0.943609  0.954115  0.771622  0.931487  0.950074  0.976743  0.946033  0.926290  0.681420  0.590896  0.794505  0.613895  0.267891  0.086089  0.509027  0.328491  0.499776  0.585402  0.297850  0.516315  0.714601  0.867749  0.825780  0.204552  0.717535  0.837945
  1.468500  0.634537  0.876655  0.912670  0.856324  0.439955  0.204245  0.631487  0.891166  0.194689  0.275332  0.393748  0.268283  0.523205  1.001805  0.953311  0.979174  0.749519  0.969476  0.962201  1.006655  0.962201  0.938762  0.954119  0.771590  0.935529  0.955735  0.977558  0.947653  0.923795  0.692077  0.589075  0.795390  0.600124  0.268039  0.087238  0.508184  0.327738  0.498810  0.585322  0.298436  0.519593  0.714264  0.866991  0.828181  0.207924  0.709757  0.836456
  1.473500  0.636120  0.879902  0.911491  0.857678  0.434032  0.206518  0.633035  0.889042  0.210350  0.278008  0.395840  0.267591  0.516798  0.998567  0.953325  0.979985  0.745956  0.969483  0.959788  1.009069  0.963827  0.937167  0.953325  0.771175  0.929896  0.955748  0.980793  0.947670  0.925451  0.697342  0.590891  0.795183  0.591412  0.272313  0.087613  0.512358  0.327672  0.505397  0.586725  0.301271  0.520855  0.715303  0.865784  0.825409  0.209058  0.707509  0.836537
  1.478500  0.638312  0.882312  0.914809  0.859224  0.429980  0.207463  0.636241  0.891428  0.199781  0.275460  0.397109  0.272560  0.511200  1.000984  0.955715  0.974307  0.746051  0.972691  0.960565  1.009068  0.962182  0.945206  0.958140  0.776177  0.933080  0.957331  0.981583  0.950056  0.927129  0.702228  0.591258  0.800513  0.579090  0.277124  0.088993  0.513260  0.328856  0.509785  0.591082  0.302152  0.522107  0.717804  0.865071  0.821968  0.212453  0.705554  0.835774
  1.483500  0.642150  0.893545  0.915230  0.862305  0.424828  0.211478  0.638720  0.888969  0.211770  0.282632  0.400918  0.267143  0.512016  1.000969  0.954064  0.979134  0.751241  0.974281  0.960533  1.010674  0.965386  0.943550  0.956490  0.771130  0.931419  0.955681  0.981560  0.947594  0.936380  0.705454  0.589702  0.799875  0.570908  0.285404  0.093632  0.519999  0.327394  0.513325  0.592085  0.303898  0.522650  0.723119  0.867597  0.828799  0.214740  0.706164  0.834456
  1.488500  0.644546  0.885514  0.920929  0.863601  0.421980  0.212643  0.641275  0.891527  0.212608  0.284509  0.403556  0.275296  0.515552  0.999327  0.953250  0.979118  0.750773  0.972651  0.962142  1.005793  0.962950  0.943550  0.958908  0.777549  0.932233  0.956483  0.976692  0.945166  0.933216  0.706474  0.592227  0.803096  0.562290  0.289542  0.099227  0.523066  0.328307  0.509102  0.596716  0.308383  0.525556  0.730427  0.865196  0.822829  0.217005  0.702823  0.828620
  1.493500  0.644349  0.893120  0.920418  0.864419  0.419000  0.218456  0.643775  0.890082  0.211505  0.288739  0.407182  0.272088  0.523850  0.999311  0.956425  0.980700  0.752152  0.971799  0.962898  1.013876  0.965325  0.945096  0.960471  0.779300  0.937005  0.959661  0.983127  0.949142  0.937835  0.709725  0.590668  0.800564  0.554480  0.294434  0.098496  0.524411  0.325770  0.520601  0.601602  0.308690  0.528376  0.728133  0.865635  0.827184  0.219336  0.693282  0.829243
  1.498500  0.646242  0.881683  0.920816  0.862138  0.419715  0.218557  0.645099  0.891195  0.218040  0.291025  0.415163  0.273113  0.532311  0.999287  0.955602  0.979871  0.752311  0.969354  0.962074  1.013039  0.966119  0.942658  0.955602  0.772423  0.936186  0.957220  0.979871  0.945894  0.934239  0.710602  0.594199  0.803190  0.549109  0.298402  0.100356  0.524275  0.326974  0.517711  0.604303  0.314384  0.524512  0.733171  0.864220  0.826084  0.221672  0.678706  0.825116
  1.503500  0.646978  0.881978  0.921234  0.864027  0.420342  0.219495  0.646562  0.891697  0.221212  0.290934  0.408932  0.284982  0.541946  0.996818  0.955760  0.978301  0.745519  0.969446  0.958980  1.012114  0.967836  0.945294  0.954955  0.775532  0.931608  0.956565  0.978301  0.946904  0.936461  0.710641  0.591451  0.808710  0.543098  0.302820  0.105534  0.528156  0.326646  0.525446  0.608715  0.315675  0.527830  0.734959  0.866494  0.828234  0.223994  0.658187  0.817263
  1.508500  0.647780  0.881693  0.922632  0.864970  0.419923  0.218111  0.646688  0.891114  0.216604  0.293085  0.412814  0.273572  0.548529  1.001649  0.954879  0.982296  0.757122  0.975845  0.965362  1.008907  0.965362  0.945202  0.956492  0.777409  0.933913  0.956492  0.981490  0.950847  0.934744  0.713730  0.588446  0.805275  0.539981  0.307043  0.107678  0.527217  0.327259  0.526155  0.611114  0.318020  0.530806  0.735892  0.866834  0.825195  0.228556  0.679228  0.813336
  1.513500  0.647840  0.880006  0.919998  0.868582  0.418796  0.222448  0.647986  0.893291  0.218614  0.298591  0.415458  0.285438  0.550858  0.997605  0.958107  0.983096  0.749681  0.973423  0.962943  1.009696  0.967780  0.941985  0.959719  0.777518  0.937149  0.957301  0.979065  0.949240  0.940784  0.718962  0.590077  0.809458  0.536270  0.310647  0.111961  0.533554  0.324502  0.530862  0.616662  0.323640  0.531544  0.744176  0.866988  0.830861  0.228564  0.707488  0.808613
  1.518500  0.650045  0.879688  0.926170  0.868739  0.417671  0.227366  0.649477  0.893135  0.226343  0.292352  0.420637  0.280427  0.550804  0.999209  0.956498  0.976645  0.748894  0.972616  0.968586  1.009686  0.967780  0.946828  0.956498  0.772279  0.934739  0.955692  0.979868  0.948439  0.935799  0.714809  0.590257  0.807944  0.534678  0.317612  0.112818  0.533833  0.324695  0.533412  0.618267  0.325493  0.532393  0.734550  0.866239  0.827585  0.231588  0.719243  0.801770
  1.523500  0.649831  0.872231  0.923651  0.865792  0.417808  0.230992  0.651520  0.892431  0.226171  0.295713  0.418622  0.273210  0.552387  1.001626  0.961325  0.981476  0.747951  0.974222  0.966161  1.012105  0.961325  0.943593  0.956489  0.779775  0.937145  0.957295  0.981476  0.951653  0.936216  0.713718  0.591974  0.811059  0.535000  0.320053  0.116854  0.538898  0.326533  0.536408  0.623369  0.329687  0.532463  0.734437  0.869039  0.831935  0.235521  0.721127  0.790311
  1.528500  0.647894  0.871502  0.923538  0.862624  0.415439  0.228432  0.652822  0.894255  0.221104  0.303835  0.425515  0.278589  0.549441  0.997595  0.955697  0.980675  0.749464  0.970201  0.969395  1.010487  0.962143  0.942806  0.956503  0.779514  0.934748  0.957309  0.981481  0.946834  0.939436  0.714717  0.592255  0.812146  0.532643  0.325366  0.117965  0.537694  0.326458  0.543235  0.625010  0.331942  0.533177  0.739939  0.867427  0.826564  0.234722  0.722277  0.783346
  1.534000  0.644628  0.870747  0.923832  0.863499  0.416542  0.235917  0.652373  0.891888  0.226564  0.307055  0.430993  0.282811  0.542568  1.001645  0.957261  0.981470  0.752289  0.975015  0.965331  1.011328  0.966138  0.947577  0.959682  0.775904  0.937894  0.957261  0.979856  0.946770  0.936121  0.715756  0.590603  0.814226  0.533065  0.325773  0.120146  0.544627  0.322819  0.545201  0.628776  0.335088  0.534133  0.740630  0.867554  0.827793  0.238875  0.722424  0.774572
  1.540000  0.644821  0.874369  0.926551  0.865939  0.420020  0.236864  0.651910  0.890989  0.228117  0.303153  0.432346  0.281817  0.539228  0.998433  0.955627  0.980665  0.751937  0.975819  0.966127  1.007317  0.966127  0.943512  0.961281  0.778091  0.936243  0.954012  0.980665  0.952397  0.935917  0.717233  0.589348  0.815631  0.540668  0.327801  0.120558  0.545726  0.323588  0.551016  0.632591  0.339884  0.534594  0.746664  0.868924  0.834313  0.242484  0.727668  0.763832
  1.546000  0.649809  0.873748  0.928400  0.868518  0.425438  0.238704  0.651943  0.892831  0.229411  0.316433  0.431366  0.280417  0.531780  1.003285  0.954059  0.977462  0.753932  0.975041  0.964550  1.012969  0.968585  0.941148  0.956480  0.778189  0.937113  0.960515  0.987145  0.954059  0.939730  0.718793  0.592000  0.815650  0.551552  0.332137  0.123977  0.546139  0.322694  0.549825  0.636276  0.342460  0.537505  0.745151  0.870492  0.833721  0.244782  0.731823  0.753888
  1.552000  0.654120  0.871859  0.927191  0.873962  0.429527  0.240505  0.653598  0.893164  0.237533  0.320734  0.445077  0.283251  0.528794  1.003306  0.958918  0.978287  0.754852  0.972638  0.963760  1.014604  0.966989  0.945198  0.956497  0.776682  0.934707  0.958918  0.983936  0.946813  0.939581  0.719438  0.591639  0.819065  0.559611  0.336216  0.124911  0.551053  0.322721  0.555529  0.638706  0.347880  0.539000  0.744436  0.869508  0.833536  0.245845  0.737128  0.742614
  1.558000  0.655575  0.876149  0.929973  0.875582  0.434741  0.243492  0.655312  0.893637  0.235127  0.321542  0.438740  0.279197  0.528022  1.003341  0.961328  0.980719  0.757585  0.974255  0.968599  1.008996  0.966984  0.943553  0.958096  0.780873  0.939514  0.960520  0.986374  0.949209  0.939770  0.722550  0.593208  0.818086  0.568467  0.342407  0.129917  0.555481  0.320621  0.555871  0.641968  0.347508  0.538676  0.744882  0.872240  0.832319  0.249031  0.737001  0.735522
  1.564000  0.656598  0.877923  0.931714  0.877250  0.439840  0.246337  0.656483  0.893675  0.241913  0.325444  0.446995  0.283509  0.526804  0.999319  0.958948  0.977519  0.754605  0.971867  0.964600  1.009815  0.965408  0.946029  0.963793  0.780863  0.933111  0.960563  0.986400  0.948452  0.937165  0.718524  0.592215  0.822796  0.574318  0.339783  0.128651  0.558520  0.321766  0.557525  0.643506  0.352108  0.539757  0.744021  0.869613  0.835999  0.251878  0.740064  0.726567
  1.570500  0.657031  0.879692  0.930325  0.877154  0.441254  0.248981  0.655568  0.893419  0.247127  0.325543  0.448832  0.285697  0.526653  1.000962  0.956514  0.981567  0.756766  0.978334  0.965404  1.013893  0.967021  0.946009  0.958939  0.779902  0.937119  0.959747  0.983991  0.954898  0.940289  0.721161  0.592319  0.820687  0.575644  0.340316  0.130493  0.559051  0.321600  0.563720  0.645527  0.354719  0.541491  0.742812  0.870331  0.834238  0.252523  0.743581  0.717824
  1.577500  0.658719  0.885252  0.928499  0.876302  0.442510  0.251630  0.655806  0.891902  0.244958  0.329080  0.457731  0.286925  0.526771  1.005022  0.955702  0.981575  0.754948  0.973490  0.966213  1.010681  0.962170  0.947617  0.958936  0.777121  0.942766  0.957319  0.980766  0.952468  0.938601  0.723023  0.590497  0.822804  0.576060  0.340941  0.130250  0.563317  0.318294  0.559450  0.646764  0.355020  0.542767  0.742342  0.868649  0.838271  0.253682  0.744044  0.707962
  1.584500  0.659656  0.888808  0.927683  0.876684  0.443296  0.253040  0.655972  0.893484  0.248936  0.336064  0.463643  0.286189  0.529366  1.001789  0.958920  0.987230  0.752589  0.971862  0.967009  1.001789  0.967818  0.946788  0.958112  0.778221  0.937891  0.959729  0.984804  0.953259  0.934153  0.719062  0.592687  0.824296  0.576243  0.339371  0.129278  0.565139  0.317625  0.562163  0.646169  0.357128  0.541474  0.745255  0.869406  0.837452  0.257502  0.745890  0.697122
  1.591500  0.659567  0.894470  0.930318  0.878213  0.442787  0.258602  0.659500  0.893754  0.254944  0.338090  0.464736  0.289793  0.531067  1.001769  0.964557  0.981545  0.756048  0.974264  0.966174  1.013903  0.965366  0.945951  0.959703  0.775693  0.933816  0.958085  0.982354  0.948377  0.936327  0.719398  0.594411  0.825087  0.573429  0.338522  0.128381  0.568910  0.318384  0.563906  0.646038  0.357293  0.543940  0.743165  0.870344  0.837492  0.259545  0.749199  0.688003
  1.598500  0.660348  0.896382  0.928420  0.878268  0.438799  0.259757  0.659297  0.893718  0.258043  0.343569  0.469617  0.289919  0.527844  1.000099  0.955632  0.979886  0.755567  0.970993  0.966142  1.010609  0.964525  0.943504  0.954823  0.776881  0.931377  0.959674  0.980695  0.949164  0.930397  0.720944  0.593562  0.826021  0.570348  0.335834  0.124833  0.572359  0.316783  0.560722  0.646379  0.357928  0.543601  0.740494  0.869557  0.839644  0.262003  0.748275  0.676418
  1.605500  0.662365  0.900303  0.931498  0.880123  0.435257  0.263806  0.657929  0.893173  0.253348  0.348570  0.479763  0.285990  0.526883  1.005708  0.961153  0.979785  0.752128  0.974925  0.963584  1.011379  0.962773  0.941711  0.959533  0.778950  0.931990  0.959533  0.982216  0.953052  0.929998  0.723777  0.593975  0.829089  0.566111  0.332184  0.124324  0.571832  0.315040  0.560345  0.645332  0.357814  0.544682  0.740092  0.867778  0.836410  0.264087  0.750362  0.663001
  1.612500  0.663272  0.903276  0.929553  0.879426  0.431206  0.268560  0.658297  0.893959  0.264306  0.357462  0.484409  0.288326  0.520660  1.000741  0.960246  0.984543  0.756191  0.977254  0.967535  1.008840  0.965105  0.944858  0.957006  0.778088  0.935139  0.958626  0.982923  0.952957  0.929161  0.723438  0.590990  0.829828  0.559917  0.328520  0.121282  0.573697  0.313724  0.562080  0.642992  0.356614  0.545787  0.735113  0.867410  0.835782  0.265639  0.749109  0.650031
  1.619500  0.663452  0.904413  0.927965  0.879980  0.425362  0.268676  0.660818  0.892603  0.262106  0.358807  0.487619  0.290144  0.518007  1.001421  0.958507  0.981179  0.755876  0.978750  0.972272  1.007088  0.969033  0.942314  0.960127  0.780385  0.935027  0.964985  0.988466  0.954459  0.934815  0.723002  0.590997  0.831231  0.555583  0.325606  0.119270  0.577589  0.313258  0.549297  0.640983  0.356699  0.543286  0.736345  0.868729  0.837414  0.266449  0.749421  0.636739
  1.626500  0.664530  0.912907  0.928491  0.880836  0.419946  0.270929  0.656774  0.893157  0.274951  0.364104  0.494181  0.293462  0.514639  0.999644  0.960833  0.984281  0.753697  0.975387  0.968919  1.009347  0.964876  0.947896  0.960024  0.776046  0.934959  0.960024  0.986707  0.952747  0.932911  0.724324  0.589637  0.832679  0.549884  0.322895  0.117813  0.582419  0.312461  0.554888  0.639556  0.357112  0.546035  0.733184  0.868878  0.837972  0.268472  0.751785  0.625790
  1.633500  0.664535  0.916190  0.928664  0.879596  0.416238  0.275293  0.655777  0.891754  0.276678  0.369331  0.495334  0.294318  0.508576  1.001114  0.958209  0.981685  0.757430  0.976018  0.965494  1.007590  0.967114  0.950923  0.962256  0.776360  0.934732  0.958209  0.982495  0.952542  0.937158  0.730582  0.590728  0.831116  0.545376  0.319740  0.115494  0.582408  0.310557  0.556472  0.638132  0.357197  0.545398  0.731422  0.869646  0.835922  0.270312  0.749681  0.615083
  1.640500  0.665245  0.921016  0.930234  0.880185  0.408073  0.273673  0.655652  0.891918  0.281276  0.372901  0.497445  0.291771  0.504530  1.000134  0.960479  0.983139  0.752143  0.967763  0.964526  1.009037  0.962907  0.945912  0.958861  0.781934  0.938629  0.955624  0.982330  0.945912  0.938342  0.724411  0.592819  0.832431  0.538924  0.317908  0.114956  0.585212  0.309607  0.555385  0.635294  0.353556  0.547819  0.730173  0.868869  0.843347  0.271042  0.749346  0.603813
  1.647500  0.666503  0.919654  0.931064  0.882586  0.401203  0.277743  0.657700  0.893328  0.279856  0.380882  0.507233  0.297288  0.500616  0.999152  0.962741  0.981351  0.753495  0.970833  0.966787  1.013717  0.961932  0.946558  0.959505  0.782329  0.934421  0.962741  0.982970  0.951413  0.936027  0.728173  0.592991  0.835472  0.530843  0.317682  0.115821  0.589195  0.308390  0.551045  0.632143  0.354431  0.548174  0.728180  0.869435  0.840168  0.274777  0.751046  0.590832
  1.654500  0.666362  0.923346  0.926900  0.880941  0.395991  0.280820  0.657743  0.894518  0.282273  0.380858  0.512916  0.299148  0.497848  1.003032  0.959324  0.978750  0.755327  0.974703  0.966609  1.011935  0.962562  0.939089  0.954468  0.781825  0.930186  0.960943  0.982797  0.949611  0.929714  0.728670  0.591875  0.835249  0.524177  0.315797  0.111658  0.588156  0.308804  0.541257  0.631209  0.353594  0.548964  0.723280  0.867798  0.842036  0.274454  0.745863  0.581813
  1.661500  0.668913  0.923217  0.928407  0.882862  0.388100  0.284085  0.657288  0.894821  0.293839  0.392181  0.525313  0.297808  0.491338  1.002869  0.963199  0.981010  0.755414  0.976153  0.965628  1.010965  0.970486  0.943769  0.959961  0.782149  0.934864  0.959961  0.981820  0.953484  0.935077  0.727809  0.590965  0.835312  0.518132  0.312618  0.111036  0.592053  0.306641  0.545191  0.628051  0.351743  0.547618  0.724154  0.869872  0.844768  0.277926  0.744350  0.577749
  1.668500  0.668218  0.925772  0.927327  0.882058  0.377490  0.284035  0.656397  0.892123  0.292819  0.395402  0.516762  0.295410  0.486673  0.997043  0.959804  0.980852  0.756559  0.970328  0.964661  1.008377  0.965470  0.939565  0.958994  0.780756  0.933088  0.957375  0.980043  0.950899  0.930319  0.725976  0.590768  0.836637  0.508548  0.309291  0.110480  0.597019  0.303744  0.540597  0.624074  0.353359  0.550343  0.723020  0.868058  0.846461  0.276338  0.746375  0.577654
  1.676000  0.667513  0.928933  0.930594  0.879157  0.369330  0.287581  0.657553  0.892472  0.300909  0.397440  0.521982  0.294317  0.481913  0.992834  0.949964  0.975847  0.751373  0.962097  0.963715  1.000922  0.959670  0.940257  0.953199  0.777224  0.925698  0.954008  0.980701  0.945920  0.907167  0.727755  0.589500  0.836529  0.501876  0.309707  0.110476  0.598867  0.302417  0.539144  0.620844  0.351274  0.548720  0.719383  0.865526  0.844562  0.276820  0.751019  0.580526
  1.684000  0.666985  0.931787  0.930565  0.881770  0.360848  0.289745  0.653112  0.889817  0.306402  0.399301  0.534443  0.297348  0.478981  0.974872  0.951399  0.958684  0.747098  0.954637  0.947352  0.987013  0.940876  0.922260  0.945733  0.762223  0.902834  0.936829  0.959493  0.935211  0.860902  0.727230  0.591408  0.837209  0.493748  0.308190  0.107706  0.597973  0.300771  0.513007  0.621077  0.349412  0.550466  0.716478  0.864883  0.844196  0.279435  0.750814  0.580709
  1.692000  0.672028  0.930163  0.921584  0.886301  0.351166  0.291568  0.655523  0.894880  0.310578  0.409406  0.539530  0.295004  0.478132  0.980411  0.946446  0.968281  0.749441  0.961811  0.954533  0.990923  0.953725  0.929465  0.944021  0.771269  0.896309  0.946446  0.969898  0.939977  0.898552  0.727780  0.591323  0.837880  0.486074  0.307377  0.108331  0.600404  0.298281  0.518452  0.619144  0.346633  0.550677  0.711152  0.865629  0.844269  0.281009  0.756136  0.587815
  1.700000  0.677836  0.936579  0.929353  0.884097  0.344470  0.292428  0.657469  0.895023  0.311247  0.416092  0.539660  0.298641  0.475070  0.994045  0.952783  0.971392  0.749198  0.965728  0.954401  0.995663  0.951974  0.938220  0.949547  0.776945  0.920421  0.951165  0.972201  0.943884  0.927486  0.732441  0.589708  0.840250  0.479953  0.307615  0.107399  0.603484  0.300361  0.523294  0.621297  0.347238  0.552995  0.713398  0.867302  0.846476  0.284110  0.757393  0.587203
  1.708000  0.675517  0.932538  0.923959  0.883587  0.340480  0.295061  0.661320  0.894230  0.325727  0.423803  0.548984  0.299960  0.473581  0.986681  0.953565  0.974565  0.754000  0.964872  0.959218  0.995565  0.954372  0.933372  0.947910  0.779672  0.920448  0.947103  0.973757  0.942257  0.934360  0.728181  0.591932  0.844017  0.473390  0.308002  0.108342  0.609115  0.299891  0.514949  0.615052  0.346932  0.549433  0.716030  0.868850  0.853245  0.287121  0.754116  0.595814
  1.716000  0.671516  0.933496  0.925070  0.877810  0.335817  0.300948  0.659285  0.895336  0.318124  0.425568  0.546453  0.300776  0.473281  0.992278  0.957505  0.976913  0.752301  0.969635  0.959123  1.001173  0.963166  0.938906  0.950228  0.778652  0.925968  0.953462  0.980148  0.942950  0.919862  0.728800  0.591533  0.839984  0.465223  0.304298  0.104919  0.608847  0.298614  0.500223  0.611594  0.345923  0.550771  0.712002  0.865990  0.848505  0.284644  0.755228  0.603546
  1.724000  0.670961  0.933101  0.926774  0.877477  0.332553  0.298775  0.658263  0.892774  0.316048  0.430375  0.550748  0.301951  0.472623  0.987397  0.954219  0.974449  0.750613  0.968785  0.960693  1.001963  0.957456  0.938034  0.951791  0.779316  0.918613  0.952600  0.977686  0.950982  0.919432  0.729349  0.591788  0.842377  0.458136  0.302935  0.102973  0.612140  0.294679  0.505809  0.614470  0.344926  0.551501  0.706607  0.862034  0.850138  0.288777  0.754337  0.611129
  1.732000  0.670756  0.930854  0.919426  0.879584  0.332741  0.299435  0.657406  0.895139  0.331624  0.434043  0.554416  0.300868  0.473608  0.989833  0.951825  0.972851  0.750591  0.966381  0.959103  0.999537  0.953442  0.939694  0.946164  0.781056  0.914625  0.951825  0.970425  0.943738  0.921710  0.734259  0.592892  0.840956  0.450609  0.302165  0.103233  0.612826  0.298437  0.512653  0.614309  0.345149  0.552806  0.708820  0.863734  0.853681  0.288726  0.758700  0.626101
  1.740000  0.677126  0.927956  0.922888  0.880230  0.329389  0.298889  0.658821  0.894527  0.336046  0.434850  0.565672  0.305946  0.476495  0.985022  0.952632  0.972876  0.752220  0.963969  0.961540  0.998788  0.954252  0.937247  0.946964  0.780368  0.922671  0.951013  0.969637  0.933198  0.923403  0.730709  0.593194  0.837608  0.446921  0.299722  0.103993  0.617427  0.290682  0.514392  0.611428  0.344894  0.552100  0.708616  0.859558  0.854334  0.290546  0.758817  0.630400
  1.748000  0.674183  0.930559  0.920972  0.877848  0.328900  0.301100  0.657617  0.895629  0.335264  0.440525  0.570479  0.304288  0.474837  0.983491  0.944617  0.969723  0.752959  0.964864  0.952716  0.988351  0.960815  0.935708  0.950286  0.779086  0.916271  0.951096  0.968913  0.936518  0.922364  0.724233  0.590233  0.844889  0.443066  0.296399  0.099804  0.620359  0.292554  0.513285  0.612143  0.340766  0.554153  0.702059  0.858808  0.851674  0.291566  0.763715  0.644922
  1.756000  0.677841  0.931217  0.921184  0.881940  0.324516  0.304341  0.658844  0.894935  0.331437  0.449573  0.578048  0.302245  0.472595  0.994153  0.952035  0.973904  0.752723  0.964995  0.965805  0.994963  0.958515  0.939886  0.947986  0.782264  0.919638  0.944746  0.964995  0.941506  0.918436  0.733105  0.586375  0.844847  0.442384  0.297458  0.100576  0.620145  0.294107  0.525781  0.609905  0.345654  0.550412  0.699716  0.859747  0.853095  0.295536  0.761677  0.650559
  1.764000  0.675670  0.930284  0.923170  0.877358  0.323082  0.303163  0.656715  0.892934  0.341703  0.447195  0.578739  0.307941  0.468428  0.991062  0.952122  0.979704  0.754634  0.970781  0.959423  1.000797  0.956178  0.936708  0.950499  0.778737  0.919672  0.952933  0.972403  0.944009  0.914779  0.725895  0.590848  0.844854  0.441434  0.295202  0.101654  0.623766  0.294510  0.524835  0.608477  0.343327  0.550084  0.699240  0.857772  0.856958  0.293510  0.763781  0.660110
  1.772000  0.673369  0.929644  0.916616  0.878035  0.318447  0.305102  0.657293  0.894728  0.350002  0.451287  0.585049  0.305836  0.463172  0.993616  0.957130  0.974967  0.753475  0.964427  0.958752  1.007399  0.962806  0.943347  0.955508  0.773405  0.923077  0.955508  0.979832  0.947401  0.925078  0.732848  0.588719  0.843302  0.440012  0.294263  0.100878  0.625732  0.290305  0.524034  0.610755  0.342763  0.553823  0.699597  0.860776  0.857985  0.293045  0.760162  0.665632
  1.780000  0.671343  0.924856  0.919360  0.878628  0.316104  0.308941  0.656966  0.894339  0.342970  0.461072  0.583927  0.308181  0.459235  0.994482  0.959613  0.978264  0.754178  0.967722  0.957991  1.003402  0.961235  0.944206  0.960424  0.781931  0.924745  0.952315  0.977453  0.945017  0.924856  0.734219  0.588406  0.847264  0.439722  0.292524  0.098570  0.623694  0.291408  0.526886  0.609241  0.343821  0.555132  0.700882  0.861197  0.852422  0.296666  0.768330  0.679597
  1.788000  0.676740  0.922378  0.920766  0.876527  0.313959  0.304899  0.656005  0.896756  0.356884  0.458404  0.587420  0.305181  0.454271  0.990374  0.953852  0.979823  0.758107  0.969272  0.962779  1.002548  0.962779  0.940866  0.955475  0.785683  0.929503  0.951417  0.975765  0.944924  0.925107  0.727623  0.589167  0.849041  0.441123  0.296465  0.101188  0.626684  0.291628  0.521163  0.611611  0.346397  0.548361  0.693356  0.864529  0.853660  0.296105  0.768228  0.692520
  1.796000  0.671829  0.921301  0.917995  0.872625  0.310969  0.306535  0.656334  0.895614  0.356718  0.460184  0.593277  0.305893  0.450268  0.995042  0.962564  0.978803  0.758502  0.974743  0.961752  1.004786  0.960128  0.940641  0.956068  0.784232  0.926838  0.957692  0.984487  0.949573  0.925862  0.730473  0.586856  0.846337  0.437299  0.301367  0.102406  0.630772  0.288391  0.524721  0.612590  0.346545  0.552281  0.693324  0.858192  0.853910  0.296908  0.766794  0.696939
  1.805000  0.667235  0.914637  0.915177  0.868362  0.309459  0.306068  0.655354  0.891996  0.360105  0.468731  0.588888  0.305409  0.447087  0.997838  0.962102  0.980782  0.757712  0.972660  0.966163  1.001086  0.964538  0.940985  0.955604  0.782025  0.927990  0.954792  0.983218  0.946670  0.923765  0.731162  0.583763  0.844086  0.435169  0.301802  0.104844  0.631310  0.286341  0.523103  0.613325  0.348422  0.551983  0.691594  0.857803  0.853481  0.299221  0.765597  0.704609
  1.815000  0.663064  0.908640  0.911325  0.862675  0.312458  0.305151  0.654412  0.892362  0.358424  0.468075  0.598045  0.300519  0.440450  0.999515  0.958927  0.976785  0.757404  0.970291  0.965421  1.003573  0.962986  0.943503  0.957303  0.784078  0.926457  0.958927  0.980844  0.952433  0.923700  0.730015  0.583767  0.844948  0.433719  0.302884  0.104170  0.630175  0.286383  0.523267  0.614529  0.349340  0.552992  0.683586  0.863217  0.854611  0.298947  0.767495  0.712893
  1.825000  0.655541  0.900738  0.905596  0.854851  0.310028  0.306297  0.652745  0.891093  0.358162  0.471738  0.599627  0.304937  0.436181  0.990496  0.952386  0.978333  0.749956  0.970225  0.968603  1.005091  0.962116  0.942655  0.954007  0.780902  0.924816  0.958872  0.981577  0.948331  0.921188  0.728277  0.585315  0.842725  0.431569  0.303462  0.105185  0.631694  0.283897  0.530574  0.614426  0.348084  0.551230  0.677840  0.861403  0.851638  0.301032  0.765346  0.714768
  1.835000  0.659397  0.894336  0.908251  0.853167  0.311073  0.307545  0.654723  0.892962  0.359120  0.473464  0.591098  0.299735  0.432565  0.989577  0.956333  0.977415  0.754170  0.968495  0.960387  1.003361  0.958766  0.940117  0.952279  0.781249  0.921467  0.957955  0.980658  0.947414  0.916683  0.731249  0.579856  0.845814  0.428822  0.300239  0.103406  0.631800  0.283049  0.525654  0.613555  0.346523  0.550831  0.674617  0.862948  0.857961  0.298230  0.766864  0.695791
  1.845000  0.656444  0.892979  0.904127  0.851592  0.305198  0.308733  0.653907  0.894344  0.370297  0.475651  0.602132  0.300198  0.428204  0.986330  0.953135  0.975805  0.751502  0.965280  0.960422  1.001713  0.956374  0.934514  0.949897  0.780296  0.919940  0.955564  0.974185  0.942610  0.913471  0.728773  0.579452  0.845940  0.426767  0.293881  0.100092  0.632410  0.283825  0.521276  0.611092  0.344916  0.547161  0.669198  0.859855  0.855972  0.301110  0.766307  0.673244
  1.855000  0.655822  0.878697  0.902221  0.849989  0.299291  0.307598  0.654142  0.891576  0.370017  0.477536  0.603491  0.309498  0.420924  0.988168  0.954159  0.971164  0.753014  0.967115  0.956589  0.996265  0.954159  0.935536  0.949301  0.783447  0.918532  0.951730  0.974402  0.946062  0.917497  0.731076  0.576292  0.839807  0.420063  0.288781  0.097844  0.635298  0.280646  0.513367  0.602350  0.339098  0.543135  0.668525  0.855991  0.854380  0.303513  0.770872  0.675860
  1.865000  0.651901  0.868129  0.891674  0.840112  0.290190  0.303386  0.652079  0.889057  0.372545  0.478685  0.603599  0.310431  0.410148  0.988630  0.958691  0.971637  0.757066  0.961927  0.959500  0.998340  0.957882  0.940889  0.956263  0.781413  0.917423  0.953836  0.973256  0.948172  0.904896  0.727521  0.578232  0.841953  0.410628  0.275325  0.087986  0.630852  0.281061  0.496742  0.584723  0.325688  0.539931  0.659660  0.851649  0.851745  0.301825  0.768334  0.680761
  1.875000  0.644603  0.861036  0.876756  0.830022  0.279766  0.307234  0.643178  0.891362  0.367430  0.475616  0.607620  0.306945  0.395536  0.986838  0.952005  0.969017  0.751998  0.964156  0.956055  0.994129  0.956055  0.939043  0.947954  0.782444  0.917981  0.947954  0.970637  0.945524  0.901200  0.727336  0.577024  0.842462  0.399178  0.257251  0.080004  0.628867  0.281049  0.471047  0.556439  0.305564  0.529295  0.657251  0.843135  0.844115  0.302251  0.766406  0.684003
  1.885000  0.630384  0.855560  0.853956  0.813840  0.262981  0.301883  0.629857  0.889023  0.360439  0.489963  0.609440  0.301000  0.367378  0.982704  0.954362  0.970557  0.751518  0.963269  0.955171  0.991611  0.953552  0.932498  0.947883  0.780232  0.918731  0.951123  0.966508  0.938976  0.890471  0.727126  0.570071  0.839836  0.386360  0.232867  0.067167  0.621718  0.278021  0.428622  0.514489  0.278238  0.513730  0.644534  0.833069  0.838654  0.302609  0.765604  0.681799
  1.895000  0.598428  0.851502  0.828111  0.788355  0.241870  0.305262  0.601536  0.883640  0.370689  0.480222  0.613454  0.296826  0.322158  0.981007  0.951028  0.963182  0.753552  0.958320  0.955889  0.988299  0.953459  0.934013  0.944546  0.778252  0.916997  0.948597  0.966423  0.935633  0.877722  0.724227  0.564590  0.838233  0.365176  0.204523  0.053683  0.593636  0.276384  0.364093  0.451558  0.238152  0.488575  0.628547  0.829538  0.827320  0.302905  0.763881  0.678826
  1.905000  0.576044  0.845870  0.803209  0.767056  0.215763  0.297759  0.569577  0.881468  0.370625  0.488889  0.615390  0.303820  0.269429  0.976812  0.942773  0.963845  0.748336  0.954119  0.946825  0.983296  0.948446  0.931426  0.941962  0.776050  0.913596  0.942773  0.963845  0.929805  0.871781  0.725709  0.554428  0.838668  0.340825  0.173840  0.044059  0.558497  0.274865  0.304065  0.387186  0.194539  0.468612  0.610051  0.810082  0.818005  0.303428  0.761153  0.674922
  1.915000  0.576786  0.845393  0.809507  0.769913  0.192303  0.298143  0.545905  0.876435  0.375060  0.483852  0.619590  0.304288  0.239597  0.973354  0.940146  0.961205  0.750538  0.953105  0.952296  0.983884  0.945006  0.925567  0.936096  0.775933  0.911798  0.938526  0.962015  0.931237  0.870148  0.724179  0.554278  0.832135  0.310969  0.142791  0.031982  0.552392  0.274418  0.268758  0.347306  0.169567  0.455082  0.602382  0.780057  0.816115  0.304503  0.760144  0.668144
  1.925000  0.589285  0.843065  0.814553  0.775653  0.172910  0.297764  0.536444  0.873065  0.376925  0.492311  0.617586  0.299841  0.230815  0.971466  0.941468  0.957683  0.749440  0.953629  0.943900  0.976331  0.943900  0.930117  0.934170  0.774105  0.905793  0.943089  0.955251  0.932549  0.861054  0.717046  0.554857  0.835179  0.273476  0.114799  0.028225  0.567101  0.274187  0.254791  0.337096  0.164376  0.456985  0.599520  0.791070  0.820608  0.305925  0.757514  0.663412
  1.935000  0.593288  0.843187  0.824189  0.780536  0.160070  0.295525  0.532367  0.869741  0.378850  0.492926  0.622749  0.299698  0.230409  0.971229  0.939605  0.957444  0.746669  0.950146  0.942038  0.981771  0.944470  0.925820  0.937983  0.770913  0.899872  0.941227  0.954201  0.930685  0.850097  0.714082  0.558020  0.836396  0.239608  0.086215  0.021395  0.576120  0.274007  0.261034  0.341467  0.166041  0.460159  0.602645  0.822761  0.820314  0.304277  0.758347  0.665788
  1.945000  0.596247  0.831068  0.831135  0.784657  0.157230  0.294813  0.534132  0.870453  0.380520  0.494904  0.624583  0.311543  0.236749  0.973505  0.942712  0.954867  0.745389  0.949194  0.947574  0.982418  0.943522  0.924074  0.935419  0.774009  0.901384  0.937039  0.956487  0.930556  0.853213  0.714414  0.556905  0.833901  0.228701  0.067688  0.020093  0.591781  0.274189  0.272365  0.351631  0.172764  0.466753  0.600457  0.828391  0.825309  0.304458  0.760854  0.679569
  1.955000  0.597863  0.832041  0.831782  0.786010  0.161231  0.294932  0.534473  0.870324  0.378958  0.489206  0.615007  0.302311  0.249774  0.972649  0.944290  0.956444  0.745561  0.951583  0.945101  0.978321  0.945101  0.924034  0.934568  0.772601  0.898107  0.940239  0.959685  0.930516  0.858202  0.717006  0.556361  0.833880  0.233005  0.058825  0.017473  0.595772  0.272388  0.283285  0.361057  0.175787  0.470705  0.594314  0.832749  0.825933  0.305236  0.761769  0.684466
  1.965000  0.602544  0.827434  0.836847  0.786753  0.170068  0.296101  0.542834  0.873195  0.375784  0.499332  0.617740  0.299947  0.258585  0.967766  0.944258  0.954796  0.746360  0.952364  0.945069  0.977493  0.942637  0.923993  0.940205  0.773202  0.893191  0.940205  0.960470  0.930478  0.857850  0.720339  0.558995  0.840215  0.247364  0.063713  0.016637  0.599934  0.273053  0.272020  0.367743  0.182509  0.477234  0.594898  0.837996  0.833381  0.306113  0.760975  0.689952
  1.975000  0.600718  0.822513  0.840886  0.791046  0.175936  0.295452  0.550156  0.875159  0.369523  0.485708  0.605281  0.303541  0.262832  0.974870  0.944099  0.961104  0.750679  0.951387  0.949767  0.980538  0.945719  0.925475  0.935192  0.776519  0.901993  0.941670  0.963533  0.934382  0.867494  0.721695  0.557580  0.836578  0.258521  0.073412  0.020556  0.605367  0.273106  0.277888  0.377269  0.183917  0.477443  0.593305  0.839426  0.834095  0.307910  0.765109  0.699195
  1.985000  0.601422  0.817550  0.841095  0.793682  0.177018  0.295759  0.559795  0.878786  0.378487  0.487728  0.612024  0.302982  0.265867  0.977499  0.945915  0.962922  0.751715  0.959682  0.955633  0.988837  0.947534  0.932147  0.941056  0.778546  0.902183  0.942675  0.961302  0.935387  0.869548  0.717934  0.553365  0.833852  0.263952  0.080042  0.019072  0.609583  0.274384  0.286092  0.385375  0.187176  0.485810  0.586063  0.841370  0.839495  0.309154  0.765174  0.702791
  1.995000  0.597801  0.813213  0.841683  0.786692  0.177257  0.293455  0.569492  0.878935  0.360999  0.476219  0.609881  0.302926  0.269356  0.981118  0.947954  0.964131  0.752643  0.961705  0.948763  0.989207  0.947954  0.929349  0.943100  0.775227  0.898612  0.944718  0.960087  0.936629  0.864096  0.720459  0.550810  0.833639  0.265431  0.089429  0.021771  0.614045  0.272487  0.296586  0.396285  0.190446  0.488803  0.585550  0.832205  0.837359  0.307375  0.764435  0.711739
  2.005000  0.589962  0.812805  0.842310  0.783623  0.173372  0.295520  0.576974  0.881313  0.364109  0.486118  0.604931  0.305158  0.271313  0.974248  0.947571  0.960505  0.755328  0.958080  0.950804  0.980716  0.943529  0.927361  0.937061  0.773623  0.894216  0.944337  0.962122  0.940295  0.859031  0.718992  0.552602  0.834976  0.262722  0.100163  0.023081  0.616085  0.273454  0.304047  0.405171  0.198544  0.495533  0.595170  0.825679  0.839143  0.309002  0.761138  0.712551
  2.015000  0.589188  0.816185  0.842384  0.784080  0.168673  0.294696  0.585269  0.884349  0.373048  0.482217  0.619020  0.304197  0.277371  0.972077  0.947900  0.962407  0.750786  0.957571  0.951124  0.984165  0.943065  0.926141  0.939842  0.772590  0.887459  0.943871  0.959989  0.938230  0.856713  0.716270  0.553664  0.831589  0.257175  0.109539  0.024194  0.627816  0.270445  0.312399  0.412297  0.204899  0.501176  0.593682  0.829449  0.848180  0.312137  0.765252  0.720120
  2.025000  0.609062  0.838941  0.854986  0.796353  0.165399  0.294426  0.592465  0.885845  0.382851  0.498409  0.628218  0.302108  0.280634  0.980215  0.950430  0.958480  0.752996  0.957675  0.956065  0.986655  0.944794  0.924669  0.948014  0.777222  0.899713  0.945599  0.960895  0.934329  0.861353  0.722346  0.560071  0.831737  0.249708  0.110159  0.025536  0.623618  0.270713  0.322078  0.423639  0.206233  0.507627  0.590131  0.823531  0.843503  0.311945  0.765171  0.723066
  2.035000  0.620156  0.842396  0.853890  0.804948  0.162351  0.295520  0.596990  0.888008  0.394020  0.510678  0.646447  0.313705  0.286018  0.977908  0.948943  0.969058  0.751982  0.956989  0.955380  0.986758  0.941702  0.927220  0.941702  0.773640  0.890210  0.944116  0.961816  0.935265  0.852352  0.716222  0.559089  0.833019  0.240901  0.112104  0.025919  0.636994  0.272718  0.330635  0.431016  0.209781  0.510331  0.592151  0.801849  0.849952  0.313747  0.762547  0.725446
  2.045000  0.612120  0.847190  0.852084  0.803201  0.158351  0.296816  0.599217  0.889201  0.404156  0.524876  0.652231  0.300247  0.286384  0.972424  0.946752  0.953170  0.748308  0.953170  0.945949  0.981249  0.934718  0.915464  0.940334  0.769561  0.883373  0.933113  0.953972  0.933113  0.832348  0.720577  0.551874  0.834235  0.239190  0.111805  0.024471  0.636007  0.271098  0.342782  0.437447  0.215474  0.511432  0.592926  0.771350  0.849776  0.315100  0.758021  0.728455
  2.055000  0.607022  0.848469  0.848938  0.795724  0.151806  0.293074  0.602636  0.889455  0.418506  0.533065  0.667718  0.309701  0.289423  0.963580  0.941951  0.946757  0.744272  0.933940  0.940348  0.971591  0.926730  0.909907  0.925128  0.762124  0.855432  0.929133  0.943553  0.928332  0.787026  0.715659  0.552886  0.827058  0.242635  0.112323  0.025631  0.635563  0.272352  0.344389  0.441179  0.220501  0.518003  0.594571  0.810277  0.851681  0.316560  0.747904  0.731132
  2.065000  0.593035  0.837217  0.843987  0.782200  0.144593  0.293015  0.604212  0.891124  0.426277  0.544617  0.672193  0.303481  0.295246  0.925051  0.925051  0.911428  0.728706  0.905819  0.901011  0.941078  0.884183  0.871361  0.897806  0.732876  0.796596  0.896203  0.908223  0.901812  0.680746  0.722453  0.544437  0.826347  0.245690  0.110060  0.026908  0.636279  0.274547  0.354801  0.448519  0.220880  0.518125  0.594869  0.842907  0.847930  0.316534  0.743214  0.725156
  2.075000  0.536589  0.810284  0.815790  0.744384  0.142139  0.293405  0.603859  0.892208  0.432738  0.549523  0.695007  0.305752  0.297338  0.796989  0.829771  0.779559  0.661477  0.778600  0.788114  0.820176  0.741420  0.729587  0.780279  0.631476  0.626044  0.770364  0.777160  0.802586  0.420014  0.722315  0.541738  0.821455  0.251591  0.108022  0.024701  0.639406  0.269600  0.357823  0.454133  0.225089  0.520582  0.595544  0.853692  0.853197  0.317798  0.741618  0.721076
  2.085000  0.543384  0.812375  0.820927  0.749166  0.140546  0.296117  0.602177  0.891673  0.440781  0.565851  0.683133  0.310910  0.298388  0.625590  0.681670  0.603781  0.560240  0.595074  0.628147  0.650355  0.546184  0.551776  0.617122  0.507042  0.372911  0.582931  0.609453  0.645482  0.266506  0.724079  0.537595  0.817227  0.255717  0.105607  0.025232  0.638680  0.272415  0.369761  0.464380  0.229214  0.521318  0.591099  0.855550  0.851581  0.319500  0.746104  0.728030
  2.095000  0.560851  0.817651  0.829481  0.763789  0.141291  0.295627  0.589371  0.892848  0.440124  0.569710  0.690254  0.309866  0.298510  0.828735  0.853495  0.812761  0.680844  0.801579  0.811164  0.851099  0.768034  0.762044  0.798384  0.641804  0.455582  0.805573  0.813560  0.828735  0.513237  0.724941  0.537879  0.811592  0.261540  0.102035  0.023598  0.639823  0.269653  0.373092  0.470415  0.234086  0.520197  0.587060  0.860047  0.853947  0.319037  0.758115  0.727789
  2.105000  0.571545  0.824334  0.828015  0.764465  0.143627  0.293838  0.580848  0.893726  0.448196  0.573962  0.691036  0.301779  0.296560  0.918014  0.916418  0.899667  0.726736  0.889298  0.890893  0.932371  0.867761  0.860582  0.889298  0.718115  0.672413  0.890893  0.908441  0.903656  0.678911  0.726308  0.522714  0.808219  0.266878  0.095956  0.020442  0.633187  0.271246  0.384062  0.473814  0.233478  0.522426  0.579003  0.861095  0.853431  0.321755  0.762194  0.734653
  2.115000  0.559820  0.812218  0.820832  0.757685  0.148739  0.291950  0.582581  0.896385  0.441702  0.566162  0.690802  0.307088  0.299661  0.944296  0.925960  0.934729  0.739860  0.918786  0.921177  0.960240  0.899653  0.892478  0.910814  0.747475  0.765725  0.915597  0.927555  0.919583  0.743876  0.726925  0.512009  0.814619  0.271793  0.090653  0.021317  0.631097  0.271127  0.390443  0.481563  0.238930  0.524214  0.574680  0.860733  0.861998  0.323004  0.769556  0.734901
  2.125000  0.538266  0.806502  0.814497  0.748636  0.160263  0.297128  0.590537  0.899100  0.444467  0.569665  0.691163  0.305636  0.304689  0.944249  0.941067  0.930722  0.745325  0.927540  0.921970  0.959368  0.906852  0.890938  0.917196  0.753403  0.804206  0.913217  0.928335  0.917991  0.762104  0.724061  0.517763  0.814870  0.273606  0.085728  0.019855  0.630317  0.270463  0.396270  0.490726  0.246237  0.528484  0.561215  0.864057  0.857236  0.323070  0.769979  0.733787
  2.135000  0.528569  0.809870  0.810024  0.741348  0.167056  0.291718  0.592745  0.897589  0.443896  0.569964  0.699186  0.302227  0.299667  0.927173  0.925583  0.907291  0.731488  0.902519  0.908086  0.945465  0.878660  0.869117  0.900133  0.735973  0.803903  0.901724  0.908086  0.905700  0.701714  0.722448  0.523376  0.815470  0.276971  0.090441  0.021052  0.631633  0.270004  0.408040  0.499499  0.253811  0.531991  0.551089  0.861877  0.858843  0.322234  0.772565  0.740302
  2.145000  0.548976  0.811054  0.815539  0.751028  0.170011  0.292090  0.592801  0.894957  0.448010  0.565365  0.692658  0.302942  0.288246  0.894436  0.900002  0.880919  0.720325  0.875353  0.878533  0.914315  0.849908  0.840366  0.872172  0.713525  0.753616  0.873762  0.884895  0.895231  0.642820  0.715599  0.530402  0.819453  0.277822  0.091654  0.021255  0.637630  0.271993  0.412539  0.506511  0.253988  0.533978  0.541360  0.855958  0.861571  0.327650  0.769555  0.732611
  2.155000  0.563172  0.817889  0.826051  0.762807  0.170191  0.292379  0.595110  0.893092  0.449078  0.564891  0.688466  0.307240  0.282299  0.888587  0.899739  0.877435  0.716645  0.869469  0.876638  0.908502  0.839198  0.829639  0.860706  0.705652  0.729666  0.862299  0.872655  0.884604  0.630784  0.710946  0.531221  0.820525  0.279290  0.089096  0.019476  0.635270  0.270481  0.405153  0.514433  0.256765  0.529656  0.537028  0.841844  0.856111  0.321173  0.768386  0.730618
  2.165000  0.553835  0.806945  0.816920  0.753027  0.173013  0.291724  0.593498  0.889691  0.446223  0.566652  0.680471  0.307699  0.286601  0.909278  0.910077  0.895693  0.721224  0.882107  0.891697  0.922064  0.862928  0.852539  0.882906  0.718748  0.735784  0.878911  0.899688  0.896492  0.669455  0.701668  0.532334  0.819287  0.279714  0.082412  0.020621  0.635445  0.271425  0.409692  0.518938  0.259745  0.528010  0.522619  0.842461  0.853782  0.324606  0.763625  0.732224
  2.175000  0.537778  0.799904  0.807795  0.740866  0.175987  0.289850  0.591555  0.888213  0.438449  0.568359  0.686113  0.308064  0.297400  0.914640  0.915442  0.904209  0.727116  0.892976  0.896987  0.929885  0.871311  0.857671  0.887359  0.723879  0.761626  0.887359  0.897790  0.896185  0.687273  0.691706  0.526537  0.815409  0.279311  0.080915  0.020007  0.638036  0.270284  0.426634  0.524586  0.262534  0.532771  0.511640  0.838601  0.851846  0.325239  0.767389  0.729217
  2.185000  0.560744  0.808891  0.809618  0.755702  0.175629  0.289331  0.596243  0.885412  0.435388  0.563034  0.683371  0.302774  0.304406  0.922488  0.916045  0.907992  0.729262  0.903966  0.903161  0.943425  0.883834  0.867728  0.894303  0.732875  0.770370  0.899940  0.911214  0.908798  0.709991  0.679504  0.531694  0.816098  0.278480  0.086657  0.021525  0.633128  0.268172  0.431467  0.529128  0.268364  0.526439  0.497170  0.827255  0.850643  0.325844  0.762080  0.718827
  2.195000  0.565353  0.811826  0.812363  0.759312  0.174274  0.287631  0.600590  0.887185  0.432360  0.554300  0.675876  0.306940  0.306510  0.918847  0.919654  0.909159  0.726987  0.904316  0.896243  0.936607  0.890592  0.870410  0.893821  0.739256  0.783305  0.899472  0.915618  0.902701  0.700875  0.630451  0.531756  0.809704  0.275379  0.096278  0.023035  0.634255  0.269785  0.433868  0.533244  0.270128  0.526525  0.463756  0.807565  0.849909  0.326060  0.756748  0.708269
  2.205000  0.566190  0.808331  0.813432  0.765515  0.174015  0.285523  0.599582  0.886118  0.427623  0.531325  0.661205  0.305851  0.305018  0.899557  0.914091  0.897942  0.724985  0.892290  0.891482  0.926202  0.870489  0.858377  0.887445  0.730350  0.779652  0.881793  0.893097  0.895520  0.692075  0.540223  0.527115  0.807942  0.273695  0.103330  0.023372  0.627487  0.265457  0.441499  0.532741  0.268971  0.526474  0.402636  0.766403  0.844769  0.327131  0.753381  0.708418
  2.215000  0.556009  0.790316  0.801608  0.754961  0.171649  0.283420  0.600788  0.885419  0.409768  0.532725  0.648898  0.303816  0.301705  0.907091  0.904665  0.899006  0.726255  0.903048  0.890921  0.923260  0.874752  0.869901  0.883645  0.730770  0.763831  0.887688  0.900623  0.894964  0.698286  0.559830  0.524473  0.806706  0.269310  0.112748  0.023356  0.625321  0.268382  0.424061  0.537549  0.272006  0.515641  0.375003  0.773513  0.843139  0.323381  0.763386  0.700632
  2.225000  0.500960  0.742874  0.777831  0.714908  0.169358  0.287578  0.604885  0.882952  0.392662  0.512283  0.629615  0.304009  0.296315  0.941801  0.930471  0.923996  0.736661  0.915903  0.916712  0.947466  0.910238  0.890005  0.903763  0.750361  0.781556  0.911856  0.924805  0.908619  0.754712  0.631962  0.519153  0.807102  0.269131  0.117080  0.026062  0.629024  0.263523  0.418652  0.535289  0.265280  0.513579  0.390848  0.813594  0.849415  0.324384  0.768949  0.692220
  2.235000  0.470209  0.702811  0.760961  0.693936  0.168428  0.283194  0.602665  0.886805  0.357801  0.473412  0.587287  0.298811  0.293544  0.947526  0.929739  0.937015  0.741998  0.925696  0.921654  0.965313  0.914377  0.908718  0.905483  0.758086  0.819781  0.921654  0.932973  0.920037  0.791151  0.605636  0.504486  0.806912  0.271627  0.118451  0.025026  0.616180  0.266241  0.407273  0.516998  0.249004  0.500303  0.399039  0.821298  0.839818  0.322894  0.765905  0.675941
  2.245000  0.504928  0.673079  0.781805  0.712232  0.165802  0.281993  0.606256  0.884168  0.298631  0.411908  0.515593  0.283109  0.291102  0.948723  0.926898  0.933365  0.743075  0.922856  0.915581  0.960039  0.919623  0.910731  0.912348  0.760341  0.837174  0.922048  0.925281  0.928515  0.792556  0.553695  0.487091  0.804036  0.275772  0.117474  0.026258  0.603659  0.262783  0.375237  0.486455  0.205768  0.490034  0.411172  0.814331  0.837132  0.324583  0.765609  0.642896
  2.255000  0.469673  0.662931  0.755537  0.692107  0.155762  0.278368  0.606204  0.884052  0.259150  0.349162  0.484272  0.293793  0.291047  0.928882  0.926460  0.909511  0.739173  0.904668  0.919196  0.948252  0.895790  0.873191  0.897404  0.746841  0.824764  0.902247  0.914353  0.894983  0.741051  0.616150  0.476222  0.795728  0.274790  0.123657  0.025849  0.600396  0.264793  0.420929  0.498466  0.224111  0.488987  0.413076  0.799350  0.843355  0.325328  0.766829  0.619997
  2.265000  0.410921  0.653745  0.696500  0.650950  0.145910  0.275805  0.608769  0.880194  0.250063  0.352287  0.504889  0.291080  0.290952  0.894583  0.905865  0.888135  0.725672  0.910701  0.896195  0.926819  0.853481  0.842199  0.882494  0.728082  0.765396  0.870405  0.888941  0.892971  0.700850  0.666203  0.421260  0.783025  0.272999  0.136157  0.030590  0.591451  0.267520  0.405373  0.511320  0.235247  0.484907  0.415989  0.784220  0.845141  0.323520  0.770298  0.614738
  2.275000  0.322142  0.598083  0.628560  0.582984  0.145173  0.278670  0.610973  0.886028  0.288977  0.388041  0.539058  0.281475  0.290900  0.928836  0.920400  0.911911  0.731776  0.917553  0.915000  0.951000  0.895792  0.874031  0.902240  0.745361  0.788681  0.897404  0.930448  0.905463  0.762847  0.682428  0.372885  0.766691  0.272089  0.141076  0.033712  0.558370  0.263916  0.393331  0.492926  0.220820  0.472075  0.412503  0.770181  0.846156  0.322039  0.766838  0.601071
  2.285000  0.189960  0.484673  0.508235  0.474545  0.154620  0.276496  0.614260  0.889016  0.304405  0.402318  0.552104  0.300040  0.291160  0.930417  0.923400  0.914362  0.732207  0.891884  0.919178  0.950000  0.907137  0.911151  0.898306  0.768126  0.792259  0.889476  0.923192  0.909545  0.771116  0.640568  0.315527  0.750152  0.270648  0.144954  0.034100  0.545357  0.261918  0.340338  0.455855  0.188635  0.453528  0.415614  0.755602  0.848152  0.326994  0.768392  0.556865
  2.295000  0.149841  0.440738  0.470888  0.437025  0.175146  0.273893  0.616350  0.885553  0.319072  0.428290  0.545727  0.295178  0.290606  0.932891  0.918300  0.910210  0.727000  0.885910  0.914000  0.938600  0.910422  0.820548  0.899990  0.748066  0.803697  0.895978  0.921656  0.890240  0.726426  0.584576  0.251312  0.708205  0.266480  0.146395  0.035954  0.457453  0.261983  0.318000  0.420678  0.155236  0.429883  0.399315  0.734069  0.842452  0.324729  0.770316  0.475765
  2.305000  0.117997  0.392630  0.405450  0.398293  0.171877  0.268440  0.611650  0.893835  0.291368  0.409853  0.520841  0.275124  0.289600  0.922250  0.914800  0.906060  0.726000  0.879940  0.895700  0.932000  0.899047  0.896636  0.878152  0.730549  0.788864  0.888600  0.912710  0.885940  0.696800  0.598370  0.237245  0.644997  0.262772  0.147224  0.038661  0.446314  0.258656  0.310000  0.407810  0.153926  0.423120  0.392956  0.700536  0.839585  0.318678  0.766203  0.495655
  2.315000  0.085765  0.378716  0.403015  0.357792  0.173156  0.268601  0.604820  0.884534  0.276136  0.392228  0.508501  0.271361  0.288690  0.911611  0.905600  0.901914  0.723500  0.873950  0.884800  0.920000  0.863126  0.831611  0.866358  0.734094  0.745630  0.880000  0.874439  0.883060  0.663719  0.588066  0.242514  0.632694  0.255084  0.142387  0.031220  0.436259  0.256518  0.286655  0.385716  0.147915  0.398576  0.391229  0.673957  0.851737  0.323223  0.768563  0.518143
  2.325000  0.198444  0.495249  0.568280  0.496779  0.170215  0.268794  0.596397  0.884524  0.266875  0.361286  0.497222  0.276062  0.291266  0.893866  0.895000  0.885777  0.721143  0.867982  0.876071  0.912000  0.843715  0.829156  0.864747  0.717367  0.728692  0.872026  0.887395  0.880924  0.639182  0.580329  0.357651  0.706995  0.251010  0.136413  0.032307  0.465542  0.259805  0.279345  0.374960  0.139489  0.390085  0.375206  0.641842  0.845807  0.326561  0.768361  0.515124
  2.335000  0.362124  0.592897  0.694871  0.622177  0.167347  0.264395  0.592424  0.882276  0.247314  0.340430  0.479334  0.275440  0.290537  0.880706  0.898429  0.875067  0.718617  0.869428  0.875872  0.904873  0.837204  0.836399  0.862177  0.711883  0.720555  0.867011  0.876678  0.873456  0.629812  0.572597  0.440423  0.744449  0.247586  0.131765  0.030545  0.519447  0.262588  0.288680  0.383847  0.146826  0.407680  0.338079  0.621026  0.844517  0.324280  0.766706  0.488932
  2.345000  0.396592  0.613435  0.714038  0.641755  0.161184  0.262250  0.582965  0.883846  0.240452  0.328242  0.451040  0.270290  0.291773  0.888235  0.897079  0.876979  0.715493  0.874567  0.877783  0.903511  0.844819  0.835172  0.863311  0.708432  0.708704  0.860899  0.872959  0.875371  0.627432  0.530262  0.450318  0.747255  0.242943  0.128523  0.028111  0.549347  0.260628  0.298851  0.398227  0.157661  0.423749  0.310883  0.606336  0.840642  0.326420  0.764974  0.471340
  2.355000  0.352238  0.596258  0.678144  0.610870  0.160705  0.261173  0.574228  0.883961  0.221552  0.322299  0.458285  0.280282  0.285175  0.884246  0.897094  0.872201  0.718471  0.870595  0.880231  0.911549  0.848110  0.837671  0.863368  0.709576  0.708144  0.867383  0.873004  0.877822  0.630330  0.493056  0.430184  0.736045  0.236608  0.119701  0.027244  0.561880  0.262974  0.299369  0.398636  0.160562  0.429594  0.294339  0.594573  0.843893  0.325930  0.761382  0.471304
  2.365000  0.332586  0.598120  0.653802  0.596024  0.154888  0.262394  0.562926  0.885119  0.231521  0.330524  0.477404  0.273432  0.280489  0.880912  0.887318  0.869702  0.708285  0.857690  0.869702  0.893724  0.832867  0.816051  0.852886  0.711003  0.709793  0.854487  0.861694  0.872104  0.615925  0.522695  0.397460  0.705844  0.229893  0.113268  0.026014  0.550595  0.264001  0.297778  0.389814  0.156635  0.422683  0.301347  0.573773  0.848608  0.329640  0.768151  0.503369
  2.375000  0.243488  0.546618  0.576599  0.532064  0.149018  0.266150  0.561575  0.884146  0.257106  0.346381  0.510338  0.286031  0.272346  0.866080  0.878097  0.853261  0.713032  0.850857  0.851659  0.890115  0.820413  0.812401  0.837238  0.702105  0.688460  0.845249  0.851659  0.856466  0.607303  0.592401  0.326923  0.653261  0.221372  0.104171  0.022833  0.524616  0.263629  0.276796  0.373487  0.150145  0.405991  0.318519  0.516774  0.849434  0.328099  0.764938  0.548729
  2.386000  0.188614  0.510938  0.530549  0.482646  0.145060  0.272893  0.557805  0.881430  0.281332  0.380726  0.531034  0.284804  0.261074  0.868547  0.886998  0.859723  0.718301  0.855712  0.862130  0.890207  0.824427  0.818811  0.851701  0.704459  0.680433  0.848493  0.862932  0.867745  0.604450  0.610763  0.296471  0.676179  0.217253  0.094624  0.019635  0.483401  0.261677  0.273483  0.354085  0.138378  0.403572  0.322174  0.442249  0.848142  0.326759  0.766507  0.556426
  2.400000  0.245580  0.560125  0.593593  0.529261  0.139495  0.272977  0.554589  0.882083  0.301058  0.412324  0.553454  0.285551  0.249194  0.870524  0.880153  0.854475  0.712777  0.846451  0.863302  0.885770  0.819168  0.812749  0.846451  0.696908  0.673608  0.848858  0.852870  0.860092  0.587463  0.608438  0.368429  0.718814  0.210973  0.085300  0.020644  0.505901  0.264664  0.264894  0.342638  0.134600  0.420137  0.333333  0.501636  0.847705  0.328744  0.763582  0.539279
  2.418000  0.339554  0.623924  0.662675  0.595487  0.131085  0.275905  0.547454  0.880336  0.309710  0.422233  0.550716  0.289019  0.227806  0.844834  0.866509  0.833596  0.703010  0.826370  0.839215  0.862495  0.798755  0.792333  0.822357  0.687396  0.646710  0.820751  0.836807  0.845637  0.544520  0.603647  0.408889  0.739277  0.207335  0.075197  0.014109  0.543156  0.264571  0.259726  0.339297  0.133442  0.424419  0.333354  0.668554  0.840285  0.328221  0.763462  0.496889
  2.440000  0.300550  0.594841  0.632739  0.567193  0.120719  0.272851  0.532629  0.878239  0.309546  0.417896  0.552748  0.283807  0.212443  0.833437  0.852746  0.827001  0.698327  0.817347  0.833437  0.863206  0.789027  0.780901  0.811715  0.685118  0.627957  0.818956  0.829415  0.835047  0.527941  0.588923  0.403564  0.731305  0.205770  0.064542  0.015708  0.544359  0.264783  0.245973  0.327681  0.129502  0.413792  0.330997  0.726298  0.830462  0.326498  0.758541  0.444782
  2.466000  0.273704  0.569689  0.611226  0.550124  0.103050  0.267520  0.523390  0.873308  0.294391  0.403164  0.530787  0.286938  0.198663  0.799312  0.827796  0.788610  0.681716  0.778472  0.796013  0.816531  0.745402  0.744758  0.780162  0.663525  0.585202  0.780645  0.791507  0.805266  0.465774  0.571665  0.385215  0.729714  0.203081  0.056222  0.015183  0.523678  0.262064  0.227160  0.305952  0.120694  0.405338  0.335762  0.728428  0.821734  0.326920  0.756212  0.347009
  2.496000  0.318516  0.587782  0.638992  0.579674  0.110605  0.265798  0.512262  0.876112  0.267023  0.370991  0.498486  0.274078  0.173405  0.746045  0.784736  0.734277  0.646021  0.724363  0.747416  0.773613  0.686478  0.689944  0.732504  0.615298  0.498264  0.723073  0.738952  0.756605  0.372046  0.572385  0.401123  0.745215  0.200332  0.050309  0.015905  0.514577  0.261893  0.189691  0.284569  0.113301  0.394524  0.335095  0.681836  0.816253  0.326776  0.751392  0.427454
  2.528000  0.315464  0.588478  0.636253  0.570346  0.092101  0.265002  0.502111  0.872526  0.257387  0.352350  0.481756  0.271692  0.143052  0.665240  0.714800  0.651782  0.597503  0.640065  0.677670  0.692237  0.597947  0.604518  0.657561  0.556637  0.401372  0.634286  0.655028  0.685032  0.284297  0.567268  0.421859  0.746634  0.191876  0.054119  0.013567  0.504294  0.262390  0.186630  0.275542  0.107676  0.388520  0.333822  0.540602  0.805152  0.321732  0.741860  0.493795
  2.560000  0.324543  0.590479  0.635428  0.577736  0.098051  0.264338  0.498788  0.868773  0.236821  0.332973  0.466093  0.264007  0.142978  0.656038  0.702730  0.641273  0.599024  0.631920  0.664310  0.675983  0.584378  0.593191  0.644907  0.560222  0.388027  0.622334  0.641505  0.672890  0.304064  0.565083  0.417757  0.741224  0.181500  0.058712  0.012517  0.516476  0.261029  0.185552  0.267261  0.106718  0.379996  0.315262  0.461985  0.803483  0.320863  0.730649  0.457254
